time,Open,High,Low,Close,Volume,SPY_Close,VIX_Close
2025-06-09 16:30:00,1.0708053691275168,1.0715285012092657,1.070431603694211,1.0708053691275168,113.97452501269397,49.19,15.0
2025-06-09 16:45:00,1.0708996976128407,1.0709999892331126,1.0675008286227936,1.0681183487527621,50.54275819118075,49.16,15.0
2025-06-09 17:00:00,1.068016306191278,1.069126614932712,1.0643885828518687,1.0651799961147623,109.91907756833957,49.28,15.0
2025-06-09 17:15:00,1.0652167890439523,1.06574121886464,1.0640847238553448,1.0643462161155173,107.75402257934861,49.33,15.0
2025-06-09 17:30:00,1.064267178582663,1.0648716418365876,1.0640045900012796,1.0640119601371927,110.16839640663076,49.19,15.0
2025-06-09 17:45:00,1.0640092688771907,1.0643013002229729,1.063470996284705,1.0636155891895054,122.5900751447793,49.45,15.0
2025-06-09 18:00:00,1.0635461836061195,1.064569686463069,1.0596006824273903,1.060208216403681,100.99352531517307,49.83,15.0
2025-06-09 18:15:00,1.060244971519667,1.0612548963244481,1.0602321935873245,1.0607394190987662,100.91300689019883,49.8,15.0
2025-06-09 18:30:00,1.0608079155849457,1.0609657349204356,1.059699113914084,1.059973806529739,25.76140593646449,49.8,15.0
2025-06-09 18:45:00,1.0600154454332698,1.060053141895752,1.0567490273281681,1.0569515408328172,60.48695373782277,49.76,15.0
2025-06-09 19:00:00,1.0568408119685866,1.059971371399614,1.0564966131425566,1.0597595547747005,49.26410609252027,49.76,15.0
2025-06-09 19:15:00,1.059729912064182,1.0629125761450895,1.059572593732281,1.0627058527286735,47.38745086705528,49.84,15.0
2025-06-09 19:30:00,1.0626832294580262,1.0628161142658439,1.0613249821267756,1.0613252039260626,105.41750689158575,49.83,15.0
2025-06-09 19:45:00,1.0612379299257821,1.0614909806260415,1.0610095370797663,1.0612525815877232,126.4506215216173,50.06,15.0
2025-06-09 20:00:00,1.0611451322490788,1.0620882106510092,1.060710448537008,1.0620536523332735,105.98604962644988,50.24,15.0
2025-06-09 20:15:00,1.0619338149617799,1.0653939999511988,1.0613142897752956,1.0652570899748772,165.3389700479317,50.35,15.0
2025-06-09 20:30:00,1.0652221840012008,1.065398836198034,1.059813893028844,1.059824178346073,78.10762755180065,50.55,15.0
2025-06-09 20:45:00,1.0598431268551702,1.0599624919834063,1.0586061706800285,1.0586855476233912,95.25449496982544,50.44,15.0
2025-06-09 21:00:00,1.0586444391662,1.058825007108549,1.0582504653656075,1.0585348263438912,86.94189507064205,50.11,15.0
2025-06-09 21:15:00,1.0585220941588604,1.058613786558392,1.0555605568742825,1.0557042688542533,164.6784441935826,50.31,15.0
2025-06-09 21:30:00,1.0556986820706737,1.0558022381238856,1.0552633633969988,1.0552954473642133,103.38078668799878,50.24,15.0
2025-06-09 21:45:00,1.0552464157570156,1.055521570992723,1.0552309818388104,1.0555022671724297,106.99785227767585,50.28,15.0
2025-06-09 22:00:00,1.0555128390535202,1.055764517554763,1.0540981950383135,1.0542044674169881,165.48863980337808,50.1,15.0
2025-06-09 22:15:00,1.054154601914535,1.0542327111141832,1.0532000795829453,1.0532739709815429,296.9573447615376,50.1,15.0
2025-06-09 22:30:00,1.0531552136315627,1.0558499066481137,1.0529237323230929,1.055341333712178,205.5445643830764,49.94,15.0
2025-06-09 22:45:00,1.055406187640042,1.055669628003448,1.0538074976557317,1.0541696928320312,1901.1513125511256,49.88,15.0
2025-06-09 23:00:00,1.0541696496605188,1.054554093188272,1.054169548235545,1.0545535019208763,261.9397777289786,49.88,15.0
2025-06-10 16:30:00,1.0544322483675264,1.0548613599576182,1.0473042452910748,1.0494399166248218,142.6518597351345,50.05,15.0
2025-06-10 16:45:00,1.0493229042199468,1.0528289429302906,1.0477857756250215,1.0524427540230852,140.68363188967533,50.51,15.0
2025-06-10 17:00:00,1.0524755044505156,1.0526380812685356,1.0497862695658657,1.0504593103739865,631.8048970226432,50.39,15.0
2025-06-10 17:15:00,1.0504172887058136,1.061127743391285,1.050290425702506,1.0596123815710243,959.6418790213764,50.77,15.0
2025-06-10 17:30:00,1.059683049944324,1.0611899331609835,1.0595379330429164,1.0611338187187658,181.70170962104422,50.87,15.0
2025-06-10 17:45:00,1.0611804052153129,1.0614547269655488,1.0588141941918865,1.0592145189848061,216.05012496729861,51.15,15.0
2025-06-10 18:00:00,1.0594430643403987,1.0640870574317083,1.0591443214805234,1.0633064900592277,464.43610968550973,51.08,15.0
2025-06-10 18:15:00,1.063184909386705,1.0812697069130583,1.0622745774109144,1.080882135649037,264.0279628157565,51.51,15.0
2025-06-10 18:30:00,1.0809361885916196,1.0812498004145004,1.070721809384126,1.0720547719262514,197.28698663514757,51.32,15.0
2025-06-10 18:45:00,1.0721505240298839,1.072228169401547,1.0717257877168498,1.0719838191061877,176.96065787493728,51.32,15.0
2025-06-10 19:00:00,1.0720296454578737,1.0728699249835039,1.071762953026551,1.0720022855523064,206.9686176411829,51.27,15.0
2025-06-10 19:15:00,1.0719904589085731,1.0721116812874076,1.0706183266191822,1.071409946381406,155.08699058369555,51.24,15.0
2025-06-10 19:30:00,1.0713644942052538,1.0733203904532924,1.0710421472645026,1.0729944148143788,60.57176820991301,51.24,15.0
2025-06-10 19:45:00,1.0729358255438108,1.0731987550375093,1.0726824332139426,1.073078063865063,88.76542048757126,51.31,15.0
2025-06-10 20:00:00,1.0732499381191225,1.0750477494898503,1.072641780356631,1.0749457720908728,66.15181213202067,51.28,15.0
2025-06-10 20:15:00,1.0749328766463144,1.0760738688773048,1.0748449572302663,1.0759632566039328,60.55190674273405,51.34,15.0
2025-06-10 20:30:00,1.0758544384972621,1.0759964791345666,1.0731104859459204,1.073124202087727,95.21169499364018,51.18,15.0
2025-06-10 20:45:00,1.0731602492892363,1.073204529238454,1.0704093293475647,1.0709302722030585,87.00434079433941,51.03,15.0
2025-06-10 21:00:00,1.0709871438730763,1.0759719487626749,1.070482358884832,1.0753825839166047,60.94337545229959,50.86,15.0
2025-06-10 21:15:00,1.07529287436354,1.0753827490174312,1.0746665564853493,1.074713035414341,121.93057642553697,50.76,15.0
2025-06-10 21:30:00,1.0747283445913607,1.075040648882696,1.074504527385331,1.0747373837475147,131.1107741775854,50.7,15.0
2025-06-10 21:45:00,1.0748650045920685,1.080747765482066,1.0747745078903346,1.080718710937391,122.68095906983629,50.94,15.0
2025-06-10 22:00:00,1.0807482271135553,1.0824339291249612,1.0804966656665462,1.082016037338292,109.86220867143102,50.91,15.0
2025-06-10 22:15:00,1.0820624484726127,1.082668466869316,1.0805468640989786,1.0808474458762145,98.8774393534085,50.93,15.0
2025-06-10 22:30:00,1.0808428162234025,1.0808877607483443,1.080179300411388,1.0802420650990554,204.16962549038064,50.91,15.0
2025-06-10 22:45:00,1.0801433367200342,1.0897875916859017,1.0792195497750827,1.088032948414618,1598.3734268028822,51.39,15.0
2025-06-10 23:00:00,1.0880330796741107,1.0880333255273014,1.0878831675576106,1.0878832535444105,115.04883005171662,51.4,15.0
2025-06-11 16:30:00,1.0875740177488153,1.0891967737635728,1.086886261517047,1.0875583940803075,541.7682500563172,52.57,15.0
2025-06-11 16:45:00,1.0876483925499143,1.097796247257621,1.087549392665434,1.0976100150292962,529.6635621163708,52.16,15.0
2025-06-11 17:00:00,1.0974884401419667,1.0986883594908732,1.0953160534950952,1.0959650645151,210.779265338967,52.52,15.0
2025-06-11 17:15:00,1.095990402133987,1.097210393638229,1.0948823989692196,1.0970297100245454,404.4291300385627,52.69,15.0
2025-06-11 17:30:00,1.0970012085488092,1.0973332705688976,1.0914902430353084,1.0922604230094761,247.54949710799423,52.62,15.0
2025-06-11 17:45:00,1.0921072075486602,1.092540945367017,1.0908050798606312,1.091208129383958,210.87018992531003,52.59,15.0
2025-06-11 18:00:00,1.0911949771588751,1.0919778402307911,1.0908766307016131,1.0919042219104482,109.16271905020571,52.58,15.0
2025-06-11 18:15:00,1.091861748880606,1.09194442938171,1.0918467445231477,1.091911854536053,212.99887844961512,52.51,15.0
2025-06-11 18:30:00,1.091893226441522,1.0933391062332796,1.0916829565894006,1.093292351899306,190.88175236978765,52.62,15.0
2025-06-11 18:45:00,1.093270420588231,1.0935807294311077,1.0904283682243043,1.0908379933557661,108.3906448138249,52.46,15.0
2025-06-11 19:00:00,1.0908495178905893,1.091153824674914,1.0887191098937623,1.0891609286116815,260.6539008800322,52.24,15.0
2025-06-11 19:15:00,1.0890999813690887,1.0892860800716102,1.0886846641964754,1.0889610916842227,226.83500065761484,52.29,15.0
2025-06-11 19:30:00,1.0888622423013323,1.0929842079321257,1.088847701109315,1.0926804466040259,303.1083376795551,52.26,15.0
2025-06-11 19:45:00,1.092570475700532,1.0927466862282476,1.0876049827177205,1.0878560117128322,197.58783600516983,52.09,15.0
2025-06-11 20:00:00,1.0878408374738617,1.0881382759231901,1.086610293294916,1.0866491212045608,292.8087508501345,51.98,15.0
2025-06-11 20:15:00,1.086689523948472,1.0869007518993987,1.085440557814827,1.0856782460902241,259.26067574146816,51.83,15.0
2025-06-11 20:30:00,1.0854930390788797,1.0952369567767573,1.0853590916036011,1.0949268363964213,238.6966456926515,51.68,15.0
2025-06-11 20:45:00,1.0948108606423692,1.097385313295676,1.0947599623522826,1.096859422957032,129.78875560390543,51.84,15.0
2025-06-11 21:00:00,1.0968331268428921,1.0971264433630288,1.0930308951512624,1.0943636277764126,196.44788042256084,51.33,15.0
2025-06-11 21:15:00,1.0944234829773418,1.0951451862493957,1.093781305293581,1.0942569212253308,81.02582536806402,51.35,15.0
2025-06-11 21:30:00,1.0942419623832393,1.0944875615094443,1.088348428414108,1.0887906001722696,114.52316765672802,51.54,15.0
2025-06-11 21:45:00,1.0887227375623574,1.0889130178632813,1.0878918268590758,1.0882955948662985,115.92089122502584,51.38,15.0
2025-06-11 22:00:00,1.0882501692447333,1.0908798385474694,1.0882009853473933,1.0908791260847515,186.53915446755832,51.43,15.0
2025-06-11 22:15:00,1.090947005707167,1.0912932358635892,1.0905579075257446,1.0906087166341927,210.64105005981762,51.55,15.0
2025-06-11 22:30:00,1.090572446288004,1.0907543126161563,1.0893834378222937,1.089506017180507,532.9303240078276,51.52,15.0
2025-06-11 22:45:00,1.0895950272064447,1.0899482508171212,1.0881156332797364,1.088587858778072,501.84074355142957,51.55,15.0
2025-06-11 23:00:00,1.088587956973886,1.0885881843559304,1.08836595371734,1.0883660775326958,154.90695903182936,51.54,15.0
2025-06-12 16:30:00,1.088264965282133,1.091312280183266,1.0864047333934153,1.0911824596071422,243.7961652467926,50.99,15.0
2025-06-12 16:45:00,1.0910511636281384,1.095566691548454,1.0904871483568643,1.0955045230083458,63.901462314914596,51.21,15.0
2025-06-12 17:00:00,1.0954006202227462,1.0959931973573847,1.0949452444626,1.0951076046647623,89.61495549538131,51.05,15.0
2025-06-12 17:15:00,1.0948325793295988,1.1024094238066173,1.093755015602782,1.1021910729782998,217.49761510129142,51.68,15.0
2025-06-12 17:30:00,1.1022118920072899,1.1024886089566963,1.0989899491880415,1.0993312529964228,284.6648171361764,51.8,15.0
2025-06-12 17:45:00,1.0993129829613542,1.1008900896467924,1.0989136557861172,1.1001222242269595,313.12697343005703,52.0,15.0
2025-06-12 18:00:00,1.1001539684942243,1.1007166452244246,1.0929415936904172,1.094121871545189,139.64713515571228,51.82,15.0
2025-06-12 18:15:00,1.094311263564809,1.0943204709912002,1.0901964763429628,1.0903723472238491,62.68115201952546,51.54,15.0
2025-06-12 18:30:00,1.0903867917870538,1.0906610802670382,1.08753583926934,1.0878361551822742,137.18985549264985,51.39,15.0
2025-06-12 18:45:00,1.0878000431533292,1.088026230173995,1.087179147026249,1.0874357713620344,61.365430396620035,51.38,15.0
2025-06-12 19:00:00,1.0874302608346014,1.0889654992953526,1.0873881061640918,1.0889051238219631,93.99721082769831,51.36,15.0
2025-06-12 19:15:00,1.0889753767020995,1.0899394789367336,1.0888581605995968,1.0895684093404399,139.05318974143506,51.37,15.0
2025-06-12 19:30:00,1.0895898044855965,1.089784608234186,1.0854741971508908,1.0860801121669945,97.65680011769943,51.59,15.0
2025-06-12 19:45:00,1.0861437247011245,1.088151157086643,1.0859693183392374,1.0879502459079313,159.42356520684112,51.72,15.0
2025-06-12 20:00:00,1.0879353471532378,1.0923344705901528,1.0876452717755134,1.0921709198769365,83.99232511444401,51.78,15.0
2025-06-12 20:15:00,1.092281975898697,1.094153961132654,1.092229438444715,1.093844233874092,122.06438580968207,51.72,15.0
2025-06-12 20:30:00,1.0938498126344203,1.0950893992334272,1.0935400793637855,1.095012345665514,56.097038693060036,51.83,15.0
2025-06-12 20:45:00,1.09500197036826,1.0963232893001236,1.0944902192614527,1.0963221133477181,111.76757354303959,51.67,15.0
2025-06-12 21:00:00,1.0963438872967068,1.0987524277850318,1.0959220479229241,1.0984987116079739,93.09102649854051,51.53,15.0
2025-06-12 21:15:00,1.0985188113390245,1.0991860436618321,1.098190110271238,1.0986590912706717,121.74729446249484,51.45,15.0
2025-06-12 21:30:00,1.098602296296633,1.0990147340780918,1.097967981373902,1.098141300877126,78.73297455899164,51.6,15.0
2025-06-12 21:45:00,1.0981327324457095,1.1011191553726503,1.0978192538961131,1.1010484168145913,46.55172845372301,51.59,15.0
2025-06-12 22:00:00,1.101158939734422,1.1012963672239382,1.1008519432270518,1.1010679300452857,138.88378427178128,51.52,15.0
2025-06-12 22:15:00,1.1011117764525908,1.104590948780412,1.1008895366369036,1.104316777543478,442.3348779715022,51.48,15.0
2025-06-12 22:30:00,1.104310004263061,1.104458622344168,1.103877476100277,1.1039949568986376,414.00793612907484,51.53,15.0
2025-06-12 22:45:00,1.1039529840544664,1.1112623738174645,1.1038005567361624,1.1104395490848076,1053.3163189329832,51.55,15.0
2025-06-12 23:00:00,1.1104395142002241,1.1104395959566233,1.109733709947509,1.109733940574088,186.70794071370534,51.53,15.0
2025-06-13 16:30:00,1.1107399559473818,1.1117498269962909,1.103905323026024,1.10432259286563,136.43562156238264,51.0,15.0
2025-06-13 16:45:00,1.1042566243877274,1.104830405715002,1.0913770378027152,1.0916182772469807,94.85470438572582,50.67,15.0
2025-06-13 17:00:00,1.0915563294428188,1.0990635461726916,1.0914662729382072,1.0985936929145517,79.3598001408279,50.92,15.0
2025-06-13 17:15:00,1.0985717340328565,1.0992298581976103,1.0954220374135548,1.0955010479605303,118.35315715811049,50.67,15.0
2025-06-13 17:30:00,1.0954793658524131,1.0983662678623995,1.0952705944063639,1.0980778777169942,69.95471885779611,50.56,15.0
2025-06-13 17:45:00,1.0978283352194778,1.098196753337957,1.096295637092269,1.0964893180923438,134.0667958625043,50.82,15.0
2025-06-13 18:00:00,1.0965543527607902,1.0966100335016224,1.0939713126463342,1.0941149286467355,99.80399824307983,50.78,15.0
2025-06-13 18:15:00,1.0940710570208334,1.0942596608128505,1.0933558866332453,1.0934488221189325,150.19361407151777,50.89,15.0
2025-06-13 18:30:00,1.0935044947394617,1.0936041765559945,1.0929305518774313,1.0931606752085221,59.133497725251644,51.0,15.0
2025-06-13 18:45:00,1.0931604294693158,1.096266278998785,1.0930151398587082,1.0961219220977938,93.72063310561612,51.1,15.0
2025-06-13 19:00:00,1.0961246754249592,1.0963199896395253,1.094646836889465,1.094759779891957,121.72975321377707,51.19,15.0
2025-06-13 19:15:00,1.0947653516241371,1.0948754686089348,1.0924573204742,1.0926041251098946,144.59979162234993,51.23,15.0
2025-06-13 19:30:00,1.0926108285750071,1.0927411715843052,1.0919403366646843,1.0920822717281278,110.94718345058553,51.26,15.0
2025-06-13 19:45:00,1.0920263377717223,1.0964469189085615,1.0918119452537163,1.096161192324932,152.8291956798347,51.27,15.0
2025-06-13 20:00:00,1.096008602653332,1.1011222078368355,1.0958666738686225,1.1007682460154127,95.02187694639439,51.14,15.0
2025-06-13 20:15:00,1.1007373105144758,1.101143812540625,1.0994421816712268,1.099934514517317,128.78215585321786,50.96,15.0
2025-06-13 20:30:00,1.0999452959842082,1.100045601412858,1.0971420591918943,1.0977209593775203,214.53544434034316,50.99,15.0
2025-06-13 20:45:00,1.0977689059672944,1.097842847124866,1.0948498988790916,1.0950752372462886,104.28559898942265,51.1,15.0
2025-06-13 21:00:00,1.0952136087743762,1.0954070909962825,1.0932080492981344,1.0942317008877922,209.31250483663817,50.82,15.0
2025-06-13 21:15:00,1.0942892804942332,1.0946013462451283,1.0936404335074792,1.093814603734515,171.88943104107636,50.63,15.0
2025-06-13 21:30:00,1.0938910732857734,1.0939063663310677,1.0898005396910804,1.0899343133002208,197.32419658995775,50.5,15.0
2025-06-13 21:45:00,1.089866547451101,1.0899652817425727,1.0895277385299638,1.0896199599910463,77.42690897393322,50.59,15.0
2025-06-13 22:00:00,1.0895676419022777,1.092182205648744,1.0891327933694452,1.0921507135624977,301.68039109539757,50.66,15.0
2025-06-13 22:15:00,1.09211894696693,1.0922603355439788,1.09062057333187,1.0909371901752325,277.5654648559519,50.5,15.0
2025-06-13 22:30:00,1.0909386001183894,1.0912729661639153,1.0899598670290023,1.0900694740257135,257.1015548914281,50.55,15.0
2025-06-13 22:45:00,1.0901174956654316,1.0920640787076237,1.0896748884804877,1.091427622719091,981.2338968873453,50.53,15.0
2025-06-13 23:00:00,1.0914275473435935,1.0914280174041284,1.0910709829274357,1.0910710416638432,231.08054607095175,50.52,15.0
2025-06-16 16:30:00,1.0914874927158906,1.0936530261952488,1.090568939225568,1.0923619889022318,121.02572115150906,50.4,15.0
2025-06-16 16:45:00,1.0921903474557657,1.0971877469389049,1.0914446835355265,1.0956192757212384,137.29208328549964,50.72,15.0
2025-06-16 17:00:00,1.0956551501666985,1.0962097383954532,1.0940301618455437,1.0950384344854927,71.62856512552425,50.66,15.0
2025-06-16 17:15:00,1.0951591071270266,1.0957713093042245,1.0946943106193172,1.0947827197480704,88.58737839744579,51.0,15.0
2025-06-16 17:30:00,1.0948552605386932,1.095241796017313,1.0941961457169809,1.0948952724957415,98.0702946239663,51.15,15.0
2025-06-16 17:45:00,1.0948583137141006,1.099571056559827,1.0948261409486082,1.099226103443718,107.07156308563457,51.29,15.0
2025-06-16 18:00:00,1.0992535669105514,1.0994231498383755,1.0846635021402196,1.0848470840738855,205.5295854553607,50.95,15.0
2025-06-16 18:15:00,1.0848751581100426,1.0867710025994455,1.084751759665785,1.0865124553902046,88.61691211302303,51.0,15.0
2025-06-16 18:30:00,1.086403302059738,1.087184891717774,1.0857607388918709,1.086505055970596,96.96227114007587,51.09,15.0
2025-06-16 18:45:00,1.0864837274765646,1.0867058882404352,1.0848839282014362,1.085095696681123,97.09483624543456,51.11,15.0
2025-06-16 19:00:00,1.0851397411356247,1.0864347763506716,1.0847839149731135,1.086174089279829,41.199676712868936,51.33,15.0
2025-06-16 19:15:00,1.0861840352344798,1.0874831646367045,1.086060035606897,1.087475459793738,76.86215668450302,51.39,15.0
2025-06-16 19:30:00,1.08749985716198,1.0881543122721005,1.0872285965215684,1.0880576962693072,22.9766282385617,51.38,15.0
2025-06-16 19:45:00,1.0880657421131703,1.088250695657681,1.0870309308809902,1.0871962071713466,32.671012754631974,51.32,15.0
2025-06-16 20:00:00,1.087169971849153,1.087299113859653,1.0863675791434293,1.0864105576652079,63.91188799351863,51.34,15.0
2025-06-16 20:15:00,1.0863144550450983,1.0874672843738407,1.0854419620470683,1.087327859675379,51.456809363480644,51.59,15.0
2025-06-16 20:30:00,1.0873254190848647,1.0873304710260945,1.0856866133902885,1.085721364825857,72.0894110099004,51.52,15.0
2025-06-16 20:45:00,1.0857798210077956,1.0909023370554636,1.085376166374185,1.09067724858227,124.52523984126746,51.24,15.0
2025-06-16 21:00:00,1.0907557600635562,1.0955500885180287,1.0906157420945561,1.095356908623989,83.6108251357882,51.19,15.0
2025-06-16 21:15:00,1.095324325693735,1.0953615379550834,1.0921109422826396,1.0924073473053586,71.79359195890164,51.01,15.0
2025-06-16 21:30:00,1.0924205763694856,1.093369047136135,1.0922665504846054,1.0933226731939476,57.4684264360594,51.05,15.0
2025-06-16 21:45:00,1.0933791195734193,1.0962022385176862,1.092950857439675,1.0957261181122662,227.0278670312712,51.3,15.0
2025-06-16 22:00:00,1.0957176895750502,1.0959132906160518,1.0952346208422563,1.0953608052395676,433.94580790456547,51.31,15.0
2025-06-16 22:15:00,1.0954139848826556,1.0961938887370766,1.0952074680762827,1.09614719360652,181.53188101941848,51.23,15.0
2025-06-16 22:30:00,1.0961625442606169,1.0972533151143524,1.0960012016760623,1.0972168795046835,172.7504819192402,51.31,15.0
2025-06-16 22:45:00,1.0973447448318554,1.0994535083449875,1.0971741574868685,1.099317744589385,848.2544392695012,51.63,15.0
2025-06-16 23:00:00,1.0993178791330382,1.0993180537880312,1.0989177965586094,1.098918070808483,179.67083970693864,51.63,15.0
2025-06-17 16:30:00,1.0989273863114672,1.0991205351740612,1.0966789336166791,1.0971150361104292,71.56001968211098,50.85,15.0
2025-06-17 16:45:00,1.096983528328351,1.0971939561004524,1.0902250028616984,1.0909043300788128,157.02371223375332,50.88,15.0
2025-06-17 17:00:00,1.090853661311366,1.0936639706706337,1.0905418541306517,1.093214443469223,91.6546416882636,50.96,15.0
2025-06-17 17:15:00,1.093199293873687,1.0932599716283036,1.092074618300773,1.0921129358836363,108.07035630150962,50.99,15.0
2025-06-17 17:30:00,1.092095225295772,1.0937966447777607,1.0917224218675066,1.093574553889062,272.828485752162,50.98,15.0
2025-06-17 17:45:00,1.0935777080806477,1.0946910129554213,1.0932566534910024,1.0940040105255748,274.02873347088814,51.1,15.0
2025-06-17 18:00:00,1.0938262973160147,1.0938960458439708,1.092712637772721,1.0929080047561357,304.02750466087446,50.96,15.0
2025-06-17 18:15:00,1.0925865868541498,1.0936848555222667,1.086381290578554,1.0866897317345134,303.90223998537545,50.6,15.0
2025-06-17 18:30:00,1.0868167954738674,1.0881248970144537,1.0867820601656393,1.0875320617396407,151.40017496390476,50.4,15.0
2025-06-17 18:45:00,1.0875391277605428,1.0878572597129759,1.0875182661797957,1.087773068495415,237.96627855063429,50.39,15.0
2025-06-17 19:00:00,1.0878204811612395,1.087827008399298,1.0874146670151184,1.0876986722358737,147.51983483963198,50.67,15.0
2025-06-17 19:15:00,1.087676397959284,1.0878384893448143,1.0874359335219472,1.0875172671139839,103.45801136591696,50.69,15.0
2025-06-17 19:30:00,1.087478265891269,1.0895734298388646,1.0873350292643917,1.0895358721058308,275.97818116482966,50.65,15.0
2025-06-17 19:45:00,1.0895218217586171,1.0897821199189144,1.0870410455956863,1.0878810441097646,150.10288355751695,50.42,15.0
2025-06-17 20:00:00,1.0878886326831796,1.0881494550458393,1.0827804148199014,1.0831400079985243,467.7357125692996,50.16,15.0
2025-06-17 20:15:00,1.0830743491525752,1.0846399191880969,1.0828888278294466,1.0840953643011548,91.82696295821015,50.08,15.0
2025-06-17 20:30:00,1.083980864394558,1.084688437744784,1.0837652120249497,1.084230717432726,107.58585560018655,49.99,15.0
2025-06-17 20:45:00,1.0841940975242266,1.084446123477165,1.0808892083840018,1.0809170228773868,217.83419771746313,49.87,15.0
2025-06-17 21:00:00,1.0809592677489008,1.087779290580313,1.0809430188470806,1.0877091287323295,103.07386392249123,49.7,15.0
2025-06-17 21:15:00,1.0878157858954838,1.0881544176463922,1.0847727934444833,1.0851328070502035,226.18762671514634,49.55,15.0
2025-06-17 21:30:00,1.0850027152013462,1.0854241552276012,1.0841112204389753,1.0841759397453425,214.84269028450603,49.4,15.0
2025-06-17 21:45:00,1.084172452398871,1.084548868607836,1.0804398670672541,1.080767595645656,181.9887204302903,49.33,15.0
2025-06-17 22:00:00,1.0808292507399297,1.0810125107076785,1.0796125646759778,1.079997535166739,347.3970375128946,49.28,15.0
2025-06-17 22:15:00,1.0801551806003888,1.0809825991735256,1.0766336302716182,1.0771148330399083,312.17978039891597,49.36,15.0
2025-06-17 22:30:00,1.0771823306747388,1.0773770315612408,1.0751066098964726,1.075552164833612,287.5257251604996,49.33,15.0
2025-06-17 22:45:00,1.0754611598282522,1.076221572639864,1.0719147071294957,1.0721593063398607,566.8352737936178,49.5,15.0
2025-06-17 23:00:00,1.0721592957055657,1.0721595611837622,1.0721524949114043,1.0721528876286097,214.63744485125608,49.5,15.0
2025-06-18 16:30:00,1.0722136735190535,1.0728014500109673,1.0674729457579293,1.0675898961110701,78.03683660418103,49.22,15.0
2025-06-18 16:45:00,1.0677678510409576,1.068218310663298,1.0649223119055422,1.0651198821106167,52.057541487084755,49.45,15.0
2025-06-18 17:00:00,1.0650598581921107,1.0657347183971775,1.0630666544050893,1.063285101147509,113.90139696203269,49.51,15.0
2025-06-18 17:15:00,1.0632643681848102,1.0640768591470384,1.0578492692472925,1.0588154773653606,239.53067719732545,49.73,15.0
2025-06-18 17:30:00,1.0588086932023504,1.0592315847408398,1.0549803091087977,1.0556060359800046,235.59558900536973,49.78,15.0
2025-06-18 17:45:00,1.055760526667088,1.0560807212638341,1.054140421547176,1.0544729773709576,115.52094532828607,49.76,15.0
2025-06-18 18:00:00,1.054492308267749,1.0583220707966,1.0543223838267617,1.0581488201003963,74.71684217181662,49.93,15.0
2025-06-18 18:15:00,1.058073623520719,1.0599065943353452,1.0578614504746162,1.0597596250660437,102.39097031060612,49.94,15.0
2025-06-18 18:30:00,1.0597524763934323,1.0600513624002597,1.0589602812913483,1.059206729042888,130.78941441685072,50.0,15.0
2025-06-18 18:45:00,1.0592484705123004,1.059351328989344,1.0565461005978656,1.056745418804046,191.77500300360126,49.96,15.0
2025-06-18 19:00:00,1.0567461213217293,1.057911831038217,1.0566711218425031,1.0575981147545168,41.93428517226874,50.26,15.0
2025-06-18 19:15:00,1.0575962458758568,1.0581011649830294,1.0574483002267552,1.0579991203070156,109.52724943276324,50.26,15.0
2025-06-18 19:30:00,1.058005181581452,1.0580385304121758,1.0577973609702924,1.0579342483426382,59.97814436073511,50.22,15.0
2025-06-18 19:45:00,1.0579263014882538,1.059767771458404,1.0576054023313917,1.0597559122882625,80.25815593299308,50.27,15.0
2025-06-18 20:00:00,1.059727203375318,1.0600890315604754,1.0593061319595225,1.0593074508535616,54.588512164801806,50.15,15.0
2025-06-18 20:15:00,1.0593029474275333,1.0593632341653627,1.0580995041733698,1.0581784595244352,83.32660243933655,50.14,15.0
2025-06-18 20:30:00,1.058131157424784,1.06041987126955,1.0580844073219682,1.059913728556782,91.13352811254092,50.06,15.0
2025-06-18 20:45:00,1.0598444405047944,1.059849765766325,1.0572960952883053,1.0575239383143742,107.4432055664855,50.14,15.0
2025-06-18 21:00:00,1.0577430776302341,1.0584933933846303,1.0571096344200648,1.0571115531291557,102.16002263258935,50.01,15.0
2025-06-18 21:15:00,1.0570532212582087,1.0572111665079298,1.053553990473614,1.0536126816967561,128.67225286307763,50.07,15.0
2025-06-18 21:30:00,1.0534997583273114,1.0582974676214036,1.0533539042479028,1.0579919408991623,290.66210390491415,50.36,15.0
2025-06-18 21:45:00,1.0579765322274262,1.0582153593639423,1.0511740491463593,1.0512877545897172,194.79436819329908,49.87,15.0
2025-06-18 22:00:00,1.0512734896833602,1.051565892845268,1.0489806861412292,1.04928344655099,173.90997848198293,50.33,15.0
2025-06-18 22:15:00,1.0491952248149785,1.049303654184434,1.0464898398212021,1.0468769320561577,299.52004363877234,50.0,15.0
2025-06-18 22:30:00,1.04682698070697,1.046839167099544,1.0446481673917876,1.0447274099059343,273.1806576143879,50.26,15.0
2025-06-18 22:45:00,1.0446650148600676,1.046336837465317,1.0444824161047999,1.0458100968493858,847.1771166856108,50.1,15.0
2025-06-18 23:00:00,1.0458101297920532,1.0464800729611508,1.0458099775290701,1.0464800065683337,130.42140212232067,50.13,15.0
2025-06-20 16:30:00,1.0466819660860425,1.048471215681563,1.0270044857957457,1.027829653853269,276.2099892425705,50.4,15.0
2025-06-20 16:45:00,1.0279877162993478,1.0347366360527233,1.0279478818606673,1.0344095837350415,119.53322879693424,50.36,15.0
2025-06-20 17:00:00,1.034424098938061,1.039168848160761,1.034252701447976,1.037782578544904,69.14038378035256,50.24,15.0
2025-06-20 17:15:00,1.037771519178489,1.0384241583961626,1.0375756800793134,1.038386835396747,47.890682699975564,50.2,15.0
2025-06-20 17:30:00,1.0384084231617745,1.0424358460978946,1.0383861840548358,1.0419795249037656,76.70179465565874,50.17,15.0
2025-06-20 17:45:00,1.0419992307173442,1.04389966266677,1.041854110012851,1.0436232090828732,130.95432232911958,50.15,15.0
2025-06-20 18:00:00,1.0436606152337364,1.0441153570371606,1.0430568770886348,1.0431149670859408,88.50611718735718,50.18,15.0
2025-06-20 18:15:00,1.043110380502371,1.0447911914466528,1.0430603414422321,1.0446137914716893,28.895885012204026,50.22,15.0
2025-06-20 18:30:00,1.0445807062342443,1.0447391315611687,1.0443588270637394,1.0444814765913328,41.20824271013119,50.34,15.0
2025-06-20 18:45:00,1.0444197186998012,1.0444920693483148,1.042288924363565,1.0423148478565376,32.14239586048279,50.2,15.0
2025-06-20 19:00:00,1.0422577431742848,1.0423563789004382,1.0417193908939797,1.0419850639433292,34.51379748496007,50.17,15.0
2025-06-20 19:15:00,1.0419518179281189,1.042107958460967,1.0415327116658168,1.041767886406759,16.8622872282628,50.18,15.0
2025-06-20 19:30:00,1.0417858738094472,1.0435210152849823,1.041649391781765,1.0434289263223653,16.965800358312684,50.21,15.0
2025-06-20 19:45:00,1.0434115634109433,1.0434455387937889,1.043092812913009,1.0432303389456654,40.033056547308156,50.22,15.0
2025-06-20 20:00:00,1.043239043609957,1.0436707193695636,1.0431637865683376,1.0435348231956427,80.94420944188175,50.23,15.0
2025-06-20 20:15:00,1.0434778254104793,1.0436985953453979,1.043102726659181,1.0433901385852256,75.89146571078084,50.07,15.0
2025-06-20 20:30:00,1.0434449354128978,1.043594098976878,1.042053925171301,1.0422557695097454,124.91764873338569,49.94,15.0
2025-06-20 20:45:00,1.0422763914826483,1.043220823253374,1.0421465448148848,1.0430834413742087,27.550326030719532,49.87,15.0
2025-06-20 21:00:00,1.0430413189499452,1.043058768086979,1.0424114029129632,1.0426624115730785,29.751722766947246,49.92,15.0
2025-06-20 21:15:00,1.0427898201355275,1.0447738095198469,1.042183752272659,1.0444742892274066,38.25666391161148,50.03,15.0
2025-06-20 21:30:00,1.0444001919140784,1.0451759420989923,1.0440890129582034,1.044948469339844,58.292054297432706,50.03,15.0
2025-06-20 21:45:00,1.044902422426399,1.045305438901287,1.0433684239731935,1.0436115498358585,225.63956098913255,49.86,15.0
2025-06-20 22:00:00,1.0436352350704978,1.0445274527195372,1.0435564431938098,1.0444652609839506,92.51780429931591,49.94,15.0
2025-06-20 22:15:00,1.0444188995910397,1.0445483273406757,1.0436464796826124,1.0438974900362117,128.57423044286654,50.0,15.0
2025-06-20 22:30:00,1.043911997053351,1.045235832578054,1.0435854590744398,1.0451888176751851,244.95356542170666,50.01,15.0
2025-06-20 22:45:00,1.0452120321334035,1.046835914122886,1.0449091664899504,1.0465066795673723,937.9296702352455,49.87,15.0
2025-06-20 23:00:00,1.046506651307624,1.04710919957275,1.0465063253372597,1.0471083878087657,149.25394903796456,49.89,15.0
2025-06-23 16:30:00,1.04693102594861,1.0499229436345032,1.0453776361496259,1.0496927708019663,122.37719474331634,49.05,15.0
2025-06-23 16:45:00,1.0497940909439902,1.0531139367327167,1.0495649267511784,1.0516576640431095,99.45362387967599,49.27,15.0
2025-06-23 17:00:00,1.0517860476606469,1.0546838977607074,1.0517738523972269,1.0539354112511008,156.08049128528285,49.92,15.0
2025-06-23 17:15:00,1.053839232507627,1.0650477964197975,1.0535038530933416,1.064013976822032,98.74768278871888,49.58,15.0
2025-06-23 17:30:00,1.0640476595205257,1.0693052622735244,1.0638948969130044,1.0688460186182005,68.91365003939103,49.42,15.0
2025-06-23 17:45:00,1.0689112468771167,1.0705492303948785,1.0688359769258657,1.070491889009727,72.82032283253126,49.15,15.0
2025-06-23 18:00:00,1.07054561622019,1.071994480536433,1.070128809846326,1.071605953451891,27.04012328275792,49.25,15.0
2025-06-23 18:15:00,1.0715584370528608,1.0720033406352767,1.0698125572201678,1.0700591641936816,90.32132843709633,49.09,15.0
2025-06-23 18:30:00,1.0700682386233293,1.07030654088378,1.068915862430862,1.0692133536084993,55.861830917100136,48.94,15.0
2025-06-23 18:45:00,1.0692464318609682,1.0706402847321892,1.0689818106380078,1.0703952228366673,92.31570787824798,49.04,15.0
2025-06-23 19:00:00,1.0704298331693172,1.072632655333863,1.070327110892241,1.0725026993388878,71.72217096993191,49.03,15.0
2025-06-23 19:15:00,1.0725089141962638,1.0737525717971461,1.0715280017107016,1.0735795482213695,115.30659129360183,48.74,15.0
2025-06-23 19:30:00,1.0733926496057538,1.0736736165498817,1.0696493261116977,1.06983037210282,58.24916845593206,48.88,15.0
2025-06-23 19:45:00,1.069923338669987,1.070117185727769,1.0649114425613715,1.0655837798991794,50.179722715228294,48.66,15.0
2025-06-23 20:00:00,1.0655513134942012,1.065929300247267,1.0650180774040072,1.0652655698911768,59.56439237637619,48.81,15.0
2025-06-23 20:15:00,1.0652858966411338,1.068138471639457,1.0651161389810844,1.0674441079615278,111.44529893640205,49.1,15.0
2025-06-23 20:30:00,1.0674309620873117,1.070660470278305,1.0671628720814523,1.0704274232939988,50.97498810372982,49.12,15.0
2025-06-23 20:45:00,1.070443844436904,1.0704856247999066,1.0683728261647891,1.06850877351812,37.49815272065575,49.18,15.0
2025-06-23 21:00:00,1.0684806074171116,1.0684924771495272,1.0677077182985812,1.0677265639921574,93.54056052461121,49.26,15.0
2025-06-23 21:15:00,1.0677116874241623,1.0678552374102839,1.0673710671509966,1.0674043946360996,59.18523701052385,49.29,15.0
2025-06-23 21:30:00,1.0674342923425864,1.0681768158780585,1.0672291372085843,1.068075601399993,130.19823441830485,49.23,15.0
2025-06-23 21:45:00,1.0680583288955172,1.068393598308179,1.0664815365807334,1.0670254362149931,156.26888541417247,49.2,15.0
2025-06-23 22:00:00,1.0670433894526086,1.0683071344303183,1.0667368059735218,1.0681362852547098,52.66521156396992,49.22,15.0
2025-06-23 22:15:00,1.0681304510172667,1.069391779269567,1.0679462212382718,1.069337482018207,155.6254750825108,49.34,15.0
2025-06-23 22:30:00,1.0693167927948948,1.0693950775309105,1.0689272728358847,1.0692602855631117,228.6538488616232,49.21,15.0
2025-06-23 22:45:00,1.069210691403032,1.069726055084634,1.0677938741229944,1.067941577735169,1133.6639464578384,49.3,15.0
2025-06-23 23:00:00,1.067941522063885,1.0680081612300218,1.067941120194951,1.0680081066653222,104.6238268875604,49.3,15.0
2025-06-24 16:30:00,1.068013508888458,1.083060942595475,1.066423447842287,1.082355300520529,124.48078322703691,49.91,15.0
2025-06-24 16:45:00,1.0822761974761446,1.0878867538463304,1.082105420565059,1.0874621441250372,87.152223537243,49.7,15.0
2025-06-24 17:00:00,1.087491682326836,1.087494575580147,1.0842116937801676,1.0847852666100135,218.58318179558884,49.99,15.0
2025-06-24 17:15:00,1.0847660032424293,1.0848984517194333,1.0832968316567053,1.083322651251726,30.70995583139181,49.94,15.0
2025-06-24 17:30:00,1.0833113857058114,1.0863580351539546,1.0829167731036027,1.0863067026475424,71.37494728126428,49.88,15.0
2025-06-24 17:45:00,1.086150228106637,1.0886804377999655,1.085998422534502,1.0883176396115888,143.80966539139274,50.08,15.0
2025-06-24 18:00:00,1.08823737172902,1.088777752899082,1.0866547498873542,1.0869204006904538,239.29817978460284,50.07,15.0
2025-06-24 18:15:00,1.0869100507555667,1.087267081222506,1.0863910572005264,1.0863952861792634,61.85158850157058,50.0,15.0
2025-06-24 18:30:00,1.0864288279263008,1.0866354652928572,1.0864159113381784,1.086599580383917,65.2636537098747,49.97,15.0
2025-06-24 18:45:00,1.0866029370508634,1.087722247262099,1.0864162871791512,1.0875834136371831,51.11337890499834,49.96,15.0
2025-06-24 19:00:00,1.087565199994116,1.0876581812545332,1.0875199135680875,1.0876374808882352,59.25478335624541,50.05,15.0
2025-06-24 19:15:00,1.0876076735523657,1.0885352468150629,1.0875092989368622,1.088459239474517,58.241589323060005,49.82,15.0
2025-06-24 19:30:00,1.08847521703052,1.0887898419569306,1.0878905497218023,1.088090938710927,65.26075175677667,49.75,15.0
2025-06-24 19:45:00,1.0880556383814914,1.088401647540768,1.087508906198568,1.087774429594998,30.083089139146267,49.89,15.0
2025-06-24 20:00:00,1.0878307508699956,1.0879692335842106,1.086044263001503,1.086084827006712,38.394100115131664,49.85,15.0
2025-06-24 20:15:00,1.0861280935870175,1.0862632015669376,1.0853134748533586,1.0854002482282796,34.74963890883018,49.86,15.0
2025-06-24 20:30:00,1.0854149662218038,1.0876163887571524,1.0850906130984195,1.0873830381014593,140.36049263482244,49.59,15.0
2025-06-24 20:45:00,1.0874365512726119,1.0931245252452204,1.0873670258857797,1.092883539603806,59.91453036276747,49.78,15.0
2025-06-24 21:00:00,1.0927948780444727,1.092959349841661,1.0908647505559894,1.0911683115217845,93.73494109348754,49.95,15.0
2025-06-24 21:15:00,1.0911682214568204,1.0912014802614045,1.0907395586852395,1.0908016412106942,41.809267037778376,49.92,15.0
2025-06-24 21:30:00,1.090810993818558,1.0923565382054108,1.0907414264376676,1.0922210668605035,70.43728010236708,49.96,15.0
2025-06-24 21:45:00,1.0922399094247588,1.0924119155491032,1.0919902627384805,1.0920782250321985,147.60190044145102,50.05,15.0
2025-06-24 22:00:00,1.0920706997679597,1.0922515193149775,1.091570175073525,1.0918174703121277,106.65933393903697,49.97,15.0
2025-06-24 22:15:00,1.0918199801155735,1.0921183394763763,1.0917560531942694,1.091866367444659,137.95717261374665,50.12,15.0
2025-06-24 22:30:00,1.091858565127282,1.0949309290599145,1.0917067064181645,1.0947903235362313,149.83439220696002,50.2,15.0
2025-06-24 22:45:00,1.0947055778173895,1.0956018957136406,1.0907890919555774,1.0912894784445502,587.749356288158,49.99,15.0
2025-06-24 23:00:00,1.0912895617066598,1.0912903027757677,1.0909702222791453,1.0909706558686352,192.04744673432046,50.0,15.0
2025-06-25 16:30:00,1.0909986801376774,1.098678123859602,1.0905407858081586,1.0984658172060149,102.22879545977514,49.34,15.0
2025-06-25 16:45:00,1.0982457905013905,1.1031813866027738,1.0977101836495626,1.1022893522794202,189.6259123457074,49.55,15.0
2025-06-25 17:00:00,1.1022915237311768,1.1025774761237577,1.1004957252802265,1.100651783723224,356.1522033815905,49.57,15.0
2025-06-25 17:15:00,1.1006853268018204,1.1038789352433191,1.1001964061091525,1.1037290475518502,248.41980365160143,49.4,15.0
2025-06-25 17:30:00,1.1036410651375879,1.104394137365919,1.1035205259944134,1.104354353009426,191.44999880826472,49.58,15.0
2025-06-25 17:45:00,1.1043000049793419,1.1061152849149416,1.10402334816221,1.1061152585866232,215.86669666587545,49.62,15.0
2025-06-25 18:00:00,1.1061499470603235,1.1068889436577845,1.106128152534698,1.1067717564205903,81.69241621712474,49.53,15.0
2025-06-25 18:15:00,1.106762302822365,1.106772959719681,1.1063696477397111,1.1064654296198948,92.66022867070672,49.58,15.0
2025-06-25 18:30:00,1.1065129248240277,1.1066441278377075,1.1051376828337847,1.1055205486050403,118.97600979093411,49.73,15.0
2025-06-25 18:45:00,1.1054756731594315,1.1060781560327522,1.1039793773963353,1.1043674282599822,96.45762079811162,49.93,15.0
2025-06-25 19:00:00,1.1043746101616865,1.1047866731116853,1.1001566840132986,1.1002580521617753,25.10919183600301,50.03,15.0
2025-06-25 19:15:00,1.1002329286849468,1.1004732159632897,1.1001613676993642,1.1004486616638192,60.74728028872193,49.87,15.0
2025-06-25 19:30:00,1.100456315040108,1.100582533744113,1.099117411252892,1.0995714236852412,48.05711635253846,49.97,15.0
2025-06-25 19:45:00,1.0995442227353849,1.1006523282456753,1.099488785002249,1.1004822918500523,98.8623812922749,49.92,15.0
2025-06-25 20:00:00,1.1004619805349327,1.1006256605858227,1.0996480970592992,1.0997578569560225,110.36264224740387,49.96,15.0
2025-06-25 20:15:00,1.099727877976611,1.0998907403298974,1.0963306977503222,1.096368090492729,35.52016722558537,50.08,15.0
2025-06-25 20:30:00,1.0964258785242094,1.096467809125253,1.0947091361687091,1.094908283000193,63.91573099614292,50.02,15.0
2025-06-25 20:45:00,1.0949328697815792,1.0950367415502849,1.0935785172947736,1.0936511160265556,18.132941810599217,50.02,15.0
2025-06-25 21:00:00,1.093582252959541,1.0955312435558795,1.0933689989430142,1.0953466179153866,26.693976324422632,50.16,15.0
2025-06-25 21:15:00,1.095322616489101,1.0956291152609154,1.0952952310744255,1.0956145249432732,38.455168513826855,50.17,15.0
2025-06-25 21:30:00,1.0956125511031427,1.0965910142479338,1.0954765610384283,1.0965014493291714,41.78453359607528,50.23,15.0
2025-06-25 21:45:00,1.0955614198214156,1.1035178834325194,1.0863943706319035,1.0917568058198004,2624.68819882758,52.56,15.0
2025-06-25 22:00:00,1.0920287285641006,1.099196458456956,1.0903274533638672,1.099093647176465,1138.8831770109189,52.2,15.0
2025-06-25 22:15:00,1.0993429884748391,1.105181404830726,1.0993059665863478,1.1041668478834208,735.106941031217,51.84,15.0
2025-06-25 22:30:00,1.1041545949904232,1.1047558633245216,1.0990153574768189,1.0990774574542672,308.89964311279925,52.01,15.0
2025-06-25 22:45:00,1.0990479327113427,1.1025548233657314,1.0986098499087575,1.102148358762483,1784.5123140910507,51.9,15.0
2025-06-25 23:00:00,1.1021491753130432,1.102150220228487,1.1017031143138465,1.1017070770233202,246.01096351206343,51.88,15.0
2025-06-26 16:30:00,1.1019650481352201,1.1031895440166504,1.0649588336715263,1.0668426911119604,444.4477032461601,51.92,15.0
2025-06-26 16:45:00,1.0667932561519549,1.071355648799059,1.0667202044120396,1.071243619283417,146.96551026186305,52.18,15.0
2025-06-26 17:00:00,1.0712236680790148,1.078189137165224,1.0703210001358598,1.0775049680410573,387.09723489911187,52.58,15.0
2025-06-26 17:15:00,1.0776207354335419,1.082654086089905,1.0767604021565702,1.0823003088858694,474.3072530755296,52.93,15.0
2025-06-26 17:30:00,1.0824092040082727,1.0976741316205922,1.0821844835793653,1.0970860394945092,321.14303501539945,53.34,15.0
2025-06-26 17:45:00,1.0972716013876511,1.0974044975235908,1.0960718684377648,1.0963841866640216,261.67464377860887,53.32,15.0
2025-06-26 18:00:00,1.0963334846222683,1.0972416626182067,1.0858413033281629,1.087352948614488,163.6501077491782,52.84,15.0
2025-06-26 18:15:00,1.0873883082070215,1.0875155191310633,1.0820316287998952,1.0820396744281928,176.21926711152466,52.85,15.0
2025-06-26 18:30:00,1.0820360034949714,1.0821096018544654,1.0795919930341071,1.0798036472506138,122.22133424810038,52.77,15.0
2025-06-26 18:45:00,1.0797953143481125,1.080323583233027,1.079408951785459,1.0797557403758067,126.68399241721784,52.75,15.0
2025-06-26 19:00:00,1.079796229140165,1.0800891925717215,1.079653352824682,1.079818393744222,106.24992645997999,52.74,15.0
2025-06-26 19:15:00,1.0798409946729413,1.0799961866716936,1.0795627568860235,1.0796301370648516,194.42253362535175,52.77,15.0
2025-06-26 19:30:00,1.079426768080537,1.0884200837173101,1.0793181289096965,1.0881884965853204,121.72277042719895,53.02,15.0
2025-06-26 19:45:00,1.0883354626754103,1.0896882774709509,1.0875028547858676,1.089636029496522,318.11250986427916,52.76,15.0
2025-06-26 20:00:00,1.0897416023816302,1.0901007400554976,1.0883737783873817,1.088379992449897,106.9902601784521,52.74,15.0
2025-06-26 20:15:00,1.0884709501644971,1.088963954609061,1.0853475222136784,1.0853526300445369,242.71929477279525,52.56,15.0
2025-06-26 20:30:00,1.0853555874123053,1.0856347505255879,1.0853452250143063,1.08561647735931,303.53321404661284,52.63,15.0
2025-06-26 20:45:00,1.0856003780936356,1.0857532865411355,1.0829309534936762,1.083578548233331,169.23364412607586,52.42,15.0
2025-06-26 21:00:00,1.0835588174744293,1.0836136683638347,1.0813553549349975,1.081574920422798,70.36225996659776,52.4,15.0
2025-06-26 21:15:00,1.0816083772796654,1.082358526448647,1.0793646148742533,1.0795478740812898,164.284519529074,52.51,15.0
2025-06-26 21:30:00,1.0795699562143082,1.081426606928137,1.0793414641230885,1.0813948556309,88.07205614093887,52.67,15.0
2025-06-26 21:45:00,1.0812302922636365,1.0813628761792753,1.0752571243814104,1.07527509030309,291.5246643084432,52.66,15.0
2025-06-26 22:00:00,1.075238395977533,1.075319636352425,1.0737680733782198,1.074029892732434,374.57332618057166,52.58,15.0
2025-06-26 22:15:00,1.0740377263298218,1.0741089247263285,1.0726674942231582,1.0730389739120465,188.95423775972296,52.55,15.0
2025-06-26 22:30:00,1.0729900855621086,1.0773468512062845,1.0729799525973711,1.0769134778162968,346.56663116362955,52.53,15.0
2025-06-26 22:45:00,1.0769935168663933,1.078923364620759,1.0768239518274694,1.078101195860679,1748.2940010896075,52.82,15.0
2025-06-26 23:00:00,1.0781011047793427,1.0781417565241351,1.078100131629377,1.07814144964895,162.06103894874838,52.8,15.0
2025-06-27 16:30:00,1.0780743627859029,1.0788974349342821,1.0716265577388275,1.0725294400862337,522.2700170462871,52.49,15.0
2025-06-27 16:45:00,1.0725463609764463,1.0735089432299005,1.0703185337317334,1.0705686980616191,127.1194761055771,52.24,15.0
2025-06-27 17:00:00,1.0704680977946983,1.0715492241476752,1.0684565001177344,1.0692103470008447,125.04133753955271,51.79,15.0
2025-06-27 17:15:00,1.0692297060410496,1.0699784358290896,1.0643050425776794,1.0649604815321834,174.64765659522556,51.62,15.0
2025-06-27 17:30:00,1.0649479310092016,1.0657141360833624,1.055595974236845,1.0558555540878523,335.55459322481295,51.71,15.0
2025-06-27 17:45:00,1.0560602289860652,1.0602244633108178,1.0558143682193142,1.0593279670337052,105.76976277328912,51.84,15.0
2025-06-27 18:00:00,1.05929870831733,1.059360825293837,1.055650033409112,1.0557867275824036,216.48455833467025,51.86,15.0
2025-06-27 18:15:00,1.0557479636781393,1.05613746786504,1.050409646348021,1.0506634576941922,218.93033498215624,51.62,15.0
2025-06-27 18:30:00,1.050816229134052,1.0545497283692595,1.0500388864799135,1.0538634371463376,317.8454703978098,51.93,15.0
2025-06-27 18:45:00,1.0537859056008319,1.0540422597086598,1.0529077192089007,1.053000476394628,269.8460037337293,51.95,15.0
2025-06-27 19:00:00,1.0531355784126706,1.0531427806615523,1.0530716963342563,1.0531088554695514,178.40756947761005,51.98,15.0
2025-06-27 19:15:00,1.0530626539873678,1.0562918602249092,1.0528849663655708,1.0559648985900125,129.84633400893227,52.09,15.0
2025-06-27 19:30:00,1.0559877930159762,1.0562633730976072,1.055336735625612,1.055395563384965,88.51109528501742,51.95,15.0
2025-06-27 19:45:00,1.0552887252292316,1.056573173413475,1.0551390154355993,1.056484711145979,106.76558795103274,51.77,15.0
2025-06-27 20:00:00,1.056683270741977,1.0567732448448508,1.048532928204056,1.0485910009532389,257.6827371653374,51.58,15.0
2025-06-27 20:15:00,1.0485976252139948,1.0486932476539443,1.0478406834056915,1.0479223148028292,150.67323913356884,51.62,15.0
2025-06-27 20:30:00,1.047942086501427,1.048169481706526,1.0478111682652729,1.0481454876264202,205.01115403869625,51.51,15.0
2025-06-27 20:45:00,1.048098401931376,1.0485951662324904,1.0439088028572339,1.0442654314104276,129.5947554661046,51.58,15.0
2025-06-27 21:00:00,1.044268896362561,1.0450529911210933,1.0440433427269753,1.0448224817293665,168.55418424395077,51.48,15.0
2025-06-27 21:15:00,1.0448532444137617,1.04614379448532,1.0444713930621445,1.0458554220367549,117.60953194357637,51.28,15.0
2025-06-27 21:30:00,1.0458457846270883,1.0505533643633216,1.0457408046967143,1.0502437160891058,162.37094112693762,51.23,15.0
2025-06-27 21:45:00,1.050235312731947,1.0509878424935493,1.0500349272074672,1.0507895521201454,647.853029195619,51.27,15.0
2025-06-27 22:00:00,1.0507795178398889,1.053909855062248,1.050721232879421,1.0537251835956785,259.76936661494653,51.26,15.0
2025-06-27 22:15:00,1.05377095082849,1.0592733081669778,1.05373109562987,1.0591278156659292,550.1454231494705,51.47,15.0
2025-06-27 22:30:00,1.0590792689649255,1.0611798487756654,1.058446456753469,1.060984018304359,654.421800602495,51.5,15.0
2025-06-27 22:45:00,1.0610884731503123,1.066186807310707,1.0600699496872246,1.066041978996741,1235.9213114784927,51.85,15.0
2025-06-27 23:00:00,1.066041885013731,1.066289641019981,1.066041286928993,1.066289259624895,195.05970171762544,51.84,15.0
2025-06-30 16:30:00,1.0663494643597862,1.0832358157261344,1.064736669800969,1.0817987753901488,95.23162032775096,52.03,15.0
2025-06-30 16:45:00,1.0817793801391666,1.081908341162097,1.0785327868039172,1.078931825788173,98.01960292806163,51.53,15.0
2025-06-30 17:00:00,1.078833565978783,1.079445895484599,1.0749091684927419,1.076411551336369,45.127912259043995,51.77,15.0
2025-06-30 17:15:00,1.0763284413096217,1.078462445909633,1.0761379287349235,1.0783726787397647,120.7355157138384,51.82,15.0
2025-06-30 17:30:00,1.0782977263079971,1.0788685672285947,1.0754144375738635,1.0755229345262538,43.978958997625,51.74,15.0
2025-06-30 17:45:00,1.075491486354433,1.0761260492500606,1.0754138827319193,1.0756639730337842,49.48773644641281,51.74,15.0
2025-06-30 18:00:00,1.075664785988385,1.0767395447140347,1.0749527216516177,1.076524351884872,51.89812243329186,51.89,15.0
2025-06-30 18:15:00,1.0766402010303155,1.0768636776581382,1.073811514806137,1.0741415786722477,61.96916237038788,51.48,15.0
2025-06-30 18:30:00,1.0741147658981849,1.074594805154628,1.0717515993182012,1.0718149249465112,36.89732728047673,51.28,15.0
2025-06-30 18:45:00,1.0718073607370346,1.0720005514870934,1.07139259566929,1.0715868909774338,26.422141229061577,51.19,15.0
2025-06-30 19:00:00,1.071488224953685,1.0724608882943183,1.0657812409939085,1.0659042240600072,76.55322921206974,51.2,15.0
2025-06-30 19:15:00,1.0659592478025284,1.0660717324387912,1.0610668523268836,1.0611886142367828,53.320987631427734,51.01,15.0
2025-06-30 19:30:00,1.0611921113564209,1.0613477309449173,1.060572822727522,1.0606644329594488,41.71285582043093,50.95,15.0
2025-06-30 19:45:00,1.060673791163444,1.0622226084914403,1.060557512830627,1.062221821997219,81.38215994680563,50.95,15.0
2025-06-30 20:00:00,1.062105724515715,1.0642345280759318,1.0620036774833752,1.0640298411017655,46.18992194499693,50.89,15.0
2025-06-30 20:15:00,1.0640139624490474,1.0677814305852686,1.063716216277959,1.0676928777184618,117.39483581554042,50.98,15.0
2025-06-30 20:30:00,1.0677508504519362,1.0678249009105834,1.0661928304614239,1.0666678029605163,60.71854431982205,50.95,15.0
2025-06-30 20:45:00,1.0667372519913367,1.0672908346827152,1.066633901843468,1.0669754220789718,79.68730756948828,51.04,15.0
2025-06-30 21:00:00,1.0669638031001536,1.0670852552364027,1.0657112869251237,1.0659162814592194,81.81606244630045,51.09,15.0
2025-06-30 21:15:00,1.0659126409716098,1.0664007627818017,1.0658956240000044,1.0662175716286773,52.149349670044266,51.11,15.0
2025-06-30 21:30:00,1.066227711628819,1.0663067515411555,1.063410300250767,1.0637081369912462,93.19359881333388,51.05,15.0
2025-06-30 21:45:00,1.0637478559383058,1.0637586388174676,1.062982539236667,1.0631857515979575,47.77514176437586,51.19,15.0
2025-06-30 22:00:00,1.0631842213827958,1.0632152839593336,1.0630005674482566,1.0630838004953376,31.117783045218104,51.23,15.0
2025-06-30 22:15:00,1.0630287048815874,1.0630840763334057,1.0621740369629686,1.062252479552189,115.98951729003683,51.32,15.0
2025-06-30 22:30:00,1.062147151526016,1.0626036480422707,1.059747983423339,1.0603118597260899,124.95531648075358,51.29,15.0
2025-06-30 22:45:00,1.0603100333780615,1.060601370346231,1.0543020013206197,1.0549941659951267,435.0403317642528,51.45,15.0
2025-06-30 23:00:00,1.054994126017014,1.0554745376614236,1.054993958795077,1.0554740357500452,182.4524327742096,51.45,15.0
2025-07-01 16:30:00,1.055372364486908,1.0656348168868102,1.054421817422047,1.0633169264013558,216.84023552033804,50.35,15.0
2025-07-01 16:45:00,1.0631629769697928,1.070742942787099,1.0622047221826156,1.068472928486035,356.6974853312719,50.33,15.0
2025-07-01 17:00:00,1.0685258666814301,1.0830763202482006,1.0684930756253368,1.0810009664426223,271.9629576913906,50.84,15.0
2025-07-01 17:15:00,1.081098592041212,1.0835022838869415,1.080835039832295,1.0823587841951186,404.0691259100293,51.32,15.0
2025-07-01 17:30:00,1.0821101479782416,1.0906697154405518,1.0811694026526366,1.0896307214729717,202.65018011146,51.72,15.0
2025-07-01 17:45:00,1.0896605659810308,1.0902772852867153,1.089584762599427,1.0898776004975663,98.56165936475097,51.59,15.0
2025-07-01 18:00:00,1.0897115736810485,1.1069059341283627,1.08942950173746,1.1068173125844194,260.2644860035055,52.34,15.0
2025-07-01 18:15:00,1.1070581592862836,1.1070977732815548,1.106811246116983,1.1068662595003502,235.6852898647021,52.72,15.0
2025-07-01 18:30:00,1.1069389074941935,1.1093497065429077,1.1065163700016112,1.1076313091614944,188.07520018468753,52.97,15.0
2025-07-01 18:45:00,1.1077812518610097,1.122177247334734,1.107617668274966,1.121579545587604,257.1513714262349,53.56,15.0
2025-07-01 19:00:00,1.121546601686661,1.1275476816797583,1.1207013253129698,1.1270911249275397,296.6828984486033,53.71,15.0
2025-07-01 19:15:00,1.1273177277362814,1.1275578310111174,1.1174775382734126,1.11803644690384,471.90571053702195,53.42,15.0
2025-07-01 19:30:00,1.118325621321556,1.1200839270646905,1.110349213159417,1.1112083617661985,220.50974388631565,52.61,15.0
2025-07-01 19:45:00,1.111595895674136,1.1126089816612745,1.110973397956289,1.112473781648276,171.04060054191703,52.1,15.0
2025-07-01 20:00:00,1.1123747768936185,1.1181777606755454,1.1118504090193606,1.1177908214290153,146.95762405785212,51.91,15.0
2025-07-01 20:15:00,1.1176013724084812,1.1179613325740994,1.1145356678427363,1.1146544989677056,193.16985962573546,52.06,15.0
2025-07-01 20:30:00,1.11457733596487,1.1173161094557191,1.114575164895437,1.1170935934845794,141.92538817585518,52.04,15.0
2025-07-01 20:45:00,1.1171434808611045,1.117155781523966,1.1129103858412142,1.1129698136051804,184.9507795166479,51.96,15.0
2025-07-01 21:00:00,1.11303519994701,1.1141041052451333,1.105281786600181,1.1062092200624156,122.07250444016991,52.1,15.0
2025-07-01 21:15:00,1.1062818072583582,1.1087253391160257,1.105846108514087,1.1085324864160842,187.3919992372564,51.9,15.0
2025-07-01 21:30:00,1.1085222122692573,1.1086066607478338,1.1074787522695264,1.1075159100335237,100.57478046854341,51.93,15.0
2025-07-01 21:45:00,1.107485362333899,1.1080094030601384,1.105363560147173,1.105394352047882,111.89786272049047,51.85,15.0
2025-07-01 22:00:00,1.105391186979068,1.106079564890801,1.1052302807022192,1.1057701569669136,191.7179487043981,51.8,15.0
2025-07-01 22:15:00,1.1058779536546266,1.1062485260092316,1.1039958927836098,1.104335531845121,269.2751675729268,51.98,15.0
2025-07-01 22:30:00,1.10436898084724,1.1064313633735396,1.1041127195988756,1.1061003058018866,166.57630797272398,52.03,15.0
2025-07-01 22:45:00,1.1060691983361568,1.1062991582376405,1.1039097386401995,1.1040147906350797,586.0811909025487,52.08,15.0
2025-07-01 23:00:00,1.1040148369185654,1.1040155951152442,1.103552767792249,1.103553473641078,118.48376538247365,52.08,15.0
2025-07-02 16:30:00,1.1034103942691813,1.104331478008721,1.1010033711061868,1.1014369688831598,355.49128668325346,51.95,15.0
2025-07-02 16:45:00,1.1014847466401712,1.1024619998374419,1.101423941342475,1.1023230603974976,149.3771389396454,52.19,15.0
2025-07-02 17:00:00,1.1023000025596559,1.1023319363470532,1.098801042798265,1.099635755141065,162.4333785212524,52.09,15.0
2025-07-02 17:15:00,1.0995415285183117,1.1041278629313926,1.0986397376235035,1.1040791628653686,91.11544604378032,52.39,15.0
2025-07-02 17:30:00,1.1042340678191027,1.1048140178130832,1.1032771452238377,1.1034586215351132,70.59326281417732,52.41,15.0
2025-07-02 17:45:00,1.1033847160423949,1.1039206805253474,1.0970474793036347,1.097767059061496,43.888688071961916,52.23,15.0
2025-07-02 18:00:00,1.097810764047861,1.1011778038054525,1.0976206233604067,1.1006360744640442,92.49237042883205,52.54,15.0
2025-07-02 18:15:00,1.1007340440434408,1.1033228622112232,1.099544259741844,1.1032685427547448,50.21891309869888,52.88,15.0
2025-07-02 18:30:00,1.1032835701116637,1.1048083293908715,1.1030562368402588,1.1045754599835536,44.57534051007455,53.05,15.0
2025-07-02 18:45:00,1.1047787448640596,1.1061382408210723,1.1042511409657607,1.1055320497835535,44.24997438959472,52.78,15.0
2025-07-02 19:00:00,1.1055291414955326,1.1058750494355052,1.103898556169221,1.1041692884543057,26.60948958452323,52.73,15.0
2025-07-02 19:15:00,1.1041023539513093,1.1041587513014783,1.1032639974299256,1.103524583560267,44.98363235906835,52.52,15.0
2025-07-02 19:30:00,1.1034889494810864,1.1034967977242385,1.102453928700654,1.1025471640191165,48.77186022254644,52.49,15.0
2025-07-02 19:45:00,1.1026163279933918,1.107130495125351,1.101961068768392,1.1067062790426516,77.6691667437456,52.43,15.0
2025-07-02 20:00:00,1.1066846718442287,1.1078272922623325,1.106607143564955,1.1077366616220743,44.40250066568147,52.44,15.0
2025-07-02 20:15:00,1.107653469615069,1.1089444752223452,1.1074260637265088,1.1086125883823814,66.66103442234879,52.67,15.0
2025-07-02 20:30:00,1.1085827881871597,1.1086444448243313,1.107093710095069,1.1072216270902375,20.917802950341983,52.5,15.0
2025-07-02 20:45:00,1.1072353432215156,1.109888324304528,1.1070611201385712,1.1097693743726573,82.30751377947593,52.63,15.0
2025-07-02 21:00:00,1.1097199583392896,1.1101139710648764,1.106740770879994,1.1074067559107363,66.93879670381864,52.95,15.0
2025-07-02 21:15:00,1.1074318374373946,1.1075088605037158,1.1062436578483241,1.1063534519056584,67.16963897804965,52.88,15.0
2025-07-02 21:30:00,1.1063584246649054,1.106359868791829,1.1055396953502121,1.105542314645007,32.81416382703187,52.94,15.0
2025-07-02 21:45:00,1.1055406930128848,1.105800807365203,1.102585994923593,1.1029631540035065,184.0139905184747,52.99,15.0
2025-07-02 22:00:00,1.1028810505484494,1.1031523437153408,1.1010579577665065,1.1013142870444212,278.93839157043317,53.17,15.0
2025-07-02 22:15:00,1.101257430797552,1.1024439384621991,1.0925531768736083,1.0926724313144593,807.5716312777455,52.94,15.0
2025-07-02 22:30:00,1.092664085934183,1.0946300884638709,1.0921278432122365,1.094587499637271,621.253437208045,52.91,15.0
2025-07-02 22:45:00,1.094599956315098,1.098577453458118,1.0943814132557528,1.098266702348462,1483.1110400568068,53.21,15.0
2025-07-02 23:00:00,1.0982667171132812,1.098266770982422,1.0978917386345979,1.0978922302347447,87.5372934996099,53.18,15.0
2025-07-03 16:30:00,1.0978130964940074,1.101999410364961,1.0965774213368413,1.1016164100430754,68.44033678905721,53.06,15.0
2025-07-03 16:45:00,1.1016899698866305,1.1051477691156368,1.1011077392409065,1.1048882026890838,142.3382157581462,53.21,15.0
2025-07-03 17:00:00,1.1050100276554284,1.1056802019483651,1.1047205337221022,1.1047881940104416,194.14201587200623,53.07,15.0
2025-07-03 17:15:00,1.1047792751128518,1.105168123858439,1.1032284933480554,1.1033832243460473,119.54761192792691,53.0,15.0
2025-07-03 17:30:00,1.1032652383841963,1.1036799806901687,1.1004931438771621,1.100951777397945,145.64394974545138,52.98,15.0
2025-07-03 17:45:00,1.1009134408666545,1.1012498591267474,1.0998035976112508,1.0998084918324504,24.550580266280196,52.99,15.0
2025-07-03 18:00:00,1.0997789634005468,1.101023348411782,1.099701672998312,1.1008244767949353,87.64944305218036,53.03,15.0
2025-07-03 18:15:00,1.1008342773446793,1.10271071866552,1.1007190518372805,1.1022809644305773,28.225054821575046,53.02,15.0
2025-07-03 18:30:00,1.1022971477321375,1.1054467924555156,1.1022543673016187,1.1053056400202654,27.502943052154084,53.17,15.0
2025-07-03 18:45:00,1.1052989133608895,1.105376297136704,1.1045879739055997,1.1046008375993877,66.6569660475574,53.12,15.0
2025-07-03 19:00:00,1.1045660891739855,1.1046320367937918,1.1040479462204067,1.1043578067448345,177.2330372207895,53.17,15.0
2025-07-03 19:15:00,1.1043323006237262,1.1047748032295313,1.10378803044648,1.1037951436992492,96.8024542266451,53.3,15.0
2025-07-03 19:30:00,1.1038516453260263,1.1060675357480203,1.1036766867193133,1.105409609873756,254.30593277593053,53.41,15.0
2025-07-03 19:45:00,1.1053800380802319,1.1074698627990653,1.1046118479300493,1.1072843990252883,526.4996101267803,53.13,15.0
2025-07-03 20:00:00,1.1072844300173141,1.107284495455327,1.1068707719208337,1.106870850612285,128.2687092351449,53.14,15.0
2025-07-07 16:30:00,1.106679544225386,1.107513905819123,1.096336183942665,1.0965657884628828,418.4262957888939,52.36,15.0
2025-07-07 16:45:00,1.0965978990196326,1.0970977861932785,1.0866286089159356,1.0867078647541688,211.73749636400052,52.43,15.0
2025-07-07 17:00:00,1.0866268005770074,1.0936425869861512,1.0864833253507546,1.0926864607216475,340.8980773480505,52.67,15.0
2025-07-07 17:15:00,1.0925698440320408,1.0925885565995312,1.0895449356621065,1.0895582597141258,366.3341279749333,52.46,15.0
2025-07-07 17:30:00,1.089435720454599,1.089887363456878,1.0872254372701382,1.0874315493490174,302.8336721691893,52.16,15.0
2025-07-07 17:45:00,1.0875570351513741,1.092055820100643,1.0870116983577314,1.0917805732203065,119.6606302789669,51.93,15.0
2025-07-07 18:00:00,1.0918101358107306,1.0950481170407136,1.0917103842993947,1.0947300460828113,93.25251943119625,51.78,15.0
2025-07-07 18:15:00,1.094623489286024,1.0949838760612,1.0939628710886047,1.0939794183255398,41.90550539731744,51.47,15.0
2025-07-07 18:30:00,1.0939819803191329,1.0945515127894034,1.0937909519478053,1.0944024290693137,95.95207650981578,51.6,15.0
2025-07-07 18:45:00,1.094433716483968,1.0944477868729707,1.0937832247284838,1.0937873314057063,117.08604924601684,51.65,15.0
2025-07-07 19:00:00,1.0937764046819898,1.093919715922991,1.0907386382675988,1.0911313925180746,92.41746342964883,51.76,15.0
2025-07-07 19:15:00,1.0911079869266544,1.0930251767786396,1.0907734809797138,1.0927098561430617,109.72335022732763,51.64,15.0
2025-07-07 19:30:00,1.092775394546538,1.0927883306469548,1.0925390751003474,1.09259077848591,77.29157989216647,51.6,15.0
2025-07-07 19:45:00,1.0926438678826276,1.0927192574584474,1.0918598049462955,1.0921559895531365,102.53225875214696,51.48,15.0
2025-07-07 20:00:00,1.0920517581524316,1.092395395014308,1.0909331680480951,1.091218247243895,190.4541606461341,51.43,15.0
2025-07-07 20:15:00,1.091214424834421,1.0934178877853096,1.0909747727889774,1.0933628481612991,74.9822015515819,51.5,15.0
2025-07-07 20:30:00,1.0933855224735707,1.0954763902157048,1.0933192084239107,1.0951686664247202,96.89966609947753,51.46,15.0
2025-07-07 20:45:00,1.0951967408184111,1.0964660840739782,1.0951212801605663,1.0964593167462238,51.08552045227695,51.5,15.0
2025-07-07 21:00:00,1.096435507644048,1.0968576494629576,1.088285007960046,1.0887728190999415,78.607311051489,51.34,15.0
2025-07-07 21:15:00,1.088613692114081,1.0892368194420363,1.0800567311020417,1.0806882566262668,96.5627337785202,51.0,15.0
2025-07-07 21:30:00,1.0806466793862557,1.0846884856737082,1.0805214055060368,1.0843589752795895,103.45776707235983,51.17,15.0
2025-07-07 21:45:00,1.0843981228553374,1.0900254663347686,1.0838393065291076,1.0899371426699196,101.03422455067437,51.41,15.0
2025-07-07 22:00:00,1.0900741912887852,1.091041142823456,1.0899839921438466,1.0908128689166374,161.0931780956345,51.26,15.0
2025-07-07 22:15:00,1.0908965954603163,1.0913414616082306,1.0890141974423497,1.0891201628763505,341.00743649606545,51.08,15.0
2025-07-07 22:30:00,1.0890974733129526,1.089701914221686,1.088585315950268,1.0890483593705296,504.9455239034372,51.06,15.0
2025-07-07 22:45:00,1.0890445144899763,1.0918149192232136,1.0889687632024265,1.0908435847112048,938.5407388297677,51.54,15.0
2025-07-07 23:00:00,1.0908434103419191,1.0908436895207685,1.0905670327410297,1.0905675946127102,131.37076626964028,51.53,15.0
2025-07-08 16:30:00,1.090506693963744,1.0938565180924469,1.0899529034879167,1.093282710108734,152.13155989267665,51.66,15.0
2025-07-08 16:45:00,1.0933653953271718,1.0974920853606684,1.0931418821769907,1.0972084134667137,294.63693363496606,51.37,15.0
2025-07-08 17:00:00,1.0972027156586268,1.1008475359821468,1.0968385601351105,1.10071339376812,223.34246803510354,51.44,15.0
2025-07-08 17:15:00,1.1007385336578053,1.1020844529929767,1.0961396104755663,1.0977116830940008,195.4742301560245,52.18,15.0
2025-07-08 17:30:00,1.0978771050047376,1.1070370180185,1.0967389020510647,1.1057399749429668,359.26198199488476,52.82,15.0
2025-07-08 17:45:00,1.105769424929798,1.1125591073601049,1.1055909376941013,1.1120693846646108,90.71771446438623,53.04,15.0
2025-07-08 18:00:00,1.1120156748567167,1.1120493829874118,1.111366930969341,1.1118030841900992,59.40665893107897,53.33,15.0
2025-07-08 18:15:00,1.1123734458879684,1.122583255194599,1.1110782952395009,1.1221228347349688,255.86601789799155,52.57,15.0
2025-07-08 18:30:00,1.122247902987698,1.1222745001128114,1.1190659909358094,1.1191661641651534,77.21845211622954,52.68,15.0
2025-07-08 18:45:00,1.1193428408219297,1.1208779024913897,1.1190106273243816,1.1202973480852916,48.2398165962745,52.87,15.0
2025-07-08 19:00:00,1.120201322863369,1.121587578712906,1.1199277079153713,1.1213283472673334,130.4085415779103,52.89,15.0
2025-07-08 19:15:00,1.1213130150118247,1.1214537026239473,1.1189061911914495,1.1189783572607348,55.925202236263694,53.21,15.0
2025-07-08 19:30:00,1.1190729805333899,1.1192705054131373,1.1152034745054327,1.115656630103482,61.83452838201054,53.07,15.0
2025-07-08 19:45:00,1.1155125494128744,1.1164450660751604,1.109994413567921,1.1101322753348781,122.29486278947769,52.8,15.0
2025-07-08 20:00:00,1.1100147738292672,1.1105146306250213,1.1062818464371766,1.1063240577982978,214.46006542918124,52.62,15.0
2025-07-08 20:15:00,1.1063905071117834,1.1084710141809533,1.10581836610804,1.1084398678163259,81.94495750839049,52.64,15.0
2025-07-08 20:30:00,1.1083611691104065,1.108402915793732,1.1054445328393503,1.1060769735682048,54.27640013515146,52.51,15.0
2025-07-08 20:45:00,1.1060072201359927,1.1060239254206683,1.1053046639177921,1.105411572917349,33.77699679113708,52.62,15.0
2025-07-08 21:00:00,1.1054949282915134,1.1056196722341791,1.1033681755172247,1.103481306255036,94.9967922953712,52.79,15.0
2025-07-08 21:15:00,1.1033783915103554,1.1037190777031167,1.1022898111611206,1.1028554675992985,97.93683560340408,52.88,15.0
2025-07-08 21:30:00,1.1028765031060856,1.1051159352879385,1.102682724886336,1.1048330712934373,39.23026149096643,52.82,15.0
2025-07-08 21:45:00,1.1048041381650038,1.1052493810268853,1.100813642976127,1.1014121780274604,138.30754703221592,52.87,15.0
2025-07-08 22:00:00,1.1015143753759884,1.1018483934395944,1.099835835184515,1.0998690318184934,72.09248870658672,52.7,15.0
2025-07-08 22:15:00,1.0998354905240413,1.1005834483503931,1.0991176243087095,1.1004542458966462,107.72290638279908,52.73,15.0
2025-07-08 22:30:00,1.100448268432424,1.1005669924180956,1.0988452152420956,1.0990587613863898,123.59360968381392,52.75,15.0
2025-07-08 22:45:00,1.0990576979117248,1.0992528495472655,1.0986881660622825,1.0987337896067655,642.0092414308455,52.68,15.0
2025-07-08 23:00:00,1.0987337306120852,1.0987339383833918,1.0984226173856144,1.0984229292374412,122.81138957020372,52.68,15.0
2025-07-09 16:30:00,1.0986372616637803,1.1012919984856837,1.098498038265286,1.1000092859560746,134.4920928078291,53.18,15.0
2025-07-09 16:45:00,1.1000121444776003,1.1022791568409316,1.098807649853458,1.1018164634271406,98.57378045032434,53.26,15.0
2025-07-09 17:00:00,1.101889233085055,1.1020796110236966,1.0960483834049777,1.0967989685960151,259.51262912527,53.28,15.0
2025-07-09 17:15:00,1.0968803712926545,1.0968902969940724,1.0949731794640638,1.0952175929868408,299.1781872149676,53.09,15.0
2025-07-09 17:30:00,1.095273175011682,1.0958865570344094,1.0883710070922794,1.0888247871157224,350.68503247173004,52.5,15.0
2025-07-09 17:45:00,1.0886647532609677,1.0887276191614215,1.0876139645220848,1.0881237711108482,78.50136805141108,52.24,15.0
2025-07-09 18:00:00,1.0880331432648571,1.0940448538343834,1.0870325338568285,1.0922154194594247,132.53814218594744,51.93,15.0
2025-07-09 18:15:00,1.0922915427288609,1.0974171891199587,1.0918725429722822,1.0972221043867332,72.4730378592619,52.06,15.0
2025-07-09 18:30:00,1.0972061430593756,1.0974752747375298,1.0969672921223466,1.097095475123664,38.18938076979288,52.24,15.0
2025-07-09 18:45:00,1.0971674725574645,1.0975054378900722,1.0917296863974173,1.0919526363887309,86.23511300939401,52.11,15.0
2025-07-09 19:00:00,1.091992487378918,1.092008997337031,1.091870064291434,1.0919447110109017,77.95919527840282,52.14,15.0
2025-07-09 19:15:00,1.091969400857008,1.0921707518171955,1.0898385786997098,1.0899413507065487,34.89865180182605,52.01,15.0
2025-07-09 19:30:00,1.0899759753542064,1.0903494515177619,1.0884220000166636,1.088902735663805,43.12299710354642,52.16,15.0
2025-07-09 19:45:00,1.088893168697913,1.0889139686289016,1.0860127535929553,1.086030277022911,68.4154478767557,52.0,15.0
2025-07-09 20:00:00,1.0859841149316483,1.0872003617075041,1.0853053760868077,1.0865904536302515,91.3079905151444,52.19,15.0
2025-07-09 20:15:00,1.0865983106012556,1.0905663918003783,1.085845075448405,1.0901952862024222,152.85549785276316,52.37,15.0
2025-07-09 20:30:00,1.0902137384699166,1.0904084772087275,1.0884128596253493,1.0884385565631174,47.812183322565524,52.38,15.0
2025-07-09 20:45:00,1.088391455684963,1.0885786000400035,1.0866792785838604,1.0868946369598826,27.51473745713461,52.55,15.0
2025-07-09 21:00:00,1.0870032305848831,1.0870703058771054,1.0829590255307182,1.0833198176616048,82.56675854738786,52.6,15.0
2025-07-09 21:15:00,1.0834641561721834,1.0838160983706542,1.0829146931188955,1.0835457606771388,154.40401892852475,52.38,15.0
2025-07-09 21:30:00,1.0835238994576224,1.0844613341065747,1.0834382766303572,1.084313891352201,98.44725814683802,52.35,15.0
2025-07-09 21:45:00,1.0843241705750752,1.0862100471752343,1.0842838652811813,1.0859867112124455,70.90129165517907,52.5,15.0
2025-07-09 22:00:00,1.0859500118958554,1.08624859234478,1.0851453701535085,1.0854149815870362,123.85970937246005,52.43,15.0
2025-07-09 22:15:00,1.0853862721278875,1.086902057179571,1.0852535395439837,1.086800979566779,358.07780047667524,52.65,15.0
2025-07-09 22:30:00,1.0868064292618111,1.088029452356302,1.086749212702922,1.08782888078372,186.81861004168195,52.64,15.0
2025-07-09 22:45:00,1.087801336399934,1.088757497965194,1.0875119970965332,1.088704832115372,895.3761077054116,52.59,15.0
2025-07-09 23:00:00,1.0887049781802918,1.088705167865039,1.0885859890375271,1.0885869816371074,198.71050808995494,52.59,15.0
2025-07-10 16:30:00,1.0884095641623548,1.0890719559153859,1.0865112578422653,1.0869977797583497,64.68472288523564,52.96,15.0
2025-07-10 16:45:00,1.0868205451413557,1.089555802371163,1.0860016644245354,1.088759599478472,17.107053475379104,53.27,15.0
2025-07-10 17:00:00,1.088657457295826,1.0894388954705176,1.0864331848541264,1.086550106178063,120.82149491753538,53.86,15.0
2025-07-10 17:15:00,1.0866881082794957,1.0959845449930201,1.0862261798804889,1.0953850054593663,122.66424099877607,54.24,15.0
2025-07-10 17:30:00,1.0954650549531035,1.1054049094745444,1.094094204143939,1.105392146301009,50.516173234602704,54.76,15.0
2025-07-10 17:45:00,1.1055055354360763,1.1058090517295147,1.0965544315261118,1.0967249407639585,78.82762631507477,54.52,15.0
2025-07-10 18:00:00,1.0966095737588106,1.111681837513431,1.0954795670740076,1.11004152527284,159.72956654321095,55.22,15.0
2025-07-10 18:15:00,1.1101272625233307,1.1109813886870212,1.1064037884122366,1.108032450555872,234.86850506792283,55.21,15.0
2025-07-10 18:30:00,1.1079540963912762,1.1083497599901293,1.1049223075939298,1.104994396347099,52.01477511363313,55.11,15.0
2025-07-10 18:45:00,1.1051978146613077,1.105545461292197,1.1000683528461164,1.1008910516697106,126.4413068782371,54.87,15.0
2025-07-10 19:00:00,1.1008982935788338,1.1012261246866366,1.1002079863448755,1.1005217996247836,63.84022262765662,54.81,15.0
2025-07-10 19:15:00,1.100488246972141,1.1007902592821557,1.0993883860924663,1.0995898770167836,61.74021866222564,54.91,15.0
2025-07-10 19:30:00,1.0995332203920238,1.0997564498249226,1.097511678817985,1.0977869938731288,114.16850204393761,54.93,15.0
2025-07-10 19:45:00,1.0977465575486118,1.097880240499469,1.0971464563196314,1.0973327691053198,185.37405319939998,54.93,15.0
2025-07-10 20:00:00,1.097235734526805,1.0991988484503032,1.0971062413734982,1.0985992755010487,69.81806339535014,55.06,15.0
2025-07-10 20:15:00,1.0987009246183044,1.0995091821489187,1.0940038136118264,1.0944405466658567,153.42220397822126,55.34,15.0
2025-07-10 20:30:00,1.0944188554316103,1.095103796919062,1.0942774073622454,1.0949347470327884,89.2134683045889,55.34,15.0
2025-07-10 20:45:00,1.0949392473295514,1.0950317340780933,1.0916138013242767,1.0918906601065568,130.73824545727652,55.28,15.0
2025-07-10 21:00:00,1.0918264184335462,1.0920763042522104,1.0871424169585,1.0873842553679063,248.46617080906069,55.29,15.0
2025-07-10 21:15:00,1.08739116143974,1.0900100421220924,1.0873394669335763,1.0897411790046747,233.76672768172324,55.43,15.0
2025-07-10 21:30:00,1.0899003845404307,1.0918015646698955,1.089828304473469,1.0913369296715631,541.0550341318428,55.32,15.0
2025-07-10 21:45:00,1.0911975042834292,1.0934720045314896,1.090756117551692,1.0933900408004504,366.08262236487894,55.19,15.0
2025-07-10 22:00:00,1.0933761510126934,1.093424612709558,1.0923010316213064,1.0924207476720098,341.56107384111414,55.12,15.0
2025-07-10 22:15:00,1.0923915702411424,1.094170712988457,1.0915964386377157,1.0931647234498572,156.13273578190655,54.75,15.0
2025-07-10 22:30:00,1.0932454812782761,1.0973850107265744,1.0929260329359618,1.0969075982059626,288.4683025809114,54.78,15.0
2025-07-10 22:45:00,1.0969724228536852,1.0978362760625384,1.0892318902054865,1.0892814992842372,1021.0991453832087,54.41,15.0
2025-07-10 23:00:00,1.089281506404123,1.0892835407831016,1.0892814674970162,1.089283274851038,98.49995819815659,54.41,15.0
2025-07-11 16:30:00,1.0895243357273006,1.089805068459376,1.0846557020520395,1.0853541068398158,48.105856427014785,53.66,15.0
2025-07-11 16:45:00,1.0851150060394834,1.0852035921503054,1.080521026364449,1.0806670508368266,122.32715318462797,53.77,15.0
2025-07-11 17:00:00,1.0806942713326275,1.0817662074293526,1.0734165871065804,1.0734732240665261,71.94409669682149,53.9,15.0
2025-07-11 17:15:00,1.0736503983601935,1.0739451360720649,1.0650722750480457,1.0656476147745115,81.97090217667994,54.22,15.0
2025-07-11 17:30:00,1.0656177551115351,1.0656319956329716,1.0651728369907016,1.0653604174913998,146.93399101284967,54.12,15.0
2025-07-11 17:45:00,1.0653881885549137,1.0656117622092847,1.0645808940044432,1.0652180962530917,129.31929548815546,53.91,15.0
2025-07-11 18:00:00,1.0652743015435417,1.069809966596204,1.0650915440457234,1.0697927180567894,83.76006606278399,53.88,15.0
2025-07-11 18:15:00,1.0697211362539156,1.0736768805205978,1.069144668532126,1.0730651453489217,27.435528757767695,53.74,15.0
2025-07-11 18:30:00,1.0730497751716601,1.0760821400969618,1.0728584628303384,1.0760594579213678,28.35060908408375,53.85,15.0
2025-07-11 18:45:00,1.0760779768749191,1.0763651285000266,1.07426230357608,1.0743347246854817,76.89679924529011,53.73,15.0
2025-07-11 19:00:00,1.074163392373876,1.0741641036213194,1.0693661537038974,1.0695159127607972,27.43242813211625,53.66,15.0
2025-07-11 19:15:00,1.0695432013165898,1.0695773533642938,1.0690882387568572,1.0693934331495507,46.52257586342697,53.68,15.0
2025-07-11 19:30:00,1.0693819539214997,1.0694866707610622,1.0690059291948613,1.0692601989478052,23.97840893590387,53.68,15.0
2025-07-11 19:45:00,1.0691310690301086,1.0751225232700055,1.0686410818883934,1.0747577621514848,45.85486686942481,53.87,15.0
2025-07-11 20:00:00,1.0747768883811006,1.0752758222631957,1.0732148682655591,1.0732918022513125,42.665355672455746,54.02,15.0
2025-07-11 20:15:00,1.0733201874003284,1.073363984015812,1.0726194450873958,1.072725411531485,22.194333866304085,53.91,15.0
2025-07-11 20:30:00,1.0726883406947811,1.0737195331848417,1.072570112035987,1.0733745327871522,41.16569986309711,53.96,15.0
2025-07-11 20:45:00,1.073510313871863,1.073867830115451,1.073301874456267,1.0737455750184768,54.96258775044634,53.98,15.0
2025-07-11 21:00:00,1.0737054446528775,1.0760678656298661,1.073695979176127,1.0758091091438122,147.44848980250973,53.89,15.0
2025-07-11 21:15:00,1.0757508775909985,1.0757765444120069,1.074328696000616,1.0743886142358599,49.095405847767104,53.8,15.0
2025-07-11 21:30:00,1.0746212329966378,1.0861315377554641,1.074427124934577,1.0861006769511221,159.93119889739484,54.29,15.0
2025-07-11 21:45:00,1.0860500000107054,1.0872680903490461,1.0857609934606192,1.0865751838509328,93.31995507763048,54.17,15.0
2025-07-11 22:00:00,1.086682522683282,1.0884554384738618,1.0861428361800176,1.088232131095451,158.169592455101,54.19,15.0
2025-07-11 22:15:00,1.0881935576447361,1.088361772160928,1.0873254099632812,1.0874557345781377,126.44939446415749,54.29,15.0
2025-07-11 22:30:00,1.0874578437398623,1.0885624782895982,1.087423459659655,1.0883871834365604,292.1892931981716,54.11,15.0
2025-07-11 22:45:00,1.0884351586149894,1.091001254147643,1.0881536483309746,1.0907325244557793,324.2962441731843,54.14,15.0
2025-07-11 23:00:00,1.090732528098141,1.0907327793416195,1.0906853557254461,1.0906855615379778,95.3115095860769,54.14,15.0
2025-07-14 16:30:00,1.090297037958268,1.0905476587042673,1.0710192520459172,1.07257378959105,196.85354856113548,52.72,15.0
2025-07-14 16:45:00,1.072561704823527,1.0734346203169698,1.0721503612892544,1.0726269408212896,94.98591188270548,52.77,15.0
2025-07-14 17:00:00,1.0726083795990402,1.0727647712058839,1.068421513308767,1.0687678087474137,89.38299252473868,52.65,15.0
2025-07-14 17:15:00,1.0688261381069208,1.0689705514067456,1.0656205849418727,1.0657011782255257,46.27670065287044,52.55,15.0
2025-07-14 17:30:00,1.065668021860004,1.0692500816295625,1.0655262418646785,1.0688277687989696,67.81207309206187,52.78,15.0
2025-07-14 17:45:00,1.0688780310871187,1.0689503622865677,1.064759267214136,1.0651118129695898,32.81439485133417,52.64,15.0
2025-07-14 18:00:00,1.0649136772935655,1.0658240981091263,1.0575691216329253,1.0578316830051722,104.49021375653368,52.64,15.0
2025-07-14 18:15:00,1.0578868251275995,1.0580835984057728,1.0569158398078398,1.0573618111634226,78.23686818770075,52.68,15.0
2025-07-14 18:30:00,1.0576578633711429,1.0584563014307926,1.0551827285983992,1.0553624402628679,104.1361631171662,53.23,15.0
2025-07-14 18:45:00,1.0553354174318537,1.0590956513356635,1.0546675886400718,1.0589762429257272,94.66019916342782,53.08,15.0
2025-07-14 19:00:00,1.058963667354948,1.0602714137414055,1.057837202022025,1.057952970898464,44.13271278758738,53.18,15.0
2025-07-14 19:15:00,1.0579536579619655,1.0587825993638689,1.0576756647178767,1.0586280886764259,67.48563112077005,53.08,15.0
2025-07-14 19:30:00,1.0585895780304069,1.0590676171167945,1.0584859611538266,1.0586926003816344,79.66780343654004,53.19,15.0
2025-07-14 19:45:00,1.0586289888460036,1.0589327135126974,1.0571788730938076,1.0573209179007412,123.96354686315684,53.24,15.0
2025-07-14 20:00:00,1.0573660397114155,1.063552433245132,1.0572800871659866,1.0631948958836879,119.1088652204077,53.35,15.0
2025-07-14 20:15:00,1.063281850198557,1.0649177681172795,1.063239821523875,1.0643786839848632,103.70946320462932,53.15,15.0
2025-07-14 20:30:00,1.064374871459721,1.0653231663728293,1.0642728059186253,1.0653141453237753,40.864077024034856,53.14,15.0
2025-07-14 20:45:00,1.0653062039559587,1.0668461445186446,1.0646318446496572,1.0659352827806623,86.05244560678432,53.07,15.0
2025-07-14 21:00:00,1.065886081987149,1.070181228557554,1.0657675485879863,1.0698482449911844,55.56426288304642,53.16,15.0
2025-07-14 21:15:00,1.0698771037472121,1.0725299505522294,1.0696190473497804,1.072402084325337,60.789696667613505,53.17,15.0
2025-07-14 21:30:00,1.0724060529286987,1.072536177285395,1.0709864741160051,1.0711048582317253,86.01996158736898,53.26,15.0
2025-07-14 21:45:00,1.0711206478109623,1.0713755657528687,1.0704879566636636,1.0705040010741935,66.70036761026908,53.21,15.0
2025-07-14 22:00:00,1.0705184464813355,1.0732585593898925,1.070337413321603,1.0731225135395523,120.16912722151366,53.24,15.0
2025-07-14 22:15:00,1.073148423982767,1.073675498831521,1.0716207016729533,1.0719252399503574,150.18427611600995,53.2,15.0
2025-07-14 22:30:00,1.0719841176678975,1.0744692560931581,1.0716695977901414,1.0743176047259146,151.93909616432362,52.85,15.0
2025-07-14 22:45:00,1.0742500541660396,1.0753275405089529,1.0672737273599793,1.0673107693662152,990.964813711089,52.62,15.0
2025-07-14 23:00:00,1.06731073725942,1.067623059505392,1.0673107335566958,1.0676224188591417,321.2197886171036,52.62,15.0
2025-07-15 16:30:00,1.0678389719499626,1.072722497069944,1.0675311898937547,1.070028372271341,43.29663420163223,52.56,15.0
2025-07-15 16:45:00,1.0699719459104555,1.0703298111257817,1.0691030545823426,1.069268444469492,78.99673771915268,52.54,15.0
2025-07-15 17:00:00,1.0692700772266372,1.0696194739255183,1.0650285098686785,1.065658708860129,105.26285413314527,52.92,15.0
2025-07-15 17:15:00,1.0657350753692925,1.0893253412505557,1.0638439989480173,1.0856559782709827,171.83574905332435,51.9,15.0
2025-07-15 17:30:00,1.0856313138825928,1.087699370787836,1.0853410052878614,1.0873449141498106,144.94794071494928,52.17,15.0
2025-07-15 17:45:00,1.0874374627674426,1.0911384160445827,1.0866997589514176,1.0908461452028735,138.70916680865668,52.05,15.0
2025-07-15 18:00:00,1.091117428552598,1.0918337233894635,1.078560833297498,1.0792823630643937,68.62528144143234,51.89,15.0
2025-07-15 18:15:00,1.0793757419311796,1.07954214679761,1.0778293595255721,1.0785201627220018,129.81605719331228,52.12,15.0
2025-07-15 18:30:00,1.0785466603226543,1.0803261417714258,1.078092283422933,1.0799591082786475,34.05730256340379,52.06,15.0
2025-07-15 18:45:00,1.080027673167042,1.0802039867395543,1.073860555927742,1.0741696122822129,54.05489193234152,51.97,15.0
2025-07-15 19:00:00,1.0742324748718959,1.0742521344641311,1.0699786773433484,1.071017459532149,170.15699229039856,51.89,15.0
2025-07-15 19:15:00,1.0709304937797834,1.07115282065954,1.0687320268149598,1.0688225890818854,74.49731348638215,51.78,15.0
2025-07-15 19:30:00,1.0688294236467846,1.0692763059609196,1.0686123445975824,1.0686425135476787,77.82534196750592,52.04,15.0
2025-07-15 19:45:00,1.0686080400820797,1.0686889258487895,1.0664036825277072,1.0669929251729309,89.12276859007615,51.86,15.0
2025-07-15 20:00:00,1.0669475927277725,1.0681395074327313,1.0669111051290767,1.0680167502101363,53.47277220656729,51.94,15.0
2025-07-15 20:15:00,1.0680573332608587,1.068187596513547,1.0650750195661036,1.0653823151908783,107.7945253846822,51.89,15.0
2025-07-15 20:30:00,1.065482325886706,1.0664895560931154,1.0649711266681776,1.0664828663747405,58.18596024933389,51.92,15.0
2025-07-15 20:45:00,1.0665147346511197,1.0693207903327089,1.0662797832633384,1.0693053982811922,67.41078760163383,51.96,15.0
2025-07-15 21:00:00,1.0693759882706555,1.069616660661215,1.0645949451046655,1.064624086904412,96.12248736413763,51.93,15.0
2025-07-15 21:15:00,1.0646987341429743,1.0648599039497006,1.0590187453462272,1.0603315019052968,151.16104761289597,51.56,15.0
2025-07-15 21:30:00,1.060323699060975,1.0610529841890088,1.0599243936984406,1.0609288545005833,125.07365988622003,51.57,15.0
2025-07-15 21:45:00,1.0609512452135625,1.0609517492591414,1.060749825905793,1.0608906347359932,148.89574962050733,51.48,15.0
2025-07-15 22:00:00,1.0608209114855713,1.0643845907807346,1.0603018907520403,1.0641742847868785,257.51126833201727,51.49,15.0
2025-07-15 22:15:00,1.0642577878095703,1.0648851771002115,1.0613944373635344,1.061680410758258,151.13345011447097,51.41,15.0
2025-07-15 22:30:00,1.0615833925650167,1.065027415489689,1.061056876875439,1.0649263762929035,379.4962814522819,51.35,15.0
2025-07-15 22:45:00,1.0649713585759222,1.0649931987372054,1.0645872519128319,1.0646169017819507,856.020624713543,51.41,15.0
2025-07-15 23:00:00,1.0646169905434744,1.06493592991303,1.0646169400856071,1.0649358195847647,117.25229893511269,51.42,15.0
2025-07-16 16:30:00,1.064719946398901,1.0650166139768023,1.0579071565076967,1.0579995767653945,34.70918777522475,51.72,15.0
2025-07-16 16:45:00,1.0579583019891305,1.059468348095662,1.0576344258958956,1.0589948082761445,35.01185221114715,51.49,15.0
2025-07-16 17:00:00,1.0590557340391902,1.0598950013631199,1.057621434178334,1.0584184516819022,58.054678690301955,51.15,15.0
2025-07-16 17:15:00,1.0583966199941433,1.0595643187992188,1.0582036317744248,1.0594638205548625,92.74277057061897,51.23,15.0
2025-07-16 17:30:00,1.0595957771616917,1.0611580506843326,1.0590791252014695,1.0608835868149442,41.36772821713126,51.31,15.0
2025-07-16 17:45:00,1.0605200503576417,1.0637016337366698,1.060332477008979,1.0634931915212686,120.98537742683882,51.15,15.0
2025-07-16 18:00:00,1.0635701169501353,1.0646718129217918,1.0635170483564942,1.064113575981776,31.65094957632674,51.28,15.0
2025-07-16 18:15:00,1.064083207888266,1.0697772352126282,1.0637493279748276,1.0694907356561254,293.01465278274105,51.06,15.0
2025-07-16 18:30:00,1.0694558670118575,1.0699221261717264,1.0677248662977028,1.0678932235728105,50.003387690485404,50.98,15.0
2025-07-16 18:45:00,1.0675575653316822,1.0738476255797633,1.0671924987700754,1.0719039823037524,59.915034278458826,51.35,15.0
2025-07-16 19:00:00,1.0717563353751847,1.0720487118083117,1.069521736089153,1.0697562648170675,94.63877513307983,51.04,15.0
2025-07-16 19:15:00,1.0697434330469209,1.0733393521052939,1.0695923857591059,1.072824163708514,33.94213494032922,51.18,15.0
2025-07-16 19:30:00,1.0728057750890836,1.0756621978344156,1.072536125830447,1.0751107687802741,48.98636147507409,51.1,15.0
2025-07-16 19:45:00,1.0751761263007684,1.075184979168117,1.0716284541266645,1.071762643922549,155.57551489941514,51.29,15.0
2025-07-16 20:00:00,1.0717901723109617,1.0719501409771794,1.0700559891610426,1.0700653358630179,14.02030378078981,51.32,15.0
2025-07-16 20:15:00,1.0701135940943498,1.0703114108829603,1.066747290391296,1.066913310169806,37.88906841230559,51.24,15.0
2025-07-16 20:30:00,1.0669182795818777,1.0669853109782086,1.0668626888782518,1.0669712351391825,18.54797299474961,51.25,15.0
2025-07-16 20:45:00,1.067037488904342,1.0674975439303531,1.0644319978543644,1.064708888172115,43.04402530471646,51.33,15.0
2025-07-16 21:00:00,1.0647008052817328,1.0653141914829585,1.0632316588898114,1.0632582915059063,65.26707306807216,51.33,15.0
2025-07-16 21:15:00,1.0634611834116494,1.0710353369637395,1.0628815732574772,1.0703661480155504,294.1461232589848,51.86,15.0
2025-07-16 21:30:00,1.0703684400888651,1.0705042959956508,1.0700189170166667,1.0701555594368837,50.20586251687959,51.81,15.0
2025-07-16 21:45:00,1.0700767070942048,1.0702921671787164,1.062897953493233,1.0631960116273802,62.83634258413421,51.89,15.0
2025-07-16 22:00:00,1.063125075151247,1.0666074784976183,1.0627894874484305,1.0663061769853053,65.1490719540565,51.83,15.0
2025-07-16 22:15:00,1.066323989805569,1.0678712721717998,1.0661845332320796,1.067703409809958,172.06906549686008,51.96,15.0
2025-07-16 22:30:00,1.0676909844419942,1.0682809803080253,1.067193411946619,1.0682534468985434,123.16741035025142,51.94,15.0
2025-07-16 22:45:00,1.0682225501403453,1.0685180305774022,1.0665372728582891,1.0666610779271715,594.0655651022435,51.8,15.0
2025-07-16 23:00:00,1.066661164203823,1.0668888273633363,1.0666610986647727,1.0668883135762044,153.00570269518846,51.79,15.0
2025-07-17 16:30:00,1.0670057548021048,1.0708110938813842,1.0660147449234136,1.070684059508579,41.210646002143235,52.23,15.0
2025-07-17 16:45:00,1.0707136977391005,1.0760547063358308,1.0695769996881146,1.0758040693039688,23.81315001990156,51.87,15.0
2025-07-17 17:00:00,1.0757763892800984,1.0759508894296796,1.0755856682021936,1.0758828637422488,26.75845213587356,51.9,15.0
2025-07-17 17:15:00,1.0758689318282817,1.076468919253582,1.0725974131571434,1.0727229734447856,55.802385891443166,51.85,15.0
2025-07-17 17:30:00,1.0726078541797586,1.076642203370426,1.0723147234429395,1.0763389273389008,21.73322036970218,51.9,15.0
2025-07-17 17:45:00,1.0761545932453778,1.0796420172153118,1.0758822228141633,1.0792444855248025,75.07410384563609,52.25,15.0
2025-07-17 18:00:00,1.0791232842723781,1.0850934994329162,1.0787933584310136,1.0850458765712325,63.21718489294523,52.17,15.0
2025-07-17 18:15:00,1.0850521548377439,1.0862102259627742,1.0844084112224484,1.0859229612219843,18.288865787713515,52.2,15.0
2025-07-17 18:30:00,1.0858762846920023,1.086870212897038,1.0857918888259566,1.086637699067323,15.340754684247882,52.24,15.0
2025-07-17 18:45:00,1.0866145063906085,1.0900445348124963,1.0860157573646194,1.0899243975393043,86.86584185812146,52.38,15.0
2025-07-17 19:00:00,1.0900097964525293,1.0902159143992478,1.0881452553292479,1.0883740007460565,100.43388419810684,52.24,15.0
2025-07-17 19:15:00,1.0884202011909434,1.0907793522271032,1.088295277970053,1.0906706345376755,272.7624405384376,52.32,15.0
2025-07-17 19:30:00,1.0905999673789573,1.0923337042902033,1.0900413907985913,1.0923018149256338,92.62999774327362,52.61,15.0
2025-07-17 19:45:00,1.0923105480457544,1.0923348686447185,1.0911082962270857,1.0912912742464551,23.610318164309135,52.72,15.0
2025-07-17 20:00:00,1.091357358336475,1.0933711872071412,1.0909619969707844,1.0932513881749635,165.26654006032547,52.83,15.0
2025-07-17 20:15:00,1.093222329806334,1.0960723855529646,1.0931589815981901,1.0960203225981415,73.00623704404123,52.91,15.0
2025-07-17 20:30:00,1.096014214848116,1.0988169026574581,1.0960039733312021,1.098731101119044,86.09445829547911,53.06,15.0
2025-07-17 20:45:00,1.0986499746361127,1.0992795773096187,1.0984223669004183,1.0990603713659108,79.28396417917286,52.99,15.0
2025-07-17 21:00:00,1.0990909554750183,1.0993057713707153,1.098351868504005,1.0985063383770342,100.61901361030529,52.95,15.0
2025-07-17 21:15:00,1.0985000575599655,1.0985463503835233,1.0958054495735003,1.096028655697065,54.401075978086965,52.95,15.0
2025-07-17 21:30:00,1.0960424437601006,1.0966714653742335,1.0957568570882057,1.0966241975901339,87.3766944476261,52.93,15.0
2025-07-17 21:45:00,1.0965892955370085,1.0966824804368724,1.0959073179338683,1.0959123614045951,69.41030338682539,52.96,15.0
2025-07-17 22:00:00,1.0958612930536362,1.09639643690878,1.095324635505759,1.095921652223716,128.9047080518512,53.09,15.0
2025-07-17 22:15:00,1.0959415800616412,1.0959838153978387,1.0920705998812306,1.0922825466559807,171.24409410290681,53.05,15.0
2025-07-17 22:30:00,1.0922871020203957,1.092324941321966,1.0899492248834284,1.0901996367665296,190.27664953904673,53.03,15.0
2025-07-17 22:45:00,1.0901083170013917,1.0927498623432272,1.0899462695193303,1.0926767094551244,509.5029891594627,53.31,15.0
2025-07-17 23:00:00,1.0926766043472775,1.0926769060270765,1.0924636745680067,1.092463688487631,96.29497092244529,53.29,15.0
2025-07-18 16:30:00,1.0920498413849091,1.0958808747821331,1.0914261574822532,1.0923554359984107,111.1813839469512,52.9,15.0
2025-07-18 16:45:00,1.0924385486576724,1.0929742081045675,1.0871673331969582,1.087388638238555,167.12526160038016,52.67,15.0
2025-07-18 17:00:00,1.0873256912993543,1.0926437673039342,1.0872042133487332,1.0926090302514175,59.40008516702324,52.87,15.0
2025-07-18 17:15:00,1.09253698358613,1.0942540416109203,1.092188543289065,1.0941411236232048,310.1448630615564,52.56,15.0
2025-07-18 17:30:00,1.0941229805968966,1.0991726023120005,1.0938639653631719,1.0985344645856758,64.73256626769238,52.34,15.0
2025-07-18 17:45:00,1.0985839019201742,1.1038848989446206,1.0984256581336271,1.1030644003909589,219.2654445229968,52.52,15.0
2025-07-18 18:00:00,1.103034326233713,1.103060855507668,1.1016838481788318,1.1016850774381544,152.4698360287342,52.55,15.0
2025-07-18 18:15:00,1.1015966864343683,1.1017429086840693,1.1006160926884945,1.1009460750784443,125.26302656953341,52.62,15.0
2025-07-18 18:30:00,1.1008516083641438,1.1052066168463195,1.1006457038919566,1.104503113724475,88.19114939264213,52.25,15.0
2025-07-18 18:45:00,1.1046225230790505,1.105286018305913,1.1003012478093739,1.1010552359093537,58.83300532153775,52.61,15.0
2025-07-18 19:00:00,1.1010567144078007,1.1026982832321168,1.1009483197580385,1.1024680332425065,32.402318532013055,52.38,15.0
2025-07-18 19:15:00,1.1026137543819332,1.1033383223945643,1.0971082207324212,1.0972892553137423,28.679845389701303,52.1,15.0
2025-07-18 19:30:00,1.0972486733849909,1.0973682743804334,1.0966125704477585,1.0968408003009027,48.900082580176175,51.95,15.0
2025-07-18 19:45:00,1.0971741093950265,1.0976967001228244,1.0941960044604595,1.0947980487968092,139.29697299916205,52.07,15.0
2025-07-18 20:00:00,1.0947837965541085,1.0996802949476754,1.0945119789084474,1.0995664992715157,34.44877591124818,52.25,15.0
2025-07-18 20:15:00,1.0994796318655538,1.1005796116143445,1.099137248149127,1.100101318815117,228.10474704067576,52.13,15.0
2025-07-18 20:30:00,1.100114238114645,1.1008439326394432,1.0998771283099857,1.1006328131131289,132.34555401814129,52.12,15.0
2025-07-18 20:45:00,1.100622063891164,1.1008945492352105,1.0972222687027595,1.097234700990003,69.6786234094632,52.0,15.0
2025-07-18 21:00:00,1.0971614952738742,1.098746577083538,1.096959805734188,1.0985742549739173,47.67415734190362,51.87,15.0
2025-07-18 21:15:00,1.0986440262488348,1.0986558852229897,1.0971955655036008,1.0972923470776745,140.18783286447777,51.89,15.0
2025-07-18 21:30:00,1.0973693710540688,1.0974675896923283,1.0960706314446504,1.0960859908444298,92.98282287501159,52.06,15.0
2025-07-18 21:45:00,1.0961260947089022,1.096301562057323,1.0957830437839287,1.0961880190223117,112.5362056135886,52.23,15.0
2025-07-18 22:00:00,1.096146961589486,1.0975018539064871,1.0957343115323868,1.0973690473573137,38.692197889304936,52.27,15.0
2025-07-18 22:15:00,1.0974089335064783,1.0992012481855244,1.097305381270591,1.0985970678573618,154.5989359080268,52.24,15.0
2025-07-18 22:30:00,1.0985318791629357,1.0991157299214789,1.094968112672507,1.0950035940275098,248.09715505633034,52.02,15.0
2025-07-18 22:45:00,1.0951146882106653,1.0952482753889001,1.0928085410623811,1.0933240074789268,810.5430056267516,52.03,15.0
2025-07-18 23:00:00,1.093324059955442,1.0933244908637914,1.0930390521891875,1.093039466231459,289.6847627372472,52.02,15.0
2025-07-21 16:30:00,1.0935941196140446,1.095115256306329,1.083689597063465,1.0897673070109366,561.24410178911,50.62,15.0
2025-07-21 16:45:00,1.0901506389142166,1.0960443436859075,1.0874670398761366,1.0939593127344318,757.1588730483242,50.87,15.0
2025-07-21 17:00:00,1.0932978399853643,1.115593620027915,1.0931454276291221,1.1143643238719403,122.63206415693894,50.88,15.0
2025-07-21 17:15:00,1.1142411978755182,1.1149096958377596,1.11011456277838,1.1105116672133573,150.9907654111579,51.16,15.0
2025-07-21 17:30:00,1.1104344902101309,1.1115485579525015,1.1060005739028276,1.1070427231336692,116.43198466387682,50.91,15.0
2025-07-21 17:45:00,1.107091234654893,1.107371919290502,1.1048644706897832,1.1048806095240251,105.39994846661345,51.07,15.0
2025-07-21 18:00:00,1.104895025545543,1.1058997060444307,1.1015354637624155,1.1016113583492433,112.9252582131282,50.81,15.0
2025-07-21 18:15:00,1.101615727695532,1.1017707806369779,1.1016022790063102,1.1017241334414414,96.25619660731883,50.72,15.0
2025-07-21 18:30:00,1.1017265381985168,1.1020114147087952,1.1012966897903336,1.1016900298744425,83.88038747683954,50.81,15.0
2025-07-21 18:45:00,1.101619260871595,1.101956935203651,1.094010805474862,1.094168737210415,172.01209378312785,50.45,15.0
2025-07-21 19:00:00,1.0940907703146259,1.0973653921049047,1.0939730708177327,1.0968819679520103,159.52850447322677,50.38,15.0
2025-07-21 19:15:00,1.0969095160414715,1.0977087988134073,1.0963501468394836,1.096427789965625,78.91203872406885,50.24,15.0
2025-07-21 19:30:00,1.0964496755887967,1.100735972042735,1.0962503461224564,1.1005501553627326,112.20300461070315,50.38,15.0
2025-07-21 19:45:00,1.1006208281728274,1.1026085195640045,1.1000383410618237,1.1024992196098071,132.55630096231312,50.46,15.0
2025-07-21 20:00:00,1.1024425373899938,1.1025966497966888,1.1013177893870123,1.1013324760200691,153.19551539490922,50.48,15.0
2025-07-21 20:15:00,1.1013038591152047,1.1014013830230833,1.0986241275592619,1.0990320365826927,170.73189526643733,50.62,15.0
2025-07-21 20:30:00,1.0990092283456139,1.099267847335204,1.0964684537517415,1.0965360736787617,149.46596440442858,50.74,15.0
2025-07-21 20:45:00,1.0965374873424218,1.096629204885253,1.0957466967729075,1.095759432607647,213.26698024876987,50.66,15.0
2025-07-21 21:00:00,1.0957450651861953,1.0963172308191431,1.094291047803151,1.0947017185535275,137.05492793260547,50.76,15.0
2025-07-21 21:15:00,1.094806228318192,1.1028111178163387,1.09473160742092,1.1026412582714555,161.89165562969458,50.88,15.0
2025-07-21 21:30:00,1.10266248162342,1.103078139141592,1.1005894601600286,1.1009479868027638,255.62989046524757,50.82,15.0
2025-07-21 21:45:00,1.1009256269343042,1.1050540366145871,1.1009061798263533,1.1040431516700495,221.86672069203368,50.41,15.0
2025-07-21 22:00:00,1.103910590668332,1.1049669985734158,1.102752921278783,1.1048028774347953,128.23550707492114,50.08,15.0
2025-07-21 22:15:00,1.1049150378743597,1.1050042020064106,1.103698579921307,1.1038397281108627,294.5678786384917,50.15,15.0
2025-07-21 22:30:00,1.1039349691089566,1.1047623591495765,1.1037799148838439,1.104747695799695,183.96951384918597,50.06,15.0
2025-07-21 22:45:00,1.1046100929066294,1.104615337754671,1.0979054339164278,1.0990099518544623,840.3793164410613,50.26,15.0
2025-07-21 23:00:00,1.0990099160561413,1.0990105917304318,1.0985572197831917,1.0985573373142696,79.82581401833588,50.27,15.0
2025-07-22 16:30:00,1.098072761015375,1.1109854550772575,1.0932773869599848,1.1036327286888634,378.62133120679465,53.05,15.0
2025-07-22 16:45:00,1.1036322301900858,1.1042888517228528,1.090405712679329,1.0907411921695795,179.14274835385365,53.31,15.0
2025-07-22 17:00:00,1.0908602530794995,1.0932009551779287,1.0905271015019184,1.0922665806979033,160.3082537162584,52.67,15.0
2025-07-22 17:15:00,1.0921004902767248,1.0962611762820038,1.0920676717853495,1.0946886629481545,216.41960844970671,52.55,15.0
2025-07-22 17:30:00,1.0949297513000582,1.0958457048319044,1.0853738554453651,1.0857315704340493,154.27219364241716,52.09,15.0
2025-07-22 17:45:00,1.0858715222562172,1.0884841125267042,1.0855948041762087,1.087490100277324,151.9768103846887,52.38,15.0
2025-07-22 18:00:00,1.0873883298733646,1.0903633534403443,1.0873744746620868,1.0903179005129304,203.5021252284912,52.32,15.0
2025-07-22 18:15:00,1.0904074929252852,1.0944379060839151,1.0899938450965172,1.0932882040751242,130.2241965499811,52.64,15.0
2025-07-22 18:30:00,1.0932344455719991,1.0948164009088588,1.09288486918885,1.0944436464003664,79.02485957350828,52.48,15.0
2025-07-22 18:45:00,1.0944137132931449,1.096421280803407,1.094003421806001,1.0961793205178154,67.72921565815221,52.45,15.0
2025-07-22 19:00:00,1.09621286193982,1.0963332465582862,1.0943284743512627,1.094567518225037,66.08318792290262,52.64,15.0
2025-07-22 19:15:00,1.0945329568555944,1.0946554596918339,1.0935645195549974,1.0938307183958547,66.35663563020461,52.54,15.0
2025-07-22 19:30:00,1.0936442401462083,1.0938009074879362,1.0926418125241217,1.092804368016385,157.06726723157402,52.44,15.0
2025-07-22 19:45:00,1.0927695396898067,1.092996877431281,1.0843793842221512,1.084428379730252,56.328848571858295,52.6,15.0
2025-07-22 20:00:00,1.0844400009425212,1.087711913401622,1.0842456366896842,1.0876370549502192,77.03787757582829,52.65,15.0
2025-07-22 20:15:00,1.0876385091919833,1.087679303646126,1.0863708458685912,1.0864794623629923,161.40727099553598,52.74,15.0
2025-07-22 20:30:00,1.0864895864345518,1.086591557020536,1.0862479031010075,1.086296380438295,122.34999621734102,52.66,15.0
2025-07-22 20:45:00,1.0863598877366156,1.086403855996284,1.0780511927843468,1.0783292179583053,101.33672809041258,52.43,15.0
2025-07-22 21:00:00,1.0782568088476607,1.0785849138060748,1.076515018063075,1.076615933397329,89.94549415165065,52.46,15.0
2025-07-22 21:15:00,1.0766184494247337,1.0795263189349553,1.0766008413044497,1.0793166993964554,104.9411285790973,52.62,15.0
2025-07-22 21:30:00,1.0792826270689992,1.0814506526983072,1.078988508859619,1.0814080190638715,65.82001875186161,52.76,15.0
2025-07-22 21:45:00,1.0814295516111374,1.0815739711562216,1.080742842564209,1.0811195860519924,123.33627772026456,52.87,15.0
2025-07-22 22:00:00,1.0811702250210267,1.0818435079760065,1.0807092485057899,1.0817911682865466,193.84078222567712,53.02,15.0
2025-07-22 22:15:00,1.0818233264478054,1.083020720094649,1.0815768356354516,1.0827435681572186,196.51513651279845,53.14,15.0
2025-07-22 22:30:00,1.0828562031108317,1.0898108869835357,1.0825792696683194,1.0891385728025484,154.46665728956785,53.27,15.0
2025-07-22 22:45:00,1.0892664305464694,1.0896704628197351,1.0863255610827178,1.0868797339049412,757.4128881320304,53.11,15.0
2025-07-22 23:00:00,1.0868796335477335,1.0868797652104132,1.086877595129033,1.086877631002715,156.466291399161,53.12,15.0
2025-07-23 16:30:00,1.0869932543321417,1.0874539155114233,1.0778316560273045,1.0788942122791039,461.1222927719351,55.0,15.0
2025-07-23 16:45:00,1.0786691240375765,1.0794673294906303,1.0782480981542049,1.0785296216249507,233.13931499561744,54.68,15.0
2025-07-23 17:00:00,1.0784562886303017,1.0813872751941815,1.0772633328994825,1.08065108050761,349.88970638447955,55.08,15.0
2025-07-23 17:15:00,1.0806542312074008,1.0915539722360215,1.0799610604474745,1.0914118410733074,153.78688882418808,55.35,15.0
2025-07-23 17:30:00,1.091457654677103,1.0926665970838363,1.0912325162642906,1.092501026579373,82.54507936253358,55.28,15.0
2025-07-23 17:45:00,1.0925337456847768,1.096850788102024,1.0921992134840683,1.0968124673696573,88.99987428560837,55.43,15.0
2025-07-23 18:00:00,1.0968012007638654,1.1041464856028462,1.0966899541574635,1.103441811177866,133.4745439632262,55.32,15.0
2025-07-23 18:15:00,1.1033548561126698,1.1049823790632356,1.0985097829754447,1.0988851407095734,67.28310104126649,54.97,15.0
2025-07-23 18:30:00,1.098866206168652,1.0994989934902177,1.0976228103651113,1.0977933145995504,201.77381780817993,55.1,15.0
2025-07-23 18:45:00,1.0976809230915998,1.1003774904633066,1.0976508283615007,1.0992398044429015,130.6325534174008,55.35,15.0
2025-07-23 19:00:00,1.0992449885906772,1.099307013738967,1.0965969523793049,1.0966159143619283,129.30574819416043,55.32,15.0
2025-07-23 19:15:00,1.096476553812103,1.0974156998371605,1.0957242816425874,1.0970391873880385,112.24205004434096,55.53,15.0
2025-07-23 19:30:00,1.0967645500725551,1.0979968434337335,1.0892644741757942,1.0892933616306453,50.934031517236605,55.18,15.0
2025-07-23 19:45:00,1.0892976231739357,1.0918347264159511,1.0891458092467454,1.0913099719706636,88.39627263810331,55.09,15.0
2025-07-23 20:00:00,1.0913112417747655,1.0913653165680117,1.0908375624704512,1.090970051628845,101.64274718960272,55.31,15.0
2025-07-23 20:15:00,1.090854359453431,1.0920885967736522,1.0907806175167467,1.0920624462768451,129.78747686222087,55.68,15.0
2025-07-23 20:30:00,1.0920622799328272,1.0922180198324745,1.0911414973640166,1.0914014142811062,186.7246365602917,55.75,15.0
2025-07-23 20:45:00,1.0915896168468682,1.093257949965115,1.0907574187521871,1.0930587919554633,259.43003404096896,55.41,15.0
2025-07-23 21:00:00,1.0929990025679155,1.0931129047935944,1.0901420683441803,1.0908884115347839,94.0439819202463,55.33,15.0
2025-07-23 21:15:00,1.0909024561340506,1.0924354652386759,1.0907173468600746,1.0924307298444393,270.4412166716618,55.34,15.0
2025-07-23 21:30:00,1.0923836378761695,1.0924529467736137,1.091065406551795,1.0915687308859254,339.96444184444283,55.14,15.0
2025-07-23 21:45:00,1.0915527439853085,1.0916790076796834,1.0905851579147012,1.0909909518243242,425.3198841878004,55.18,15.0
2025-07-23 22:00:00,1.090914827188949,1.0913492819015835,1.0893903136653924,1.0896904507915668,378.95570297348104,55.56,15.0
2025-07-23 22:15:00,1.089814196894063,1.0899519120942043,1.088430253805881,1.0885287325741742,561.5519555584497,55.58,15.0
2025-07-23 22:30:00,1.0884060747323716,1.0884880897395826,1.0870455988193617,1.0878296362886453,199.5303735848667,55.56,15.0
2025-07-23 22:45:00,1.0877596782129804,1.0903604239778073,1.0872217812269478,1.089754989024877,1568.354165470445,55.31,15.0
2025-07-23 23:00:00,1.0897549861932718,1.0898089564276143,1.0897549652838598,1.0898088452952972,170.47725870028466,55.31,15.0
2025-07-24 16:30:00,1.0896297301609095,1.089893638624781,1.0843200795445307,1.0857340389247503,258.7847073417862,56.01,15.0
2025-07-24 16:45:00,1.085586607356709,1.0963956377616029,1.085501652910877,1.0954989898191745,373.6912094119344,56.85,15.0
2025-07-24 17:00:00,1.0954231213642605,1.0954998056845924,1.0934869306079638,1.0947241835623553,398.03740759754356,58.0,15.0
2025-07-24 17:15:00,1.0944068893896237,1.097294092002474,1.0934370185653253,1.09665837754786,482.245367959674,58.22,15.0
2025-07-24 17:30:00,1.0965567464492478,1.099810172216683,1.095256220343607,1.099442893505131,560.2937828768664,58.22,15.0
2025-07-24 17:45:00,1.0992776626478953,1.1003311264375493,1.093664448218059,1.094547435651034,226.3597186161976,57.88,15.0
2025-07-24 18:00:00,1.0947679858377315,1.096463080368049,1.0947191782330858,1.0952005894942123,516.1751956417964,57.93,15.0
2025-07-24 18:15:00,1.0952840300009126,1.0991358521553227,1.0946865341725194,1.0989809088493294,303.8074244469739,57.89,15.0
2025-07-24 18:30:00,1.0989300573786565,1.1000543437226742,1.0984954052376108,1.0995349837906339,672.8902771501639,58.02,15.0
2025-07-24 18:45:00,1.0994716320085436,1.100270822897969,1.0981789685196441,1.0988113524377012,222.1321792989744,58.05,15.0
2025-07-24 19:00:00,1.098742058228671,1.1060746275808673,1.0981775738658863,1.1055204903045437,215.53881506118177,58.07,15.0
2025-07-24 19:15:00,1.1055848490729248,1.1059797550284232,1.1050540855746658,1.1057320643049295,125.21533407274698,58.06,15.0
2025-07-24 19:30:00,1.1057034397952465,1.1066950804678353,1.1039140676367027,1.1040207671478373,443.50894199388324,57.74,15.0
2025-07-24 19:45:00,1.1040462851676798,1.1041616157342051,1.1032830694163376,1.1037377470859269,96.18150439694713,57.62,15.0
2025-07-24 20:00:00,1.1038343932007417,1.1061550391013277,1.1038007890047545,1.1058492558788542,250.41342777891438,57.95,15.0
2025-07-24 20:15:00,1.105819922355008,1.1086126866162431,1.105404194865515,1.1076327291240686,628.6248357505169,58.16,15.0
2025-07-24 20:30:00,1.1076194823114307,1.1079123650285743,1.1064447541116067,1.1066249766784364,339.13491286587583,57.96,15.0
2025-07-24 20:45:00,1.106706175190053,1.1108971994106072,1.1063335438196797,1.1103300521870392,459.4706020535275,58.21,15.0
2025-07-24 21:00:00,1.110267521249198,1.1105792607303204,1.1019333875391246,1.1021019137649857,269.8347773813251,58.31,15.0
2025-07-24 21:15:00,1.1021174591965581,1.102737757094504,1.0993427171474075,1.0997157933029378,515.0512822562315,58.36,15.0
2025-07-24 21:30:00,1.0997097558344282,1.1026716836881478,1.099082246041974,1.1019169590744256,372.25267587952163,57.87,15.0
2025-07-24 21:45:00,1.1018624912941797,1.104555690172741,1.101150371275689,1.1045242001916462,344.83649543293944,58.11,15.0
2025-07-24 22:00:00,1.1045763775092312,1.1078075700457217,1.1039908031846661,1.1074959227623422,884.8837241150889,57.96,15.0
2025-07-24 22:15:00,1.1073511813598875,1.107674980238165,1.1048205093923869,1.1055286597024614,680.5931001553297,58.42,15.0
2025-07-24 22:30:00,1.1056278266624733,1.1061845589796158,1.1006335073356475,1.1021036631979335,710.8109338289127,58.41,15.0
2025-07-24 22:45:00,1.1021651047614158,1.1027926024956267,1.0989979937107772,1.1002764540341725,2875.4599240764524,58.46,15.0
2025-07-24 23:00:00,1.100276611343647,1.1003779672431224,1.1002759561455984,1.1003773643163068,118.34480736557349,58.47,15.0
2025-07-25 16:30:00,1.1005179969790255,1.1008575105173917,1.0921910214689892,1.0935331355861782,277.52769205759574,58.36,15.0
2025-07-25 16:45:00,1.0934078441474022,1.0943214600567222,1.0877389880102428,1.0877490843284938,163.92155139019263,58.16,15.0
2025-07-25 17:00:00,1.0878932279163855,1.0995690414015886,1.0874595184751228,1.099240262786911,291.60136924513324,57.83,15.0
2025-07-25 17:15:00,1.0990726633345151,1.1069801118202067,1.0987116806935548,1.1066540515583843,249.40380310890035,57.98,15.0
2025-07-25 17:30:00,1.1066334272397165,1.1199180066723802,1.1061204431689986,1.1190357247813882,143.09415441095254,58.25,15.0
2025-07-25 17:45:00,1.1190350262213336,1.1193702975134083,1.114325467788975,1.114818607864536,325.48901230739375,58.18,15.0
2025-07-25 18:00:00,1.1148364980934418,1.115603133972049,1.111743438397761,1.1121906319974522,188.36325724789384,58.41,15.0
2025-07-25 18:15:00,1.1120263240235047,1.1125186879604971,1.1070253066314844,1.1070528651666898,134.20412497689654,58.68,15.0
2025-07-25 18:30:00,1.1070484355149106,1.107252893070368,1.1069486133156432,1.1070254083497963,57.397902064978865,58.64,15.0
2025-07-25 18:45:00,1.106961097505186,1.1071728215417058,1.1062022516011667,1.106427479825097,183.0614910130339,58.71,15.0
2025-07-25 19:00:00,1.1064546858904571,1.1071749963589177,1.1013143997661017,1.1024406712128751,581.2152533019711,58.58,15.0
2025-07-25 19:15:00,1.1025463073729644,1.1028475573551253,1.1017303318615204,1.1019703941927188,197.35888045750485,58.56,15.0
2025-07-25 19:30:00,1.1020385883245418,1.1024328584710505,1.1016738493914933,1.1020945214588718,190.87045185681671,58.68,15.0
2025-07-25 19:45:00,1.1021146014616379,1.1021276784215066,1.100283722915444,1.100526163349483,261.1738527970802,58.6,15.0
2025-07-25 20:00:00,1.1004045992859075,1.1007373322172933,1.0988231514059135,1.099201637495588,76.72488271206551,58.76,15.0
2025-07-25 20:15:00,1.0991663300820294,1.1030429714266599,1.0990756992771686,1.1028028427041516,236.92413816616192,58.82,15.0
2025-07-25 20:30:00,1.1028563713631785,1.1028938677785811,1.1023146606829644,1.102443161647182,121.01110104630874,58.87,15.0
2025-07-25 20:45:00,1.102393961693709,1.1048540426418831,1.1023021022523052,1.104488620473893,149.54263818407696,58.93,15.0
2025-07-25 21:00:00,1.1043754482543933,1.1057970344492514,1.103825666652367,1.105628143703464,212.21379726221022,59.07,15.0
2025-07-25 21:15:00,1.1056672893448365,1.1078951726186133,1.1054760072102547,1.1077087124318732,95.14658553915389,59.08,15.0
2025-07-25 21:30:00,1.1077272949746986,1.1092015927693752,1.1075084410812883,1.109109122214954,276.46813059620166,59.09,15.0
2025-07-25 21:45:00,1.1091754092577577,1.1093905575161993,1.1062059525631225,1.1064640728767274,153.30682834952952,59.17,15.0
2025-07-25 22:00:00,1.1065054446522462,1.106627208102614,1.1038774783208782,1.1043811405986195,305.67874486592785,59.29,15.0
2025-07-25 22:15:00,1.104338793868801,1.104395003594741,1.1040952107467181,1.1043618464080351,301.1637891343362,59.38,15.0
2025-07-25 22:30:00,1.104303889862951,1.1043103231121412,1.102819658030489,1.1029925387974142,1023.982631775257,59.4,15.0
2025-07-25 22:45:00,1.1029596515839026,1.1101276708360177,1.1027900891995803,1.1097363982719561,1063.0643325541355,58.77,15.0
2025-07-25 23:00:00,1.109736399338673,1.1097367256210577,1.109670551402103,1.1096710185473895,161.25231387406762,58.78,15.0
2025-07-28 16:30:00,1.1096014144572182,1.1100482898489972,1.1074456681877631,1.1092693285934008,342.4337850059783,58.68,15.0
2025-07-28 16:45:00,1.1092715824373995,1.1157010867527684,1.10867289190803,1.1152284714426153,158.1674250264131,58.57,15.0
2025-07-28 17:00:00,1.1151614259507416,1.1235867605816956,1.1144261869651073,1.1235427153634825,490.60552311114384,58.95,15.0
2025-07-28 17:15:00,1.1235469705457788,1.1237442003233045,1.1205384971735017,1.1209010755111828,541.4325655770983,58.81,15.0
2025-07-28 17:30:00,1.120907117975892,1.1214633699319596,1.1209017423354495,1.1213445351449371,82.75753832392047,58.7,15.0
2025-07-28 17:45:00,1.1214356116362363,1.1226405797637276,1.1182669061599575,1.1190971105084706,233.97794440658382,59.04,15.0
2025-07-28 18:00:00,1.118999508893356,1.1190133525017665,1.115347468905434,1.115752723874563,168.38034198769145,59.27,15.0
2025-07-28 18:15:00,1.1158446418850563,1.1159901316391792,1.11108374461865,1.1112247454123751,351.6731462948549,59.41,15.0
2025-07-28 18:30:00,1.1111975776014826,1.1112573906049004,1.1084015685669737,1.1088434356927084,394.7818218176614,59.48,15.0
2025-07-28 18:45:00,1.1087989994154375,1.1089785932936997,1.1081440427246765,1.1082041269008074,157.74264985125288,59.57,15.0
2025-07-28 19:00:00,1.1082548906894032,1.1152765895102494,1.1072023578493844,1.1143889697116034,151.1252462225196,59.91,15.0
2025-07-28 19:15:00,1.1142720282281118,1.1147904325932343,1.112949436166943,1.1134605501717545,286.6548671630177,59.74,15.0
2025-07-28 19:30:00,1.1134953668548133,1.1139004939524757,1.1118297878488073,1.1118784509834456,53.74549329297616,59.72,15.0
2025-07-28 19:45:00,1.1119010424095275,1.112315951309912,1.1100357184913778,1.110281126884813,76.27984257028356,59.56,15.0
2025-07-28 20:00:00,1.1102687467507706,1.1149480749851866,1.1102125233729703,1.1141032087225815,78.14313122500161,59.91,15.0
2025-07-28 20:15:00,1.1141399487090797,1.1142225865554394,1.1091567910248157,1.109242503110757,184.14736047308418,59.75,15.0
2025-07-28 20:30:00,1.1092050198917336,1.1105400140872388,1.1091388287917863,1.110380734102607,96.04254022441756,59.76,15.0
2025-07-28 20:45:00,1.1104427003086381,1.1119396915817261,1.1098818556331818,1.1117851027514078,110.37697596988919,59.86,15.0
2025-07-28 21:00:00,1.1118602674248852,1.1126995021901387,1.1115978799767032,1.1125892382461424,399.80256375679045,59.76,15.0
2025-07-28 21:15:00,1.11257028445951,1.115591817990171,1.112389049943878,1.1150554183111718,149.47453296951934,59.87,15.0
2025-07-28 21:30:00,1.1150870090098381,1.1152261170158113,1.1141892382153848,1.1147248110511596,314.55178060170874,59.99,15.0
2025-07-28 21:45:00,1.1147304674958298,1.114939307921083,1.1110743158632974,1.1111175400359936,435.67184404568894,59.81,15.0
2025-07-28 22:00:00,1.1112248868246826,1.119387004947167,1.1094707831656898,1.118591731897509,438.1017226656987,59.35,15.0
2025-07-28 22:15:00,1.1186244384988415,1.1190943632398835,1.1126763321877373,1.113385986292521,685.1063378462395,59.3,15.0
2025-07-28 22:30:00,1.1133054279613293,1.1138012832074777,1.1121420866831047,1.1124249516012632,338.9299295173632,59.01,15.0
2025-07-28 22:45:00,1.112455176929862,1.1143675953232017,1.1119234637588307,1.1141566325788925,2410.287884340903,58.55,15.0
2025-07-28 23:00:00,1.114156627256459,1.1141576619565348,1.1139526609295376,1.1139530388896046,382.0351445885706,58.55,15.0
2025-07-29 16:30:00,1.1141899380736098,1.1144825653426147,1.1047889819924426,1.1051936269797755,164.71160648943246,58.33,15.0
2025-07-29 16:45:00,1.1050869329780342,1.109469634158298,1.1046135895021516,1.1078663204722226,113.49738936176549,58.65,15.0
2025-07-29 17:00:00,1.107880603515186,1.1079734576533877,1.1065978209659926,1.106717575558456,279.79612019480265,58.76,15.0
2025-07-29 17:15:00,1.1066049978318846,1.1066864873635633,1.0991407180145243,1.0996129131372367,151.14901567705533,58.44,15.0
2025-07-29 17:30:00,1.0997988198647723,1.102231783122879,1.0990701615717853,1.1012564167272108,280.1191872220562,58.47,15.0
2025-07-29 17:45:00,1.1011655466079395,1.1018291153170137,1.100592048107603,1.1010097383425765,103.59279322655559,58.24,15.0
2025-07-29 18:00:00,1.100949960341396,1.101720846395399,1.1006240659686946,1.1015902197182792,108.84753790824153,58.24,15.0
2025-07-29 18:15:00,1.1016883927439272,1.109767479318346,1.1016172813683511,1.1094936616387325,116.26227317917771,57.87,15.0
2025-07-29 18:30:00,1.1093448337930631,1.1096923450587302,1.1083404671167332,1.1085206344655925,124.40707064074643,57.66,15.0
2025-07-29 18:45:00,1.1085437212977736,1.1092395218247673,1.1077867445131082,1.1080775067602087,521.5898969045534,57.82,15.0
2025-07-29 19:00:00,1.108084150371624,1.1083595870901037,1.1051415498086614,1.1052836185682617,66.53287113681331,57.62,15.0
2025-07-29 19:15:00,1.1053319543023332,1.1063395603699175,1.1050874535990072,1.1061573058403376,121.94694866928963,57.63,15.0
2025-07-29 19:30:00,1.1062277543957688,1.1064814614845058,1.1061941776529787,1.1062294303174565,98.73634503109902,57.75,15.0
2025-07-29 19:45:00,1.106201592985419,1.1065506472885878,1.1039452776599314,1.1040345037012058,83.69133913390259,57.84,15.0
2025-07-29 20:00:00,1.1040811803377528,1.1104314260130985,1.103441421895412,1.1099078493221823,224.35269906761,58.11,15.0
2025-07-29 20:15:00,1.1098630968801562,1.1108016598062527,1.109802443512305,1.1107400311545867,215.28184126306496,58.16,15.0
2025-07-29 20:30:00,1.1107243108120228,1.1109011803748945,1.1017238311706499,1.1022445612554217,119.75238880230539,57.93,15.0
2025-07-29 20:45:00,1.1022241134008572,1.102273387146738,1.0993659995768317,1.09980860060186,243.8445855367865,57.91,15.0
2025-07-29 21:00:00,1.0997883027856514,1.099885809215607,1.0986376107329894,1.0988113561518342,116.62883928741174,57.94,15.0
2025-07-29 21:15:00,1.0988392441121275,1.0990794535258697,1.0987222904462952,1.0988135562116057,97.12383887656054,57.92,15.0
2025-07-29 21:30:00,1.0988386090947386,1.0990716016757405,1.0969068359029452,1.0972053768237644,82.62479960773325,58.1,15.0
2025-07-29 21:45:00,1.0971920649106066,1.0992041117534463,1.0970150520606452,1.0991942794853686,230.31988088956956,58.17,15.0
2025-07-29 22:00:00,1.0990659924890287,1.1059947680397813,1.098747046247819,1.1058425814139625,361.6994603580446,58.31,15.0
2025-07-29 22:15:00,1.1058019401878134,1.1060080107440933,1.1052082196109574,1.10521882813507,229.47016913382413,58.19,15.0
2025-07-29 22:30:00,1.1052861050723537,1.105901856274815,1.1038034874105243,1.1042939162046008,464.3372193593625,57.9,15.0
2025-07-29 22:45:00,1.104377794972672,1.1059820292162255,1.1038740116245074,1.1057763155112008,612.470780953043,57.87,15.0
2025-07-29 23:00:00,1.1057763557290954,1.10577717992535,1.1056879592281188,1.1056885938011105,277.58200385633774,57.87,15.0
2025-07-30 16:30:00,1.1054030633440453,1.1078533752255182,1.0995602709215584,1.1006427336364435,140.8441895382885,57.68,15.0
2025-07-30 16:45:00,1.1007126304400676,1.1025972945288403,1.0997749405463106,1.1025661465024377,102.06980022883045,57.84,15.0
2025-07-30 17:00:00,1.1025756291321496,1.102636512058341,1.096205281417584,1.0964208690245276,145.28853159855015,57.41,15.0
2025-07-30 17:15:00,1.0965965437761376,1.096982337433361,1.0907927783235392,1.0914854743734943,140.65574262864294,57.63,15.0
2025-07-30 17:30:00,1.091497810611183,1.0930162949127458,1.091439315102132,1.0928206151019686,167.28551085636695,57.6,15.0
2025-07-30 17:45:00,1.0928205443894845,1.0928546599414641,1.0908922137583628,1.0909470857361692,184.42350855800362,57.6,15.0
2025-07-30 18:00:00,1.0909371416672167,1.0913632466818843,1.090757775283773,1.0913591644371707,118.69259408684354,57.7,15.0
2025-07-30 18:15:00,1.0913813180091891,1.0917693122534684,1.09097514216372,1.0911000261953185,175.88234423358938,57.63,15.0
2025-07-30 18:30:00,1.0910971571345967,1.0914258028168262,1.0896579823553694,1.0898557767633847,186.00576335558992,57.64,15.0
2025-07-30 18:45:00,1.089865704976857,1.0915366715826555,1.0897898349410295,1.0914880031124847,206.67617963562913,57.59,15.0
2025-07-30 19:00:00,1.0915793297953416,1.0916614636394888,1.0874477061077858,1.08760352632863,99.244712695227,57.77,15.0
2025-07-30 19:15:00,1.0876433970107695,1.0889298056532477,1.0873593897245306,1.0887120023578911,134.45447335385498,57.87,15.0
2025-07-30 19:30:00,1.0887289577527175,1.0890270368973685,1.08865755038334,1.0889994745501033,58.02881249487796,57.93,15.0
2025-07-30 19:45:00,1.0889985364048056,1.0914275025231412,1.088981974099556,1.0909904011353773,98.83116333680113,57.81,15.0
2025-07-30 20:00:00,1.0910384485689957,1.0938879485142223,1.0906440811751295,1.0937312001397586,91.25139656644143,57.99,15.0
2025-07-30 20:15:00,1.093712547716577,1.0957847264056215,1.0936946003575942,1.0957362182165646,44.228795303857254,57.97,15.0
2025-07-30 20:30:00,1.095605642292736,1.098150019585079,1.0954277513426092,1.0980665969174934,95.40328046352465,58.24,15.0
2025-07-30 20:45:00,1.098197511585622,1.0985591049401524,1.0953373092701406,1.0961402787996362,84.11982938271987,58.1,15.0
2025-07-30 21:00:00,1.096077752648807,1.0967761961842628,1.0958626395940698,1.0965995224991174,146.17881150217926,57.87,15.0
2025-07-30 21:15:00,1.096589890367089,1.097168894301804,1.0921191362379612,1.0924350149717483,111.03364626120342,57.92,15.0
2025-07-30 21:30:00,1.0926035674791768,1.0941102023477742,1.0925704002415006,1.093025358762327,352.6843721803939,57.92,15.0
2025-07-30 21:45:00,1.0928997537924163,1.0938236329231132,1.0817271434318647,1.0839328758046882,151.38200354084987,57.4,15.0
2025-07-30 22:00:00,1.0838977744942186,1.0876129304075226,1.0836449081187927,1.0872836723156976,369.5701064581903,57.44,15.0
2025-07-30 22:15:00,1.0872833783637263,1.0875298107736224,1.0838585463541786,1.0838972315389583,131.18008119526246,57.23,15.0
2025-07-30 22:30:00,1.0838546062620558,1.0879908444763398,1.0837605773669035,1.08785224709153,439.09366717578087,57.17,15.0
2025-07-30 22:45:00,1.0875619387242612,1.0962109620062168,1.0865279238964758,1.096052031695286,1094.6751402360185,57.71,15.0
2025-07-30 23:00:00,1.0960520246001497,1.096146687715092,1.096051833612851,1.0961458777491968,180.9111423246847,57.71,15.0
2025-07-31 16:30:00,1.0963168614587318,1.099045779721698,1.0950917507368345,1.0980169573685008,258.64952585268077,56.36,15.0
2025-07-31 16:45:00,1.0982747844102818,1.1056401800863085,1.0971989389283578,1.1046052882186095,416.3154649003827,57.61,15.0
2025-07-31 17:00:00,1.1046558690850936,1.1078247851434162,1.103977217639225,1.107565056273516,235.07009090395735,57.28,15.0
2025-07-31 17:15:00,1.1075275719663216,1.1101010454512759,1.1071390333581432,1.109633639095992,213.2549839301371,57.06,15.0
2025-07-31 17:30:00,1.109775790615041,1.1103247228797615,1.1093695478673107,1.1095357432092277,170.1427426354334,57.1,15.0
2025-07-31 17:45:00,1.1094307414915896,1.1105642365819008,1.1038143586799967,1.1041562765042572,185.02447768152413,56.82,15.0
2025-07-31 18:00:00,1.1042364223385825,1.1109932030033478,1.1038935189060826,1.1104719615403222,159.06338000215715,56.57,15.0
2025-07-31 18:15:00,1.1104059401862343,1.1105343347833314,1.1024958054702039,1.102724285686965,68.94395325873,56.43,15.0
2025-07-31 18:30:00,1.1027181385318368,1.104464990834669,1.1025277386884644,1.104355985854288,82.2002243385229,56.41,15.0
2025-07-31 18:45:00,1.1043386675893982,1.10457859273801,1.1034642593293882,1.10352840468824,280.89668382951055,56.36,15.0
2025-07-31 19:00:00,1.1036280394289648,1.1040818480814554,1.103402689604334,1.1039044465239656,149.58141437420582,56.59,15.0
2025-07-31 19:15:00,1.1038514520547733,1.1064397578356115,1.103715470461401,1.1062320067535518,243.8111048277223,56.7,15.0
2025-07-31 19:30:00,1.1062453145835,1.1079611865951018,1.1059408650566642,1.107766318726701,129.5989053018499,56.68,15.0
2025-07-31 19:45:00,1.1077806350978758,1.1108019148476724,1.1077000999870632,1.1107239010660144,199.5881874352733,56.73,15.0
2025-07-31 20:00:00,1.1106296211671078,1.1134227297519008,1.1105318655856369,1.1130958958692407,163.17522333407902,56.8,15.0
2025-07-31 20:15:00,1.1132650515345826,1.1134748305156168,1.106264499763302,1.1063365175291768,174.20714979378351,56.25,15.0
2025-07-31 20:30:00,1.1061854941751268,1.1062608331650197,1.1055898027601136,1.1056928374495987,119.318400286054,56.06,15.0
2025-07-31 20:45:00,1.1057335233701113,1.106153716929042,1.10409758883768,1.104696310738143,472.1073596060557,55.77,15.0
2025-07-31 21:00:00,1.104674789826236,1.1048589519238556,1.1014201382478195,1.1014643374764836,180.0020921290113,55.7,15.0
2025-07-31 21:15:00,1.1011711286831556,1.1018082777514375,1.0961888773160693,1.0969520514441553,73.1547353282672,55.99,15.0
2025-07-31 21:30:00,1.096931069024557,1.0999201030845593,1.096739848191921,1.0998449924228941,255.703047058215,55.84,15.0
2025-07-31 21:45:00,1.0999248163387039,1.1027661420006507,1.0997022419865081,1.1018642963307244,118.85695156388849,55.64,15.0
2025-07-31 22:00:00,1.1018020643917819,1.1039820474607371,1.1005784493795392,1.1030598288358218,182.75859012116922,55.38,15.0
2025-07-31 22:15:00,1.103001349805434,1.1033775628494584,1.1014617041679327,1.1014960899877941,712.664640122295,55.25,15.0
2025-07-31 22:30:00,1.101369259336779,1.1014151341404863,1.1011883183481943,1.101251659335998,484.8000908170202,54.9,15.0
2025-07-31 22:45:00,1.1010231328771911,1.102477322838703,1.0966299140292046,1.0971923834987634,1793.4829587914585,54.72,15.0
2025-07-31 23:00:00,1.0971924464921743,1.097193194766551,1.0970902647750687,1.0970906826682163,214.68466226761666,54.73,15.0
2025-08-01 16:30:00,1.0971540678957843,1.1009235646298121,1.0968885317230528,1.1002367101227843,375.38810123097494,53.72,15.0
2025-08-01 16:45:00,1.1001471222310812,1.1005442460688355,1.0886889908610797,1.089072800207759,122.1523185836074,53.77,15.0
2025-08-01 17:00:00,1.0891541667411333,1.0908580445275062,1.0795970935314543,1.0804366767976852,313.9277900826222,53.36,15.0
2025-08-01 17:15:00,1.0806869356748117,1.0807066569118673,1.0763875981594295,1.0767380426287014,229.71987663384382,53.21,15.0
2025-08-01 17:30:00,1.0768196395040899,1.077171929508597,1.0766712577144675,1.0767457963453073,405.2521626727745,53.09,15.0
2025-08-01 17:45:00,1.0768684219764437,1.0771726405362891,1.0751258738262248,1.075488913174748,427.18429930639,53.37,15.0
2025-08-01 18:00:00,1.0759398333846169,1.0786621802749075,1.075578349421256,1.0770600237139003,126.0488749480138,53.76,15.0
2025-08-01 18:15:00,1.0770755051414451,1.0818591958770385,1.0763213718792661,1.0818209755028194,150.3216919218535,53.99,15.0
2025-08-01 18:30:00,1.081798106409904,1.0839033339437552,1.0815211420424298,1.0831329021207399,249.3347621471039,54.36,15.0
2025-08-01 18:45:00,1.0832903624079544,1.0833727672221944,1.080336819541801,1.0803630106769548,58.12994174370502,54.54,15.0
2025-08-01 19:00:00,1.0803702848567127,1.0805125627906063,1.0795729623549448,1.0798736411583503,158.41320322558505,54.77,15.0
2025-08-01 19:15:00,1.0798890447237106,1.0804453678024162,1.079681279150323,1.080412453519374,105.3491972516805,54.78,15.0
2025-08-01 19:30:00,1.0804452754585727,1.080589133720562,1.0760138671209782,1.0761146963752002,166.04625843613238,54.62,15.0
2025-08-01 19:45:00,1.0759462274046117,1.0761512739815606,1.0744195328316646,1.0745786669420696,95.86160693823095,54.4,15.0
2025-08-01 20:00:00,1.074668934894432,1.075843281314432,1.0743882358707335,1.075288466103901,90.0178873798986,54.51,15.0
2025-08-01 20:15:00,1.0751917909701132,1.0759752202630242,1.0745876167204618,1.0755423274957263,128.27925798164807,54.67,15.0
2025-08-01 20:30:00,1.0755871949057665,1.0762672524600623,1.0697819400547297,1.0703507154666303,165.78231790780563,54.41,15.0
2025-08-01 20:45:00,1.0702910055691093,1.0704681978728388,1.0698007257849456,1.0701681950945297,152.08596076125508,54.35,15.0
2025-08-01 21:00:00,1.0701846246795799,1.0705403923020511,1.0676437495833446,1.0678401518907568,112.52839516033684,54.46,15.0
2025-08-01 21:15:00,1.0676621880577697,1.0766097552896734,1.0667556974674661,1.0760407733813304,165.78629180088487,54.76,15.0
2025-08-01 21:30:00,1.0759715506466758,1.0824136231444899,1.0757595788514436,1.081853330588968,193.01558288348426,55.06,15.0
2025-08-01 21:45:00,1.0819212242674094,1.0824240737239277,1.0817320543395805,1.0821215014220604,133.75915688663002,54.75,15.0
2025-08-01 22:00:00,1.0821150725307147,1.0825475444579884,1.0813766669557021,1.0818105245811918,278.09471706065864,54.72,15.0
2025-08-01 22:15:00,1.0817538815401977,1.0821697003963031,1.0817510583677847,1.0820475359168813,243.87995501274497,54.62,15.0
2025-08-01 22:30:00,1.082011324918744,1.0852414707638167,1.0815423849019699,1.0846458567683646,244.59471494667213,54.71,15.0
2025-08-01 22:45:00,1.0845801303443312,1.0846911921904658,1.0799201112739063,1.0803273396891324,681.5781482857946,54.9,15.0
2025-08-01 23:00:00,1.0803274480050327,1.080511237033769,1.0803271077272112,1.0805111194481025,126.2307581003435,54.89,15.0
2025-08-13 16:30:00,1.0805456033397922,1.0904371177816454,1.0804742195974808,1.0887965085257447,94.26617716973003,53.41,15.0
2025-08-13 16:45:00,1.088660025026522,1.0952658402547637,1.0875996191438855,1.0940681730838784,116.74328196864043,53.62,15.0
2025-08-13 17:00:00,1.0936930023675488,1.0944374923054905,1.0863644737794529,1.0871530820782052,102.9496149605352,53.62,15.0
2025-08-13 17:15:00,1.087173791206825,1.087315225421316,1.086408719607132,1.0865665174147336,132.68118419816102,53.71,15.0
2025-08-13 17:30:00,1.086517611025253,1.0871716991074518,1.0861078389437662,1.087123536981185,71.5960929873355,54.0,15.0
2025-08-13 17:45:00,1.0870602267820983,1.0873542989237845,1.0853053848278673,1.0854946417522249,146.0893550534529,53.88,15.0
2025-08-13 18:00:00,1.085393839014473,1.0902804814164853,1.0846155527961545,1.0891137874909187,40.932720586738824,54.33,15.0
2025-08-13 18:15:00,1.08914473878156,1.0962245355912819,1.0890845350994505,1.0954320532485426,84.02806058446824,54.58,15.0
2025-08-13 18:30:00,1.0955455891736343,1.0957891200107366,1.0938470716653328,1.0941622802314295,142.58534562489342,54.71,15.0
2025-08-13 18:45:00,1.0943094813971592,1.0950962496508456,1.087430650278497,1.0879861017209347,111.29146165829286,54.41,15.0
2025-08-13 19:00:00,1.0878544252310374,1.0905608547696435,1.0876898444823513,1.0899921416614333,136.21669744778444,54.45,15.0
2025-08-13 19:15:00,1.0900074702046034,1.0901667850990673,1.0896461277671545,1.0897558966078311,88.55380411807977,54.39,15.0
2025-08-13 19:30:00,1.0897742046914127,1.0900438942504955,1.0896540070554694,1.0897604540826415,82.24406489199843,54.46,15.0
2025-08-13 19:45:00,1.0897739980973127,1.0900759963367193,1.0895386807971008,1.0895756631609366,117.2497666495665,54.45,15.0
2025-08-13 20:00:00,1.0896871237638928,1.0907148301107947,1.0823768718930535,1.0826779684626024,77.2716324136531,54.15,15.0
2025-08-13 20:15:00,1.0827180982281277,1.082887905242577,1.081545186628964,1.081653343015551,82.56125575797039,54.12,15.0
2025-08-13 20:30:00,1.0817045038845357,1.0817189447492728,1.0789937425838854,1.0792553853192777,215.3436041783227,53.99,15.0
2025-08-13 20:45:00,1.0793297805220659,1.0795508030843721,1.073538769648697,1.0739565578836434,205.8979393457054,53.71,15.0
2025-08-13 21:00:00,1.074024492431053,1.0746495578917916,1.0692774051758194,1.0704780400787965,63.72489234828978,54.1,15.0
2025-08-13 21:15:00,1.0704860135221688,1.0705831369110312,1.070459038054243,1.0705213855204465,150.003414550415,54.1,15.0
2025-08-13 21:30:00,1.0704253723081392,1.070458098945321,1.064737982741131,1.0647464252437135,229.89385410865435,54.01,15.0
2025-08-13 21:45:00,1.064797474026697,1.0650929209136664,1.0636198154836114,1.0638958053582148,119.98079130316488,54.08,15.0
2025-08-13 22:00:00,1.0637301397708125,1.0642220496597725,1.0595699931080316,1.0598971274956979,217.3498063550001,54.31,15.0
2025-08-13 22:15:00,1.0598847360276322,1.0604748721632467,1.0596844986794012,1.060208291449204,85.14483269692535,54.38,15.0
2025-08-13 22:30:00,1.0601421845792602,1.0624013625742363,1.059811260105416,1.0623913352151704,231.66995071544554,54.59,15.0
2025-08-13 22:45:00,1.0623216623585938,1.0623485317405181,1.0616350267956145,1.0616350439062732,454.69113742814886,54.72,15.0
2025-08-13 23:00:00,1.0616349315585571,1.0621740934413106,1.0616347733690552,1.0621740387644345,297.887232618789,54.71,15.0
2025-08-14 16:30:00,1.0619552372212062,1.0669540421339083,1.0594863379015251,1.0658855737394253,97.85283379831722,53.34,15.0
2025-08-14 16:45:00,1.066058484283711,1.0741451990660755,1.064994462813697,1.0733635630393736,20.801726894951035,53.9,15.0
2025-08-14 17:00:00,1.0733292361994222,1.073504460435819,1.06323254688713,1.0640278450074956,89.81683480603353,53.7,15.0
2025-08-14 17:15:00,1.0638056043570403,1.0642279727162438,1.0619364975537768,1.062817106731358,109.3377575052061,53.77,15.0
2025-08-14 17:30:00,1.0627553786078205,1.0662483482135832,1.0625851575433134,1.0658222166809037,168.79946054237763,53.79,15.0
2025-08-14 17:45:00,1.0657342759148234,1.0658695424502773,1.0588887835840448,1.0590223174790547,58.58393416569179,53.83,15.0
2025-08-14 18:00:00,1.0589868908678164,1.0591379009494333,1.0567911231554137,1.0568134937516964,107.3176624142053,53.74,15.0
2025-08-14 18:15:00,1.0568120463124553,1.0569770896630273,1.0559121701940346,1.0561522429347319,87.49845004761116,53.63,15.0
2025-08-14 18:30:00,1.0561449578977724,1.0585591772142269,1.055928766541258,1.0584362575534763,35.318086150217546,53.69,15.0
2025-08-14 18:45:00,1.0584299657106286,1.0594535054197969,1.0581685410927668,1.059167077408538,37.75868954866405,53.75,15.0
2025-08-14 19:00:00,1.0590719248538558,1.0613344363000234,1.058771734447898,1.0613283361762438,83.9738185487821,53.52,15.0
2025-08-14 19:15:00,1.061378932185327,1.0619386188244908,1.0588402453284416,1.0590025506239245,44.25626338248365,53.47,15.0
2025-08-14 19:30:00,1.0589787755809634,1.0589895785656909,1.0582754659142342,1.0586850640535455,87.42567710494266,53.44,15.0
2025-08-14 19:45:00,1.0586936373044302,1.0597514202190612,1.0585349468576468,1.059700324864771,39.846795946920736,53.47,15.0
2025-08-14 20:00:00,1.0595829947407807,1.0642359026791508,1.0591639963386728,1.0640820205635437,55.86358819505224,53.3,15.0
2025-08-14 20:15:00,1.0641125926960615,1.064979680574879,1.063928068655712,1.0648566203703562,82.93264832105186,53.26,15.0
2025-08-14 20:30:00,1.0648390646191752,1.0649715523600687,1.064461337965123,1.0645875472924082,36.4717848579553,53.25,15.0
2025-08-14 20:45:00,1.0644860147782407,1.0645486805544955,1.0623377571003636,1.062614787138656,91.57054298386433,53.54,15.0
2025-08-14 21:00:00,1.062656606211857,1.0632497183563359,1.062610625164458,1.0632481780723066,45.36733416156819,53.5,15.0
2025-08-14 21:15:00,1.0632363171790604,1.0658024687255712,1.0626690237673924,1.0653116363436046,231.21048106111473,53.56,15.0
2025-08-14 21:30:00,1.0653667161415334,1.0689180164139656,1.0650493825096268,1.0688586855926965,117.77834624579208,53.67,15.0
2025-08-14 21:45:00,1.068864033113932,1.0689376465272662,1.0679741502212892,1.068137612825057,63.29828337759039,53.61,15.0
2025-08-14 22:00:00,1.068107605259091,1.071194572755058,1.0676618604004249,1.0702410211286812,169.26657927229812,53.8,15.0
2025-08-14 22:15:00,1.0702183845561115,1.0728144544536347,1.070123426496386,1.0727571392967479,251.84532043254313,53.7,15.0
2025-08-14 22:30:00,1.0727686410415156,1.0731406543043998,1.0725868858150664,1.0728923624287583,115.42286837147084,53.69,15.0
2025-08-14 22:45:00,1.0727702647230544,1.0775662348172383,1.0721360141093106,1.0775623812250945,697.0435250114157,53.75,15.0
2025-08-14 23:00:00,1.0775624540368547,1.0777104642759388,1.0775622640781086,1.0777104415577279,329.3469867959588,53.74,15.0
2025-08-15 16:30:00,1.0776906267354718,1.078045078331597,1.0764787772158242,1.0765591043785998,93.05173018690888,54.21,15.0
2025-08-15 16:45:00,1.0767274827109037,1.0767694517910296,1.07328975742517,1.0733218006141756,66.07707410526686,54.04,15.0
2025-08-15 17:00:00,1.0734794591930705,1.0745480297059826,1.0732703552804468,1.0742048186164652,55.65386963241229,53.81,15.0
2025-08-15 17:15:00,1.0741607128580546,1.0742838241636057,1.0732855536814907,1.073852634358911,84.14551171054198,53.88,15.0
2025-08-15 17:30:00,1.0738204631541006,1.075707335795022,1.0736840144414495,1.075425623389976,93.49239355316057,53.92,15.0
2025-08-15 17:45:00,1.0753052883061267,1.0757121960411904,1.0740152792180662,1.0740377163769024,153.11574616162878,53.87,15.0
2025-08-15 18:00:00,1.0740190275967725,1.0743060447632509,1.0733303779719205,1.0741179423287976,65.9533042385961,53.85,15.0
2025-08-15 18:15:00,1.074043512626778,1.0744016783751915,1.0733578494716427,1.0740239032623162,81.28211660874618,53.62,15.0
2025-08-15 18:30:00,1.0740972217788762,1.0742560656042082,1.0706224701046618,1.0708370347510279,77.96987646788934,53.54,15.0
2025-08-15 18:45:00,1.0707490367826344,1.0708654649778717,1.0687005630037663,1.0696916757776582,108.42532978433044,53.45,15.0
2025-08-15 19:00:00,1.0696531515952463,1.0732847131169223,1.0695814655435447,1.0732575265245996,62.13118913215627,53.56,15.0
2025-08-15 19:15:00,1.0732083640599055,1.0736247320382653,1.072765161591704,1.0728713743161404,27.354892463079775,53.58,15.0
2025-08-15 19:30:00,1.0729172343855646,1.0737969042911806,1.0726250776228707,1.0737846299318061,29.11775495457016,53.74,15.0
2025-08-15 19:45:00,1.0737729944041163,1.0738346862724426,1.0735340516319338,1.0736020554103982,42.0412651150549,53.72,15.0
2025-08-15 20:00:00,1.0735989619407653,1.073651883394347,1.0724541633458449,1.0727566430790758,65.43460132558819,53.73,15.0
2025-08-15 20:15:00,1.072775315643317,1.0728168067173833,1.0716453039576257,1.0718453255382934,60.67746831702462,53.79,15.0
2025-08-15 20:30:00,1.071867819191728,1.0729189130530268,1.0717496853630109,1.0728633292064726,53.039828091297956,53.82,15.0
2025-08-15 20:45:00,1.072816622386894,1.072890156130547,1.0717660538659366,1.0721530340503849,43.03745612542432,53.93,15.0
2025-08-15 21:00:00,1.0721645455460602,1.0722395144021089,1.071741167494745,1.071907314366557,101.33256634072694,53.92,15.0
2025-08-15 21:15:00,1.0719572882467723,1.0724504592449993,1.0718991078150997,1.0723611109091724,23.743235567084128,53.94,15.0
2025-08-15 21:30:00,1.0723945136266724,1.07421298590368,1.072193638968919,1.0741668196514564,87.50913057941231,53.89,15.0
2025-08-15 21:45:00,1.074205048085177,1.0742647188995333,1.071942276732915,1.0721578797908902,90.82209515183585,53.86,15.0
2025-08-15 22:00:00,1.0722066444734104,1.0723015580074888,1.071972726263222,1.0720621473883296,116.30197017903751,53.84,15.0
2025-08-15 22:15:00,1.072084838576368,1.072100384664625,1.0717467396529983,1.071927589258341,60.674818903385706,53.7,15.0
2025-08-15 22:30:00,1.0719497297221483,1.0728634164837776,1.0718907872929266,1.0727226679476511,146.32664044925605,53.68,15.0
2025-08-15 22:45:00,1.0727603311270704,1.073056111257552,1.0689934276214086,1.0691043278548242,1040.2449287681268,53.58,15.0
2025-08-15 23:00:00,1.0691044322818553,1.0695236615032764,1.0691041459841057,1.0695230950809604,69.39242447186051,53.6,15.0
2025-08-18 16:30:00,1.0694444629847586,1.0699072632726687,1.0646109964504893,1.0656052216837453,65.46132684664624,53.72,15.0
2025-08-18 16:45:00,1.0656224577340598,1.0726902312237565,1.0651687007809751,1.0719135589473758,85.86595691818357,53.87,15.0
2025-08-18 17:00:00,1.071920476579148,1.0721486991773217,1.067592169276825,1.0678971351772508,118.60111518744536,53.81,15.0
2025-08-18 17:15:00,1.0678595710260774,1.0680724690375272,1.0640431405713935,1.0642590214679597,106.79240665007752,53.61,15.0
2025-08-18 17:30:00,1.0643172366346187,1.0647595093812576,1.0620264311633216,1.0621074709212097,89.57377153531394,53.7,15.0
2025-08-18 17:45:00,1.0621069693170715,1.0629147983119793,1.061645305619104,1.0616765128958088,200.07516587787416,53.78,15.0
2025-08-18 18:00:00,1.0616433378763535,1.0618115896537774,1.0614408562376962,1.0615921278127263,56.10330419654037,53.77,15.0
2025-08-18 18:15:00,1.0616300944818056,1.0634887970386753,1.0614401999565246,1.0633702055136371,145.28923842152972,53.85,15.0
2025-08-18 18:30:00,1.063363474158542,1.0664221322161112,1.0633493712332258,1.0657343387959217,301.444250297412,54.02,15.0
2025-08-18 18:45:00,1.065806203800489,1.0658648463092355,1.060866719806947,1.0609364859804693,54.88949110735251,53.78,15.0
2025-08-18 19:00:00,1.0609589453661004,1.0610525405666016,1.0591678449576796,1.0598418247758015,103.2448709884058,53.77,15.0
2025-08-18 19:15:00,1.0598309397009427,1.0612026388877203,1.059795538172142,1.0609067073707776,124.98819798194664,53.67,15.0
2025-08-18 19:30:00,1.0608256216706649,1.0609070283489286,1.0596907430055122,1.0599761945104302,205.9396574437832,53.86,15.0
2025-08-18 19:45:00,1.059907405327937,1.0615220642339918,1.059715344436918,1.0613091134571506,96.0227421477713,53.9,15.0
2025-08-18 20:00:00,1.0614162195687868,1.061839581108146,1.0587948150547473,1.0589936231416812,233.69900041926428,54.08,15.0
2025-08-18 20:15:00,1.0589717123187432,1.0592681374647182,1.0589005660432704,1.0591825441863687,157.51506596761874,54.06,15.0
2025-08-18 20:30:00,1.0591704048190032,1.059462315808715,1.0589788968070246,1.0590433074409933,112.48622529776839,53.79,15.0
2025-08-18 20:45:00,1.0590005825768167,1.061489208978313,1.0589916669947343,1.0614364572179393,65.64443758388701,53.82,15.0
2025-08-18 21:00:00,1.061365436192953,1.0614262495417592,1.0608554039739064,1.0608737237904988,82.42118720595246,53.72,15.0
2025-08-18 21:15:00,1.0608873119527045,1.0613469457292979,1.0607285184982993,1.0613271764438705,73.64373514128859,53.66,15.0
2025-08-18 21:30:00,1.0613880628338104,1.0621538107637132,1.0613745432085901,1.0618264648068148,51.526594735016374,53.64,15.0
2025-08-18 21:45:00,1.0618287998707392,1.0628435225906434,1.0618213593685264,1.0628219835415305,47.46899368825771,53.68,15.0
2025-08-18 22:00:00,1.0627222935980019,1.0658129402795304,1.0624589753389126,1.065661981061122,113.46725633927079,53.48,15.0
2025-08-18 22:15:00,1.0657218572911136,1.067128845903245,1.0656214248772153,1.0669246246682245,109.85947143384952,53.48,15.0
2025-08-18 22:30:00,1.0668795406253067,1.0671729762470894,1.0659254982840138,1.0659877635506712,245.8774510233552,53.25,15.0
2025-08-18 22:45:00,1.0661490326728138,1.0670448373093013,1.0661114072424764,1.0669893426340598,770.4342766132144,53.3,15.0
2025-08-18 23:00:00,1.0669894364105088,1.0673250559856626,1.0669889279378857,1.067324784082328,151.2343051586938,53.29,15.0
2025-08-19 16:30:00,1.067362746361036,1.0709277964252353,1.0673421062972763,1.0694014246303059,110.5873352148988,53.99,15.0
2025-08-19 16:45:00,1.0694253516042724,1.070728615453148,1.0693924516951963,1.0703698706462739,56.25823651888681,53.94,15.0
2025-08-19 17:00:00,1.070372662722114,1.0727560783876904,1.0703657091604517,1.072381380711368,101.35119106330454,54.12,15.0
2025-08-19 17:15:00,1.072122234623548,1.0721309056120645,1.0677121252748354,1.068100952153557,162.27847551633076,54.65,15.0
2025-08-19 17:30:00,1.0680572466533207,1.0690125515610427,1.067723235415575,1.0684296974090293,218.70086068546718,54.59,15.0
2025-08-19 17:45:00,1.06848659099848,1.0687993904732696,1.0661277585095552,1.0662404456959256,62.856359640278974,54.31,15.0
2025-08-19 18:00:00,1.0663876449734297,1.0668017764463962,1.0638041110919894,1.0643255551932402,132.97729645023685,54.5,15.0
2025-08-19 18:15:00,1.064325172771263,1.0648618075783678,1.0638037442300752,1.0645771982247632,74.61128690735742,54.46,15.0
2025-08-19 18:30:00,1.0644762764782083,1.0652195453640727,1.0621740856711388,1.0621795765549547,67.88363800185712,54.39,15.0
2025-08-19 18:45:00,1.0621952842633269,1.0622857342340268,1.0618564953477605,1.0621351859354025,53.89279825839673,54.28,15.0
2025-08-19 19:00:00,1.0621921693370593,1.0624175222083525,1.0620161868779103,1.0622443509778552,37.23524374672543,54.37,15.0
2025-08-19 19:15:00,1.0622612598126093,1.064941694285906,1.06224938588062,1.0646270042752015,64.33185933268507,54.37,15.0
2025-08-19 19:30:00,1.0645842015391815,1.065177384385985,1.064397640340241,1.0650509048738688,53.411153307930974,54.51,15.0
2025-08-19 19:45:00,1.065006326732131,1.0661947421286244,1.0647413985554561,1.0659656437480511,52.81987487026085,54.51,15.0
2025-08-19 20:00:00,1.065943806980336,1.06595267490773,1.064824019021,1.065134188621517,118.22571580451408,54.5,15.0
2025-08-19 20:15:00,1.0650932548208847,1.0651979152007678,1.0641304011041866,1.0641529115769683,27.116388219607234,54.48,15.0
2025-08-19 20:30:00,1.0641330995884393,1.0643027298558254,1.0635354090419917,1.0637423142692028,67.14727939490336,54.56,15.0
2025-08-19 20:45:00,1.06374640375294,1.0650461307126364,1.0633045609647613,1.0649847999189725,88.93545483348187,54.43,15.0
2025-08-19 21:00:00,1.0649763802995926,1.067026535787637,1.064838282924809,1.0668694596238766,66.1542311625637,54.34,15.0
2025-08-19 21:15:00,1.0668071564711266,1.068835266085863,1.06659388551159,1.0685100902861888,108.7971940080635,54.29,15.0
2025-08-19 21:30:00,1.0684190965771214,1.0687520247792932,1.0678936747580101,1.0679267715174197,174.81189873747613,54.45,15.0
2025-08-19 21:45:00,1.0679129127870117,1.0687844906216108,1.0677936560693202,1.068759788867962,55.35768169436274,54.51,15.0
2025-08-19 22:00:00,1.06874097183692,1.071195955179011,1.0685637096179241,1.0711719814701843,186.32726536963068,54.61,15.0
2025-08-19 22:15:00,1.0711936589827928,1.071256429075121,1.0705254272130178,1.0705733801849548,497.8762358336238,54.61,15.0
2025-08-19 22:30:00,1.070601467287185,1.0706989043597284,1.0703607959146677,1.0706729384043663,502.1900850149804,54.58,15.0
2025-08-19 22:45:00,1.0705880073530374,1.0707740830506376,1.0687959510773946,1.0688080945597684,1680.4146569835634,54.89,15.0
2025-08-19 23:00:00,1.0688080856154698,1.069179761290009,1.0688077660957975,1.0691794912997479,294.05059299100895,54.87,15.0
2025-08-20 16:30:00,1.0690877657985105,1.0719085696758304,1.0673362331353105,1.0717784285231011,274.17849250522926,54.68,15.0
2025-08-20 16:45:00,1.0717736581097856,1.0768698934924124,1.0711965531777972,1.0767428725807253,240.00013530283857,54.7,15.0
2025-08-20 17:00:00,1.0769582438484477,1.0775871815736782,1.0673897552968619,1.0678853578562906,121.92252196533927,54.32,15.0
2025-08-20 17:15:00,1.067849574955121,1.0682111519592965,1.0651589615918948,1.0657510338316223,99.0641477649227,54.2,15.0
2025-08-20 17:30:00,1.0658352652522955,1.0659875438992346,1.0637148692728844,1.0639147412921666,287.0157315494116,54.12,15.0
2025-08-20 17:45:00,1.0640250306104166,1.0648340035886934,1.0639353635636808,1.0647863815876557,106.80871788721078,54.17,15.0
2025-08-20 18:00:00,1.064777240637207,1.065320866917892,1.0647046200929264,1.0651215125595432,112.70367530422118,54.32,15.0
2025-08-20 18:15:00,1.0651093278840074,1.0703582066378088,1.0649435779807839,1.0695874995853216,171.75138472027677,54.5,15.0
2025-08-20 18:30:00,1.0695413451504363,1.0728000260907884,1.0691887279990322,1.0723967706155055,183.98970429445743,54.32,15.0
2025-08-20 18:45:00,1.0723918624136812,1.0759258099896034,1.0722754219144799,1.0759096811293842,74.26625990118904,54.18,15.0
2025-08-20 19:00:00,1.0759440403687914,1.0774972659324122,1.075626074143608,1.0773461099344426,113.02018675403201,54.31,15.0
2025-08-20 19:15:00,1.0773776157613408,1.077519714607759,1.0757572125736634,1.0761146824137233,506.91499818829107,54.28,15.0
2025-08-20 19:30:00,1.0761661498966806,1.0789286547121768,1.0760334795396174,1.0787617292721037,176.2847883435025,54.41,15.0
2025-08-20 19:45:00,1.0787236461563083,1.0787937382989747,1.0769302386962325,1.0771084713456354,180.20836257494182,54.31,15.0
2025-08-20 20:00:00,1.0771021515215802,1.0791164323502427,1.0766748349537756,1.0788335113115846,181.34335708213274,54.39,15.0
2025-08-20 20:15:00,1.0787614814167952,1.0790251217690923,1.0786516537219273,1.0789916077856687,176.86996134810676,54.25,15.0
2025-08-20 20:30:00,1.0790547449773253,1.0816286744174737,1.0789426173885672,1.0814162286823632,84.49779476408098,54.34,15.0
2025-08-20 20:45:00,1.0814170971487043,1.0826831479845374,1.0811671001698686,1.082558215202377,75.6217749642499,54.34,15.0
2025-08-20 21:00:00,1.0825818498836026,1.0829067739850737,1.0824813079422153,1.0828535316405017,95.10953228319151,54.08,15.0
2025-08-20 21:15:00,1.0828656023176657,1.0828909403401472,1.079544351194229,1.0795571635235046,84.59002177756214,54.16,15.0
2025-08-20 21:30:00,1.0794760048768437,1.0796467719792537,1.0790554359377251,1.0793021607194642,158.80862042177563,54.28,15.0
2025-08-20 21:45:00,1.0793045144550975,1.0793814565517543,1.078234009673892,1.078265348535946,274.5562997932815,54.2,15.0
2025-08-20 22:00:00,1.0782705761491975,1.080432174067868,1.0776338754651753,1.0802649704392395,250.38948764192153,54.31,15.0
2025-08-20 22:15:00,1.0802492802829193,1.0805215834068056,1.0761794058468046,1.0768085315050884,135.9704067763153,54.15,15.0
2025-08-20 22:30:00,1.0767893585712098,1.0790288545995115,1.0767294928193853,1.078929159592312,241.06292187746726,54.39,15.0
2025-08-20 22:45:00,1.0789190793886945,1.0789369479891489,1.0777324691432157,1.077997024702698,374.84826388447897,54.33,15.0
2025-08-20 23:00:00,1.0779969413855794,1.0782126741009859,1.0779965716389543,1.0782125944719247,161.04401808248673,54.33,15.0
2025-08-21 16:30:00,1.0779282020464076,1.0795558208326006,1.07766365156179,1.07952348172556,394.3176782439235,54.39,15.0
2025-08-21 16:45:00,1.079151404946174,1.080034411300977,1.076717816892921,1.0777051598416363,235.31754855623802,54.06,15.0
2025-08-21 17:00:00,1.077549530647741,1.079773924908656,1.076682492399475,1.0793937791614698,91.43181760754948,54.38,15.0
2025-08-21 17:15:00,1.0793702174362056,1.0803643057478307,1.079304027628689,1.0801944207058998,96.44971580193017,54.32,15.0
2025-08-21 17:30:00,1.080227189431714,1.0807245266569423,1.0799558841934866,1.0803475799101967,83.89130657802652,54.15,15.0
2025-08-21 17:45:00,1.0803981445468263,1.0835741464543922,1.080163240628354,1.083104893420365,54.52517393206875,54.29,15.0
2025-08-21 18:00:00,1.0830986649425498,1.0832660168187773,1.082680568895245,1.0832403954597993,82.21294350994832,54.31,15.0
2025-08-21 18:15:00,1.0831503719437936,1.0855932288985954,1.0829018715028451,1.0855570022659584,127.77826594211226,54.63,15.0
2025-08-21 18:30:00,1.0856343794372003,1.0913669401459853,1.0852345711331246,1.0908368715482457,320.42932303952216,54.65,15.0
2025-08-21 18:45:00,1.090793835690185,1.0912194430449975,1.0894310057665513,1.0894610260374633,219.46659094848644,54.64,15.0
2025-08-21 19:00:00,1.0894373618075823,1.0900122306769968,1.0892051829308629,1.0898964934360025,98.93459931358235,54.59,15.0
2025-08-21 19:15:00,1.0899027553170964,1.0911693947272885,1.0898654236939862,1.090978802382674,158.58289419306368,54.75,15.0
2025-08-21 19:30:00,1.0909434324952056,1.091277039872071,1.0898646214956162,1.0900099530430036,154.10666230305418,54.64,15.0
2025-08-21 19:45:00,1.0900534247681726,1.0936780410328464,1.0897108829248072,1.093505443065559,111.7568319727084,54.76,15.0
2025-08-21 20:00:00,1.0935125441296107,1.0939538767335746,1.0930280636142664,1.0938303237209832,115.13967160959699,54.9,15.0
2025-08-21 20:15:00,1.0938372403876928,1.0941063611029105,1.0894711867424494,1.0899711938606578,76.5328242382425,54.72,15.0
2025-08-21 20:30:00,1.089919073859956,1.0924067352968172,1.0898778353415626,1.0923556875379852,56.6106856686837,54.79,15.0
2025-08-21 20:45:00,1.0922927894608996,1.092547635035922,1.0901293631366915,1.0902229054167287,94.71790065122102,54.67,15.0
2025-08-21 21:00:00,1.0903456751287324,1.090439149653991,1.0898066192795277,1.0902090589780593,201.57418721993636,54.75,15.0
2025-08-21 21:15:00,1.090326186063461,1.090778669597547,1.087125305325735,1.0873183879370976,169.8885975674173,54.46,15.0
2025-08-21 21:30:00,1.0873322844517732,1.0873713992929648,1.0869769055841312,1.0870824416403124,167.927041689117,54.37,15.0
2025-08-21 21:45:00,1.0870843931742524,1.087381362001657,1.0870823824175004,1.0873357071429326,189.12708508497238,54.35,15.0
2025-08-21 22:00:00,1.0873474145585684,1.087731050403729,1.0845429549022194,1.0847619528193586,216.71259040569205,54.21,15.0
2025-08-21 22:15:00,1.0847147767279386,1.0848109343449643,1.0841582776569674,1.08443012414154,379.5220820019914,54.23,15.0
2025-08-21 22:30:00,1.0844603040248146,1.0874860594877724,1.0841774300064222,1.0872287041239266,293.03599445597,54.06,15.0
2025-08-21 22:45:00,1.087109115687294,1.0875492012202856,1.0842495135304369,1.0843644337241256,415.47610627207064,54.02,15.0
2025-08-21 23:00:00,1.0843644719338081,1.0843664653099088,1.0843643183854181,1.084365687218098,230.96948375079538,54.0,15.0
2025-08-22 16:30:00,1.0844958864869174,1.0850171046373385,1.0830050200177832,1.0843697098056644,110.60370825588093,54.82,15.0
2025-08-22 16:45:00,1.0843153162225678,1.086190729519481,1.0841276324362585,1.0859006747342494,53.98712936258202,54.89,15.0
2025-08-22 17:00:00,1.0855573975217245,1.1177932178789753,1.085022736795236,1.1131102357802436,95.66021765139512,56.7,15.0
2025-08-22 17:15:00,1.1131402467135498,1.1182172923933147,1.1130760653510934,1.1179992042581666,113.06723408833142,56.83,15.0
2025-08-22 17:30:00,1.1178187170652385,1.118858217223225,1.112687396702424,1.1137189704869355,115.97962275269434,56.79,15.0
2025-08-22 17:45:00,1.113665320744669,1.1142270928400364,1.1127220731620142,1.113638784151007,50.06622685828165,56.86,15.0
2025-08-22 18:00:00,1.1137028545137753,1.1138267497752603,1.1121665373814804,1.1123811304641138,133.40605532693394,56.86,15.0
2025-08-22 18:15:00,1.1124164221906252,1.1142689676174269,1.1120778684680162,1.1141163344528644,69.8746555894894,57.07,15.0
2025-08-22 18:30:00,1.1142121675427619,1.1143944562618318,1.1139900472361852,1.1141637143224392,77.79029940549819,57.19,15.0
2025-08-22 18:45:00,1.1141432599111334,1.1143450521323022,1.1138094785608255,1.1140403009569961,52.55825021559082,57.13,15.0
2025-08-22 19:00:00,1.113973792816533,1.1142550649440888,1.1136118847897378,1.1139925039357106,60.577809299496884,57.38,15.0
2025-08-22 19:15:00,1.1140486347011243,1.1148080624750119,1.1075262911620283,1.1084422640724407,163.83996685803754,56.95,15.0
2025-08-22 19:30:00,1.1084625635038625,1.1086536523539903,1.1070252339175397,1.1070566064497633,48.615719491367436,57.01,15.0
2025-08-22 19:45:00,1.1070317095314193,1.107229384681855,1.1059104407814968,1.1060553564026185,76.25281394786946,56.93,15.0
2025-08-22 20:00:00,1.1060112617092577,1.1062214984300967,1.103339542138892,1.1035311514365005,102.07578434629197,57.17,15.0
2025-08-22 20:15:00,1.1035897114557824,1.1085238739116379,1.1034180201876707,1.1084639932831433,75.11786329250704,56.96,15.0
2025-08-22 20:30:00,1.1083965336977981,1.1086315604412817,1.1067666869550568,1.1069195932125302,148.87842251664264,57.01,15.0
2025-08-22 20:45:00,1.1068985544269219,1.1069447020470673,1.105765916161515,1.1061656062181564,76.73789420879685,56.82,15.0
2025-08-22 21:00:00,1.1061309751050796,1.1067453678469865,1.1060656279130499,1.1065059799728814,54.554020332370754,56.74,15.0
2025-08-22 21:15:00,1.1065196569055193,1.1066801158212953,1.1041417656725299,1.1043355930168908,49.85974972494142,56.9,15.0
2025-08-22 21:30:00,1.1043209893898527,1.1043970851416578,1.1040942148052362,1.1041838369565393,66.33593771463191,56.84,15.0
2025-08-22 21:45:00,1.1042183875684517,1.1071182857651594,1.103872446602246,1.106785683502314,65.9514024207138,56.96,15.0
2025-08-22 22:00:00,1.1068073826868599,1.1083766325465336,1.1061563224407949,1.108196867376091,116.21824070471791,57.17,15.0
2025-08-22 22:15:00,1.1082040314165016,1.108383103968224,1.105857743472084,1.1061271689171484,160.85775269297116,57.15,15.0
2025-08-22 22:30:00,1.1060929562083015,1.1061314031262695,1.1056025217788104,1.1056358543326732,209.1047175591611,57.2,15.0
2025-08-22 22:45:00,1.1057783948479503,1.1058241917017293,1.1006643170685884,1.101061625260636,901.5304813035127,57.08,15.0
2025-08-22 23:00:00,1.101061709645965,1.1010625580593645,1.1010511490733668,1.1010519380046422,101.05834347618634,57.09,15.0
2025-08-25 16:30:00,1.1012636176976072,1.1014062257763635,1.0984527433239712,1.100158427161293,65.55948798821258,56.54,15.0
2025-08-25 16:45:00,1.0999909328700446,1.1005520610784079,1.0934175150575467,1.0938716314385584,115.15733981049249,56.33,15.0
2025-08-25 17:00:00,1.0940186675651258,1.0942327327212484,1.091566983362225,1.092029411271218,206.3247220701664,56.21,15.0
2025-08-25 17:15:00,1.0919416462154745,1.0955568885531561,1.0916876039003425,1.095164017030226,192.340978964186,56.39,15.0
2025-08-25 17:30:00,1.0951787282940424,1.09942671635588,1.0951637952769553,1.099325955534512,233.85276318289405,56.51,15.0
2025-08-25 17:45:00,1.0992514825849595,1.099615685032079,1.0951212977098106,1.0956207995002372,199.2001043319102,56.35,15.0
2025-08-25 18:00:00,1.0956031924169936,1.0956624894591669,1.0934911845330122,1.0935949272919498,131.16294218451318,56.22,15.0
2025-08-25 18:15:00,1.0936107910519652,1.0937158887624596,1.0926294257016345,1.0927534097029474,120.75772360048724,56.31,15.0
2025-08-25 18:30:00,1.0927127494031261,1.0928554559365489,1.091902497462072,1.0919595598018055,178.11011439739028,56.32,15.0
2025-08-25 18:45:00,1.0920007847142466,1.097534065687586,1.091788922303958,1.0971025044566989,204.4795163583567,56.1,15.0
2025-08-25 19:00:00,1.0970420928537086,1.0973102329477928,1.0943313971081008,1.0945168602946393,140.58977907838627,56.08,15.0
2025-08-25 19:15:00,1.0945725958724777,1.095012459302305,1.0944048307256555,1.0944493439794567,171.43253003779247,56.04,15.0
2025-08-25 19:30:00,1.0944453325266679,1.0947901971637781,1.0943697913121317,1.0947578550929022,146.40804252006322,55.92,15.0
2025-08-25 19:45:00,1.0946960530083971,1.094853558449412,1.0921810041758697,1.0924464279556896,32.48559483983589,55.93,15.0
2025-08-25 20:00:00,1.0924128043266437,1.0925154525296397,1.09190745094587,1.0919272919332295,80.12639464353228,55.97,15.0
2025-08-25 20:15:00,1.0919326738486763,1.09391682650763,1.0914913629368088,1.0938617755778914,47.43015449701388,56.1,15.0
2025-08-25 20:30:00,1.0938047950823127,1.0942875858015908,1.0901830158002541,1.0903162981480383,107.61396988777491,55.89,15.0
2025-08-25 20:45:00,1.0903671210481172,1.0931871752799767,1.0899955736447358,1.092802803088922,111.42266207007981,55.98,15.0
2025-08-25 21:00:00,1.0927860971590104,1.0928650389972532,1.091697141515719,1.0918363691026147,285.31353309120453,56.06,15.0
2025-08-25 21:15:00,1.091789358702715,1.0921792995603876,1.0870712577192942,1.087296064996393,240.94385013398167,56.05,15.0
2025-08-25 21:30:00,1.0874001702042901,1.0880181887793647,1.0836415681723168,1.083727840334752,287.99776888657146,56.19,15.0
2025-08-25 21:45:00,1.0837235867765689,1.0839240904089467,1.083308972790666,1.083502455037684,89.39116687464458,56.28,15.0
2025-08-25 22:00:00,1.0836485049770455,1.0858249842091712,1.083424669989519,1.0856937117936365,332.6199196304626,56.47,15.0
2025-08-25 22:15:00,1.0857014807041965,1.0860317900665675,1.0833664001567371,1.0833969880416083,188.77654224314406,56.34,15.0
2025-08-25 22:30:00,1.083348722134614,1.0833904580929885,1.0829862720183079,1.0832512001252843,415.43110752006044,56.33,15.0
2025-08-25 22:45:00,1.0829773676006131,1.0839217435422335,1.0769351254062343,1.0773297802436195,1296.927592279507,56.73,15.0
2025-08-25 23:00:00,1.0773296827608345,1.0776615380056513,1.0773294108609697,1.0776610664570203,80.2292684385953,56.71,15.0
2025-08-26 16:30:00,1.0776118763993427,1.101000204996193,1.0772669499077738,1.1003324930574654,115.02919128072055,56.85,15.0
2025-08-26 16:45:00,1.1004480883976364,1.1073135046403455,1.1003808874780074,1.106050272025103,133.64412918075155,57.25,15.0
2025-08-26 17:00:00,1.105846080671425,1.1094729323351535,1.10473017452224,1.108746033846139,184.3553134993972,57.31,15.0
2025-08-26 17:15:00,1.1087468557958586,1.1090721122907115,1.1012237666457498,1.1013689227123273,76.18076288112724,56.82,15.0
2025-08-26 17:30:00,1.1013828725974686,1.1015267895260685,1.1008333565827424,1.1010122239321278,88.65307655159114,56.54,15.0
2025-08-26 17:45:00,1.1010473841470443,1.1023144715778983,1.1009179434983134,1.1022054677501962,64.25629737116829,56.53,15.0
2025-08-26 18:00:00,1.1021504026053555,1.1031884949031838,1.1020894591718928,1.103105702579688,99.33235500956644,56.56,15.0
2025-08-26 18:15:00,1.1030555508148896,1.1030630662467957,1.1019008122142941,1.1019711688277825,111.30029494314677,56.59,15.0
2025-08-26 18:30:00,1.101912385268873,1.102958465166481,1.1018678630095784,1.1026023591401655,149.1734120443398,56.39,15.0
2025-08-26 18:45:00,1.1023911040488568,1.1036390003377508,1.101416863706934,1.1034211464892625,72.92584612167757,56.77,15.0
2025-08-26 19:00:00,1.1034459894181745,1.103507733925868,1.1015201369399648,1.1015927317749157,68.85952166264723,56.77,15.0
2025-08-26 19:15:00,1.101641891558095,1.10290780679226,1.101224475955203,1.102692182443401,94.68499159547112,56.84,15.0
2025-08-26 19:30:00,1.1026667719307897,1.1037928843723912,1.1023687469142325,1.1037271322943876,43.031930987338015,56.84,15.0
2025-08-26 19:45:00,1.1037225079980428,1.103968922122795,1.1035241360982895,1.1039354508630537,35.38843205282487,56.82,15.0
2025-08-26 20:00:00,1.1039070892659906,1.1044413826407482,1.1038852450022194,1.104409538028524,172.44621825148275,56.88,15.0
2025-08-26 20:15:00,1.1043418202514514,1.1057177864054735,1.1043070137379591,1.1056819774805178,179.11495942756207,56.93,15.0
2025-08-26 20:30:00,1.1056652067847026,1.1075416806126377,1.1056523415593467,1.1073641582836595,126.0997500637619,57.01,15.0
2025-08-26 20:45:00,1.1073831514922268,1.1076883574382757,1.1069418273863092,1.1069738138646272,125.75661393901288,56.96,15.0
2025-08-26 21:00:00,1.1068603008516436,1.109672039925381,1.1068270933249005,1.1094699910206982,138.6598683178383,56.75,15.0
2025-08-26 21:15:00,1.1094486883964187,1.109615525798787,1.1073481253816684,1.107375919105355,95.51502188303957,56.66,15.0
2025-08-26 21:30:00,1.1074068665019265,1.1074217657480838,1.1065436791540695,1.1065472848363682,104.72324603755452,56.55,15.0
2025-08-26 21:45:00,1.1064857506426033,1.1065801699941071,1.1058665359576219,1.106042124099646,181.7843808615642,56.65,15.0
2025-08-26 22:00:00,1.1060605740309508,1.106066140141702,1.1051293948589354,1.105393350287965,370.1568813541435,56.59,15.0
2025-08-26 22:15:00,1.105446034439548,1.1087985501565583,1.1048982223555077,1.1087835469523866,359.5936066105743,56.71,15.0
2025-08-26 22:30:00,1.108782179019994,1.1088024324911743,1.1068081277931396,1.1069371903913805,363.439871023215,56.64,15.0
2025-08-26 22:45:00,1.1068958020755117,1.1074236172814833,1.1066804982989318,1.1072180743635267,1087.7424536436492,56.8,15.0
2025-08-26 23:00:00,1.1072181152269727,1.1072186794102785,1.1069913249113288,1.1069915655893268,193.77251202615795,56.79,15.0
2025-08-27 16:30:00,1.1064729660088137,1.1183987784204088,1.1051169615955692,1.1180004867963627,104.26311755878166,57.31,15.0
2025-08-27 16:45:00,1.117930147831156,1.1180650569106452,1.1156609635606005,1.1162782248054495,39.03703060896891,57.07,15.0
2025-08-27 17:00:00,1.11635324767355,1.1177297051794794,1.1161041357368708,1.1171230467765176,39.52519623994723,57.14,15.0
2025-08-27 17:15:00,1.1173391225977543,1.12047552635321,1.1172536276231986,1.1199804306427026,44.131168060690754,56.76,15.0
2025-08-27 17:30:00,1.1199087589789176,1.1202617913009025,1.1059915378757608,1.1064164790661288,233.77294054159083,56.46,15.0
2025-08-27 17:45:00,1.1064273987723314,1.1065821103208224,1.104043188648661,1.1042450872273046,80.49975767372476,56.39,15.0
2025-08-27 18:00:00,1.1042615944464858,1.1063002970866147,1.1041890980690332,1.1062657309492783,38.10562106859504,56.32,15.0
2025-08-27 18:15:00,1.1062371839784706,1.1067418082742653,1.10570826748171,1.1060458202637795,75.41065732836537,56.34,15.0
2025-08-27 18:30:00,1.1060487774470353,1.1064071909043256,1.1052676916136808,1.105311454581475,89.75191412550411,56.24,15.0
2025-08-27 18:45:00,1.1053150001292122,1.1092877086303523,1.1052641316391194,1.1090231145836096,221.19960162667198,56.41,15.0
2025-08-27 19:00:00,1.1089547584189907,1.1091149127934172,1.108611549136854,1.1087852638156686,114.18177640099503,56.38,15.0
2025-08-27 19:15:00,1.108763816075433,1.1088945920669577,1.1074109550525921,1.1075820627207162,178.76094997280887,56.49,15.0
2025-08-27 19:30:00,1.1076765448021793,1.1077598491676717,1.1073477739122108,1.1075744129292378,120.66962477916483,56.31,15.0
2025-08-27 19:45:00,1.107421594636211,1.1089727961915383,1.1069738894235985,1.1085734620729688,359.7459382441138,56.58,15.0
2025-08-27 20:00:00,1.1085878966756242,1.1097688121984461,1.108278003807107,1.1094725103489445,120.93561606740874,56.49,15.0
2025-08-27 20:15:00,1.1094577344797123,1.1094962261881565,1.1092029258254787,1.1093708298302352,95.85427367733199,56.57,15.0
2025-08-27 20:30:00,1.1093567921214635,1.1095141069446262,1.108720982972951,1.1087891613495082,30.918830721543625,56.6,15.0
2025-08-27 20:45:00,1.1088062446269982,1.1099047368537283,1.1086479473468265,1.1097595172222037,56.58305025170884,56.64,15.0
2025-08-27 21:00:00,1.1097103977305163,1.1097608222629929,1.1091837913865346,1.1092560568963667,34.44041263837114,56.62,15.0
2025-08-27 21:15:00,1.109236774606274,1.1093090320363115,1.1079299206727726,1.1080763290379412,22.16746510656182,56.54,15.0
2025-08-27 21:30:00,1.108029919792391,1.1087780029805092,1.107879081219987,1.1087515344936496,100.48910408189036,56.54,15.0
2025-08-27 21:45:00,1.108777200891058,1.1089590293103362,1.1078881377582401,1.1079718879819271,61.44475509424498,56.59,15.0
2025-08-27 22:00:00,1.1080222344214434,1.1081713957851873,1.1061427227164875,1.1063574141593833,107.96782871917267,56.62,15.0
2025-08-27 22:15:00,1.106338832635159,1.1063979065051617,1.1050094062325742,1.1052704370144624,84.01687932150831,56.77,15.0
2025-08-27 22:30:00,1.1052378359234183,1.105758535772533,1.1046359173301172,1.105004889568391,159.97169685393547,56.64,15.0
2025-08-27 22:45:00,1.1050542468068154,1.105524589682044,1.1044116321505009,1.1044664764423757,1654.2682674356467,56.18,15.0
2025-08-27 23:00:00,1.1044663946682172,1.1044666460518455,1.1044243110868137,1.1044245544168831,260.0875372792002,56.22,15.0
2025-08-28 16:30:00,1.1040025136765392,1.104794491697335,1.0943173146687857,1.0959259828283945,161.83599749628954,56.45,15.0
2025-08-28 16:45:00,1.096012868078479,1.0967207238317076,1.0891824690619096,1.0899546865397318,116.87920270870272,56.44,15.0
2025-08-28 17:00:00,1.0899733696974205,1.0905256768004348,1.0838614469224597,1.0840969660736344,142.4670726508227,56.21,15.0
2025-08-28 17:15:00,1.084253788754141,1.0843018139525888,1.0782705951696971,1.0787153914197491,477.85812239198174,56.11,15.0
2025-08-28 17:30:00,1.0790859803819404,1.0807087350246296,1.0719659967091153,1.0731884658633482,120.41702683814589,55.43,15.0
2025-08-28 17:45:00,1.073080373829668,1.0753372928835296,1.071971312110882,1.0724671922800624,476.47679981451364,54.69,15.0
2025-08-28 18:00:00,1.0726845354298435,1.087008336187068,1.0703482083969051,1.0863862553786712,539.8995683731042,53.85,15.0
2025-08-28 18:15:00,1.0863359461216113,1.0879339598464448,1.0839908302862675,1.0841983048303443,398.75488455529614,53.51,15.0
2025-08-28 18:30:00,1.0838861034499594,1.086426648249451,1.0831052088214177,1.0862815797526928,666.3859263909259,53.56,15.0
2025-08-28 18:45:00,1.0864970224416066,1.0938435878209363,1.0849260899624784,1.0926288511052742,585.7108321543623,53.47,15.0
2025-08-28 19:00:00,1.0926080252039563,1.0995154183455509,1.0915677169268774,1.0988271676772718,179.42311067828624,53.76,15.0
2025-08-28 19:15:00,1.0987743913114438,1.1028493976985714,1.0983312564174375,1.1021398304494485,267.154189687767,53.79,15.0
2025-08-28 19:30:00,1.1022099357672148,1.1032319592486477,1.1015507848857582,1.1030129289931638,63.26390260860709,53.94,15.0
2025-08-28 19:45:00,1.1030287721953131,1.103761744148289,1.100536957686954,1.1016220674815551,188.4689598148592,53.74,15.0
2025-08-28 20:00:00,1.101608405223038,1.1033188663535576,1.1013153344115807,1.1030242122874396,206.05120482575103,53.66,15.0
2025-08-28 20:15:00,1.1029301671095426,1.1031648718228162,1.1003984082824978,1.1005138352495247,122.23136552529412,53.5,15.0
2025-08-28 20:30:00,1.1004621674358215,1.1005300343576543,1.1000607386488557,1.100192814581348,112.7275748189067,53.73,15.0
2025-08-28 20:45:00,1.1001928319569958,1.1005107865492907,1.0986121279131285,1.0988317453395764,216.00696246618122,53.59,15.0
2025-08-28 21:00:00,1.0988289742930122,1.1002119448572323,1.0987656661712493,1.0996329824270163,169.79181439263036,53.61,15.0
2025-08-28 21:15:00,1.0994681319135053,1.104372908823323,1.0990903095624551,1.1041086437946155,216.13776434971382,53.75,15.0
2025-08-28 21:30:00,1.1041103094650535,1.104150939757298,1.1007514243216738,1.1009667650309654,340.2230163014875,53.8,15.0
2025-08-28 21:45:00,1.1010686392860223,1.101185790101959,1.1008405701772637,1.1011576017884916,269.5142395671698,53.92,15.0
2025-08-28 22:00:00,1.1010612481580448,1.1036307820726905,1.1004469225820934,1.1031543387383655,289.544297613242,53.92,15.0
2025-08-28 22:15:00,1.1031567208493491,1.1034377483651157,1.1025553420022,1.1026407099012843,147.54949175190808,53.98,15.0
2025-08-28 22:30:00,1.1026324020152012,1.1030560208531557,1.098473688171767,1.0985283634300933,386.16746905749164,54.25,15.0
2025-08-28 22:45:00,1.0987019931525306,1.100567305706731,1.09691018445405,1.0982348344634136,2375.0551437978716,54.32,15.0
2025-08-28 23:00:00,1.0982348930281325,1.0982352972108487,1.098078699047492,1.0980788602400995,88.56986012069153,54.33,15.0
2025-08-29 16:30:00,1.098387608647988,1.1067195389188462,1.0980243350682417,1.1065326936083923,112.2083262750428,54.95,15.0
2025-08-29 16:45:00,1.1064532963209672,1.1067912016707597,1.1060101225899661,1.1061805541061698,80.8322179411038,54.77,15.0
2025-08-29 17:00:00,1.1063469181421095,1.1082006417072208,1.105766437673793,1.1081469403252877,253.41609248047897,54.29,15.0
2025-08-29 17:15:00,1.1082108197679887,1.1098595815681833,1.107995044268127,1.1096217910050123,87.80103634121062,54.23,15.0
2025-08-29 17:30:00,1.1094668013022204,1.115226242175957,1.1092770432584944,1.1151614801832084,226.60171163021067,54.4,15.0
2025-08-29 17:45:00,1.115246167465715,1.1180656250574945,1.1151535172616558,1.1178911023320157,211.3573685941365,54.38,15.0
2025-08-29 18:00:00,1.1179401005731011,1.1198578958769354,1.117842873954783,1.119750755578882,49.156213345757145,54.23,15.0
2025-08-29 18:15:00,1.119723420830343,1.119817066860152,1.1170624313548272,1.1172753234807649,219.17588444577692,54.25,15.0
2025-08-29 18:30:00,1.1174237138302276,1.1231941338437714,1.1167747862176285,1.1229419633533768,502.82552903662474,54.55,15.0
2025-08-29 18:45:00,1.1229494146666525,1.1230197569182885,1.1214087222332152,1.121496063108111,41.510267423352616,54.69,15.0
2025-08-29 19:00:00,1.1215258389332985,1.1233250788280562,1.1213765587182687,1.1229894823319204,74.55987126713389,54.75,15.0
2025-08-29 19:15:00,1.1229943911155742,1.123009754903703,1.1225166506827848,1.1226861869116815,87.82366039157117,54.73,15.0
2025-08-29 19:30:00,1.122785704940238,1.122920347070058,1.1213796880181246,1.1215248222395988,77.58293139366391,55.05,15.0
2025-08-29 19:45:00,1.1214333911233496,1.1218256305844345,1.1193673977521659,1.119515176435014,116.12773330424372,55.07,15.0
2025-08-29 20:00:00,1.1195277047210028,1.1207503336979956,1.1194469347424252,1.1207138658092328,149.10725662434947,55.07,15.0
2025-08-29 20:15:00,1.1206969521967312,1.1213557090373276,1.1205468205451656,1.1211248902084576,57.347844626436135,55.1,15.0
2025-08-29 20:30:00,1.1211485028542163,1.1212173669848007,1.1203091288912188,1.1205157209410872,43.424804086428516,55.19,15.0
2025-08-29 20:45:00,1.1205281199557104,1.120566814289929,1.1198230699436855,1.1198448351054384,102.1818494760322,55.22,15.0
2025-08-29 21:00:00,1.1197966593402495,1.1215362754624472,1.1195483217355056,1.1211024457958272,80.35547487151918,54.81,15.0
2025-08-29 21:15:00,1.121175333836028,1.1212246910885728,1.1203658714827318,1.1205013249615245,44.83200046061729,54.86,15.0
2025-08-29 21:30:00,1.1204888700227769,1.120496851768033,1.1194648649728574,1.1195208745871752,50.49361118070678,54.86,15.0
2025-08-29 21:45:00,1.1195117705108482,1.1203943944133319,1.1191229850085183,1.1202909863556967,304.1396371922218,54.72,15.0
2025-08-29 22:00:00,1.1202051468649443,1.121938353306918,1.1201101403623965,1.121882585722916,118.64644302595728,54.6,15.0
2025-08-29 22:15:00,1.1219343284329306,1.1221357786718529,1.1183027388479145,1.1184088208182745,135.90209407933196,54.38,15.0
2025-08-29 22:30:00,1.1184407246337487,1.1203196895315888,1.1183916779625713,1.1200436212737206,110.1411602067402,54.46,15.0
2025-08-29 22:45:00,1.1201027535851136,1.1206645067786578,1.1171509347496484,1.1174839361497046,737.6344459631113,54.63,15.0
2025-08-29 23:00:00,1.117483828036714,1.117484228190153,1.1169299788009008,1.116930063309784,102.2724381263627,54.63,15.0
2025-09-02 16:30:00,1.117300341774805,1.1212177113758066,1.1157346035455136,1.1211230109761934,116.54733567360452,53.28,15.0
2025-09-02 16:45:00,1.121078799933831,1.123070584811815,1.111633703532472,1.1125376360793393,339.45820931847334,53.34,15.0
2025-09-02 17:00:00,1.1125395306595713,1.1183443655134,1.1121709531553603,1.1174462377157992,116.20875316724192,53.42,15.0
2025-09-02 17:15:00,1.1175576808574892,1.1178001033090708,1.100163670231078,1.100670933019361,194.53411991754635,52.96,15.0
2025-09-02 17:30:00,1.100677791550053,1.1008787328545198,1.0990161597690336,1.0990864002710483,38.73282177003278,52.92,15.0
2025-09-02 17:45:00,1.0991684573477116,1.1039260761633367,1.0990556202806747,1.1036724212274858,51.56702460847816,52.75,15.0
2025-09-02 18:00:00,1.1037025218237557,1.1039060087293802,1.102470049874969,1.1025590959315565,146.37050826323764,52.57,15.0
2025-09-02 18:15:00,1.1025312504735576,1.102582390757595,1.101439513154548,1.1014503278615413,54.71316141720411,52.51,15.0
2025-09-02 18:30:00,1.1014846024662859,1.1018009007813296,1.1000344799332151,1.1001817344743698,55.528169224235015,52.37,15.0
2025-09-02 18:45:00,1.1002386502594317,1.1004319712570299,1.099110604716964,1.0991786435694793,74.50401267851105,52.33,15.0
2025-09-02 19:00:00,1.0990455082209658,1.1034998391371766,1.0987972992241326,1.1033871099036272,247.7446554933016,52.62,15.0
2025-09-02 19:15:00,1.1033822992763762,1.1076945467209183,1.103203925902094,1.107258660018093,67.50530645522927,52.47,15.0
2025-09-02 19:30:00,1.1072155395819692,1.1074575448036132,1.1070583583037907,1.1074215358442245,28.767549135291883,52.5,15.0
2025-09-02 19:45:00,1.1073538906813636,1.1074695924130022,1.1064167884321785,1.106602070508569,35.434645306833865,52.46,15.0
2025-09-02 20:00:00,1.1066000751313918,1.1066436553005419,1.1064169045306105,1.1064298994526969,114.51872202396966,52.46,15.0
2025-09-02 20:15:00,1.1064492938506545,1.1071257159215036,1.1063438384394826,1.1070349426155341,69.23816399318324,52.61,15.0
2025-09-02 20:30:00,1.107006359342978,1.107366504864479,1.1063538933751254,1.10666678337285,94.57582597988937,52.73,15.0
2025-09-02 20:45:00,1.1067122619086396,1.1068346538246698,1.1030401863186727,1.1031168548202197,121.2871970283788,52.78,15.0
2025-09-02 21:00:00,1.1030822027920837,1.103106221463332,1.1007701109419474,1.100905463557507,80.34683501917425,52.84,15.0
2025-09-02 21:15:00,1.100924666141983,1.1010311671362232,1.1003884840623521,1.1006317127146277,16.65363999011982,52.83,15.0
2025-09-02 21:30:00,1.1006445696330451,1.1007894304137307,1.1002707392678404,1.1007095548368617,58.49728884036091,52.86,15.0
2025-09-02 21:45:00,1.1007758064718174,1.1008221766766193,1.099794959703343,1.0997996379621344,77.6308863633428,52.99,15.0
2025-09-02 22:00:00,1.0998043625736906,1.1001427206949435,1.0997704915544717,1.1000290709597544,154.70997731383488,53.0,15.0
2025-09-02 22:15:00,1.099965579460121,1.1003354350783126,1.099667725208958,1.0997888218382328,117.55881484145853,53.14,15.0
2025-09-02 22:30:00,1.0997756768545608,1.0999846253329837,1.0988431836212451,1.0988680683801137,130.9226737826336,53.19,15.0
2025-09-02 22:45:00,1.0987098102740194,1.1069932530407454,1.0977466437931946,1.106673626997796,590.4138149956151,53.44,15.0
2025-09-02 23:00:00,1.106677048687211,1.1066869725047601,1.1061551316656433,1.1061680962461582,94.91925649550187,53.42,15.0
2025-09-03 16:30:00,1.1058648689728545,1.1133187449145814,1.1038599558043365,1.1128350383483119,419.457554067616,53.99,15.0
2025-09-03 16:45:00,1.1128880259707414,1.122130814647609,1.1125134752945185,1.1219541569402982,300.6971467626452,53.57,15.0
2025-09-03 17:00:00,1.1220428047798539,1.1222835672349345,1.1187899938873527,1.119154283073068,182.2795952817516,53.44,15.0
2025-09-03 17:15:00,1.11927777856428,1.1216919845783448,1.1191274192595912,1.1214145638184074,246.6900697254422,53.17,15.0
2025-09-03 17:30:00,1.1213079494231697,1.1213085009876163,1.1208861026233958,1.1211012590274891,156.25922653002766,53.34,15.0
2025-09-03 17:45:00,1.1210848346103781,1.124580653578105,1.120822834230326,1.12400528186332,248.6395224829372,53.39,15.0
2025-09-03 18:00:00,1.123961938838478,1.124141154554308,1.1212634102372165,1.121484892035867,121.99855049648936,53.37,15.0
2025-09-03 18:15:00,1.1214827932798144,1.1214868423540356,1.1197533625321474,1.1200650845721154,101.80528948667067,53.15,15.0
2025-09-03 18:30:00,1.1200763510135812,1.1202933945236093,1.1188807034626056,1.1192839735529314,102.91783308824384,52.96,15.0
2025-09-03 18:45:00,1.1193794932078414,1.119574219246681,1.117593379091934,1.1182064327904264,88.61560595253572,52.89,15.0
2025-09-03 19:00:00,1.1181627419862776,1.118230623857886,1.1140170738686401,1.1140276412900254,160.20856685485307,52.91,15.0
2025-09-03 19:15:00,1.1139542102774416,1.1147877352702278,1.1136241924253565,1.114777145042227,238.06334107725633,53.07,15.0
2025-09-03 19:30:00,1.1147657528985897,1.1150262087529101,1.1143325044815913,1.1144603093068695,131.97440240661643,53.11,15.0
2025-09-03 19:45:00,1.1144426670728849,1.1145316309503839,1.1129033998189723,1.1131096207213602,85.83494947500762,53.11,15.0
2025-09-03 20:00:00,1.1131061761842693,1.1131709698153633,1.112277093691074,1.1123528740323188,116.12530953537468,53.11,15.0
2025-09-03 20:15:00,1.1123462379450075,1.1128766966938255,1.112211197263427,1.1128298931497103,85.67053017906659,53.11,15.0
2025-09-03 20:30:00,1.1130237318370775,1.1130656335502693,1.1107126447935327,1.1109691304169342,206.18615858342417,52.89,15.0
2025-09-03 20:45:00,1.1109991628944207,1.1113580841787847,1.1096819962078739,1.110319086122554,111.78720973518939,52.95,15.0
2025-09-03 21:00:00,1.1103557017536159,1.1144537033748603,1.1100574999112576,1.1142875934806997,101.85276225528192,53.01,15.0
2025-09-03 21:15:00,1.114280183735983,1.1178887359962009,1.11371945716634,1.1173964931946658,103.86024522518069,53.25,15.0
2025-09-03 21:30:00,1.1173426564741507,1.1176345756691473,1.1151201727291216,1.1151433184496993,67.08308222485414,53.3,15.0
2025-09-03 21:45:00,1.115061903855039,1.1153007684375578,1.1133091490015188,1.1134520387498916,392.0612566708164,53.26,15.0
2025-09-03 22:00:00,1.1134095091234613,1.114123265772818,1.1128788253496593,1.113788922435025,386.42488104130507,53.26,15.0
2025-09-03 22:15:00,1.1138353913102421,1.1142489458142788,1.1116367268967424,1.1121090254730481,338.4316893212775,53.21,15.0
2025-09-03 22:30:00,1.1121126629463558,1.1121402594373984,1.11094552338032,1.1110538043115752,295.8285748676838,53.2,15.0
2025-09-03 22:45:00,1.1110635656064642,1.111335948890331,1.109243930348376,1.1093784852394455,1400.1016932149125,53.34,15.0
2025-09-03 23:00:00,1.109378656616478,1.1093791001883138,1.1088961071930603,1.1088961626174718,190.404567333316,53.34,15.0
2025-09-04 16:30:00,1.1083903744834522,1.1106442508300456,1.0832231933739347,1.087204731084941,268.0266745606022,52.5,15.0
2025-09-04 16:45:00,1.0868998414720676,1.094309059720584,1.0863791968104253,1.0937781976193939,59.34197387228885,52.64,15.0
2025-09-04 17:00:00,1.0937771889868004,1.0940865692229762,1.0815209751449193,1.0819142888801299,230.52143921223745,52.58,15.0
2025-09-04 17:15:00,1.0820117517408991,1.0824391174335373,1.0788777026666085,1.079724178147775,353.5184437251503,52.56,15.0
2025-09-04 17:30:00,1.0796691547172215,1.0848757573746457,1.0793241994970006,1.0843070202678722,124.02435232652346,52.5,15.0
2025-09-04 17:45:00,1.0842821242937883,1.084770262882961,1.0809294128704159,1.0810611145379316,484.7332466760368,52.14,15.0
2025-09-04 18:00:00,1.0810966365509511,1.0826594590156715,1.0810489989540886,1.0821596210986675,377.375212108745,52.28,15.0
2025-09-04 18:15:00,1.0821453094885756,1.0823643920758406,1.0816341252257837,1.0816366625126763,712.2068582750685,52.12,15.0
2025-09-04 18:30:00,1.081608204031247,1.081772047157844,1.081101835566527,1.0811327476854906,128.761511262241,52.11,15.0
2025-09-04 18:45:00,1.0812551058711224,1.0817687168770793,1.0801505849119208,1.0802722580970356,153.8375553784414,52.11,15.0
2025-09-04 19:00:00,1.0802987109630098,1.0804260155412286,1.077545869246262,1.0781126667129273,316.1454599417228,52.17,15.0
2025-09-04 19:15:00,1.078154608655132,1.0782396283925582,1.0767893431337054,1.0771097655405975,38.032609480220664,52.12,15.0
2025-09-04 19:30:00,1.0771997466251853,1.0773865378929917,1.071775094716722,1.0717783018209837,68.31841661209904,52.41,15.0
2025-09-04 19:45:00,1.0717577425200233,1.073472698865248,1.0714506730573576,1.0734572252315406,57.28988595154968,52.53,15.0
2025-09-04 20:00:00,1.0735262023586782,1.0762344797722756,1.0730104675972127,1.0759032272421922,131.34297488587035,52.79,15.0
2025-09-04 20:15:00,1.075906185630905,1.0760497465851875,1.0739045914226748,1.0739771483501708,103.41030942795841,52.82,15.0
2025-09-04 20:30:00,1.0739135430009359,1.0763005609003478,1.0736356538321088,1.0760802046431448,49.98996336699682,52.92,15.0
2025-09-04 20:45:00,1.0760458368816024,1.0813436342105236,1.0760145618349473,1.080447103786104,175.30538384203143,52.57,15.0
2025-09-04 21:00:00,1.080484881015742,1.080706558745358,1.0786482348328708,1.0787664945012034,165.24202262664258,52.72,15.0
2025-09-04 21:15:00,1.0788332756650407,1.0818344912676299,1.0785760420473742,1.0815762241323053,167.57214183686204,52.44,15.0
2025-09-04 21:30:00,1.0815859430795853,1.083565688122073,1.0812593883113855,1.0832299603245619,124.71803245113595,52.51,15.0
2025-09-04 21:45:00,1.083401701161224,1.0905193567961768,1.0831900045165697,1.0904596225507646,180.70917018198867,52.74,15.0
2025-09-04 22:00:00,1.0904063658323155,1.0937144541256318,1.0901256352745916,1.0936999342145333,95.48254690300448,52.92,15.0
2025-09-04 22:15:00,1.0936675799623476,1.0938732975117158,1.0934882523985434,1.0935211714987327,86.27892035544038,52.85,15.0
2025-09-04 22:30:00,1.0935052854142744,1.0967596517412475,1.0929371231436054,1.0964980280315704,286.72318126365485,52.88,15.0
2025-09-04 22:45:00,1.0965259972397092,1.0969168103325178,1.0929364742671237,1.0930521875037638,1429.519661778753,52.92,15.0
2025-09-04 23:00:00,1.09305218695802,1.0930525506387798,1.0928626455515829,1.0928632495747483,165.51010107426544,52.92,15.0
2025-09-05 16:30:00,1.092842845972742,1.096296181138561,1.0911281951770018,1.094487923426502,155.3186764314772,53.89,15.0
2025-09-05 16:45:00,1.0946490272171,1.0993596913269756,1.0938963984726222,1.0990305347851395,19.451103523197126,54.12,15.0
2025-09-05 17:00:00,1.098476717873669,1.103754113443661,1.0965298394533471,1.1034704928010761,189.90613726260867,53.6,15.0
2025-09-05 17:15:00,1.1035443692384403,1.1072974718856952,1.103521361950656,1.1063658628284638,128.48520616789907,53.48,15.0
2025-09-05 17:30:00,1.1064527337613559,1.107101014861493,1.099952285912114,1.1010912316366124,116.38844030668616,53.18,15.0
2025-09-05 17:45:00,1.10113630200922,1.101559903447344,1.098541536260918,1.0985464924367923,172.85274439936103,53.03,15.0
2025-09-05 18:00:00,1.0985974188219345,1.104814126996936,1.0980017092115402,1.1033662042610168,430.23201596607566,53.49,15.0
2025-09-05 18:15:00,1.103389664467471,1.1036687475348348,1.1011163685202117,1.1012151652783764,173.99660843859013,53.59,15.0
2025-09-05 18:30:00,1.1012437982431593,1.1014479349167645,1.0996406897493238,1.1003134620088841,387.29696663686934,53.91,15.0
2025-09-05 18:45:00,1.1003336805381894,1.1004312068786624,1.0998897667035903,1.1000357372597556,55.45852182915347,53.9,15.0
2025-09-05 19:00:00,1.100027425833551,1.104573715833277,1.0997162934955924,1.1044203393039171,132.70469536811177,54.13,15.0
2025-09-05 19:15:00,1.104275174355986,1.1051626133545123,1.0982360791383727,1.098471328688799,113.18355761643238,53.86,15.0
2025-09-05 19:30:00,1.0985239741463928,1.0992699709638905,1.0981912588462102,1.0989629732786148,113.84414985584594,53.85,15.0
2025-09-05 19:45:00,1.0989249443413147,1.099041179440976,1.098757253938486,1.0990292639135213,146.75583016000115,54.04,15.0
2025-09-05 20:00:00,1.0990368198106968,1.100470228545007,1.098974712348953,1.099952524603504,30.9395059763273,53.97,15.0
2025-09-05 20:15:00,1.0999896423321107,1.1011664605324438,1.0996307992798653,1.1008556237590839,171.96975502672132,53.99,15.0
2025-09-05 20:30:00,1.1008813633981271,1.1010031173113308,1.1006025420365015,1.1008272363781069,63.794408955382266,53.96,15.0
2025-09-05 20:45:00,1.1008068293374456,1.1011576106976915,1.0998232767351177,1.0999185012534867,76.82489304977008,53.95,15.0
2025-09-05 21:00:00,1.0999099326283197,1.1000210522607845,1.0992525857822733,1.0995255130800918,83.751738029183,54.27,15.0
2025-09-05 21:15:00,1.0994567681584164,1.0994705123112158,1.0972238140846184,1.0973409537167327,43.648299165059996,54.18,15.0
2025-09-05 21:30:00,1.0972624897431373,1.0978068953260858,1.096774175988718,1.096939263688177,44.787393314377,54.14,15.0
2025-09-05 21:45:00,1.0969113998586213,1.0970742526765762,1.0962116064042045,1.0962194122039437,189.94576899204944,54.33,15.0
2025-09-05 22:00:00,1.09616733158953,1.0977352897698327,1.095780082195152,1.0977115187371396,157.10466667662553,54.36,15.0
2025-09-05 22:15:00,1.0977156099492216,1.0977259853437806,1.09570038253366,1.0958655176770131,345.97744267174636,54.39,15.0
2025-09-05 22:30:00,1.095869982990709,1.09889992306452,1.0955717367606541,1.0986932305906538,214.91720283842994,54.29,15.0
2025-09-05 22:45:00,1.0987411158532323,1.0998945364204598,1.098625987823569,1.0997020576597658,937.0274654366071,54.4,15.0
2025-09-05 23:00:00,1.0997020410555254,1.0997020973368594,1.099528942900024,1.0995291711176975,72.1889753366844,54.41,15.0
2025-09-08 16:30:00,1.099943257947932,1.104733606857067,1.0992819930124977,1.1037136017040656,292.54225989994956,53.69,15.0
2025-09-08 16:45:00,1.1038951344323258,1.104675626540513,1.0970771145338913,1.0977791767234681,301.4731380340829,53.81,15.0
2025-09-08 17:00:00,1.0978033545315298,1.104588176862492,1.097626681352531,1.1038595018310957,98.93130903104183,53.49,15.0
2025-09-08 17:15:00,1.1038405437164953,1.1051639112269618,1.103220954246424,1.1044589741001256,172.99495542842035,53.59,15.0
2025-09-08 17:30:00,1.1045897395664896,1.105826756445309,1.0996713029470715,1.099871956563784,68.4639850516397,53.83,15.0
2025-09-08 17:45:00,1.0999654611328706,1.100274366475035,1.0996012445608077,1.0998946785675114,86.48451351397316,54.04,15.0
2025-09-08 18:00:00,1.099923938380519,1.1051831546644952,1.0994706999178683,1.1047467564262101,145.7553062457789,54.27,15.0
2025-09-08 18:15:00,1.1048842774788772,1.105136729663438,1.0978855922163697,1.0979001723555124,215.01736348796027,53.95,15.0
2025-09-08 18:30:00,1.0978755646359146,1.1042134459523607,1.0977499482998874,1.1037875297356103,90.21042078988644,53.73,15.0
2025-09-08 18:45:00,1.1038261458011216,1.1038492142701815,1.1027451023201758,1.1029579917264247,83.62890168302441,53.73,15.0
2025-09-08 19:00:00,1.1029965273791826,1.10357008817401,1.1028692157636435,1.103465006008328,102.96113066874544,53.77,15.0
2025-09-08 19:15:00,1.1034565499940026,1.104286308036567,1.1034271284674604,1.1041054104610528,32.455138082570244,53.57,15.0
2025-09-08 19:30:00,1.1041080529024654,1.104450953339364,1.1018786961417835,1.1020476266942123,116.59222225938582,53.52,15.0
2025-09-08 19:45:00,1.1021278677069317,1.1025865336321243,1.1002771741300033,1.1005603992851,265.8350536798323,53.67,15.0
2025-09-08 20:00:00,1.1005463809245357,1.1006338089239707,1.0986458110153845,1.0988933293347374,125.4173721257653,53.65,15.0
2025-09-08 20:15:00,1.09894221173412,1.0991445330215917,1.0985483907436773,1.098775067298526,79.85502616050088,53.66,15.0
2025-09-08 20:30:00,1.0988706291043664,1.1001077410184328,1.098098196108346,1.1000723262590941,92.89563020039719,53.45,15.0
2025-09-08 20:45:00,1.100060491827133,1.1000832826721774,1.0985887331901167,1.0990495404141118,227.20532710040135,53.34,15.0
2025-09-08 21:00:00,1.0989722485768996,1.1022317510832769,1.098847194258078,1.10211099986052,168.39763133018133,53.41,15.0
2025-09-08 21:15:00,1.1019388320237935,1.1059068373999852,1.1018885114278707,1.1055593163990487,232.75208249136492,53.74,15.0
2025-09-08 21:30:00,1.1055073733254375,1.1055966715449181,1.1027865147405147,1.10307516956973,149.66343269028158,53.78,15.0
2025-09-08 21:45:00,1.1031379037087194,1.103195858160341,1.1011739067042634,1.1011981521834493,103.79024976184192,53.89,15.0
2025-09-08 22:00:00,1.1012577155202157,1.1016069405344255,1.0999003482895862,1.100142879452694,235.72168335406928,53.82,15.0
2025-09-08 22:15:00,1.100103291123826,1.100291640687722,1.0972791997713505,1.0975129268532497,206.48465345761784,53.85,15.0
2025-09-08 22:30:00,1.0975271151237054,1.0982870011464738,1.0974516480747338,1.098137301514627,259.089255567872,53.92,15.0
2025-09-08 22:45:00,1.0982353776131173,1.100937161292583,1.0980613454327264,1.1008918392231943,1497.0738379468448,54.13,15.0
2025-09-08 23:00:00,1.100891686169773,1.1008923877158248,1.100566164397924,1.1005666596339556,245.77763378114278,54.11,15.0
2025-09-09 16:30:00,1.100466971835846,1.110324121723485,1.0992340908218248,1.1096623665797307,125.5762105145327,54.34,15.0
2025-09-09 16:45:00,1.1096923579061833,1.1139840141176323,1.109381244368645,1.1138400669749107,84.30938258772208,54.24,15.0
2025-09-09 17:00:00,1.1138446081304514,1.1139555103734051,1.1006194075270994,1.1019045724213974,378.41172067918717,53.85,15.0
2025-09-09 17:15:00,1.1019800751725872,1.1020943159323795,1.0995775076397545,1.0995975036982506,165.64038316445965,53.96,15.0
2025-09-09 17:30:00,1.0995176244053675,1.099743888407138,1.0977218673355151,1.0977664613868976,481.92796268929374,53.92,15.0
2025-09-09 17:45:00,1.0977464172249158,1.1018889019374887,1.0974103521764207,1.1017697074923554,121.20021304871157,54.1,15.0
2025-09-09 18:00:00,1.1017921183123867,1.1021662475574991,1.1015757319933253,1.1020160037337705,196.89009171023878,54.05,15.0
2025-09-09 18:15:00,1.1019496203695465,1.1073673407826992,1.1015852235786496,1.1069914536897631,49.53156701987857,54.19,15.0
2025-09-09 18:30:00,1.107096809111966,1.1071383669525061,1.105314634761563,1.1054334961623526,80.16573346954478,54.22,15.0
2025-09-09 18:45:00,1.1054323603342435,1.1060148684893312,1.1007582771816815,1.10140242777818,105.86373139720224,53.89,15.0
2025-09-09 19:00:00,1.1012987666089848,1.1016992998853576,1.091745574697702,1.0921363847952774,198.5183519164133,53.67,15.0
2025-09-09 19:15:00,1.0921345620095475,1.0934261630778714,1.0919689708574285,1.0929676898381684,99.50568689820292,53.7,15.0
2025-09-09 19:30:00,1.093034946417095,1.0951000901214647,1.0925441270705478,1.0945495826497027,102.61156056932326,53.61,15.0
2025-09-09 19:45:00,1.0945339033005048,1.09511090593268,1.094493651645311,1.0948714611009087,117.73341379292116,53.75,15.0
2025-09-09 20:00:00,1.0948427523872688,1.095316900676526,1.0944960427707668,1.095044071278943,82.48853146459753,53.54,15.0
2025-09-09 20:15:00,1.0950288305813434,1.1004311138798393,1.0946601608316773,1.1001218695000572,76.01026157511554,53.73,15.0
2025-09-09 20:30:00,1.1000915477737192,1.101433929915538,1.100079543908676,1.1014266849429026,75.75601518193584,53.79,15.0
2025-09-09 20:45:00,1.1015458056834933,1.10197095757877,1.0996634947610406,1.1000855302040289,194.8242950329825,53.79,15.0
2025-09-09 21:00:00,1.100129075195757,1.1003905049506828,1.0998972641221494,1.0999141892907636,82.1437367353046,53.82,15.0
2025-09-09 21:15:00,1.0999196387861914,1.102188787953835,1.0998319524137967,1.1020402215195677,118.432374249382,53.81,15.0
2025-09-09 21:30:00,1.102038282213761,1.1023033545497853,1.0989388764975645,1.0993565660053628,90.40249699843277,53.87,15.0
2025-09-09 21:45:00,1.0993291716482592,1.0993607168304265,1.0947401222056419,1.0952526183294462,234.8406682886032,53.87,15.0
2025-09-09 22:00:00,1.0952976974442585,1.0953915453763754,1.091255143355282,1.0913979448338076,192.13956387641178,53.77,15.0
2025-09-09 22:15:00,1.0914480279896983,1.093291057840403,1.0908881271891606,1.0927693774077558,462.15127149852117,53.68,15.0
2025-09-09 22:30:00,1.092875636111004,1.0929726897279424,1.0907926117483833,1.090979096504375,546.6160248024557,53.98,15.0
2025-09-09 22:45:00,1.0908906134026612,1.0987325117218165,1.090542702103079,1.0984836621911886,1199.1236458315543,54.21,15.0
2025-09-09 23:00:00,1.0984836019785578,1.0984840791086892,1.0982526514324915,1.098253129725413,150.84797065711572,54.2,15.0
2025-09-10 16:30:00,1.0981953403213007,1.1003519210696595,1.0964293324679955,1.0976530935467668,216.7295930051257,54.21,15.0
2025-09-10 16:45:00,1.0978976046422042,1.09841875091584,1.0924407969907617,1.0931875534698445,204.0576192150605,54.21,15.0
2025-09-10 17:00:00,1.093039810606973,1.0941092686464997,1.0857866457388725,1.0861165852485446,382.0001919763435,53.7,15.0
2025-09-10 17:15:00,1.0861448981898802,1.086626731277312,1.0795000466952507,1.0796442924590643,295.25429791008713,53.23,15.0
2025-09-10 17:30:00,1.079734190987218,1.0819231837504302,1.0791424701890477,1.0817520945280024,396.2068499527891,53.38,15.0
2025-09-10 17:45:00,1.0817115852399786,1.0867016251354455,1.0816432162345562,1.0865517685494235,222.05245502262008,53.43,15.0
2025-09-10 18:00:00,1.086429018230458,1.0874563551653136,1.085565868767431,1.0859557776280924,539.2715653745558,53.31,15.0
2025-09-10 18:15:00,1.0860201980698658,1.0867127959546514,1.0857467065403756,1.0861775666117999,212.27691087437202,53.36,15.0
2025-09-10 18:30:00,1.0861881453191877,1.086376151968078,1.0805028364386164,1.0807486515045985,252.34349577493813,53.48,15.0
2025-09-10 18:45:00,1.0807990542489565,1.0811852349404003,1.073319762222254,1.073499286670313,54.559218749433754,53.24,15.0
2025-09-10 19:00:00,1.0734081637094188,1.0840760888225016,1.0732629841661063,1.0840280226359453,115.05178260881398,52.99,15.0
2025-09-10 19:15:00,1.0838437840937258,1.0852237821423258,1.0766565185942722,1.07669108205849,160.50123177595626,52.48,15.0
2025-09-10 19:30:00,1.0765972907399441,1.0809484016046451,1.0764782747478925,1.0802028999539923,156.19074227829867,52.38,15.0
2025-09-10 19:45:00,1.0800612745577038,1.080266928911388,1.0791085807639118,1.0800611497279333,219.3970501000873,52.1,15.0
2025-09-10 20:00:00,1.0802743094787994,1.0807773799099858,1.078603537580769,1.078672094544719,938.7764286634083,52.14,15.0
2025-09-10 20:15:00,1.0787281851093906,1.0802530698724135,1.0786179192986751,1.080058001546647,509.5838739468986,51.95,15.0
2025-09-10 20:30:00,1.0800203000138757,1.0863584974117217,1.079885074149903,1.0860761061490982,97.8893059674784,51.73,15.0
2025-09-10 20:45:00,1.0861916669164768,1.08666314908035,1.0830746012396462,1.0838215581982005,461.0266644174244,51.43,15.0
2025-09-10 21:00:00,1.0838724567037201,1.0894261026391687,1.083656700032332,1.0891890013440755,94.59428162110636,51.42,15.0
2025-09-10 21:15:00,1.0891608975505738,1.0893070112782182,1.0883043696632178,1.088880537632739,58.591564466204716,51.31,15.0
2025-09-10 21:30:00,1.0887994155674,1.0889679428815857,1.0862672065627785,1.0865976140824525,84.22574863573806,51.17,15.0
2025-09-10 21:45:00,1.086704233072605,1.0917637124405284,1.0866442625897403,1.0916772936422052,72.67467554113406,51.29,15.0
2025-09-10 22:00:00,1.0915127976483896,1.0930585208328545,1.090809308191435,1.0928697190703922,90.38026596256528,50.98,15.0
2025-09-10 22:15:00,1.092866953911444,1.0950533986691446,1.0923763810454872,1.094886322811764,211.40749208940457,51.02,15.0
2025-09-10 22:30:00,1.0948612433288485,1.0950639721236894,1.0935326223645145,1.0936060500317624,362.5919509807947,51.08,15.0
2025-09-10 22:45:00,1.0936205117068254,1.094929632043186,1.093359288997675,1.0948379542589484,1215.0950780524317,50.96,15.0
2025-09-10 23:00:00,1.0948379659614693,1.0948385847793263,1.0944764048004356,1.0944774587247648,210.35767309522166,50.96,15.0
2025-09-11 16:30:00,1.0942071696546207,1.0947568132253889,1.0857840090234883,1.0894405913060619,130.55272186273396,51.78,15.0
2025-09-11 16:45:00,1.0895848463852165,1.1032679865502235,1.089484022683759,1.1023148530737668,175.19410627310933,52.15,15.0
2025-09-11 17:00:00,1.1023416728456379,1.1023643715618154,1.0963516783231309,1.096716501180815,182.8802318207559,52.07,15.0
2025-09-11 17:15:00,1.0968175528120059,1.1012759589637295,1.096729943927453,1.101237345692982,178.64903878287936,52.29,15.0
2025-09-11 17:30:00,1.101089060279909,1.1012361846354661,1.094041881201469,1.0953133902439331,157.7969657159373,52.01,15.0
2025-09-11 17:45:00,1.0951714406777622,1.0964914128351757,1.0945695221892602,1.096198873838358,128.60610021010723,52.11,15.0
2025-09-11 18:00:00,1.0961832714848183,1.097257957326626,1.0958518044695966,1.096902589762869,67.94452542283884,52.24,15.0
2025-09-11 18:15:00,1.0968889989040702,1.0969014692119015,1.095812478079082,1.0963657742797488,135.8392202018466,52.28,15.0
2025-09-11 18:30:00,1.0963556120859892,1.09651605190512,1.094303347731069,1.0943864477050504,141.9229465857719,52.26,15.0
2025-09-11 18:45:00,1.0943875605976918,1.0944994709608755,1.0938780073447965,1.0939281848988895,35.423406388480984,52.33,15.0
2025-09-11 19:00:00,1.0939408185009225,1.0962322703671221,1.093903348479042,1.0960157899935257,115.7758754323229,52.39,15.0
2025-09-11 19:15:00,1.0960706867789447,1.096900999087862,1.0959933242437194,1.0968897158905648,74.20461074600411,52.53,15.0
2025-09-11 19:30:00,1.0968224233295412,1.0968446875937088,1.0942794380907213,1.0942814680100925,135.41239425584436,52.34,15.0
2025-09-11 19:45:00,1.0942700396446996,1.0969986168272599,1.0940101136350988,1.0968946340220227,223.70114012273106,52.39,15.0
2025-09-11 20:00:00,1.0968612814727319,1.101079686565074,1.0967542975844482,1.1010693930486581,128.97376873707557,52.5,15.0
2025-09-11 20:15:00,1.1009872774140341,1.1010316817102,1.0990815859139773,1.099151595957776,77.61505712006326,52.6,15.0
2025-09-11 20:30:00,1.099196375902591,1.102420751483294,1.099033325495538,1.1015535227400386,130.2891023507532,52.77,15.0
2025-09-11 20:45:00,1.1015536851713301,1.1019932330504196,1.0988987036946658,1.0990140916010562,146.88444926020324,52.68,15.0
2025-09-11 21:00:00,1.0989464039473469,1.1013695286944511,1.098676344374408,1.1011187180386595,163.14387835294832,52.95,15.0
2025-09-11 21:15:00,1.1011200503611924,1.101182120850201,1.0988136501417192,1.0991185452487588,476.4256560890001,53.05,15.0
2025-09-11 21:30:00,1.0990474522271023,1.0996043774505477,1.0987384576449635,1.0993562073974472,339.3767665324955,53.1,15.0
2025-09-11 21:45:00,1.0993872223413041,1.0994412386004737,1.0955449714587502,1.0956259314006207,114.56066484562234,52.97,15.0
2025-09-11 22:00:00,1.0956271283940036,1.0957335254161586,1.0952275320460985,1.0953993764159,134.886547483666,52.88,15.0
2025-09-11 22:15:00,1.095434662690188,1.0995448807348063,1.0951765125124788,1.0989004301923768,234.2065054329496,53.23,15.0
2025-09-11 22:30:00,1.0988018656733236,1.099516153606558,1.0985237645536596,1.0985582470282194,403.6897835008712,53.03,15.0
2025-09-11 22:45:00,1.098341417733542,1.09890830016421,1.0920681933458007,1.0930771039209148,785.8087185402867,53.21,15.0
2025-09-11 23:00:00,1.0930771265989299,1.0930773512284147,1.09291840724738,1.0929188836476207,149.3457707915348,53.21,15.0
2025-09-12 16:30:00,1.0929812425781258,1.094051958566847,1.0907754317462488,1.0922559204293436,57.02717403716201,52.08,15.0
2025-09-12 16:45:00,1.0923663492269684,1.0932027850634018,1.0919872678791764,1.093179480447883,130.38890413210615,52.42,15.0
2025-09-12 17:00:00,1.0931812483836532,1.0955642186064858,1.092160607609485,1.0942283618142459,114.23628516022347,51.86,15.0
2025-09-12 17:15:00,1.0939778878789699,1.0944398095739682,1.0865528546307779,1.08695079596643,183.77128136770182,51.54,15.0
2025-09-12 17:30:00,1.0871542978967161,1.094240523655191,1.0871310258560989,1.094026143546252,69.22462688892615,51.23,15.0
2025-09-12 17:45:00,1.094035486612189,1.0951577784047668,1.0935307212016525,1.0948136623105038,189.74410978493898,51.16,15.0
2025-09-12 18:00:00,1.0947754375692134,1.0952098616737265,1.0920086127079376,1.0920367532306665,143.0866468670067,51.12,15.0
2025-09-12 18:15:00,1.0919866609109663,1.0921625412387972,1.0881175261956,1.0884223643462911,121.93054053173789,51.03,15.0
2025-09-12 18:30:00,1.0884331112483254,1.089145642164516,1.086900857112707,1.0869188083624863,236.88681435035363,50.83,15.0
2025-09-12 18:45:00,1.0867352588464778,1.0870689404146057,1.0837150665018078,1.0842809451860331,207.34152024701936,51.03,15.0
2025-09-12 19:00:00,1.0843687403525728,1.0855791908602588,1.0838999227306114,1.0852271367071762,248.59835824575913,51.17,15.0
2025-09-12 19:15:00,1.0852818400686088,1.0853930509594998,1.0828271260302125,1.0828463733321796,186.74187243117595,51.18,15.0
2025-09-12 19:30:00,1.082831779612763,1.085108977464303,1.0827882840139702,1.0849234366084213,153.64759246151255,51.09,15.0
2025-09-12 19:45:00,1.084944411574067,1.0851963225053045,1.0832890059317297,1.0835979652314878,162.20027512330964,51.14,15.0
2025-09-12 20:00:00,1.083571855806079,1.0867167014911583,1.0832932847939978,1.0865680769399293,162.59437298715866,51.13,15.0
2025-09-12 20:15:00,1.0865120074031718,1.0865860298256487,1.0838239082860652,1.0843549490749862,69.6581019561517,51.34,15.0
2025-09-12 20:30:00,1.0844547360226646,1.0845426947168497,1.0813676255405575,1.0814607593682695,89.2026164927861,51.46,15.0
2025-09-12 20:45:00,1.081479712965498,1.0818498036888866,1.0778376442445037,1.0778724260138794,63.895006375343954,51.19,15.0
2025-09-12 21:00:00,1.0778628999030033,1.0795408130023885,1.0777146813978828,1.0790846013377118,85.24299139202436,51.34,15.0
2025-09-12 21:15:00,1.07908556034007,1.0793136626622035,1.076613203564757,1.0768690122399398,43.647040690168545,51.5,15.0
2025-09-12 21:30:00,1.0768568774616603,1.0777461437229092,1.0768282702496874,1.0776078167642464,143.95610256924857,51.61,15.0
2025-09-12 21:45:00,1.0775363740128514,1.0775710598324046,1.074063668866455,1.0742964673141167,89.67834292452606,51.54,15.0
2025-09-12 22:00:00,1.0742669767510633,1.076986591872604,1.0742559270161505,1.076911448898754,205.21291324727594,51.53,15.0
2025-09-12 22:15:00,1.0769382883735104,1.0776471569561055,1.0767105464948845,1.07758942621647,299.9385966848879,51.5,15.0
2025-09-12 22:30:00,1.0775469078212618,1.08029405094803,1.0774306260347224,1.0802721437646405,306.5282918307276,51.49,15.0
2025-09-12 22:45:00,1.0801899178806484,1.0807132418005168,1.0787572472002118,1.0792358016391856,1073.1228058089482,51.26,15.0
2025-09-12 23:00:00,1.0792355113838497,1.0792355690643987,1.079213870470462,1.0792140152197984,206.66070568371435,51.26,15.0
2025-09-15 16:30:00,1.0791607459205543,1.0795850440376822,1.0751889950269529,1.0754329678896137,88.61861879905904,51.5,15.0
2025-09-15 16:45:00,1.0755836803969827,1.0800128575729504,1.0754366189365152,1.0798800227998961,165.5716289535423,51.81,15.0
2025-09-15 17:00:00,1.079840055177445,1.084018228104564,1.0794694653046253,1.0839066082324424,96.746081865723,51.42,15.0
2025-09-15 17:15:00,1.0839283902751335,1.0840381049715546,1.081360363604695,1.081678796621657,81.71093020751863,51.65,15.0
2025-09-15 17:30:00,1.081717380041597,1.081852645735751,1.0816688829792909,1.0817650061707151,79.80181321483784,51.75,15.0
2025-09-15 17:45:00,1.0818114021960106,1.0820753168897788,1.0768417550742735,1.0770663042314723,214.46843988446096,51.74,15.0
2025-09-15 18:00:00,1.0770679801258567,1.080514101645451,1.0766540569138212,1.0802898282844045,143.05100387307596,51.59,15.0
2025-09-15 18:15:00,1.080371378749425,1.0813009724984035,1.077855243106097,1.0778941544533764,99.74308855594538,51.23,15.0
2025-09-15 18:30:00,1.0779321587877755,1.0814167715589817,1.077883654207038,1.0812026986726053,36.45085992761101,51.36,15.0
2025-09-15 18:45:00,1.0811610732388504,1.081260413571197,1.0795580468764865,1.0795650557362702,36.34993073576914,51.26,15.0
2025-09-15 19:00:00,1.0796270252875098,1.080857033944639,1.0793062951248418,1.0808118217550684,59.126121970967276,51.25,15.0
2025-09-15 19:15:00,1.0808375388574867,1.0809367326156891,1.0805281936340354,1.080576410314085,99.29692805634232,51.36,15.0
2025-09-15 19:30:00,1.0806023314299327,1.0806858188302568,1.0787937140319654,1.0788132702175988,68.4151660230197,51.37,15.0
2025-09-15 19:45:00,1.078859208586859,1.079172123840452,1.0778286105286918,1.0781587033971494,188.79382346712282,51.46,15.0
2025-09-15 20:00:00,1.078128220110624,1.0794084022078252,1.0780294873992602,1.0791154575761635,72.67611028313769,51.44,15.0
2025-09-15 20:15:00,1.0791286567618303,1.0796754291219832,1.0771838111794476,1.0772031913245481,169.88487441836148,51.27,15.0
2025-09-15 20:30:00,1.0771489992268135,1.0775355383406242,1.0748514181525262,1.0748785131035705,71.11022119075987,51.37,15.0
2025-09-15 20:45:00,1.074863859719182,1.0755297467758997,1.0736050310691194,1.073989272878956,113.19154026622112,51.37,15.0
2025-09-15 21:00:00,1.07389822875058,1.0756076060394448,1.0735548685601186,1.0750009017961353,110.3692201187047,51.42,15.0
2025-09-15 21:15:00,1.0750312598127572,1.0752349261216305,1.0737240877138354,1.0738873049980173,298.3974301898704,51.28,15.0
2025-09-15 21:30:00,1.0739397248739084,1.0770857791497068,1.0739043240184367,1.076899159287822,109.62119894989829,51.45,15.0
2025-09-15 21:45:00,1.0769064775394506,1.077114661297744,1.0746937371594536,1.0750116851313924,279.9907044380841,51.4,15.0
2025-09-15 22:00:00,1.0748810146510148,1.0752843463598016,1.073975650168801,1.0741550228927592,237.79126476382078,51.26,15.0
2025-09-15 22:15:00,1.0740353117120796,1.0766092102823934,1.0740350016676634,1.076607674662446,382.90933639194736,51.26,15.0
2025-09-15 22:30:00,1.0765833939449831,1.0791171287238506,1.0764660560009567,1.078704465830863,267.53462145493825,51.46,15.0
2025-09-15 22:45:00,1.0787398601290337,1.0831492724131222,1.0783009773613266,1.0820208264587896,1347.9262104662855,51.65,15.0
2025-09-15 23:00:00,1.0820209226917346,1.082021152794915,1.0818597664875047,1.0818600317687712,180.4893626701948,51.62,15.0
2025-09-16 16:30:00,1.0816235295820864,1.082344482057386,1.0712565238845653,1.07127019779164,479.9254737357979,51.68,15.0
2025-09-16 16:45:00,1.071539620798561,1.072305248189211,1.0672175929845933,1.068433001587834,861.8957284288393,51.3,15.0
2025-09-16 17:00:00,1.0683513062327172,1.068844287828602,1.067862103879023,1.0681664432975586,125.91118305780954,51.1,15.0
2025-09-16 17:15:00,1.0682001898764688,1.0703810068731743,1.0676186141792965,1.0700295424617132,568.9842936767782,51.36,15.0
2025-09-16 17:30:00,1.0699096369324537,1.0703128010754144,1.064908206074728,1.0649905057951576,301.2411748222447,51.24,15.0
2025-09-16 17:45:00,1.0649911282619948,1.065124486655555,1.0631318537006174,1.0635490260426297,413.8348599108695,51.21,15.0
2025-09-16 18:00:00,1.0633544289276202,1.0690340709062598,1.063336072165706,1.068368434892761,979.9400640262862,51.43,15.0
2025-09-16 18:15:00,1.0682724901671101,1.0708121923626361,1.0681369647577046,1.070791917721609,532.1205424006234,51.2,15.0
2025-09-16 18:30:00,1.0708198832172393,1.072231698777444,1.0708192346099588,1.071877157208546,424.4411374870013,51.31,15.0
2025-09-16 18:45:00,1.071974025456496,1.0720369043174411,1.0708526019664257,1.0708649159955155,511.9010063196674,51.4,15.0
2025-09-16 19:00:00,1.070802978419924,1.070811871628214,1.070615770458589,1.070667621394547,404.25029253734624,51.29,15.0
2025-09-16 19:15:00,1.0706621007698547,1.071014449089546,1.0705958052558073,1.0708002790966547,250.26288257281414,51.26,15.0
2025-09-16 19:30:00,1.0708184039786794,1.070876336936744,1.0703849207549465,1.0704388526844946,142.27175241776743,51.3,15.0
2025-09-16 19:45:00,1.0706044704834594,1.0706424599961146,1.0648301751727867,1.0649441117758305,420.1853654471825,51.44,15.0
2025-09-16 20:00:00,1.0648672507586765,1.0684568703923207,1.0647865876134959,1.068343726953142,143.97063574480907,51.3,15.0
2025-09-16 20:15:00,1.068360936022411,1.0691407464739744,1.0682169949139113,1.0687949867720705,217.35853041201628,51.27,15.0
2025-09-16 20:30:00,1.0688003245275541,1.0694454207959612,1.0686553156223169,1.069355338221417,242.53436761623942,51.3,15.0
2025-09-16 20:45:00,1.0692965527237912,1.069442225662034,1.0676798740751332,1.0680571635833942,205.42315768891552,51.39,15.0
2025-09-16 21:00:00,1.0680980637043267,1.068347065097245,1.0678560476597938,1.0680396700277548,107.0342374321157,51.35,15.0
2025-09-16 21:15:00,1.0680083894201369,1.0684930316952879,1.067868486527641,1.0684019677161583,250.72789312906903,51.3,15.0
2025-09-16 21:30:00,1.0683312633648092,1.068644387372476,1.0635766832872897,1.0637706229194293,276.88783081808845,51.37,15.0
2025-09-16 21:45:00,1.0637638700189034,1.0644956059001267,1.0636966763300972,1.0643186649138134,404.982410164767,51.41,15.0
2025-09-16 22:00:00,1.0644624262550657,1.0652002534430935,1.0581458408097095,1.0582152362119175,280.25530470193377,51.86,15.0
2025-09-16 22:15:00,1.0581882229533408,1.0586575219763694,1.055253402241528,1.0553486892909825,216.9131249053807,51.65,15.0
2025-09-16 22:30:00,1.0553609898213698,1.0571019704157432,1.054480954033405,1.056408793583272,154.59658168155266,51.49,15.0
2025-09-16 22:45:00,1.0563269852734565,1.0568526155773137,1.05411418094079,1.0542190493476067,787.9713583802286,51.78,15.0
2025-09-16 23:00:00,1.0542191530076088,1.0547314804500483,1.0542184955181222,1.0547312290663111,202.5926039990108,51.78,15.0
2025-09-17 16:30:00,1.0548004760889822,1.060971894341841,1.0541000084642236,1.0609124271462507,93.34268647251034,52.71,15.0
2025-09-17 16:45:00,1.0609500941350287,1.0621146264494528,1.0531721073268798,1.0537245303398621,97.33672285074724,52.8,15.0
2025-09-17 17:00:00,1.053618924933602,1.0537383952948243,1.0494612236766916,1.0495278906985765,200.12987884941003,52.43,15.0
2025-09-17 17:15:00,1.0494526185989865,1.0515716858843287,1.0492254441772784,1.051471971444146,98.3924034988691,52.58,15.0
2025-09-17 17:30:00,1.05150357182671,1.0518862800238196,1.0503806512845444,1.0509594367264472,126.65115034235113,52.73,15.0
2025-09-17 17:45:00,1.0509597656089242,1.051215180151182,1.0501978319874226,1.0504973750491602,84.64500549316345,52.77,15.0
2025-09-17 18:00:00,1.0505461774801648,1.0520919140925322,1.0502331849877677,1.051890384352889,202.26212791965395,52.66,15.0
2025-09-17 18:15:00,1.051852143217678,1.0548903807733558,1.0518480710155973,1.0547409830034076,46.15314912154598,52.8,15.0
2025-09-17 18:30:00,1.0547052374914079,1.055086879018291,1.05222970615206,1.0523943805475262,40.95033119259415,52.62,15.0
2025-09-17 18:45:00,1.0524120684206046,1.0548523132203063,1.051965591595448,1.054795027620586,108.26480739654153,52.7,15.0
2025-09-17 19:00:00,1.0548858325386525,1.055603237644329,1.0517548105100503,1.0519168816266349,73.65669388397949,52.47,15.0
2025-09-17 19:15:00,1.0519622132200526,1.0522145572486217,1.0484419055074765,1.0484767086946714,66.20171035308701,52.28,15.0
2025-09-17 19:30:00,1.0484957400447519,1.049427664488962,1.0479211640313448,1.0494002277165493,56.214108516376626,52.25,15.0
2025-09-17 19:45:00,1.049395804501728,1.0515844282015525,1.0491096523370882,1.0515390573638792,59.42263955403232,52.24,15.0
2025-09-17 20:00:00,1.0514373575343197,1.0517088153327645,1.0511990479031348,1.05159306926154,235.74432214959467,52.15,15.0
2025-09-17 20:15:00,1.051636455511698,1.051843158508926,1.0500089432636186,1.050246214711526,45.73721766056184,52.11,15.0
2025-09-17 20:30:00,1.0501717266371036,1.0514897951910107,1.0499067477437538,1.051470206366673,186.9374543613897,52.17,15.0
2025-09-17 20:45:00,1.051467553264321,1.0514696961728112,1.050867012120784,1.0511377048668378,31.934854790341237,52.32,15.0
2025-09-17 21:00:00,1.050582476118547,1.0525293125207242,1.039105971807964,1.0417794538942162,210.55032601536178,53.12,15.0
2025-09-17 21:15:00,1.0416912482619167,1.0509138280202712,1.041463306562944,1.0496079137996657,59.93277710733004,52.98,15.0
2025-09-17 21:30:00,1.0491875194312348,1.0509682590690028,1.039841316852674,1.0408273771627012,148.0761345396287,51.92,15.0
2025-09-17 21:45:00,1.041086168226314,1.0416974652018656,1.0343950346513349,1.0349827839405534,77.07735815642879,51.66,15.0
2025-09-17 22:00:00,1.034970147391247,1.0357958697790761,1.0286542724995367,1.0295540223087176,137.35689639408506,51.36,15.0
2025-09-17 22:15:00,1.0296678356365416,1.0313370437321843,1.029551211566548,1.0312352230370996,303.6927255519043,51.5,15.0
2025-09-17 22:30:00,1.0311625358819434,1.031961148925799,1.0310211729696477,1.0315585848722006,108.35581908226094,51.56,15.0
2025-09-17 22:45:00,1.0315344725997946,1.0347543815346347,1.0301096161838534,1.0331011489083106,1815.102873414967,51.52,15.0
2025-09-17 23:00:00,1.0331010911402514,1.034023072511809,1.0331008301605324,1.0340229913010208,249.3368820326518,51.52,15.0
2025-09-18 16:30:00,1.034090236668113,1.0438745366128874,1.0331613710941858,1.0430935854509356,102.12404083675028,52.06,15.0
2025-09-18 16:45:00,1.0430366237517128,1.0436364688368824,1.042850533169237,1.0433660178370967,25.564055392806747,52.05,15.0
2025-09-18 17:00:00,1.0432136229268856,1.0433891049945183,1.037431773246423,1.038375004086727,62.219712779667056,52.65,15.0
2025-09-18 17:15:00,1.0383734904616901,1.039857845914225,1.0380827423910024,1.039635406164838,30.06682782452168,52.74,15.0
2025-09-18 17:30:00,1.0397004906806082,1.0414608805148606,1.0394286610696133,1.04136237379004,181.08948059914087,52.83,15.0
2025-09-18 17:45:00,1.041345973809227,1.047174830758234,1.0413064221683477,1.0466335974882472,103.02110701509118,52.83,15.0
2025-09-18 18:00:00,1.0466420192724548,1.0469156990886046,1.0464505320904296,1.0465755102215293,210.51939664931382,53.11,15.0
2025-09-18 18:15:00,1.0465311464802454,1.0473532979339586,1.0413976111559664,1.0416656284029593,194.5371402590121,52.9,15.0
2025-09-18 18:30:00,1.0417292767570492,1.0443788355044712,1.0416432891907796,1.0442462301511324,56.5488928902379,52.98,15.0
2025-09-18 18:45:00,1.044321023976288,1.0451277252605486,1.042895636291603,1.0429967483738316,53.16209997178999,52.68,15.0
2025-09-18 19:00:00,1.043012124210782,1.0470220985124081,1.0429543349741157,1.0468472291136854,65.5961493795252,52.78,15.0
2025-09-18 19:15:00,1.046843511405965,1.0483789217487873,1.046570900137983,1.0482545479963457,46.42936402837178,52.87,15.0
2025-09-18 19:30:00,1.0482088980663615,1.050235256149838,1.0479904415838732,1.0500785236644277,28.55662503719539,53.09,15.0
2025-09-18 19:45:00,1.0500074498580736,1.0508694745953215,1.0496879547569524,1.0507413827093475,62.51844484446442,52.89,15.0
2025-09-18 20:00:00,1.0506961434833482,1.0531225165467832,1.0506323025467619,1.0530936010082055,73.81572211628911,52.74,15.0
2025-09-18 20:15:00,1.0530929284712625,1.0532594848325614,1.051219631808363,1.0514590804363215,73.56825753295979,52.86,15.0
2025-09-18 20:30:00,1.0514086143373262,1.0527524201097906,1.0511136251636808,1.0525597523974073,46.57433736009254,52.85,15.0
2025-09-18 20:45:00,1.0525737201898377,1.0528148451391852,1.051973552792932,1.0520755299414004,126.40810257072197,52.73,15.0
2025-09-18 21:00:00,1.0520479655713961,1.057736922018932,1.0520125555749709,1.0574815554004116,83.06655924169499,52.76,15.0
2025-09-18 21:15:00,1.057446036002352,1.0575470823109314,1.0541685793438416,1.0541797091078133,90.07304917502368,52.71,15.0
2025-09-18 21:30:00,1.0541948153740088,1.0542358476707974,1.0519655814883968,1.0521320021874585,153.4917740465777,52.7,15.0
2025-09-18 21:45:00,1.052099724836388,1.0544396691334517,1.051645921851823,1.0543061290999274,297.08265971065435,52.89,15.0
2025-09-18 22:00:00,1.054305724018371,1.0557725272233824,1.054218497752532,1.0553384284829812,84.54380984067247,52.8,15.0
2025-09-18 22:15:00,1.0552821257523146,1.0556960725906845,1.053288228856749,1.0534283682929746,169.96784068699952,52.77,15.0
2025-09-18 22:30:00,1.053555040105755,1.0576284754976075,1.0530817786857045,1.0567412252859858,480.3261504511708,53.01,15.0
2025-09-18 22:45:00,1.0567442385088088,1.068366794059137,1.0563838196885897,1.0680048703505345,909.2491309890312,52.99,15.0
2025-09-18 23:00:00,1.0680049408702612,1.0683302363190386,1.068004749641178,1.0683301740367295,285.87228838549277,52.99,15.0
2025-09-19 16:30:00,1.068245669401422,1.0686905654574084,1.06381517247738,1.0642646688962119,93.62410519564446,52.85,15.0
2025-09-19 16:45:00,1.064204683031296,1.0645738508874696,1.0639367453207142,1.0642416433325896,90.0567657981984,52.7,15.0
2025-09-19 17:00:00,1.0643398269242725,1.0649943260039043,1.0616663140652474,1.061757505657146,79.13442234911189,52.51,15.0
2025-09-19 17:15:00,1.0616529862627557,1.0618452407350236,1.0577925052593202,1.0580361451794786,292.39023697932544,52.46,15.0
2025-09-19 17:30:00,1.0579890560311318,1.0619044168164422,1.0577150643853024,1.0617791891771726,166.98899807177963,52.37,15.0
2025-09-19 17:45:00,1.0618038045945921,1.0650507491966388,1.0617564545541431,1.0650073044038078,133.24966031693685,52.23,15.0
2025-09-19 18:00:00,1.0650095296089968,1.0657829292521246,1.0648938963291386,1.065710982682769,150.4495063554631,52.24,15.0
2025-09-19 18:15:00,1.0659240399185115,1.0660441326798564,1.0650634273474704,1.065393779558431,49.123918820523336,51.96,15.0
2025-09-19 18:30:00,1.06539056767873,1.0715018570385728,1.0651552427590405,1.0714334479220826,153.78199825855285,52.1,15.0
2025-09-19 18:45:00,1.0714273878225578,1.0757624934857573,1.0710767276970028,1.0750851501224763,52.27774941179038,52.29,15.0
2025-09-19 19:00:00,1.0750946756414714,1.0757216150995292,1.070345222521003,1.0706503310842361,86.52464888850797,52.47,15.0
2025-09-19 19:15:00,1.0706774724042842,1.0710971754591208,1.070368784243057,1.0706948113350725,109.94494545919619,52.41,15.0
2025-09-19 19:30:00,1.070768839470017,1.070992707696358,1.0703318979962115,1.0705440477433472,57.24129920735024,52.33,15.0
2025-09-19 19:45:00,1.0705070160794987,1.0712169151888666,1.0703661785814529,1.0710612435714795,69.70120731291517,52.36,15.0
2025-09-19 20:00:00,1.0709989098619752,1.072696602915444,1.070962319183372,1.0724213386569617,75.24188746843465,52.5,15.0
2025-09-19 20:15:00,1.0724352798451202,1.0725251649370962,1.067356798802421,1.0674697878080865,67.35421214231438,52.49,15.0
2025-09-19 20:30:00,1.067530431414712,1.0694544575939011,1.067395367591477,1.0694273957327607,107.27031684535973,52.44,15.0
2025-09-19 20:45:00,1.0694533585758996,1.0698940632904248,1.0693281931584167,1.0698038337106366,84.1829575740714,52.46,15.0
2025-09-19 21:00:00,1.069800555037638,1.0701375729416656,1.06946927169291,1.0695775864039614,125.99462496490922,52.42,15.0
2025-09-19 21:15:00,1.0695032150823072,1.069885679710657,1.067741510071086,1.0678008355576383,185.76825678484408,52.56,15.0
2025-09-19 21:30:00,1.067991848415683,1.0684016405205965,1.0636048334015813,1.063658320376488,217.12882599985141,52.73,15.0
2025-09-19 21:45:00,1.0636073994178774,1.063757993619982,1.0620013090992217,1.0621931342367348,222.40872269217562,52.85,15.0
2025-09-19 22:00:00,1.0620225527765454,1.0627846966447654,1.0579318754177762,1.0580513107735037,298.8972973630006,53.12,15.0
2025-09-19 22:15:00,1.0580761573727337,1.0600368159485651,1.0579670142240725,1.0599429080011922,622.1548187505495,53.23,15.0
2025-09-19 22:30:00,1.0600111805620658,1.060307838425619,1.0582691315908364,1.058269355487977,432.2582640433422,53.2,15.0
2025-09-19 22:45:00,1.0582927487293334,1.0589838776097673,1.0502966079463303,1.0516039550840892,1253.846081495334,53.15,15.0
2025-09-19 23:00:00,1.0516041436154162,1.052268701045818,1.051603341860912,1.052268418157588,404.146961737856,53.15,15.0
2025-09-22 16:45:00,1.0522042214453948,1.0574908329207535,1.0519644708437321,1.0563826691573972,88.63421706213099,53.96,15.0
2025-09-22 17:00:00,1.0562686240820396,1.0594044250267998,1.055226662413975,1.0591933507791247,267.704551597169,53.09,15.0
2025-09-22 17:15:00,1.0591789503560727,1.0612196310800834,1.0588578551609993,1.0611171961365706,280.4210129281329,53.12,15.0
2025-09-22 17:30:00,1.0611346074847399,1.0619745366973463,1.0611261436700923,1.0619673357838382,75.92485436331873,53.13,15.0
2025-09-22 17:45:00,1.0620690104768944,1.06450178879594,1.0613000558251011,1.0644470991377533,172.78100504906556,53.16,15.0
2025-09-22 18:00:00,1.0645701996027652,1.0646452424799586,1.0618996530018057,1.0619520170270424,123.71690613097078,53.17,15.0
2025-09-22 18:15:00,1.0618141811863686,1.0639903200488314,1.0610785205112085,1.0636431604709689,340.23422041333583,52.95,15.0
2025-09-22 18:30:00,1.0635779887442647,1.0647305655471466,1.0635373946953308,1.06467715338753,63.7703525750562,53.04,15.0
2025-09-22 18:45:00,1.0647103864797902,1.0647986206055895,1.0640984127706137,1.0643080753856142,54.22833600022328,52.83,15.0
2025-09-22 19:00:00,1.0643200269612447,1.0646193568776225,1.057857353545153,1.0580320517771216,74.82751298892326,52.71,15.0
2025-09-22 19:15:00,1.0580663697474992,1.0583558873920953,1.057180506456179,1.0575992432677344,110.55438244966167,52.61,15.0
2025-09-22 19:30:00,1.0575180388931236,1.0616606648118547,1.057067872539445,1.060906624274832,94.18626554175437,52.65,15.0
2025-09-22 19:45:00,1.0609147801383225,1.0660768516876864,1.0607698471529916,1.065633736110599,180.7868413322307,52.67,15.0
2025-09-22 20:00:00,1.0655524355688955,1.0667678107838918,1.0630636121979775,1.0634750231994823,261.18138935720594,52.55,15.0
2025-09-22 20:15:00,1.0634404471624241,1.0679959772989536,1.0633359734762133,1.067726450804295,54.395435037746324,52.64,15.0
2025-09-22 20:30:00,1.0679157346625348,1.070223360517805,1.0676788909661399,1.070187653500398,160.3445001212794,52.93,15.0
2025-09-22 20:45:00,1.070167282872715,1.0720043684601415,1.06990972711222,1.0719716502178112,90.11581316950483,52.95,15.0
2025-09-22 21:00:00,1.0720019387988629,1.0743446411952695,1.0719486966284417,1.0742312388329025,101.87711491676343,52.9,15.0
2025-09-22 21:15:00,1.0742029546180323,1.0747619589006119,1.0700717376394306,1.0702203281171274,97.71079560165603,52.88,15.0
2025-09-22 21:30:00,1.0703110424009752,1.0703436566442335,1.0685456709571144,1.0688064904634476,103.98201822762323,52.88,15.0
2025-09-22 21:45:00,1.068764761510958,1.0688620802619306,1.0662244727638297,1.0663163299946337,71.9826053380517,52.9,15.0
2025-09-22 22:00:00,1.066310444932815,1.071320042054284,1.0660356905862598,1.0709464659055312,255.78411214437608,52.94,15.0
2025-09-22 22:15:00,1.070988507372438,1.0711748973017206,1.0692868879584012,1.069591280031347,338.08832253200643,53.09,15.0
2025-09-22 22:30:00,1.069570333846544,1.0699200371574702,1.0695066634179327,1.0695837405976145,308.8996751269236,53.05,15.0
2025-09-22 22:45:00,1.0696065944719737,1.0735291560467508,1.068631455687502,1.0733736549894153,1342.4913403138278,53.05,15.0
2025-09-22 23:00:00,1.0733736628141697,1.073559537284831,1.07337345468233,1.0735594251772949,247.92904845705178,53.04,15.0
2025-09-23 16:30:00,1.0734301996624491,1.0772194110762947,1.07306649110788,1.0768667245170302,74.85976037186343,53.37,15.0
2025-09-23 16:45:00,1.0768355131137657,1.0776208897927935,1.0765611226070488,1.077095571388803,70.77767216397991,53.91,15.0
2025-09-23 17:00:00,1.0768369956928614,1.0769854418068345,1.0738762879196946,1.0739161104418298,167.62971061711409,54.14,15.0
2025-09-23 17:15:00,1.0739819041620446,1.076895011352427,1.0735997533550223,1.0768214438771335,211.1869416779436,54.26,15.0
2025-09-23 17:30:00,1.0768189492240896,1.0770828700050459,1.0738114832341468,1.074045479662413,96.78785482164635,54.36,15.0
2025-09-23 17:45:00,1.074089227296252,1.0744420248439102,1.0729962026370667,1.0732777958509094,125.20582468098449,54.36,15.0
2025-09-23 18:00:00,1.0734516282524889,1.07394431959487,1.0648490342678445,1.065465078506538,51.41061722202119,54.09,15.0
2025-09-23 18:15:00,1.065480778167791,1.0663933356872761,1.0653722398860064,1.0662463867455483,175.51672856312794,54.13,15.0
2025-09-23 18:30:00,1.0663165667456493,1.0671121221273332,1.0658467427577152,1.0669831225617024,114.24165558020835,54.21,15.0
2025-09-23 18:45:00,1.0670000351170938,1.0672625417133703,1.0660944839621362,1.0663040021761734,64.27224036920249,54.08,15.0
2025-09-23 19:00:00,1.066308673143868,1.070108326007429,1.066035598385833,1.0699997670439125,132.06788629109457,54.15,15.0
2025-09-23 19:15:00,1.0700063883694715,1.0704863420140274,1.0684198267108982,1.068737059096924,234.30838110722607,54.17,15.0
2025-09-23 19:30:00,1.0687750562287486,1.070099830274295,1.0687220555608172,1.0700100713707323,436.6411539585854,54.07,15.0
2025-09-23 19:45:00,1.0700162556491517,1.0700992682938488,1.0684883445084146,1.0684995272248583,274.42947368367606,53.88,15.0
2025-09-23 20:00:00,1.0684945484526351,1.0708044930603138,1.0683320041836375,1.0706393191431702,67.90111656102012,53.91,15.0
2025-09-23 20:15:00,1.070618852104794,1.072406227046975,1.0703855805860076,1.0723678223018027,58.82953424376586,53.69,15.0
2025-09-23 20:30:00,1.072351143118765,1.0730117564289896,1.0722461467598328,1.0727776318653022,48.27089731681264,53.66,15.0
2025-09-23 20:45:00,1.0727419888182512,1.0733195644714808,1.0693780764450758,1.069542969876675,75.02999197275876,53.46,15.0
2025-09-23 21:00:00,1.0695267311890286,1.0701064507170994,1.0687535413408176,1.0689559187345614,114.71714512575464,53.39,15.0
2025-09-23 21:15:00,1.0689452372668753,1.074212802599456,1.0684711004057617,1.0740928293760623,138.26999725794002,53.48,15.0
2025-09-23 21:30:00,1.074062885025211,1.0743598354932478,1.0727661106765571,1.0729596139004234,54.013115669914285,53.32,15.0
2025-09-23 21:45:00,1.0728790548320237,1.0730975139578156,1.0701620891651804,1.0705228296199554,74.60821013756397,53.04,15.0
2025-09-23 22:00:00,1.070637788255106,1.0709548835122953,1.0657729477288558,1.0659200319830808,99.48800843697619,52.83,15.0
2025-09-23 22:15:00,1.066115976189452,1.066409410752516,1.0647653406153712,1.0654939261120386,218.06995554240143,53.01,15.0
2025-09-23 22:30:00,1.0655171349630501,1.0704760690687458,1.0652732884115272,1.070364373173786,509.29798360111806,52.96,15.0
2025-09-23 22:45:00,1.070504166489335,1.0743844780602585,1.069968284776355,1.0742991445642174,767.7570059587802,52.93,15.0
2025-09-23 23:00:00,1.0742991253326013,1.0744626710668341,1.0742981676782253,1.0744611809772011,227.89269337772572,52.92,15.0
2025-09-24 16:30:00,1.0744369235141227,1.0754382636390678,1.0547019764878747,1.0549986269859055,184.22488033388586,52.37,15.0
2025-09-24 16:45:00,1.0550926697489535,1.055247979256202,1.0532589775133911,1.0539467705729921,234.11461863826068,52.17,15.0
2025-09-24 17:00:00,1.054162195746163,1.056033160483939,1.0529165143167796,1.0557226951018654,93.14161278725223,51.84,15.0
2025-09-24 17:15:00,1.0557504866164558,1.05604631361721,1.0544209147610861,1.055031853332249,123.46127144750803,51.55,15.0
2025-09-24 17:30:00,1.0550863624788616,1.0567159059402602,1.0548416818990283,1.0561070610102572,151.5613805354777,51.57,15.0
2025-09-24 17:45:00,1.0561300179216506,1.0568805802005048,1.0494172582353154,1.05006301205114,67.5557331689753,51.32,15.0
2025-09-24 18:00:00,1.050058237901947,1.0508903922533241,1.0452226464077583,1.0454945941679437,93.82870932313584,51.24,15.0
2025-09-24 18:15:00,1.0455514738464504,1.0489924462740587,1.044974584851348,1.0487422971482308,75.33082464140875,51.38,15.0
2025-09-24 18:30:00,1.0487027013336157,1.0495129124404228,1.0449117205649276,1.04506555782829,164.4509496596579,51.28,15.0
2025-09-24 18:45:00,1.0450670841058052,1.0452464628275469,1.0450382625893009,1.0450427585444295,78.96635084729233,51.24,15.0
2025-09-24 19:00:00,1.0450095032066735,1.0486566545767644,1.0449629416397859,1.0484830059984032,117.36382130824376,51.19,15.0
2025-09-24 19:15:00,1.0483785351990045,1.0486304070579013,1.0459261756424392,1.0462046051975413,181.70636169423628,51.34,15.0
2025-09-24 19:30:00,1.046317612052692,1.0464580734394582,1.0453534873927262,1.045497981279001,79.86585292004871,51.47,15.0
2025-09-24 19:45:00,1.0455066550581462,1.0456427862706574,1.0409433845578675,1.041415697644685,188.339460884765,51.36,15.0
2025-09-24 20:00:00,1.041452277308592,1.042370593944229,1.04122122260651,1.0419223619595792,137.39670013044918,51.45,15.0
2025-09-24 20:15:00,1.0419979282097076,1.0442527717111918,1.0419818027693724,1.0440690393519059,96.53216389315313,51.38,15.0
2025-09-24 20:30:00,1.044125259062528,1.0441453836903292,1.04324697071531,1.0435091977216486,51.965949225787014,51.31,15.0
2025-09-24 20:45:00,1.0435250223442716,1.043866126530713,1.039239927469983,1.0395917556704304,29.20204630559044,51.19,15.0
2025-09-24 21:00:00,1.0396032615595119,1.039806813228266,1.0379135038508709,1.0382044231448702,79.50233837204325,51.14,15.0
2025-09-24 21:15:00,1.0382248493407393,1.0385070528620757,1.0369230697388858,1.0371499196855996,107.08510024896297,51.17,15.0
2025-09-24 21:30:00,1.037157668168254,1.0377719667118528,1.037154559544367,1.0375006806301048,41.42588033132563,51.14,15.0
2025-09-24 21:45:00,1.0375298898820366,1.0377171576547537,1.0364669472992385,1.0368370590132467,167.1183442359578,51.08,15.0
2025-09-24 22:00:00,1.036805943184277,1.0411779325528685,1.0367318461874093,1.0407039671709364,142.1505547952414,51.17,15.0
2025-09-24 22:15:00,1.040742443183607,1.0413376315472813,1.0407102231631957,1.0413195467596088,194.2392314660351,51.25,15.0
2025-09-24 22:30:00,1.0413932986654861,1.0490858015917741,1.041085655319477,1.0482498030877412,152.19917234582084,51.39,15.0
2025-09-24 22:45:00,1.0482228611862086,1.0550777949654524,1.0482006418911665,1.0549505314621934,815.8936944063402,51.26,15.0
2025-09-24 23:00:00,1.0549504268210323,1.0552768167432143,1.0549499569494354,1.0552764721561818,144.79121913328348,51.22,15.0
2025-09-25 16:30:00,1.0548502121278633,1.0601369253993433,1.054382904060899,1.0593575237554274,201.00883189529083,51.11,15.0
2025-09-25 16:45:00,1.0593719336552059,1.0623174027213795,1.0591173797788578,1.0622124462756504,250.10567278293007,51.12,15.0
2025-09-25 17:00:00,1.0622314870155924,1.0632481803641625,1.0617046580539717,1.0629204378475765,69.40115209761578,51.06,15.0
2025-09-25 17:15:00,1.0629529703079827,1.0658283264539874,1.0629148429888045,1.0654500010558579,199.01420121691615,50.98,15.0
2025-09-25 17:30:00,1.065560078321631,1.0660161381895787,1.0594227032264447,1.0604780536966723,149.28795721625792,50.56,15.0
2025-09-25 17:45:00,1.0606647072537454,1.0648651209181341,1.060603644231045,1.0647266198604524,104.8416807792475,50.25,15.0
2025-09-25 18:00:00,1.0648435854641793,1.0708345856370594,1.0646441557442852,1.070828355686473,118.07309555642804,50.58,15.0
2025-09-25 18:15:00,1.0708103480120614,1.0757850017855586,1.0705461864285424,1.075409360019351,401.7879695611672,50.52,15.0
2025-09-25 18:30:00,1.075397320007241,1.0760376121837998,1.07503191637063,1.075633892238961,266.5423727846257,50.56,15.0
2025-09-25 18:45:00,1.0756365203626188,1.0767548004652345,1.0754154023355045,1.076548003285126,318.0722018335922,50.51,15.0
2025-09-25 19:00:00,1.076503030570802,1.0765958344338888,1.075495253292043,1.0755504858700549,114.05962568503864,50.55,15.0
2025-09-25 19:15:00,1.0755903213455262,1.0767253358939346,1.0755650182282754,1.076539179559994,159.87819353557083,50.35,15.0
2025-09-25 19:30:00,1.0765842140152055,1.081791484194465,1.0765287883954546,1.0809632432141383,58.43782629156968,50.3,15.0
2025-09-25 19:45:00,1.0810384690763593,1.084936818240536,1.0805326231434478,1.084628275892253,166.40439390409122,50.26,15.0
2025-09-25 20:00:00,1.0846452590312887,1.0865447357372062,1.084596974307665,1.0861412759231965,77.81453407647344,50.4,15.0
2025-09-25 20:15:00,1.0861754695577015,1.086208822811675,1.0841304648514316,1.0847587315998208,68.52004229595255,50.25,15.0
2025-09-25 20:30:00,1.084792308576961,1.08486664552002,1.082656414067762,1.0828581210500783,50.21038987982703,50.28,15.0
2025-09-25 20:45:00,1.082803286299841,1.083189181796129,1.0826034161271247,1.0830996237366872,208.4996581410285,50.3,15.0
2025-09-25 21:00:00,1.083169776033743,1.0834491552647596,1.0825254678313245,1.0825283504938614,279.3790778722262,50.29,15.0
2025-09-25 21:15:00,1.0824782953937135,1.0852094107806651,1.082256096818519,1.0851102809318134,128.24395643655055,50.44,15.0
2025-09-25 21:30:00,1.0851689007510679,1.0860740401222544,1.0850191048492908,1.08593028815542,158.90008277704095,50.53,15.0
2025-09-25 21:45:00,1.0858933894596345,1.0860852086267967,1.0843820680020313,1.0844940402255494,77.729253534143,50.44,15.0
2025-09-25 22:00:00,1.084465224603478,1.0845676840530536,1.0834247636573984,1.0837136912737293,191.75733019639387,50.39,15.0
2025-09-25 22:15:00,1.0837112008745775,1.084575265740789,1.0837001810020166,1.0843185055915927,283.50268371841213,50.34,15.0
2025-09-25 22:30:00,1.0842576940628692,1.0843102132634033,1.082634482132333,1.082964886380606,77.74264111146508,50.4,15.0
2025-09-25 22:45:00,1.082893711870213,1.0856887096543697,1.0827976227360527,1.085254936374253,416.4814386962262,50.48,15.0
2025-09-25 23:00:00,1.085255043648081,1.0852552597781915,1.0850561431030212,1.0850562006226467,158.55239002008474,50.48,15.0
2025-09-26 16:30:00,1.0845035883715604,1.0934473059317478,1.083849697271212,1.0925783875544737,155.11786456926006,51.45,15.0
2025-09-26 16:45:00,1.0923799731529134,1.1035959750182434,1.0918625365074868,1.1028442238672362,80.81219613992472,51.62,15.0
2025-09-26 17:00:00,1.102886615924263,1.1043715849933364,1.1028327838530643,1.1042816562096167,80.12386450437182,51.27,15.0
2025-09-26 17:15:00,1.1041154908082984,1.107586255275011,1.1035572656105013,1.1064612298530985,139.02380224117317,51.63,15.0
2025-09-26 17:30:00,1.1063649994059497,1.107636056872713,1.106200899280162,1.1074057393450827,70.32596039733012,51.54,15.0
2025-09-26 17:45:00,1.1073771412211615,1.1073841300949607,1.1058636130465636,1.1060053200751232,54.41502247480138,51.52,15.0
2025-09-26 18:00:00,1.106005114919317,1.1063045842157953,1.1022285035046921,1.1025360003877918,92.71483675303313,51.42,15.0
2025-09-26 18:15:00,1.1025692301209993,1.1041561060552556,1.1022453661867535,1.1036280495928992,47.997172088016015,51.64,15.0
2025-09-26 18:30:00,1.1037046622973652,1.1039770567255622,1.102038609634678,1.1022117336614479,58.353933866435334,51.77,15.0
2025-09-26 18:45:00,1.1021840142261958,1.1024062699745236,1.0991280468265547,1.0992689245042684,54.37522265154625,51.64,15.0
2025-09-26 19:00:00,1.099272157970363,1.0994814848349694,1.0986573802403705,1.0987544477938975,73.81968673877437,51.5,15.0
2025-09-26 19:15:00,1.0987444337738637,1.0989291039265705,1.09811734147371,1.0981332788132294,48.51521373215933,51.59,15.0
2025-09-26 19:30:00,1.0982050018719671,1.0985844344211997,1.0971286478367506,1.0972291644925791,82.43739095561376,51.66,15.0
2025-09-26 19:45:00,1.0972631394856607,1.097453700904849,1.0951949487041988,1.0951999929252187,54.35660006147396,51.65,15.0
2025-09-26 20:00:00,1.0952630168228998,1.0975004768049401,1.0949651226368928,1.096948296291662,165.9667182617424,51.64,15.0
2025-09-26 20:15:00,1.096957376736155,1.0971789208058427,1.0963166779543465,1.096571325794245,237.67397976655377,51.82,15.0
2025-09-26 20:30:00,1.0965619991120863,1.0969091471705197,1.0956201071973373,1.0956717492598913,189.45539659043513,51.83,15.0
2025-09-26 20:45:00,1.0956591955892443,1.0960488642828405,1.0956142603221213,1.0959499311434098,70.36323079483495,51.85,15.0
2025-09-26 21:00:00,1.095924370754506,1.0976018193921235,1.0958421760132229,1.0974253336996889,95.89450410445107,51.82,15.0
2025-09-26 21:15:00,1.0973945710562982,1.0977797487249712,1.0972607789375464,1.097659915788831,78.2046862886222,51.83,15.0
2025-09-26 21:30:00,1.0976328117074101,1.0986292026704791,1.0975857334291592,1.098466390025623,73.63116465587584,51.88,15.0
2025-09-26 21:45:00,1.0985030153821291,1.0985760160380142,1.0969102429230346,1.0970099106957103,84.16849913324765,51.95,15.0
2025-09-26 22:00:00,1.0970628070475221,1.0985834529755851,1.0969364523127412,1.0985342471216508,250.89692549296382,52.0,15.0
2025-09-26 22:15:00,1.0984900467702932,1.098532379407423,1.0969964722705592,1.097053049300334,324.49863431202357,51.93,15.0
2025-09-26 22:30:00,1.0971057690631452,1.098291395167721,1.0970923252155202,1.0976802422072367,366.9217069210367,51.73,15.0
2025-09-26 22:45:00,1.0976634005392891,1.0977784194229758,1.0965382644030366,1.0965605025938405,1240.7767147787142,51.86,15.0
2025-09-26 23:00:00,1.0965605165172976,1.0965608921308627,1.0962015424987337,1.096201603226831,71.56670938524786,51.85,15.0
2025-09-29 16:30:00,1.095894799310249,1.095955276398692,1.089983123591361,1.0913551396900363,228.8074950265641,51.62,15.0
2025-09-29 16:45:00,1.091408549260662,1.0936500914130207,1.091385472092382,1.0931199244489154,605.4745988562623,51.76,15.0
2025-09-29 17:00:00,1.093020182715027,1.097143042493556,1.0925344805391453,1.0969381807718783,787.7332178826999,51.55,15.0
2025-09-29 17:15:00,1.0970160370904711,1.0981993448212597,1.0968946249426568,1.0974608790206024,315.9470871329935,51.49,15.0
2025-09-29 17:30:00,1.097440340575558,1.1002070806082649,1.096872573780624,1.100049218598496,400.1405212399246,51.66,15.0
2025-09-29 17:45:00,1.1001083383149552,1.1012949941625916,1.099925085024177,1.1011789211942749,218.98814869533112,51.75,15.0
2025-09-29 18:00:00,1.1011239071698087,1.1038498900891183,1.1010303732226794,1.1034704748150408,152.69769814656703,51.9,15.0
2025-09-29 18:15:00,1.1035288713406808,1.1070329802493752,1.103280061355358,1.1063970429379035,282.7868914550581,52.0,15.0
2025-09-29 18:30:00,1.1063785621189437,1.1068730512459604,1.1034108451128606,1.1034755520773063,269.2157129274672,51.97,15.0
2025-09-29 18:45:00,1.103542981196088,1.1069543527071384,1.1033567769046293,1.1064738346484249,104.34402336910387,51.7,15.0
2025-09-29 19:00:00,1.1064640668076688,1.1067942248259943,1.1062195075416146,1.1066800759580995,205.4186999389151,51.8,15.0
2025-09-29 19:15:00,1.1067189428741653,1.1075566674861632,1.1065774569335591,1.1073936617888407,60.23583188687215,51.89,15.0
2025-09-29 19:30:00,1.1074038177355114,1.108616222887469,1.1070573202984784,1.1084772820233824,82.01049466100075,51.83,15.0
2025-09-29 19:45:00,1.1084845198504716,1.1116969046458876,1.108060017706796,1.1115334860930317,131.51070354499802,52.0,15.0
2025-09-29 20:00:00,1.111549640615807,1.1116404602491876,1.1096030979893075,1.1097163751325108,170.40365290744757,52.02,15.0
2025-09-29 20:15:00,1.1095588224413258,1.1102064566319685,1.1041594909832715,1.1043195193493363,129.70129094623445,51.89,15.0
2025-09-29 20:30:00,1.1042656836562945,1.1047784342893372,1.1042243169155088,1.1045216252479626,115.35222428060413,51.98,15.0
2025-09-29 20:45:00,1.104564083168378,1.1054247383589302,1.1042534886247206,1.1052087822270782,98.48947978879082,52.1,15.0
2025-09-29 21:00:00,1.105246896102672,1.1059913302088986,1.1049352494161884,1.1058822490245872,101.4551349913127,52.13,15.0
2025-09-29 21:15:00,1.1059460478946685,1.1061532170205228,1.1049733738469654,1.105852154630964,119.57713653561773,52.38,15.0
2025-09-29 21:30:00,1.1058242240930567,1.106047550774475,1.1006541698133196,1.1008680189546283,92.17555971127247,52.06,15.0
2025-09-29 21:45:00,1.1008891600961175,1.1016265579499973,1.1005671462378006,1.1015986727713365,105.09782189467464,52.06,15.0
2025-09-29 22:00:00,1.1014968504282643,1.1015073106615567,1.0983893416141306,1.0988953280163565,345.59889778149443,52.07,15.0
2025-09-29 22:15:00,1.0988355696808707,1.1004019657407522,1.0987208884486872,1.1001545209144752,324.4914174433187,52.16,15.0
2025-09-29 22:30:00,1.1001591153917767,1.1004986359451703,1.0986982238548089,1.0991720270382022,443.47863318893786,52.42,15.0
2025-09-29 22:45:00,1.0991204128417786,1.0991878646274507,1.09708610136223,1.0971820559588334,1232.1319427212914,52.24,15.0
2025-09-29 23:00:00,1.097182096962752,1.0971821231342014,1.096834282075998,1.0968344401376648,107.28060579588971,52.23,15.0
2025-09-30 16:30:00,1.096355198105492,1.0993757784882523,1.0762831490853764,1.0781354302589539,86.49073669942673,52.4,15.0
2025-09-30 16:45:00,1.0781489839121838,1.0787581603314729,1.0780889392930841,1.0780981896273785,99.14901435410388,52.79,15.0
2025-09-30 17:00:00,1.0778459843458064,1.0806633117662838,1.0754359443260062,1.0790082525199467,349.0929577635658,52.41,15.0
2025-09-30 17:15:00,1.0789997315571367,1.0829350861081843,1.077832232590441,1.0827381668802558,172.99315712660945,52.29,15.0
2025-09-30 17:30:00,1.0826949938266293,1.0832769052554563,1.076173236818734,1.0763525070039022,332.94817865898233,52.23,15.0
2025-09-30 17:45:00,1.0764644999240134,1.0770868923028505,1.0764344503855774,1.0768466063002302,119.05194523054494,52.24,15.0
2025-09-30 18:00:00,1.0767451939018438,1.0776906894237062,1.0767368417320273,1.0774226339775161,231.50724249988065,52.27,15.0
2025-09-30 18:15:00,1.0773900698932541,1.0780519093392533,1.0764787045622015,1.0769085037435375,219.79689104022043,52.51,15.0
2025-09-30 18:30:00,1.0768670243155138,1.0796243498669291,1.0765982852930738,1.0794262693227326,74.16335253833027,52.49,15.0
2025-09-30 18:45:00,1.0794201919318256,1.0804121625413279,1.07927269252862,1.080291889790335,117.46663526175584,52.47,15.0
2025-09-30 19:00:00,1.0802835693265345,1.0803829325353804,1.0792328578790003,1.0796300460277422,287.30968472688306,52.52,15.0
2025-09-30 19:15:00,1.0796849143676994,1.0806075156218127,1.079610508267225,1.0804228962252023,504.87289385101104,52.65,15.0
2025-09-30 19:30:00,1.0803588471385095,1.1078896482361156,1.0798344964811866,1.107699830266242,218.74234307245982,53.48,15.0
2025-09-30 19:45:00,1.1077364472195297,1.1227003656652577,1.106897368328488,1.1226371814239717,143.07988506635556,53.72,15.0
2025-09-30 20:00:00,1.1226742698934846,1.132342902523106,1.1225694735446938,1.1310405482178645,1409.834240675977,54.32,15.0
2025-09-30 20:15:00,1.1311524399878818,1.1313958527326873,1.1243919072571287,1.1249927626075904,452.77397863913734,53.93,15.0
2025-09-30 20:30:00,1.1249844730151592,1.1250131139012651,1.1226593778455471,1.1228780631207291,269.72307551052825,54.12,15.0
2025-09-30 20:45:00,1.122984019587085,1.1229850970136195,1.1197542304042802,1.1204008547598912,287.3653306026157,54.29,15.0
2025-09-30 21:00:00,1.1200975788395664,1.1284621589999164,1.1194051007504708,1.1274768846112975,220.83626549626382,54.65,15.0
2025-09-30 21:15:00,1.127522797772201,1.1276612497068523,1.1265614178189298,1.127020753943769,387.6191754129422,54.66,15.0
2025-09-30 21:30:00,1.127039268684,1.1273569166139445,1.125540301347042,1.1259103414171576,287.1840638161648,54.71,15.0
2025-09-30 21:45:00,1.1258429100643566,1.1261100321971582,1.1230966775709446,1.1234327819942318,327.31351198801565,54.81,15.0
2025-09-30 22:00:00,1.123469822801574,1.1251735350010403,1.122590583341381,1.1249774877599492,227.2932986738319,54.97,15.0
2025-09-30 22:15:00,1.124951626893144,1.125063378090691,1.1228325761643863,1.1230467172639682,308.67703573722406,55.09,15.0
2025-09-30 22:30:00,1.1228770274203872,1.126677228101224,1.122762573222652,1.1262925177439014,663.5206652578686,55.33,15.0
2025-09-30 22:45:00,1.1267161016755491,1.1269246842563732,1.1231815155019964,1.1239814100715946,2189.092258287844,55.64,15.0
2025-09-30 23:00:00,1.1239815730408775,1.1239817396491871,1.1233366475175675,1.1233367287912224,143.91829333273523,55.63,15.0
2025-10-01 16:30:00,1.124031467798708,1.1274615262059433,1.1173347071927593,1.119183656742193,283.11728384847464,57.03,15.0
2025-10-01 16:45:00,1.1193778267767518,1.120820682584973,1.1152816689377572,1.1163239256881397,219.25556715030785,57.28,15.0
2025-10-01 17:00:00,1.1164006434386076,1.1181242020918551,1.0998833500548848,1.1013342479617654,392.45399056583074,57.28,15.0
2025-10-01 17:15:00,1.1011291953949014,1.1016509364365261,1.0960684797834173,1.0961891020261845,395.31726318900076,57.22,15.0
2025-10-01 17:30:00,1.0960274825710183,1.1095508924085957,1.0949974706428396,1.1088087403830373,334.893072458005,57.56,15.0
2025-10-01 17:45:00,1.1088378542073094,1.1165180796597238,1.1079494852105658,1.1162595105563198,94.09244533237,57.92,15.0
2025-10-01 18:00:00,1.1161047267526425,1.116262037461446,1.1147450724852752,1.1150266020913595,272.6011919755033,58.05,15.0
2025-10-01 18:15:00,1.1150837332262256,1.1151569752956907,1.111981309990962,1.1121971699620907,722.7389842541033,57.79,15.0
2025-10-01 18:30:00,1.1121388676877775,1.1129341425378931,1.1113118168401026,1.1128503541027341,115.59053019627501,57.92,15.0
2025-10-01 18:45:00,1.11284870163252,1.1128961643923123,1.1080066681129106,1.1080477808597662,146.0428885165575,57.79,15.0
2025-10-01 19:00:00,1.1078519168896042,1.1153266372017319,1.1058103653851268,1.1145811342965577,205.24931137406983,58.4,15.0
2025-10-01 19:15:00,1.1145665673780005,1.1148619296575204,1.1145482388915684,1.114553371382134,444.18766436875643,58.18,15.0
2025-10-01 19:30:00,1.1145912433266665,1.11502701253921,1.114486596358252,1.1147980966592645,151.80240565160224,58.24,15.0
2025-10-01 19:45:00,1.1148750928082758,1.1161872890147058,1.1145723827847254,1.1161496696189666,411.6323310877692,58.11,15.0
2025-10-01 20:00:00,1.1161676696397256,1.1167817024007618,1.1099015095506577,1.110399857008878,260.56750395649146,58.51,15.0
2025-10-01 20:15:00,1.1104586006327408,1.110646783096447,1.1098749369474292,1.1100792296797126,172.21797274928736,58.59,15.0
2025-10-01 20:30:00,1.1100443828615951,1.11010641119296,1.108960860920231,1.1090101976923037,86.8842192739457,58.54,15.0
2025-10-01 20:45:00,1.1089664937305688,1.1090938069039726,1.108046513640068,1.1088476748136173,110.53131487550553,58.53,15.0
2025-10-01 21:00:00,1.1089000551556893,1.1091181161457548,1.1050586375701363,1.105448511866311,142.01610714059558,58.65,15.0
2025-10-01 21:15:00,1.105295976809888,1.1062711297064056,1.0997467705869144,1.1003010759798812,165.14111994036614,59.12,15.0
2025-10-01 21:30:00,1.10030725699781,1.1012468409960787,1.0932212861553472,1.093357529669806,202.2694362491919,59.34,15.0
2025-10-01 21:45:00,1.0932015992720363,1.0964382634461676,1.093112603424991,1.0961773212914334,392.82763782444596,59.48,15.0
2025-10-01 22:00:00,1.096181451431624,1.0964368838408567,1.0921795993138843,1.09341126300703,203.06816147562785,59.69,15.0
2025-10-01 22:15:00,1.0932770572442267,1.0983689929285212,1.093143393190632,1.0976144837034583,274.4360423559716,59.86,15.0
2025-10-01 22:30:00,1.0976008388928196,1.0985396623010169,1.0974439763502082,1.0983893888335432,803.4105589208878,60.01,15.0
2025-10-01 22:45:00,1.098333913461466,1.099224798941602,1.097756783168608,1.0989345672446669,2578.6870568136337,59.91,15.0
2025-10-01 23:00:00,1.0989345425641226,1.0991628952679158,1.098934501389485,1.0991625171127197,109.25451951201798,59.92,15.0
2025-10-02 16:30:00,1.0990719893311711,1.1133161797713502,1.0977549483054816,1.1114947802361308,229.59845109074865,60.3,15.0
2025-10-02 16:45:00,1.1113917509445674,1.114213837315511,1.1010361919643414,1.102124094430645,221.01990166139888,60.73,15.0
2025-10-02 17:00:00,1.1019631565843055,1.1024245410302378,1.087211132614953,1.0877557790240666,530.1698022526645,60.0,15.0
2025-10-02 17:15:00,1.087746014153055,1.0958133872443658,1.086706423139125,1.095633127056155,804.7387473888876,60.05,15.0
2025-10-02 17:30:00,1.0957485812367296,1.104960560221005,1.0952802142929057,1.1036748156341911,706.5571366625635,60.0,15.0
2025-10-02 17:45:00,1.1035213613815127,1.1041486797417097,1.1029687629001728,1.1033342385519636,2014.837638866531,59.68,15.0
2025-10-02 18:00:00,1.1034391280189264,1.1035243494209164,1.0994464482275874,1.0998586406328523,506.71679840206883,59.85,15.0
2025-10-02 18:15:00,1.0998924405167452,1.1041737172047497,1.0998676619864323,1.1037434943225852,220.3743221625677,60.0,15.0
2025-10-02 18:30:00,1.1037769406838303,1.1044280684949428,1.1037516926182225,1.1038510023178236,357.29780388372393,60.15,15.0
2025-10-02 18:45:00,1.1038417117997723,1.1048453182753721,1.1027335361408892,1.1041150880937034,199.81668868349996,60.29,15.0
2025-10-02 19:00:00,1.1039682408816003,1.1041800363374787,1.1008369067122663,1.1015765520732275,441.38473729466386,60.45,15.0
2025-10-02 19:15:00,1.1015874275014987,1.1019365585366099,1.101468647216178,1.1018967576304006,682.3979038996624,60.72,15.0
2025-10-02 19:30:00,1.1018008059516995,1.1032132658947518,1.1016746484705329,1.1031625667146105,585.0567320960415,61.0,15.0
2025-10-02 19:45:00,1.103290240350221,1.1034358452973636,1.094637189906095,1.0953949899050668,605.9609668023319,61.46,15.0
2025-10-02 20:00:00,1.0954365800898669,1.0959147406209235,1.0930571502592197,1.0940683909578441,950.6227223002087,61.12,15.0
2025-10-02 20:15:00,1.0941789447872723,1.103224484196074,1.0932164800749258,1.1030782333834135,751.482549845508,61.25,15.0
2025-10-02 20:30:00,1.1031786013954124,1.1033628332297358,1.101714341499674,1.1028607487701902,277.10417508780813,61.51,15.0
2025-10-02 20:45:00,1.1027477777513435,1.1036299105092136,1.1009656715777534,1.1012156530529598,408.9821207490575,62.06,15.0
2025-10-02 21:00:00,1.1012608165671849,1.103215127293184,1.101227859357157,1.1028130768769726,876.2335946725743,62.35,15.0
2025-10-02 21:15:00,1.1027952521384208,1.1058876721485114,1.1026661405377332,1.105645222678585,977.4461351377561,62.32,15.0
2025-10-02 21:30:00,1.1056005894464058,1.1064182626135515,1.105428844659139,1.1057213114100395,787.2544765923107,62.63,15.0
2025-10-02 21:45:00,1.1058273351543675,1.1064076198487982,1.100432119679482,1.1012559196465364,1146.1185306748087,62.43,15.0
2025-10-02 22:00:00,1.101024771027098,1.1022157755902162,1.0964331411283963,1.0974547062801894,538.9419987017058,61.85,15.0
2025-10-02 22:15:00,1.0972997814207321,1.102368369226131,1.0961507946586897,1.1022822203767761,844.2486661779899,62.09,15.0
2025-10-02 22:30:00,1.1021074189158349,1.1028791011087358,1.0942373870054092,1.0943297104355925,1102.3234275190573,61.64,15.0
2025-10-02 22:45:00,1.0940928968247405,1.0944163236234519,1.0868414957189885,1.0870251492183116,2061.331843228592,62.11,15.0
2025-10-02 23:00:00,1.0870250807468766,1.087540281943266,1.0870248191008687,1.0875400796202974,366.2020893128481,62.09,15.0
2025-10-03 16:30:00,1.0867662537853116,1.0988031434101826,1.0843155048868152,1.0982314001436149,270.33375891883173,63.49,15.0
2025-10-03 16:45:00,1.0983337683903858,1.1004651413044244,1.0979444396150182,1.0996596750153906,300.8698135297058,63.15,15.0
2025-10-03 17:00:00,1.0997173305851784,1.1016927250520174,1.094422552994449,1.0955083998067388,334.1150687486326,63.35,15.0
2025-10-03 17:15:00,1.0953976090840387,1.0962451249849408,1.0944834484671109,1.0949766224090278,177.47079801165958,63.18,15.0
2025-10-03 17:30:00,1.095098245839794,1.0960374221654758,1.0886658994017924,1.0896060030723602,382.1512967767546,63.6,15.0
2025-10-03 17:45:00,1.0896005608702828,1.0898768246112176,1.0873000989651147,1.0873973298786666,511.75785720138975,63.41,15.0
2025-10-03 18:00:00,1.0873867495315148,1.0909432473898146,1.0868478700089197,1.0905964155135746,236.31233336084136,63.0,15.0
2025-10-03 18:15:00,1.090546428613845,1.092792659072172,1.0905072392167312,1.0922905056523478,379.94141711418126,63.0,15.0
2025-10-03 18:30:00,1.0922524483920777,1.0926623737632783,1.0895680497365052,1.0911878471289045,355.4177547698505,63.55,15.0
2025-10-03 18:45:00,1.0910266339494652,1.0934758529895907,1.0905139714517982,1.0930510436448668,197.0445581513445,63.65,15.0
2025-10-03 19:00:00,1.093070319737858,1.0937656677870533,1.0915304442836962,1.0916863821097211,206.4329027351637,63.59,15.0
2025-10-03 19:15:00,1.0917923403183785,1.0922786200272425,1.0892084056744489,1.089454052370204,200.3390026632989,63.44,15.0
2025-10-03 19:30:00,1.0895062211632522,1.0943403023454765,1.0891997916263676,1.094264795042129,235.07147664919947,63.6,15.0
2025-10-03 19:45:00,1.0942639023344785,1.097549193923067,1.0940067001191738,1.0972515559423046,192.75950410616636,63.55,15.0
2025-10-03 20:00:00,1.0972425611139058,1.0997691991053964,1.097208504419217,1.099542553872622,405.40251651686816,63.25,15.0
2025-10-03 20:15:00,1.0995875841500888,1.0999198076914873,1.0974457145514915,1.0975399050461503,179.5361313020708,63.28,15.0
2025-10-03 20:30:00,1.097541406180516,1.0976391096013056,1.0925475298181457,1.0928719163119291,174.04412669074708,63.03,15.0
2025-10-03 20:45:00,1.092690405536896,1.0929685776891944,1.088319313867083,1.0892465817430255,219.66367048452742,62.63,15.0
2025-10-03 21:00:00,1.0893294109208609,1.089480236809774,1.0870546958576752,1.0873013334452581,220.64839636349808,62.7,15.0
2025-10-03 21:15:00,1.087256021854454,1.0951488484746372,1.0867893982310737,1.0946487663175677,187.9039685626283,63.03,15.0
2025-10-03 21:30:00,1.0946793175103136,1.0948672825902719,1.094349357391306,1.0944251413499855,212.11709885055808,63.0,15.0
2025-10-03 21:45:00,1.0944439283980352,1.0963869799377917,1.0944254257220742,1.0957667239070796,323.8415914290629,63.16,15.0
2025-10-03 22:00:00,1.0957237442199597,1.096194783872016,1.0955822330772296,1.0959977783925245,171.17659903695665,63.16,15.0
2025-10-03 22:15:00,1.0960277586253135,1.0962255292330236,1.0942168019238432,1.094662598013147,242.3248364407794,63.07,15.0
2025-10-03 22:30:00,1.0946762976615856,1.0950966227636099,1.0872438552270942,1.0877040784086305,549.5697313756573,63.01,15.0
2025-10-03 22:45:00,1.087737816275154,1.088082138645651,1.0842703177592345,1.0845242677011577,1539.4051889272876,62.96,15.0
2025-10-03 23:00:00,1.0845242151245293,1.0850573039153315,1.0844990504352001,1.0850506346606976,110.98764889258351,62.95,15.0
2025-10-06 16:30:00,1.08484124721167,1.0854739132795128,1.0814894842991274,1.0820014330413301,81.98555201115518,62.99,15.0
2025-10-06 16:45:00,1.0819119358835414,1.082841998704078,1.080256936476391,1.0820302095838423,273.78702301683336,62.36,15.0
2025-10-06 17:00:00,1.0819859676875072,1.0823231001344604,1.0745393401896748,1.0767909761723755,306.1047677123392,62.25,15.0
2025-10-06 17:15:00,1.0769546045858727,1.0769730358698923,1.072858840323488,1.0737803696629589,279.4486961696026,62.08,15.0
2025-10-06 17:30:00,1.0740262675823842,1.0746095099964514,1.0550234417645876,1.0559571812177315,174.0953505532717,61.99,15.0
2025-10-06 17:45:00,1.0559875490726918,1.060265521994188,1.0553103639244765,1.0598075403936817,111.8403362718255,61.99,15.0
2025-10-06 18:00:00,1.0597691087009287,1.0607289877069397,1.0595111915296012,1.0606900231516456,137.81980151671328,62.04,15.0
2025-10-06 18:15:00,1.0606553780911565,1.0612872980437233,1.0537243437062,1.0542001727149521,300.50432135798303,62.73,15.0
2025-10-06 18:30:00,1.0542360667203576,1.0572183170814917,1.0539646085862142,1.0569781642785687,235.5099244492269,62.75,15.0
2025-10-06 18:45:00,1.0568750973171628,1.0648142659534803,1.0567265165195663,1.064560732000558,166.17280595280755,62.47,15.0
2025-10-06 19:00:00,1.0646163782631026,1.0651323606922838,1.0619390325957285,1.0623939336625605,174.588338089848,62.34,15.0
2025-10-06 19:15:00,1.0623943959421718,1.0641789795714467,1.0622828063882181,1.064123946411151,109.46755471325709,62.27,15.0
2025-10-06 19:30:00,1.0641398537615094,1.0644296385620682,1.062129307610535,1.0624211969436745,163.6071424991734,62.15,15.0
2025-10-06 19:45:00,1.0624258543128757,1.0630126450960589,1.0623158218795918,1.0626454394843545,212.75299245334844,62.12,15.0
2025-10-06 20:00:00,1.0626766199343232,1.062799492588459,1.0615546321188667,1.0617514683375089,174.78241940045936,62.09,15.0
2025-10-06 20:15:00,1.0618844313786522,1.0624208686883898,1.0581549996777115,1.0588996417124072,195.2018866921907,61.93,15.0
2025-10-06 20:30:00,1.0590094690394458,1.060807779129953,1.0587120088795263,1.0604246822339325,183.41452839883917,62.0,15.0
2025-10-06 20:45:00,1.0603595681251274,1.063705972223402,1.0602626853789827,1.0635152865683084,65.400811699296,62.03,15.0
2025-10-06 21:00:00,1.0634978909301576,1.0636379954329558,1.0621075901453692,1.0622441541335927,80.66491397257288,62.04,15.0
2025-10-06 21:15:00,1.0622730604008128,1.062701282882165,1.0609841828910789,1.0616334640581986,110.22209040462543,61.84,15.0
2025-10-06 21:30:00,1.0616098291495024,1.0619229627746534,1.0583854753090913,1.0585491215184784,168.5954494104273,61.74,15.0
2025-10-06 21:45:00,1.058504434416328,1.0588764572970348,1.0577311062327612,1.0580885891277503,201.9561029893006,61.79,15.0
2025-10-06 22:00:00,1.0581044866596891,1.0583987923760934,1.0548216143690314,1.0555154212831754,180.74501838370873,61.51,15.0
2025-10-06 22:15:00,1.0556437690624623,1.0597461401112744,1.0553070472958646,1.059298720325324,165.82940366960375,61.93,15.0
2025-10-06 22:30:00,1.059273603206822,1.0611004562383568,1.059098480764963,1.0609826941497498,165.22320792667077,61.82,15.0
2025-10-06 22:45:00,1.0608743146172464,1.0656273813138981,1.06070942067474,1.0655719335804368,962.2673898334539,61.92,15.0
2025-10-06 23:00:00,1.065572188356423,1.0665753930360102,1.0655721225429104,1.0665753418376693,181.53904352725618,61.92,15.0
2025-10-07 16:30:00,1.0672456359840023,1.074951457886761,1.0659950497979005,1.0734566328160091,120.56502637250084,63.0,15.0
2025-10-07 16:45:00,1.07308607710152,1.0756974978008425,1.0584247163759075,1.0615136273769448,116.92899362128104,62.67,15.0
2025-10-07 17:00:00,1.0614050286893173,1.0660264926724439,1.0614029198713661,1.0650688768989593,226.69551261549623,61.55,15.0
2025-10-07 17:15:00,1.0649594386763173,1.0649619668488133,1.0550243800808785,1.0558679671309037,321.9261446052755,60.75,15.0
2025-10-07 17:30:00,1.0559750599300195,1.0685465659601368,1.0552559993678294,1.0668357514869333,183.4265427662197,60.79,15.0
2025-10-07 17:45:00,1.0666106969827787,1.067723587930046,1.0661786384025351,1.0670009928594009,204.6861037663311,60.6,15.0
2025-10-07 18:00:00,1.0670121055454378,1.0693075368174911,1.0665485443446183,1.0680163454949942,129.61370044082625,60.48,15.0
2025-10-07 18:15:00,1.0678428521437044,1.0723351720697814,1.0674009669935032,1.0722388530950036,188.84957647162966,60.42,15.0
2025-10-07 18:30:00,1.072254137058758,1.0726189319680588,1.0682240838965187,1.0687634976024902,177.33990543531104,60.18,15.0
2025-10-07 18:45:00,1.0689240556701396,1.0692958711135336,1.0660211906885295,1.066059363472857,273.72438667142,60.18,15.0
2025-10-07 19:00:00,1.0659992497842852,1.0692324142165774,1.0657987912781584,1.0691220091608271,150.62857398898296,60.21,15.0
2025-10-07 19:15:00,1.0691649922166295,1.0728023587553241,1.0685795883282114,1.0717087457319154,88.78363923827415,59.96,15.0
2025-10-07 19:30:00,1.0717804965731341,1.0736442055608126,1.0712874214670605,1.073370365330791,257.9605757058834,59.91,15.0
2025-10-07 19:45:00,1.0734071400287624,1.076711559376758,1.073009248308726,1.0765802465753347,249.37402190004966,59.87,15.0
2025-10-07 20:00:00,1.0765125298480247,1.0788175757347325,1.0759722669550558,1.078128404694236,685.615985661323,59.6,15.0
2025-10-07 20:15:00,1.07816540651889,1.0782143784641112,1.0774098363441051,1.0774262975398528,206.9590792265776,59.62,15.0
2025-10-07 20:30:00,1.0774725778926992,1.0778669398543814,1.0772722557930625,1.0778217797565184,152.41311840584714,59.69,15.0
2025-10-07 20:45:00,1.0779378937785995,1.078075789657624,1.0766434270487029,1.077286823212438,133.8674437111003,59.52,15.0
2025-10-07 21:00:00,1.0773873659717264,1.0775271122847294,1.0745689142811363,1.0746377385207841,268.08836946323834,59.49,15.0
2025-10-07 21:15:00,1.0746453334015653,1.0790809899685334,1.0742947273320524,1.0785853995138472,235.92316305961972,59.47,15.0
2025-10-07 21:30:00,1.0785763642065,1.078595229892478,1.076877611085425,1.0769681461415737,186.19709631126491,59.46,15.0
2025-10-07 21:45:00,1.0769433370601942,1.0793509290090237,1.0766024402358176,1.0790651424355768,320.9317252149602,59.58,15.0
2025-10-07 22:00:00,1.0791269679065219,1.0797436553176316,1.0729795202365107,1.0731518855796087,221.58041467670486,59.35,15.0
2025-10-07 22:15:00,1.0730621030462697,1.0733351440090446,1.071888402580228,1.0723324332737378,362.3330252691889,59.19,15.0
2025-10-07 22:30:00,1.0723989290865241,1.0729711671754993,1.0721968970715492,1.0726164810035765,173.34286363729046,59.0,15.0
2025-10-07 22:45:00,1.072619584648464,1.0771183161424693,1.0725499029544516,1.0768564006406889,1037.3600385986538,59.18,15.0
2025-10-07 23:00:00,1.0768564539990477,1.0774731441544971,1.0768561499647609,1.0774727674398397,135.29490047806837,59.19,15.0
2025-10-08 16:30:00,1.0777153770690688,1.0796652728799674,1.0693520377776071,1.072379934908284,71.1432137572306,59.69,15.0
2025-10-08 16:45:00,1.0721792157107763,1.0818413834313765,1.0712656467346997,1.0811337515663286,89.53358152228266,60.68,15.0
2025-10-08 17:00:00,1.0807177792460927,1.0815191531776758,1.053642159464909,1.053836446111167,308.5282020054067,60.38,15.0
2025-10-08 17:15:00,1.0539843361637742,1.0570354988033392,1.0530243563966175,1.0567381067165842,63.43920180292627,60.5,15.0
2025-10-08 17:30:00,1.0568898132610973,1.0577479529721376,1.056749331490279,1.0573140355697745,154.54926262436175,60.68,15.0
2025-10-08 17:45:00,1.057301892376208,1.0617609053384078,1.056870745286849,1.0614392967457138,107.22873518081683,60.7,15.0
2025-10-08 18:00:00,1.0615367695309512,1.0629075137230692,1.0614424428068483,1.062383786642485,136.53768903402135,60.48,15.0
2025-10-08 18:15:00,1.0624645999783566,1.0654076328809667,1.061980727641642,1.0653251825341286,91.39604807508323,60.43,15.0
2025-10-08 18:30:00,1.0652782771646345,1.0654660540405019,1.0649688807825561,1.0653900299283796,136.71943359962899,60.45,15.0
2025-10-08 18:45:00,1.0654333596053658,1.0691110949470712,1.0651188970244632,1.0685904594209832,87.77854841601959,60.31,15.0
2025-10-08 19:00:00,1.0685661435330913,1.0686142990876397,1.0665606771486345,1.0676163387304298,105.81361867416683,60.49,15.0
2025-10-08 19:15:00,1.0675969846817375,1.0710428065653974,1.0671749077256838,1.0709165308029525,204.9483110987827,60.49,15.0
2025-10-08 19:30:00,1.0708167881912631,1.0739622669586728,1.0706690113417803,1.073732256456573,82.84573287018512,60.3,15.0
2025-10-08 19:45:00,1.0737320947663145,1.0737555601376936,1.0733694683184778,1.0734460205133602,85.38435285026662,60.34,15.0
2025-10-08 20:00:00,1.0736646281718991,1.0747715758900478,1.0733885940571908,1.0747654738001569,45.45058376756126,60.46,15.0
2025-10-08 20:15:00,1.0747894917198026,1.076196001616605,1.0747262803816162,1.0760429384878005,110.11579956828061,60.76,15.0
2025-10-08 20:30:00,1.0760751426256818,1.0761113146598646,1.0757072008972066,1.0757701580897328,80.91036127164,60.72,15.0
2025-10-08 20:45:00,1.0757258055370387,1.0758104839935647,1.0743394856059891,1.0745264621646635,332.68773910556655,60.61,15.0
2025-10-08 21:00:00,1.0744453905844578,1.0751885893695383,1.0741899067654095,1.0749613277668941,202.55178126977552,60.73,15.0
2025-10-08 21:15:00,1.0747365468566006,1.0747746496491764,1.0732525128364943,1.0737090103507352,106.411014097657,60.93,15.0
2025-10-08 21:30:00,1.073711346876532,1.0737727069753782,1.0724927536769104,1.0725328039348014,108.36669264188738,60.95,15.0
2025-10-08 21:45:00,1.0725907525172897,1.0727274621312015,1.0703101458017301,1.0706837225494534,82.91884350393894,60.61,15.0
2025-10-08 22:00:00,1.0707786894059337,1.0718788325232138,1.0703550796511645,1.0718178512807457,221.0405458710157,60.36,15.0
2025-10-08 22:15:00,1.07186697874426,1.0758526254132075,1.0718202320839316,1.0754891049557394,233.82183147283692,60.57,15.0
2025-10-08 22:30:00,1.0754182986744607,1.0760291860116837,1.0732441204035235,1.0740527227337489,209.43591346388564,60.4,15.0
2025-10-08 22:45:00,1.0740310967925226,1.0748822525388952,1.0740273604915969,1.0745919789191607,1078.4016295192728,60.57,15.0
2025-10-08 23:00:00,1.0745920414781553,1.07528339662275,1.0745914648986699,1.0752828285268858,98.3750388018551,60.56,15.0
2025-10-09 16:30:00,1.0752037878822893,1.0755344314132902,1.058212631397273,1.058738354245114,66.06680989548909,60.73,15.0
2025-10-09 16:45:00,1.0586479706736782,1.0599490122005568,1.049982397490243,1.0515511960546762,128.7958038285618,60.4,15.0
2025-10-09 17:00:00,1.051648197546956,1.0605287332886868,1.0515203261746842,1.0602725550470598,207.4980391131584,60.19,15.0
2025-10-09 17:15:00,1.0601804663813317,1.0608721357873636,1.0543493639602624,1.0556054231594802,256.65317374774276,59.81,15.0
2025-10-09 17:30:00,1.0556423864849496,1.056170303785584,1.0535389809945244,1.0539051553484808,74.05958902381053,60.07,15.0
2025-10-09 17:45:00,1.053900960582295,1.056295723416623,1.0538802503330553,1.0559368852790425,264.35667419530967,60.32,15.0
2025-10-09 18:00:00,1.0558515951535692,1.0561284589088533,1.0517534102283692,1.052331526816368,178.44635938703732,60.13,15.0
2025-10-09 18:15:00,1.0522687124757435,1.0574955638799912,1.0520548002824885,1.057054574363151,289.107431177018,60.06,15.0
2025-10-09 18:30:00,1.0571147037870665,1.0596040034172252,1.0570951927777308,1.059305513756872,89.05519327545466,60.1,15.0
2025-10-09 18:45:00,1.059224624478446,1.0598620755477324,1.0554705248291578,1.0558468703194173,121.56377112994488,60.49,15.0
2025-10-09 19:00:00,1.055822067804955,1.0561305742858778,1.0535171509609988,1.0537219092538237,85.77943843362064,60.48,15.0
2025-10-09 19:15:00,1.0536939042740996,1.0542069271633798,1.053522394920458,1.054198302874299,91.54916845717274,60.37,15.0
2025-10-09 19:30:00,1.054183824787903,1.0544996558923567,1.0533399878591658,1.0535520950401434,101.21084686926471,60.25,15.0
2025-10-09 19:45:00,1.0536459346159495,1.0542180820863933,1.0534030604290643,1.0537055958027255,49.41653973578013,60.06,15.0
2025-10-09 20:00:00,1.053735108344024,1.0556196304301129,1.0533781876156838,1.055595827781722,97.5722993425477,60.1,15.0
2025-10-09 20:15:00,1.055527405879767,1.0558168661233542,1.0530458278308275,1.0532568974993886,77.13847385153649,60.06,15.0
2025-10-09 20:30:00,1.0531691535985839,1.0560664188889142,1.0529544519837772,1.0559047899269078,63.10857130155678,60.14,15.0
2025-10-09 20:45:00,1.0559063787335718,1.0560423964868981,1.0544630079366137,1.054502673302524,68.15382238036989,60.16,15.0
2025-10-09 21:00:00,1.0544715031203575,1.0585109828267076,1.053725542932273,1.0575325800225834,51.1631056484416,59.8,15.0
2025-10-09 21:15:00,1.057422575175539,1.060195450156025,1.0571361150004717,1.0599851619899439,115.23049922678584,59.94,15.0
2025-10-09 21:30:00,1.0599507184845056,1.0608138310523103,1.0598394756991987,1.060678160852914,97.1249185976773,59.86,15.0
2025-10-09 21:45:00,1.060686333980694,1.0606903686640294,1.0578688279308046,1.0583430147150634,178.9358701325283,59.78,15.0
2025-10-09 22:00:00,1.058403465443133,1.0622136137357103,1.0581630400188744,1.0618173762457999,110.60441255631149,60.08,15.0
2025-10-09 22:15:00,1.0617589750768923,1.063357335954218,1.0611068863685773,1.0633149638314097,290.9285784007402,59.91,15.0
2025-10-09 22:30:00,1.0632933416859827,1.063625373171651,1.062605294327267,1.0627160330838203,226.55303262933344,59.88,15.0
2025-10-09 22:45:00,1.0627367795874336,1.062921910987033,1.0609302028164647,1.061053725116805,1100.072197172143,59.88,15.0
2025-10-09 23:00:00,1.0610536931632395,1.0620725729245655,1.0610536567472413,1.0620717106256716,97.75998971728134,59.9,15.0
2025-10-10 16:30:00,1.062218949112293,1.0711757136007387,1.061723561113468,1.0711498069021794,69.21796436657912,59.93,15.0
2025-10-10 16:45:00,1.071310490622594,1.0723357315476667,1.0688475929634103,1.0689192207839573,30.19272386233557,59.42,15.0
2025-10-10 17:00:00,1.0688315805667414,1.0706136235102983,1.0687647272037037,1.0703009313418057,40.62562726529408,59.12,15.0
2025-10-10 17:15:00,1.0701033458995233,1.071402768354755,1.066440327733954,1.0670606297209149,60.17639029850523,59.39,15.0
2025-10-10 17:30:00,1.0671107832427216,1.0671326794583087,1.0664125321295495,1.066478675549295,111.0622573507869,59.37,15.0
2025-10-10 17:45:00,1.0663359315208922,1.0682780239317726,1.0526795845305137,1.0548196431755281,106.67872998191893,58.88,15.0
2025-10-10 18:00:00,1.0548500031137893,1.0557329844287506,1.0522507734829212,1.052919501368806,270.4597273529189,58.75,15.0
2025-10-10 18:15:00,1.0528932843349808,1.0604828877742583,1.0525931862058073,1.0603185783808662,181.2880440459842,58.25,15.0
2025-10-10 18:30:00,1.0602200201178744,1.0604500091845555,1.0586131941002466,1.058636236517308,164.5146184065122,58.41,15.0
2025-10-10 18:45:00,1.0586515848611053,1.0624760515245406,1.057995505335686,1.0615479749503671,236.45390119210685,58.2,15.0
2025-10-10 19:00:00,1.0614954588626597,1.061834531768605,1.0583131734000204,1.058614964084894,161.0336288738307,58.15,15.0
2025-10-10 19:15:00,1.0586643578534107,1.0587138019172473,1.0580281401422895,1.058100016643736,246.45419798205734,58.3,15.0
2025-10-10 19:30:00,1.0578973588447875,1.0656959396010475,1.0577610762746734,1.064344580336753,346.03000120348236,58.77,15.0
2025-10-10 19:45:00,1.0642519697216082,1.065904499277152,1.0615077377167594,1.0635192487578027,224.83298219200145,58.22,15.0
2025-10-10 20:00:00,1.0634937544535172,1.0640459951606367,1.0619050658847404,1.0624427424275706,293.5785079134829,58.35,15.0
2025-10-10 20:15:00,1.0624779928960917,1.0629401370283547,1.061272256201673,1.0613410340030358,92.54302644040884,58.51,15.0
2025-10-10 20:30:00,1.0614020439326195,1.0615372572297364,1.0580625102500767,1.0583039927444455,114.9510097674868,58.68,15.0
2025-10-10 20:45:00,1.058241456809821,1.058911796677772,1.057860053770672,1.0588515983736324,131.05686959825607,58.75,15.0
2025-10-10 21:00:00,1.0588462464530508,1.05954060805677,1.0587856239834825,1.0592842455078717,200.43971401935553,58.76,15.0
2025-10-10 21:15:00,1.0594178523100422,1.0611434923981555,1.0590718525527805,1.0610234191369354,183.847497168371,59.04,15.0
2025-10-10 21:30:00,1.0611619742295362,1.0628353010405052,1.0604907631513942,1.0624020350032295,236.58783061328714,58.78,15.0
2025-10-10 21:45:00,1.0623098531195962,1.0628452472009426,1.0564275527391298,1.0570255113098912,258.8266590745058,58.49,15.0
2025-10-10 22:00:00,1.0570755803803467,1.0570871879102621,1.0540389197087514,1.0543924963730167,61.87286422867512,58.33,15.0
2025-10-10 22:15:00,1.0542912284424748,1.0562036767119227,1.0542368662856638,1.0560930030536508,135.5906006716088,58.28,15.0
2025-10-10 22:30:00,1.056066622456501,1.0563947881737903,1.0515646299089816,1.0518184300410072,164.62654127585964,58.52,15.0
2025-10-10 22:45:00,1.0517843440114936,1.0546816110604367,1.051461323364169,1.0544167706399052,475.82604583192125,58.65,15.0
2025-10-10 23:00:00,1.0544167039640782,1.0554497848823385,1.054416305054903,1.055449699230157,180.89129244115435,58.66,15.0
2025-10-13 16:30:00,1.055310394555941,1.0863405382866504,1.0546908026884596,1.0854581677104223,124.99305923599091,58.78,15.0
2025-10-13 16:45:00,1.0854852158277286,1.0894698733616197,1.083639189681801,1.0880292339458555,195.52103857697588,59.44,15.0
2025-10-13 17:00:00,1.0880765377108956,1.0974249300398804,1.0877669643131003,1.0969462724678603,244.9336262182809,59.56,15.0
2025-10-13 17:15:00,1.0970611847609184,1.0974027193094766,1.0900469029554982,1.0904501301846725,139.36595630209393,59.08,15.0
2025-10-13 17:30:00,1.0904565126775763,1.0974286680803156,1.0896086195859833,1.0973510920866103,104.37052641388654,59.55,15.0
2025-10-13 17:45:00,1.097302937375759,1.0977385493944114,1.090290221467008,1.0905874865585274,117.15130191524632,59.49,15.0
2025-10-13 18:00:00,1.090607099718465,1.0950493284263707,1.0904159510367266,1.0939363705388319,54.83802323339012,59.63,15.0
2025-10-13 18:15:00,1.0939552382658266,1.0963341861980676,1.0935447880149003,1.0960956867233864,220.49097800469406,59.49,15.0
2025-10-13 18:30:00,1.0961793733514413,1.099418087175145,1.0961712306155007,1.0987306141779558,93.56636823189936,59.41,15.0
2025-10-13 18:45:00,1.0987735919132786,1.1003973666150924,1.0982769913559014,1.1001028104379407,52.632724594138566,59.4,15.0
2025-10-13 19:00:00,1.1000313070378367,1.1028079089816856,1.0999396022584689,1.1025020710425022,102.30461282421045,59.24,15.0
2025-10-13 19:15:00,1.1024904104677489,1.102650125970264,1.1008725159861217,1.101109817197713,93.21526275236114,59.24,15.0
2025-10-13 19:30:00,1.1010399315769823,1.1012878795676564,1.099541415329943,1.1001055187942985,103.53164670269757,59.38,15.0
2025-10-13 19:45:00,1.1001039498630774,1.1003643370330736,1.0982705039363772,1.0985764077138744,80.24987759949465,59.38,15.0
2025-10-13 20:00:00,1.098557567987975,1.100624850097893,1.0985040357018274,1.1005478263441624,303.5382089682581,59.36,15.0
2025-10-13 20:15:00,1.100533701806844,1.1012018904663181,1.0999817816863393,1.1010863358861467,90.46463004930695,59.36,15.0
2025-10-13 20:30:00,1.101082998668919,1.1064801835107425,1.1009575545116268,1.1064633502691905,103.14666422969265,59.28,15.0
2025-10-13 20:45:00,1.1065288197260508,1.1068553146129778,1.1023409970333637,1.1023671215155786,171.31664938729426,59.41,15.0
2025-10-13 21:00:00,1.1023647488470079,1.1026262187884521,1.1022512279318606,1.1025997579259825,58.4092749877807,59.4,15.0
2025-10-13 21:15:00,1.1025608065936185,1.103965551603188,1.1023124583783486,1.1038718210474974,191.79236688913838,59.62,15.0
2025-10-13 21:30:00,1.1039832838206673,1.1042419328981328,1.1031448582447363,1.1034248974416319,128.83863356681135,59.47,15.0
2025-10-13 21:45:00,1.1034041269411374,1.1057099529738408,1.103315012987549,1.1054673616581558,90.01631905588563,59.24,15.0
2025-10-13 22:00:00,1.1054490094651677,1.10556433166671,1.1021892555615895,1.102243520275787,153.00798316683597,59.13,15.0
2025-10-13 22:15:00,1.1024027388707505,1.1028587788959454,1.0977100186171007,1.098544114544854,222.6482152314675,59.46,15.0
2025-10-13 22:30:00,1.098579333381516,1.100237157053906,1.0985047785315607,1.1000055417585641,241.0140792188958,59.41,15.0
2025-10-13 22:45:00,1.0999015416593874,1.0999311785203034,1.099308684638405,1.0998879596293538,1130.8775570048729,59.66,15.0
2025-10-13 23:00:00,1.0998877973486432,1.1000132069556265,1.0998874514495922,1.100012738010149,106.67323637497486,59.65,15.0
2025-10-14 16:30:00,1.100114400331525,1.1115664370397154,1.0991333690750578,1.1115232581276913,206.7633076947776,59.36,15.0
2025-10-14 16:45:00,1.1114255731825522,1.1130121761435445,1.1032550960579637,1.104860637800621,76.88076112456281,59.52,15.0
2025-10-14 17:00:00,1.1049210936297376,1.1065593729376488,1.1024073979081592,1.1028487240184506,216.3251351507527,58.79,15.0
2025-10-14 17:15:00,1.1028019525846864,1.1079221384023963,1.1023579660276808,1.1072289288095343,134.04253821659148,58.52,15.0
2025-10-14 17:30:00,1.1072908874590135,1.1077205929849026,1.1028974855891434,1.1031639007172436,239.38459104918815,58.43,15.0
2025-10-14 17:45:00,1.10311965004578,1.1033078241705758,1.1022794611757893,1.1026048600329552,77.48644376140614,58.65,15.0
2025-10-14 18:00:00,1.102556531015987,1.1027556773324951,1.0995019510572532,1.0996248692769754,140.7139690559232,58.73,15.0
2025-10-14 18:15:00,1.0996229777043864,1.09968028926748,1.0956934939137526,1.0962666617693604,44.14800808625591,58.47,15.0
2025-10-14 18:30:00,1.0962358383024915,1.0964394761804102,1.093790024648258,1.0941301237637187,238.11460041452773,58.73,15.0
2025-10-14 18:45:00,1.0940824792004993,1.0982508686669392,1.0934801657970643,1.0976957228863784,64.1920375600681,59.01,15.0
2025-10-14 19:00:00,1.0977815922503422,1.1006896984653358,1.0973116978541473,1.1001209865048214,442.3032381616285,59.03,15.0
2025-10-14 19:15:00,1.100186517486899,1.1025701042589948,1.1001172171022269,1.1024740856768214,55.94037915501803,58.93,15.0
2025-10-14 19:30:00,1.102391566401057,1.1041081144251503,1.1022011206334072,1.1037980477637286,62.505599706401405,58.98,15.0
2025-10-14 19:45:00,1.1037885705771457,1.1046502541718857,1.103527234569904,1.1043676462189027,78.8782147897002,59.2,15.0
2025-10-14 20:00:00,1.1043779510221405,1.1060531518671455,1.1043286856341943,1.1059751584992172,32.56740978379525,59.22,15.0
2025-10-14 20:15:00,1.106042178364251,1.106143008632289,1.1034594632994268,1.103497912526137,115.01016217712043,59.34,15.0
2025-10-14 20:30:00,1.103609078084816,1.1045417217500144,1.1022430364948759,1.1026576279434355,136.4515150844392,59.73,15.0
2025-10-14 20:45:00,1.1025865756251036,1.1053519652842254,1.1024350209347105,1.1050242552803575,101.67077430874163,59.71,15.0
2025-10-14 21:00:00,1.104993611541594,1.1087380401514215,1.104890115092859,1.108369542808478,115.42688785876486,59.63,15.0
2025-10-14 21:15:00,1.1083662074248486,1.1086469015364657,1.108297835230858,1.1083403796113387,112.74896471503924,59.56,15.0
2025-10-14 21:30:00,1.1083049631399347,1.1087710573801626,1.105550180905695,1.1058600954644042,125.4095204910806,59.7,15.0
2025-10-14 21:45:00,1.1058302770209318,1.1069506552880801,1.105409043889016,1.106420001980965,202.11804562722818,59.6,15.0
2025-10-14 22:00:00,1.106480917339152,1.1077964219453134,1.1058147887469634,1.1077881362720197,100.90228451483867,59.92,15.0
2025-10-14 22:15:00,1.107778562050076,1.1081507342598909,1.1019211178771509,1.1026213007953884,324.78249005009445,59.85,15.0
2025-10-14 22:30:00,1.1026347359489255,1.1036465482999853,1.0938414384182724,1.094273412325602,307.2042693629075,59.38,15.0
2025-10-14 22:45:00,1.09430577588998,1.0980504134822047,1.094169105599161,1.0977511701383735,1283.4378430711367,59.28,15.0
2025-10-14 23:00:00,1.0977511092741274,1.097885678781969,1.0977507042870545,1.09788559082364,137.42789525716697,59.27,15.0
2025-10-15 16:30:00,1.0983382104644634,1.1073138437221681,1.09762376697073,1.1062887525181109,567.1948716374515,60.3,15.0
2025-10-15 16:45:00,1.106409783186021,1.1148294822519862,1.1055155252637097,1.1139987502078919,19.87791992321818,60.03,15.0
2025-10-15 17:00:00,1.1140657605284536,1.1147289619070226,1.1112618208661862,1.111474030415622,44.16791429391379,60.16,15.0
2025-10-15 17:15:00,1.111408224633319,1.1141047263957675,1.1107975755910013,1.1136769728623226,53.790498834714725,59.81,15.0
2025-10-15 17:30:00,1.113887664650622,1.1142325378269167,1.1110027330381287,1.1111432033631823,64.99246098524127,59.5,15.0
2025-10-15 17:45:00,1.111131052454326,1.1115837919279947,1.1067285645793274,1.106778420612275,62.103916495603485,59.62,15.0
2025-10-15 18:00:00,1.1068059923292197,1.106984390659856,1.1052640912125404,1.1054210388329324,41.829776011840444,59.66,15.0
2025-10-15 18:15:00,1.105311104937534,1.1060287459850455,1.104909973435924,1.1057107678737688,41.583442600941105,59.73,15.0
2025-10-15 18:30:00,1.1054106196107392,1.1059610837317349,1.1044936757164325,1.1055221616754416,145.2896995202574,59.21,15.0
2025-10-15 18:45:00,1.1055467088288877,1.1084731104789398,1.10510143191342,1.1083397010360045,78.61909252526294,59.35,15.0
2025-10-15 19:00:00,1.1084025117935905,1.110721709436211,1.1078330450467748,1.1103929697298303,69.11027751897362,59.51,15.0
2025-10-15 19:15:00,1.1103814589709504,1.1153645321461059,1.1099967335637557,1.1152913610586397,55.26138922843297,59.71,15.0
2025-10-15 19:30:00,1.1152845842103591,1.1154803100657866,1.1129858968568427,1.1130229802994216,30.312120102500526,59.59,15.0
2025-10-15 19:45:00,1.11300414604902,1.1132584141116455,1.1075178073820446,1.1076918586334201,157.59603455282254,59.43,15.0
2025-10-15 20:00:00,1.107807335006846,1.1082777268758683,1.1021755772721402,1.1025093563301396,79.12064104790198,59.03,15.0
2025-10-15 20:15:00,1.1024614114499305,1.1026056070264374,1.098296695921933,1.098299725313072,78.64977770926752,59.2,15.0
2025-10-15 20:30:00,1.098462338512015,1.098532714659119,1.0974560530655524,1.0975072791961187,61.560164961503325,59.5,15.0
2025-10-15 20:45:00,1.0974085470762072,1.0997968035146262,1.0973543149724452,1.0993552953399468,38.71137936474972,59.74,15.0
2025-10-15 21:00:00,1.099327058207938,1.0993512772641374,1.0965877688492438,1.0969749208464303,113.23663945671841,59.65,15.0
2025-10-15 21:15:00,1.0969969960686246,1.097339397360401,1.0969747468372522,1.0972089773451856,113.79754350939211,59.75,15.0
2025-10-15 21:30:00,1.0972003367876373,1.0972280154418863,1.0965026242325688,1.0966390714491672,29.035530759561393,59.73,15.0
2025-10-15 21:45:00,1.0966177160735677,1.099224792333808,1.096597773984606,1.0991542940413783,53.8388291950249,59.76,15.0
2025-10-15 22:00:00,1.0990283527451212,1.104728929907334,1.098887619891925,1.104322979729771,84.74517057739752,59.68,15.0
2025-10-15 22:15:00,1.1043304605018172,1.1055843451986695,1.104167697682789,1.105463406296394,125.45734507202033,59.73,15.0
2025-10-15 22:30:00,1.1055589651285322,1.1057622003598504,1.102599874050899,1.1027835973972289,96.79058911361304,59.59,15.0
2025-10-15 22:45:00,1.1027300193533154,1.103299486987429,1.1014015860273445,1.1016544649214919,633.87457408628,59.58,15.0
2025-10-15 23:00:00,1.1016544330105964,1.1017704524663556,1.101653888004557,1.101770160567235,114.84772828943342,59.58,15.0
2025-10-16 16:30:00,1.101662708644342,1.1161187132602655,1.101347418855245,1.1146308559312028,146.53273154261072,60.37,15.0
2025-10-16 16:45:00,1.1143588455019016,1.1264788811294053,1.1117272621512775,1.12510931072214,596.7722447409972,61.55,15.0
2025-10-16 17:00:00,1.1254411043901995,1.1265408945807753,1.1122231717339617,1.1123768737874193,485.99707412446435,61.75,15.0
2025-10-16 17:15:00,1.1124964523847434,1.112662045993892,1.105675232296745,1.107978997807569,312.2118071049711,62.11,15.0
2025-10-16 17:30:00,1.1080621433629974,1.1190647122000101,1.1062415639100522,1.1190189528458174,315.42647445799577,61.86,15.0
2025-10-16 17:45:00,1.1191542875366154,1.1204525004530805,1.1128006564484707,1.113225780842825,186.76583810094573,61.55,15.0
2025-10-16 18:00:00,1.113131277118383,1.1216639185137496,1.1113302712718731,1.1214770868556347,154.76089653406413,62.19,15.0
2025-10-16 18:15:00,1.1214308959699515,1.1218494101590817,1.1175808893261627,1.118114073694996,285.6296437333045,62.16,15.0
2025-10-16 18:30:00,1.11809073819543,1.1191768149046952,1.1045156574128538,1.1055064520353077,140.88313809178763,61.77,15.0
2025-10-16 18:45:00,1.1055236336836718,1.10638370172616,1.105418548848904,1.1060699204510205,85.92717274864223,61.67,15.0
2025-10-16 19:00:00,1.1060022920081352,1.114537567957385,1.1055368087263295,1.1144476092663347,254.4777577864809,61.98,15.0
2025-10-16 19:15:00,1.1143365864778583,1.114614879632092,1.1090378762845232,1.1098102189178594,289.0091737214254,61.96,15.0
2025-10-16 19:30:00,1.1099855664607317,1.1117026710641666,1.109645636316295,1.111439356412573,460.22751282963395,61.83,15.0
2025-10-16 19:45:00,1.111471173005042,1.117449455286985,1.1105524144455112,1.1170092756675234,313.3269380376896,62.06,15.0
2025-10-16 20:00:00,1.117044947854722,1.1174712709629484,1.1170173693988175,1.117414723643812,85.80407988422573,61.99,15.0
2025-10-16 20:15:00,1.1174921699654727,1.1184766927473606,1.1170167851853976,1.1179015488955792,81.04252407339975,62.18,15.0
2025-10-16 20:30:00,1.117927619166966,1.118137995632992,1.1080588634426294,1.1080792931612211,98.71208867915603,61.88,15.0
2025-10-16 20:45:00,1.1081523052222308,1.1099149560539874,1.1079832851103664,1.1096814468619858,84.3571684567213,61.76,15.0
2025-10-16 21:00:00,1.1096488534104607,1.1098322167733257,1.1094950989582106,1.1096420275160388,125.55284489210766,61.54,15.0
2025-10-16 21:15:00,1.1095626441542292,1.1145467037855852,1.109041805116184,1.1145220659497819,160.93926326701785,61.5,15.0
2025-10-16 21:30:00,1.1146753248977221,1.115382758241106,1.1100715163649313,1.1102995415430468,56.75163035976941,61.45,15.0
2025-10-16 21:45:00,1.110342686174682,1.1106456144422256,1.110087274104353,1.1101831334220282,54.0335273647383,61.58,15.0
2025-10-16 22:00:00,1.1101829344948715,1.110258550048207,1.1071954557948815,1.1073438738648325,100.49978623895815,61.52,15.0
2025-10-16 22:15:00,1.1072942375446322,1.1082851732384318,1.1070662094186545,1.1081600148441453,76.56820550133578,61.42,15.0
2025-10-16 22:30:00,1.108102031002319,1.1106730684543957,1.1080529766424474,1.1102565478057798,133.19033215385747,61.43,15.0
2025-10-16 22:45:00,1.1101439732473535,1.110445679737422,1.1089713718937992,1.1097021068638997,748.555940792521,61.61,15.0
2025-10-16 23:00:00,1.1097022430634573,1.109768165097979,1.1097020123629213,1.1097677756027298,173.91298594291993,61.6,15.0
2025-10-17 16:30:00,1.109786300029069,1.1122176005271174,1.1054568213328284,1.1057971765378893,139.4111112475008,62.26,15.0
2025-10-17 16:45:00,1.1057873627620667,1.1098539111502812,1.1052831045135072,1.1089646205132084,100.26005838247946,61.77,15.0
2025-10-17 17:00:00,1.1090567047223228,1.1111715546454852,1.1088263518852413,1.1109157050777292,183.02173970735348,61.99,15.0
2025-10-17 17:15:00,1.1112972696601382,1.1173500084728127,1.1103001407283308,1.116693991375326,147.52911706435117,61.67,15.0
2025-10-17 17:30:00,1.1166750789576498,1.116911850070559,1.1080734072878407,1.108202365296989,70.13535335763905,61.54,15.0
2025-10-17 17:45:00,1.108208314302054,1.112854293691843,1.1081858623881935,1.112378923096997,103.76876734634217,61.61,15.0
2025-10-17 18:00:00,1.112518253558825,1.1146945612778485,1.111971953403421,1.1145341841825964,51.843733044462596,61.51,15.0
2025-10-17 18:15:00,1.114604196015687,1.1152277842620857,1.1119625831704185,1.1127207895074396,62.363147520124414,61.76,15.0
2025-10-17 18:30:00,1.112761628173811,1.121001768059982,1.111964204689818,1.1207591753315116,54.75191815406774,61.95,15.0
2025-10-17 18:45:00,1.1207306531189876,1.120904977511924,1.116371467498561,1.1167166449508672,59.835988614778586,61.84,15.0
2025-10-17 19:00:00,1.1167081460723196,1.1170603900082139,1.1124406240864502,1.1130083656245942,85.92584161564008,61.7,15.0
2025-10-17 19:15:00,1.1129750071248397,1.1132412615287248,1.112824452414437,1.1131833529558794,139.66288059060355,61.76,15.0
2025-10-17 19:30:00,1.11315467905449,1.1133068769000358,1.112708156638546,1.1127867533258065,175.29038877113354,61.74,15.0
2025-10-17 19:45:00,1.1128876694932517,1.1138164869009735,1.1127414836545078,1.1130412637698917,265.8331206854499,61.65,15.0
2025-10-17 20:00:00,1.112947036147301,1.113527315446178,1.1128257178461254,1.113420014347565,204.46267081548822,61.73,15.0
2025-10-17 20:15:00,1.113379565277632,1.1143941939608863,1.1130566925632253,1.1142172564696347,178.52352434696377,61.81,15.0
2025-10-17 20:30:00,1.1142004523402291,1.117650870739163,1.1138773490145946,1.117586976537491,200.7480136053527,61.96,15.0
2025-10-17 20:45:00,1.1175449325092028,1.1176437960971592,1.1147875585316869,1.1149279348063303,77.71305110553666,61.92,15.0
2025-10-17 21:00:00,1.1149556305515567,1.1162155227027069,1.114585015736872,1.116005009643626,97.66852953990478,61.95,15.0
2025-10-17 21:15:00,1.1160024701687572,1.1181231050562794,1.1157053121576535,1.1178745314111707,126.06757937320454,62.15,15.0
2025-10-17 21:30:00,1.1177894296233524,1.1180668829805476,1.1175941466132768,1.1180177837448255,209.1293496256613,62.15,15.0
2025-10-17 21:45:00,1.118053539917947,1.1181260320952793,1.1170073851330993,1.1171121328091331,64.26801556957273,62.14,15.0
2025-10-17 22:00:00,1.1170658765267574,1.1171171215981757,1.116054512492495,1.116108412556408,105.83730329757975,62.17,15.0
2025-10-17 22:15:00,1.1160411564426123,1.1162922165891225,1.1156041238720924,1.1158634224322541,108.41032756048172,62.0,15.0
2025-10-17 22:30:00,1.115936899440679,1.116581626235022,1.1140735029085955,1.1144992408035714,150.69057479029394,61.91,15.0
2025-10-17 22:45:00,1.1144840257262494,1.115414916927169,1.1132668372587782,1.1133668486050414,675.6117351204542,61.87,15.0
2025-10-17 23:00:00,1.1133669245746933,1.1133721832202461,1.1133664562686125,1.1133718825627144,94.16182013578467,61.86,15.0
2025-10-20 16:30:00,1.1134521943714146,1.1177919162238075,1.1110774187053654,1.1163943802434684,123.50280436903184,63.04,15.0
2025-10-20 16:45:00,1.1160939814934188,1.1168693411149855,1.0967610871815723,1.0977716046526063,137.17053789859335,62.57,15.0
2025-10-20 17:00:00,1.0977289221032651,1.1020357928702926,1.0974177954459328,1.1014399921369211,321.30776703377325,62.77,15.0
2025-10-20 17:15:00,1.1016939023213228,1.1065543672620273,1.1014012223227094,1.1063948104964156,106.20471342289223,62.48,15.0
2025-10-20 17:30:00,1.1060550454374105,1.1067283358318776,1.1002484881703796,1.1024172058903563,137.98778503120195,63.09,15.0
2025-10-20 17:45:00,1.1022972255396573,1.10302101018622,1.1021575566968622,1.1029840236476347,84.00999948098458,63.22,15.0
2025-10-20 18:00:00,1.102984259342568,1.1039372797910638,1.1005465410547612,1.100989939353322,73.46185826822789,62.97,15.0
2025-10-20 18:15:00,1.1009476770416728,1.1020699436616352,1.100844262420463,1.1018763209925657,88.92988207459699,62.97,15.0
2025-10-20 18:30:00,1.1018705323631852,1.1021917711497708,1.1014040655020327,1.102062968214877,71.65275153628653,63.01,15.0
2025-10-20 18:45:00,1.1020260267041604,1.1021981556927904,1.0993682648166063,1.0996444082141439,216.643249713325,62.82,15.0
2025-10-20 19:00:00,1.0996944572350813,1.1001973941477894,1.0971092908112727,1.0973626244600623,109.25261923101002,62.75,15.0
2025-10-20 19:15:00,1.097317516314036,1.0986510814078907,1.097220350822965,1.0985902559837162,51.36363211485054,62.72,15.0
2025-10-20 19:30:00,1.0985818417587463,1.0999959207689172,1.0982019688154916,1.0997600210064922,103.37340759562393,62.83,15.0
2025-10-20 19:45:00,1.099738087972563,1.099906359809443,1.0982874874962099,1.0984263505644303,39.867262269778585,62.87,15.0
2025-10-20 20:00:00,1.0984340663962064,1.1003299935837751,1.098326035098664,1.10023176168928,75.02040439926529,62.91,15.0
2025-10-20 20:15:00,1.1002124595875213,1.1021442399779906,1.1000075893471077,1.1019059384502827,100.24904925047018,62.83,15.0
2025-10-20 20:30:00,1.1017900386872688,1.1090905125512032,1.101649001956587,1.1089832008636953,53.451733998292625,62.74,15.0
2025-10-20 20:45:00,1.1089460929191666,1.1124694493434666,1.1088040605355713,1.1122939678264219,85.73322501414378,62.68,15.0
2025-10-20 21:00:00,1.112359069122777,1.113013222581718,1.1123206874896927,1.112556160455626,116.51851741007852,62.67,15.0
2025-10-20 21:15:00,1.1126259443339295,1.11299266282092,1.1124654834738903,1.1128004758674908,79.57286457664588,62.55,15.0
2025-10-20 21:30:00,1.112787437858538,1.1133478740214573,1.1126849938741146,1.1131741306289267,104.94013174614656,62.58,15.0
2025-10-20 21:45:00,1.1132162655581994,1.116052679585702,1.1126969317392201,1.1159482230441362,133.86072293527664,62.52,15.0
2025-10-20 22:00:00,1.1160244116746425,1.1164904927260582,1.1150310906571987,1.1151335425459354,77.5015407501859,62.63,15.0
2025-10-20 22:15:00,1.1151409398197372,1.1152132626586229,1.1143592882687228,1.1148457814754718,114.43235513585259,62.56,15.0
2025-10-20 22:30:00,1.1148229144166568,1.115406160795206,1.1146529909342233,1.1152387787605138,288.61319381521434,62.63,15.0
2025-10-20 22:45:00,1.1151499315275137,1.115272116582152,1.1126574779958143,1.1130063425022814,567.2535601825687,62.53,15.0
2025-10-20 23:00:00,1.1130062640400114,1.113141786977388,1.1130057865274052,1.113140767532261,79.70278346681259,62.54,15.0
2025-10-21 16:30:00,1.113199990792721,1.1587258262398132,1.1104114245109626,1.1552760425828712,258.7987724158501,63.19,15.0
2025-10-21 16:45:00,1.1553515681317323,1.1558231205946756,1.1534096286512627,1.154440601357983,74.14212018141212,63.5,15.0
2025-10-21 17:00:00,1.1545215680930017,1.1555492905205247,1.1519463820274403,1.1523196302855438,66.04577867353937,63.23,15.0
2025-10-21 17:15:00,1.152329416120002,1.1548053784234693,1.1517249828458564,1.1522102298805297,279.82881734233604,63.87,15.0
2025-10-21 17:30:00,1.1522515346598066,1.1529367098992147,1.1503630790675774,1.1504970370640915,51.52556621291309,63.94,15.0
2025-10-21 17:45:00,1.1504366400219208,1.1583909801305932,1.1491630273511864,1.1579598320513245,237.7334190350352,64.21,15.0
2025-10-21 18:00:00,1.1580501856117806,1.1581688250662747,1.1574620748656637,1.15803125363171,152.63580960394816,64.27,15.0
2025-10-21 18:15:00,1.158091130029421,1.1584159097344249,1.1576487689828958,1.1577513440892062,43.46413997356277,63.96,15.0
2025-10-21 18:30:00,1.1577256034224608,1.1578756560487458,1.1574581096369718,1.157465200864931,127.68926746177398,63.88,15.0
2025-10-21 18:45:00,1.1575379367644316,1.157724395241621,1.1544863458309478,1.1550339219973744,408.9949209863382,64.04,15.0
2025-10-21 19:00:00,1.1550666688128923,1.1553084353255838,1.1534621019266362,1.153557972351662,113.73889969755962,63.97,15.0
2025-10-21 19:15:00,1.1534721070432554,1.1561915499589772,1.1534144714850474,1.156045213467873,79.59130021401558,64.18,15.0
2025-10-21 19:30:00,1.1559231242307813,1.1559385293496443,1.1552077401628642,1.1555837701358005,205.75628627590663,64.29,15.0
2025-10-21 19:45:00,1.1556325641728538,1.1575551218360742,1.1547169936160706,1.1568639940417058,162.8413338738043,64.14,15.0
2025-10-21 20:00:00,1.1567948999832485,1.1568712988967578,1.15516988276969,1.1556569334688802,150.3098118414958,64.11,15.0
2025-10-21 20:15:00,1.1556372768857954,1.1559758178258732,1.154568040245951,1.1545836228672008,228.84142436287308,64.1,15.0
2025-10-21 20:30:00,1.154568489276834,1.1546418723100416,1.1516442583394748,1.1518432461150538,98.46822096394452,64.25,15.0
2025-10-21 20:45:00,1.1518181995373142,1.1521787669910846,1.1516050104403095,1.1516389709231867,89.67910158871409,64.08,15.0
2025-10-21 21:00:00,1.1515029611079513,1.151799033707843,1.1489718003622975,1.1494732129823564,55.16692298955679,63.8,15.0
2025-10-21 21:15:00,1.14947339584427,1.1495739041480861,1.1472653762456835,1.1474059288639953,158.7641638006205,63.73,15.0
2025-10-21 21:30:00,1.147383336124518,1.147400699402171,1.1460785750993203,1.1464036130768218,118.22420820344156,63.72,15.0
2025-10-21 21:45:00,1.146425427034761,1.1482597319624634,1.1460808181605426,1.1478848497169445,124.76869551541718,63.6,15.0
2025-10-21 22:00:00,1.1478919424371838,1.14991596336409,1.1478904611492435,1.149188008721342,139.0863495584786,63.87,15.0
2025-10-21 22:15:00,1.1491815876344613,1.1491865209146426,1.1470059329994204,1.1470157828675875,572.5332652678353,63.86,15.0
2025-10-21 22:30:00,1.1470171580200892,1.1478315598557083,1.1465597725182668,1.147271840183113,162.92318205775697,63.79,15.0
2025-10-21 22:45:00,1.1474545942680054,1.1565878516905574,1.1470168815256032,1.1547613595794506,1229.0522829167778,63.46,15.0
2025-10-21 23:00:00,1.1547613751983519,1.1547615460092597,1.1540840591672141,1.1540842676223673,124.28902040047234,63.46,15.0
2025-10-22 16:30:00,1.1532433158618232,1.1873181513858277,1.1520336271155451,1.1867486902668487,292.37782423349216,64.55,15.0
2025-10-22 16:45:00,1.1871734107303902,1.1924717636065707,1.17358528371507,1.1741928007984077,163.81498054201126,63.6,15.0
2025-10-22 17:00:00,1.1740722083727684,1.1800966436269553,1.173689924280869,1.179306597068035,71.48155090915935,63.36,15.0
2025-10-22 17:15:00,1.179316544736697,1.184686049581613,1.1788745325950143,1.1846671465728735,32.90271091903785,63.59,15.0
2025-10-22 17:30:00,1.1847494678485506,1.185195689289119,1.1835361716056023,1.1839936723058004,173.45764835442117,63.49,15.0
2025-10-22 17:45:00,1.1840147647582262,1.1842281751826842,1.1826169487676275,1.182751583111421,195.8734483156768,63.81,15.0
2025-10-22 18:00:00,1.1828058181912144,1.1833872450738452,1.1826630114274397,1.1832495394207647,111.64585233821856,63.49,15.0
2025-10-22 18:15:00,1.1833282284199387,1.184869793991806,1.1828217289496885,1.1845910750617301,111.54073172919087,63.75,15.0
2025-10-22 18:30:00,1.1845895264873085,1.1846738726380035,1.1840254985538516,1.1842560338433115,35.457293770392035,63.83,15.0
2025-10-22 18:45:00,1.184192960711466,1.1841956418768873,1.181782364463509,1.181841083411895,83.08041778953005,63.69,15.0
2025-10-22 19:00:00,1.1817328357409098,1.1818168851671091,1.1798388204658263,1.1798901881375143,39.33648319779549,63.63,15.0
2025-10-22 19:15:00,1.1798905507371849,1.1805234616221378,1.1796117317751642,1.1802006713080206,103.60362496450989,63.61,15.0
2025-10-22 19:30:00,1.1805911547081784,1.180935793122314,1.1748059293020774,1.1751678078273815,78.76054000595319,63.71,15.0
2025-10-22 19:45:00,1.1751843117507406,1.1752458446787755,1.1709313708200348,1.1712237054803942,128.39260199509934,63.66,15.0
2025-10-22 20:00:00,1.1712861452176075,1.1719806195181668,1.1712566514629101,1.1718724635385913,70.64585026017205,63.72,15.0
2025-10-22 20:15:00,1.171926742180954,1.1723835050998248,1.1640669265387031,1.1646792597804292,136.70260738876303,63.58,15.0
2025-10-22 20:30:00,1.1646080276890827,1.1646731153927468,1.1598317318724796,1.1602041992514278,97.4416113576333,63.38,15.0
2025-10-22 20:45:00,1.1601308022186767,1.1630287403249044,1.1600057473673104,1.1629130470542963,99.53260089497839,63.6,15.0
2025-10-22 21:00:00,1.1629533433169827,1.162971152972642,1.1596991456966348,1.159746788811847,68.09841724647436,63.59,15.0
2025-10-22 21:15:00,1.1596980778773482,1.1608843839676317,1.159372338383575,1.1608514555315397,139.90103228879266,63.66,15.0
2025-10-22 21:30:00,1.1608371272703262,1.161071948578775,1.158690793564657,1.1587205674562897,254.44812146118997,63.59,15.0
2025-10-22 21:45:00,1.1587190018596465,1.1588270009634543,1.1584422793571023,1.1584743674450302,181.8449060298291,63.68,15.0
2025-10-22 22:00:00,1.1586138444965852,1.1587100911344668,1.154088173248243,1.1542506384862414,223.1500463874491,63.74,15.0
2025-10-22 22:15:00,1.1543402530509739,1.1545852995098156,1.1535965495147242,1.1541544572962137,129.82060871021307,63.9,15.0
2025-10-22 22:30:00,1.1541148760166091,1.1543560781729707,1.1533710136388031,1.1538448912574446,225.55986845065115,63.92,15.0
2025-10-22 22:45:00,1.1538967925250152,1.154127454487065,1.1485938728932064,1.1487439414535792,1429.6273875228671,63.79,15.0
2025-10-22 23:00:00,1.1487439387382412,1.1487439723871982,1.1482181342675968,1.1482189893855532,204.42119975449748,63.79,15.0
2025-10-23 16:30:00,1.149670220539854,1.1538213200649359,1.1295625388076478,1.1303512205219506,176.20196386206905,65.2,15.0
2025-10-23 16:45:00,1.1304485701284612,1.1310329875694802,1.1248163200345527,1.126840859510303,363.31582070509603,65.07,15.0
2025-10-23 17:00:00,1.1265983080532525,1.1275552617542426,1.1185791790263138,1.1191326106138486,247.61498222154196,64.6,15.0
2025-10-23 17:15:00,1.1190154652929278,1.1199978554871224,1.1160696998832735,1.1161609958746745,407.91919921853736,64.84,15.0
2025-10-23 17:30:00,1.116128826024641,1.1170725098739906,1.1158404966674926,1.1168269217280193,128.691896701173,64.86,15.0
2025-10-23 17:45:00,1.1169453723951313,1.1174161626414032,1.114703289640986,1.1147074055411414,116.34621989737508,64.64,15.0
2025-10-23 18:00:00,1.1147737389094747,1.1149548805159593,1.1133418469191816,1.1135912076595302,185.88004194622434,64.61,15.0
2025-10-23 18:15:00,1.1135243898909002,1.125118042152047,1.112579113482133,1.124530938483574,171.40704077155078,65.12,15.0
2025-10-23 18:30:00,1.1249315264598687,1.1251181183695285,1.1199174465470259,1.1217939452318066,283.6398152306704,65.88,15.0
2025-10-23 18:45:00,1.12167955247465,1.1220359860810758,1.1203265705523633,1.120642901571467,349.9915012117863,66.04,15.0
2025-10-23 19:00:00,1.120661116300746,1.123700688611398,1.1205430662139075,1.1236804618792615,421.9876786598552,66.09,15.0
2025-10-23 19:15:00,1.1236378807581846,1.1239781545095018,1.1231092670530125,1.1235428724720982,157.56489163347956,66.13,15.0
2025-10-23 19:30:00,1.123597231140407,1.1288440237273967,1.1231862798433772,1.1287657816136518,253.7959924916509,66.22,15.0
2025-10-23 19:45:00,1.1287902257962257,1.128925386715787,1.1275205933100436,1.1277690373306282,131.4323588516026,66.25,15.0
2025-10-23 20:00:00,1.127935769984099,1.132797525280282,1.1275084345040227,1.132713953589744,100.73390493029923,66.09,15.0
2025-10-23 20:15:00,1.1327417556585315,1.1334169278496626,1.1302795094885354,1.1303066853181727,209.42620534489092,66.12,15.0
2025-10-23 20:30:00,1.1302920243055363,1.1346971512058095,1.13005532856986,1.134494969628691,169.57021460936218,66.14,15.0
2025-10-23 20:45:00,1.1345557006640004,1.1352131205734088,1.129029238242876,1.1295390212025496,172.77849188307152,66.01,15.0
2025-10-23 21:00:00,1.1295160359199021,1.1308250008343972,1.1292951769735549,1.1305343079238281,141.33893672251247,66.0,15.0
2025-10-23 21:15:00,1.1306541412479807,1.130804931831372,1.1283099835545891,1.1285965354905096,245.50916814441493,66.08,15.0
2025-10-23 21:30:00,1.1286759071518253,1.1296480966408404,1.128608855492235,1.1295354707575134,132.7784999523681,66.15,15.0
2025-10-23 22:00:00,1.1296241002296916,1.1296487641912472,1.1278342897179423,1.1280146048068773,105.51742804526855,66.19,15.0
2025-10-23 22:15:00,1.128041095376755,1.1289887403908834,1.1279809243520336,1.1288263914874264,195.25471355420584,66.32,15.0
2025-10-23 22:30:00,1.1288115244184767,1.129327344512714,1.1267011103985507,1.1270123639216865,272.0227671400474,66.0,15.0
2025-10-23 22:45:00,1.1271168281870791,1.129411658538834,1.1264948946847075,1.129138866006192,893.4992278393088,66.05,15.0
2025-10-23 23:00:00,1.1291388635968485,1.1292001855546543,1.12913870055482,1.1292001582797266,119.3164370516984,66.06,15.0
2025-10-24 16:30:00,1.1293897628205911,1.1341169578122903,1.126364691259001,1.1332294228908733,107.96128694210994,66.62,15.0
2025-10-24 16:45:00,1.1333447120139784,1.133930723974701,1.1216472397391286,1.1228674868351014,195.856894406528,66.24,15.0
2025-10-24 17:00:00,1.1226836817969266,1.123909641933517,1.1223220485752319,1.1226511588907018,97.23949324911393,66.73,15.0
2025-10-24 17:15:00,1.1226464128425129,1.1234353965966004,1.1218899724089209,1.1219946015384372,79.14630014903486,66.63,15.0
2025-10-24 17:30:00,1.12188678004889,1.1223269126654523,1.1199142208774955,1.1205528756930265,169.76853888376704,66.64,15.0
2025-10-24 17:45:00,1.1206029694478858,1.1231587899073878,1.1201961071888344,1.1231089642991425,157.50149248333412,66.54,15.0
2025-10-24 18:00:00,1.1230529000933254,1.1238490235012573,1.122415087889953,1.1237948819445491,105.73966291817403,66.63,15.0
2025-10-24 18:15:00,1.1237937757520222,1.123911773290756,1.1200824806118963,1.1202271336657366,102.89104752524112,66.6,15.0
2025-10-24 18:30:00,1.120223146514403,1.1205740299015663,1.1195753218750832,1.1197469675822773,153.08847883423465,66.62,15.0
2025-10-24 18:45:00,1.1197839182670632,1.1199381275183729,1.1162680327241616,1.1164452304483934,170.73272514899168,66.54,15.0
2025-10-24 19:00:00,1.1163530529223333,1.1174059264408995,1.1163371166465579,1.1173229283354529,50.054752054530574,66.56,15.0
2025-10-24 19:15:00,1.1172378953291584,1.1173435849823274,1.1150637020377037,1.1156456738914313,94.58903317498039,66.24,15.0
2025-10-24 19:30:00,1.115615011023543,1.1160372566369978,1.1154492466387635,1.1160047596114417,257.5683363369515,66.25,15.0
2025-10-24 19:45:00,1.1160135387925423,1.1160266514433765,1.1144345158900195,1.1150572033379942,173.59762957603306,66.43,15.0
2025-10-24 20:00:00,1.1150757495721388,1.1160465509245674,1.1149208124878804,1.115855896902201,133.0452106686554,66.62,15.0
2025-10-24 20:15:00,1.1158762467768193,1.1160489203749595,1.113974489171738,1.1141864901110003,74.38704076890863,66.52,15.0
2025-10-24 20:30:00,1.1140676301610157,1.1141210832427904,1.113945417595146,1.1140481487445038,122.29104380072025,66.42,15.0
2025-10-24 20:45:00,1.1138875205375343,1.1195836331004556,1.113691671276568,1.119026495561268,99.84342242730412,66.43,15.0
2025-10-24 21:00:00,1.1190220242979787,1.1212172283568493,1.1188376632737105,1.1209114713983221,147.17072964911208,66.63,15.0
2025-10-24 21:15:00,1.1208484497251583,1.1238018243384604,1.1204568316417705,1.1236025921738755,90.14811693901981,66.31,15.0
2025-10-24 21:30:00,1.1235628473910186,1.1241305233091092,1.1234888126778504,1.1240984224316681,251.22094827035855,66.32,15.0
2025-10-24 21:45:00,1.124039554263283,1.129841745921334,1.123829764610842,1.129478085940718,288.25107486458523,66.05,15.0
2025-10-24 22:00:00,1.1294351112117584,1.1318259515747573,1.1291737253152057,1.1314091590113617,192.0172292149438,66.1,15.0
2025-10-24 22:15:00,1.1313772869830383,1.1317827107342298,1.1309281500203787,1.1311673068499166,449.5288785015637,66.01,15.0
2025-10-24 22:30:00,1.1312656782647639,1.1314523788596902,1.1305735219136321,1.130693957637269,445.3220259145379,65.98,15.0
2025-10-24 22:45:00,1.130639380442811,1.1322359990128306,1.1305288569393181,1.1321713706618244,1344.5206894683156,65.91,15.0
2025-10-24 23:00:00,1.1321714960245373,1.1321721265291318,1.1320886350677601,1.1320888538313387,116.40310273973368,65.9,15.0
2025-10-27 15:30:00,1.1319796254935763,1.1336861925585147,1.1254753848106234,1.127332076119646,471.27689571520636,65.2,15.0
2025-10-27 15:45:00,1.1270456899492622,1.1437547596467612,1.1255117196085471,1.142419389162456,206.31407136098036,65.14,15.0
2025-10-27 16:00:00,1.1424343938476778,1.1470998896396387,1.1417444625611397,1.1470724807360397,152.0153784317188,65.45,15.0
2025-10-27 16:15:00,1.1469925356711672,1.147617243190568,1.140890575916247,1.1413210105722813,113.66030801837506,65.47,15.0
2025-10-27 16:30:00,1.141271372509343,1.1423527318058584,1.1394408099376083,1.1395889627911684,119.5950129572895,65.4,15.0
2025-10-27 16:45:00,1.139366531500538,1.1427998049717178,1.1383076889234682,1.1427089344431474,174.90931680812153,64.98,15.0
2025-10-27 17:00:00,1.1426895726281032,1.1440508602071184,1.1415828792368046,1.1437701628166923,178.55491298109501,65.31,15.0
2025-10-27 17:15:00,1.1438656315034208,1.1453895274859107,1.1431115198536037,1.1446068051335876,129.59377597398543,65.36,15.0
2025-10-27 17:30:00,1.1444734663024339,1.1457379132365502,1.1355149445888635,1.1355592733155118,172.2524266124416,65.11,15.0
2025-10-27 17:45:00,1.1356179207476853,1.1394182675336029,1.1355665105067465,1.1390772512598235,79.35781361326777,65.11,15.0
2025-10-27 18:00:00,1.139008348643315,1.1398098141818294,1.13622082032168,1.1364929686073617,104.68397752552654,65.04,15.0
2025-10-27 18:15:00,1.1366083320206222,1.136656620391773,1.135609418402615,1.1356550530244036,127.56637604557685,64.83,15.0
2025-10-27 18:30:00,1.1358029059232677,1.1427651887566275,1.1356711277513614,1.1412512243755515,105.71200645750395,64.67,15.0
2025-10-27 18:45:00,1.1411520669264763,1.141182472528103,1.1406881437000458,1.141058739856957,93.42206265491377,64.65,15.0
2025-10-27 19:00:00,1.1412418167005267,1.1412751146096698,1.1407558217650324,1.1409510911764353,57.846620180320784,64.43,15.0
2025-10-27 19:15:00,1.1410107346139653,1.1414876794369695,1.138722752178948,1.1387885676357414,72.96177143447281,64.4,15.0
2025-10-27 19:30:00,1.1388927259653443,1.1416116143153894,1.1382064736617277,1.141250973227163,131.03810338114508,64.62,15.0
2025-10-27 19:45:00,1.1411773208218643,1.1414902246324778,1.139547876383286,1.1396874492320639,100.34789173518901,64.59,15.0
2025-10-27 20:00:00,1.1396725431394377,1.1400967946878258,1.1388847145469236,1.1388927643590128,113.9841755362056,64.68,15.0
2025-10-27 20:15:00,1.1388474433070725,1.1394059011725597,1.1386537229948046,1.1393454893531008,192.28613185946264,64.55,15.0
2025-10-27 20:30:00,1.1394427996570058,1.1397809416852542,1.1391485529630179,1.1391724833697296,59.23655636247004,64.47,15.0
2025-10-27 20:45:00,1.139182464746532,1.1420990033523604,1.139115960945423,1.1419596438216257,117.58700797260025,64.52,15.0
2025-10-27 21:00:00,1.1419519367028348,1.1456880457254095,1.1417108479642646,1.1455755962198366,58.673161055532255,64.38,15.0
2025-10-27 21:15:00,1.145564149916371,1.148391065115208,1.1450818128904778,1.1481127255719021,231.12598651185908,64.58,15.0
2025-10-27 21:30:00,1.1481869661802004,1.1484988136896617,1.1458194643278454,1.1459603380052796,224.9639546840502,64.67,15.0
2025-10-27 21:45:00,1.1456755655582447,1.1466919565885512,1.1412797008041917,1.141370428730168,1412.0010969779653,64.25,15.0
2025-10-27 22:00:00,1.1413704175644863,1.1413707857725404,1.1410218987114715,1.1410220592207074,138.7858604302003,64.25,15.0
2025-10-28 15:30:00,1.1409814965677847,1.1410780843787558,1.1306584593775646,1.1338362852287005,110.26535234480228,63.86,15.0
2025-10-28 15:45:00,1.1337502605615715,1.1338384511284392,1.1249697088257657,1.125349040789652,118.08495938861024,63.82,15.0
2025-10-28 16:00:00,1.1253206297364353,1.1254344132565293,1.1228583649573194,1.1230927022218047,75.85134485373179,63.78,15.0
2025-10-28 16:15:00,1.123311848099183,1.1289986546006052,1.1227336473001504,1.1267241840000775,131.85609972227206,64.93,15.0
2025-10-28 16:30:00,1.1267095238216729,1.1286605296750227,1.1259756178288276,1.1286150059211026,120.80517348031788,65.1,15.0
2025-10-28 16:45:00,1.1286622671098563,1.1291297042820128,1.1259319421747447,1.1260484321906086,85.05849315124463,65.05,15.0
2025-10-28 17:00:00,1.1260028242621136,1.1261571008642015,1.1201245108704045,1.1213823640159675,178.22343411442606,64.47,15.0
2025-10-28 17:15:00,1.121451096110634,1.1215188571675856,1.1195036088550683,1.119922980578065,107.53175258798713,64.33,15.0
2025-10-28 17:30:00,1.1199571847267609,1.1203119522790934,1.1180233097822563,1.1182599784034497,127.55512056438337,64.27,15.0
2025-10-28 17:45:00,1.11826948521425,1.1184357526388136,1.1176107934358344,1.1178187275583762,81.37607435062436,64.24,15.0
2025-10-28 18:00:00,1.1178649250701043,1.1182031546639604,1.1171692489782972,1.117269895783575,73.0307863883465,64.05,15.0
2025-10-28 18:15:00,1.117332637901284,1.117359695758158,1.1161051752914952,1.1168550971566502,51.83715625840637,64.29,15.0
2025-10-28 18:30:00,1.116958740769969,1.1171397712188849,1.1157322898324755,1.1161027368579222,87.17600587559322,64.35,15.0
2025-10-28 18:45:00,1.116097600021495,1.1163203621842495,1.1155045026832893,1.115591129992866,24.41073881602602,64.44,15.0
2025-10-28 19:00:00,1.115532351137228,1.1158046666942096,1.115106210954024,1.1154465390964985,42.46077139733037,64.36,15.0
2025-10-28 19:15:00,1.115449573353168,1.1167232941819218,1.1154420321764866,1.116442394739801,41.657996575497485,64.26,15.0
2025-10-28 19:30:00,1.116448691286547,1.1167511908135535,1.1089655852435223,1.1091171992132534,87.47291000187163,63.95,15.0
2025-10-28 19:45:00,1.1092385222896948,1.1097084444195935,1.1061225158075172,1.106151412438402,77.78411059582574,64.0,15.0
2025-10-28 20:00:00,1.106163411485149,1.1070598082715648,1.1060980509277982,1.1069122460064147,66.13573614309162,64.03,15.0
2025-10-28 20:15:00,1.1068813367991899,1.109315327330286,1.106665830806907,1.109255866591716,56.55760634724057,63.94,15.0
2025-10-28 20:30:00,1.1091846543256432,1.1100066350164584,1.109114353644428,1.1096242086058041,74.44796375282185,63.84,15.0
2025-10-28 20:45:00,1.1096194712032759,1.1103211201503804,1.1057921437023053,1.1063531041238062,36.876486894540605,63.98,15.0
2025-10-28 21:00:00,1.1065097483153201,1.10676599117029,1.1046495769549851,1.1047928175786053,183.4699083871602,63.77,15.0
2025-10-28 21:15:00,1.1048518102318794,1.1051023844773142,1.1029732772478038,1.103284578408128,176.82740895037534,63.88,15.0
2025-10-28 21:30:00,1.103237957545067,1.1038313487065674,1.1031002609113547,1.1037660394263993,302.1989697484134,63.86,15.0
2025-10-28 21:45:00,1.103758208075123,1.108017156961336,1.1035960680107537,1.1067623490383212,317.3730935627815,63.94,15.0
2025-10-28 22:00:00,1.1067621958640539,1.107082509344092,1.1067617872564164,1.1070824761560973,164.78007720343822,63.94,15.0
2025-10-29 15:30:00,1.1074516556945497,1.132235052948083,1.106352524259092,1.132090774369352,222.2213242923989,63.76,15.0
2025-10-29 15:45:00,1.1323012790565972,1.139982348253589,1.1320398286504925,1.139379402343096,91.07236544442992,63.36,15.0
2025-10-29 16:00:00,1.1394816269364223,1.1464948530203598,1.1391182859625772,1.1462463514327659,163.6008583918014,63.7,15.0
2025-10-29 16:15:00,1.1463311324084355,1.1463523684113677,1.1442982112922124,1.1443577269710243,219.74175036132056,63.72,15.0
2025-10-29 16:30:00,1.1442133941376196,1.1446375879427249,1.1417050087892235,1.1421235509177452,74.52791521614965,63.47,15.0
2025-10-29 16:45:00,1.1420974493747695,1.1422422338639422,1.1394019748719804,1.1398952392480608,56.12485506135032,63.43,15.0
2025-10-29 17:00:00,1.1399997069700063,1.140251336114694,1.1369825160287355,1.1371407269374874,52.08890666957062,63.28,15.0
2025-10-29 17:15:00,1.1371432885072204,1.1372969338601295,1.1362535881106584,1.1365937574019533,50.72586545097336,63.47,15.0
2025-10-29 17:30:00,1.1365895896074896,1.1377626979562223,1.1364931307157071,1.1375450975753805,22.949745911331256,63.5,15.0
2025-10-29 17:45:00,1.1375782807817751,1.13773227935663,1.1369030628942123,1.137217110297218,52.3977158373069,63.57,15.0
2025-10-29 18:00:00,1.1371760891642169,1.1373138648482448,1.1359443736867252,1.1361071827362004,168.02915583794947,63.57,15.0
2025-10-29 18:15:00,1.1360556683582144,1.1376183098955683,1.135958942380312,1.1374705450659233,65.19786462578907,63.66,15.0
2025-10-29 18:30:00,1.1374069763020955,1.1393498484612956,1.1370551419206565,1.1392067856855914,125.04649744033787,63.76,15.0
2025-10-29 18:45:00,1.1391634382409204,1.139357998663067,1.1366372512203886,1.1367366554844975,70.06125293244892,63.67,15.0
2025-10-29 19:00:00,1.1367813430655829,1.13706469497652,1.1353139972820003,1.1354988228857348,31.52227119947056,63.57,15.0
2025-10-29 19:15:00,1.1355452061871585,1.137891145918872,1.1348649277080938,1.1375198872359649,72.12863284838012,63.58,15.0
2025-10-29 19:30:00,1.1374385659074118,1.1391599334213314,1.1145304988049778,1.1146706491534595,107.17731911940899,63.12,15.0
2025-10-29 19:45:00,1.1146122333337003,1.1175420504857816,1.1143625343710455,1.1173870969076591,245.02070313040525,63.29,15.0
2025-10-29 20:00:00,1.1172865543509813,1.1192806582176635,1.1129895289695317,1.1130830019403093,59.73288729341505,63.01,15.0
2025-10-29 20:15:00,1.1129982259646831,1.1130489366568403,1.1104654070464732,1.11047237287507,74.07978095875909,62.76,15.0
2025-10-29 20:30:00,1.1102963782531037,1.1123297395590561,1.1063144660109558,1.1071195780050989,175.35946643030388,62.18,15.0
2025-10-29 20:45:00,1.107011734666193,1.107061454032026,1.096098118584582,1.096397464151901,190.5472180012519,61.97,15.0
2025-10-29 21:00:00,1.096406842519753,1.097555580778088,1.084775070504732,1.0851293658254648,221.10071759671615,61.77,15.0
2025-10-29 21:15:00,1.085256529352845,1.0891370606319337,1.0840992099542732,1.0888598429458243,174.89562854431804,61.6,15.0
2025-10-29 21:30:00,1.0888791570967356,1.0924103590575156,1.0888490629138854,1.091692621036308,320.8288416266611,61.65,15.0
2025-10-29 21:45:00,1.0915958753346555,1.0983569219154392,1.0913415204928114,1.0982694268731026,1297.4006741372032,62.02,15.0
2025-10-29 22:00:00,1.0982694839098825,1.0986253903267758,1.0982682708804832,1.0986249618918582,94.28125999468922,62.02,15.0
2025-10-30 15:30:00,1.098692168958197,1.0990755563817636,1.0834606110548382,1.0837755359626482,111.540118150083,62.03,15.0
2025-10-30 15:45:00,1.0835979457989002,1.0850565777689027,1.0805018386175387,1.0816038548379112,75.5454909263543,61.87,15.0
2025-10-30 16:00:00,1.0813015336350391,1.081888129575836,1.073321423793561,1.0733914506315791,141.00377060934565,61.46,15.0
2025-10-30 16:15:00,1.0733556737309977,1.0743140539705143,1.073011398037658,1.07392988070786,45.254706333372866,61.27,15.0
2025-10-30 16:30:00,1.0738904825866156,1.0749223027107733,1.0717837100952956,1.0726232762952956,53.3568977693484,61.42,15.0
2025-10-30 16:45:00,1.0727556550514805,1.0776929594942146,1.0724249063436009,1.077364917769502,100.01931028935977,61.66,15.0
2025-10-30 17:00:00,1.0775085328531204,1.080029814758916,1.0773386771905353,1.0797547018822968,48.1197470815215,61.73,15.0
2025-10-30 17:15:00,1.0797739078072266,1.0832026828093342,1.0793454277270496,1.0824422600180814,100.2109282077591,62.05,15.0
2025-10-30 17:30:00,1.082451106618758,1.0827785351136405,1.0764237580539322,1.076594865497045,41.200320681549194,61.83,15.0
2025-10-30 17:45:00,1.0767197709368677,1.077414693903352,1.0755253659708195,1.0759708340277394,150.07032727683426,62.06,15.0
2025-10-30 18:00:00,1.075988114152921,1.076091636430444,1.0723371932283352,1.0724239870225878,72.08396624234624,62.01,15.0
2025-10-30 18:15:00,1.072355701729553,1.0731156264861232,1.0710767912559143,1.0713389578739798,72.24019384322638,62.08,15.0
2025-10-30 18:30:00,1.0713538992954987,1.0714318095700084,1.07042264392763,1.0705083687950836,40.055850410513685,62.0,15.0
2025-10-30 18:45:00,1.0704947038084782,1.0735299136389274,1.070288891757157,1.073005673153719,58.3034704011679,61.96,15.0
2025-10-30 19:00:00,1.0729742059084655,1.0729837047632456,1.0727596693460177,1.072796958696396,107.40814523918665,61.79,15.0
2025-10-30 19:15:00,1.0728535526487206,1.0768709791370745,1.0728285560338813,1.0765861980766689,38.019853533638845,61.93,15.0
2025-10-30 19:30:00,1.0765387691585913,1.0790812813717336,1.0760582037709534,1.0785675611618322,87.77850327055685,61.71,15.0
2025-10-30 19:45:00,1.0785772753512255,1.0789318931000877,1.07836290623852,1.0788303350685007,128.79499359514986,61.76,15.0
2025-10-30 20:00:00,1.0788829765071537,1.0792109576113733,1.0748394848537417,1.0750535361418305,49.42120148237369,61.43,15.0
2025-10-30 20:15:00,1.075098317519229,1.0763960965134578,1.0750645306596913,1.0763191660514195,45.495124773402004,61.38,15.0
2025-10-30 20:30:00,1.0763080376292204,1.0765314074312866,1.073752831035837,1.0737689816313785,99.3882387891787,61.31,15.0
2025-10-30 20:45:00,1.07373759252064,1.0738359546052667,1.073174815581016,1.073285992906305,67.54616998763709,61.46,15.0
2025-10-30 21:00:00,1.0732248852460484,1.0739768150450717,1.0710057571190619,1.0717243603571003,167.124306110772,61.07,15.0
2025-10-30 21:15:00,1.0716790842841415,1.0732991226200372,1.0713890387122786,1.0732709629916877,243.8413081075496,61.04,15.0
2025-10-30 21:30:00,1.0733464743463983,1.0740031583617342,1.0730038995900673,1.0738752197698342,143.26714694263856,61.17,15.0
2025-10-30 21:45:00,1.0739242712847525,1.0739547916438112,1.0688600100829104,1.0691720860817888,809.0487648482944,60.93,15.0
2025-10-30 22:00:00,1.0691721833627783,1.070138686609356,1.069172010654154,1.0701386523900085,88.78592076144791,60.96,15.0
2025-10-31 15:30:00,1.06995064764735,1.07393829380696,1.0684544117587345,1.073109021898896,285.36192289783304,60.93,15.0
2025-10-31 15:45:00,1.073293423363071,1.0870762683333388,1.0718220682560915,1.0835472787823053,258.84388422204904,61.87,15.0
2025-10-31 16:00:00,1.083359638203328,1.0919082151024564,1.0828341811517979,1.0910795202785708,69.33385247639151,62.39,15.0
2025-10-31 16:15:00,1.0910315938951405,1.0930574834360627,1.0906603376703254,1.0927018233234658,121.94535296071072,62.52,15.0
2025-10-31 16:30:00,1.0926585852943032,1.0946654843729282,1.0924933361747702,1.0937593232031573,375.28697198792406,62.79,15.0
2025-10-31 16:45:00,1.0937029315591311,1.0955034795991971,1.0931686077309852,1.0954096572857501,62.05941036844081,62.68,15.0
2025-10-31 17:00:00,1.0955205127628442,1.0957481997712222,1.091582136784125,1.0918203281351981,94.27138428765569,62.62,15.0
2025-10-31 17:15:00,1.0916883797585906,1.0921896831005284,1.0911995758166546,1.0915876504904292,115.83969620804955,62.37,15.0
2025-10-31 17:30:00,1.0916621969219027,1.0918683123462605,1.0885659659105822,1.0886175308618506,54.14443358614377,62.55,15.0
2025-10-31 17:45:00,1.0886041010707166,1.0898609443939062,1.0883607601897862,1.089847940163937,24.362700339669587,62.71,15.0
2025-10-31 18:00:00,1.0898365768243001,1.091456070539807,1.0896730004645179,1.0909418654209317,15.846159339133715,62.54,15.0
2025-10-31 18:15:00,1.0908801918562174,1.092302435712234,1.090813503417239,1.0920842340361554,48.78391508576687,62.5,15.0
2025-10-31 18:30:00,1.0920265842479226,1.0957723649542712,1.0917455000818557,1.0956915530090388,48.95588288691305,62.61,15.0
2025-10-31 18:45:00,1.0957675332951302,1.095797446486268,1.092134979720137,1.0923797841485132,190.71430187025751,62.33,15.0
2025-10-31 19:00:00,1.0923447681110563,1.0934839380331334,1.0917541886730782,1.0931294645187917,21.008126620675522,62.56,15.0
2025-10-31 19:15:00,1.0932865470188604,1.096147512097354,1.0931516273562594,1.0960309447220502,63.75014293146732,62.67,15.0
2025-10-31 19:30:00,1.0960154753394142,1.0984547624393777,1.0952620945479474,1.0980270529292213,43.66332974110499,62.68,15.0
2025-10-31 19:45:00,1.0980566841810464,1.0986261213973818,1.0979430726148585,1.0984045592969076,25.121156512914908,62.7,15.0
2025-10-31 20:00:00,1.098394928849149,1.0990780090793573,1.0933968103147589,1.094463952767163,88.77960015457883,62.42,15.0
2025-10-31 20:15:00,1.0944228227092725,1.0956357100538947,1.0941045962827796,1.0954103612901278,85.040141476793,62.56,15.0
2025-10-31 20:30:00,1.0954090968680819,1.0961813100465227,1.094373439713664,1.0960420833041338,47.24961352125684,62.49,15.0
2025-10-31 20:45:00,1.0959473344032515,1.0967084903460094,1.0932353696955512,1.0939939312259868,110.67182270798055,62.83,15.0
2025-10-31 21:00:00,1.0940751041113148,1.0952385345508442,1.0909859125283996,1.0917776742019825,82.98057029409973,62.68,15.0
2025-10-31 21:15:00,1.091757648269211,1.0936576596336938,1.0917067539667136,1.0936090768141842,61.90616180170148,62.76,15.0
2025-10-31 21:30:00,1.093570030332939,1.0951230809353543,1.0931880066174733,1.0949424224713964,216.76114089439685,62.78,15.0
2025-10-31 21:45:00,1.0949636810743382,1.0959681589214092,1.0943906805729042,1.0953944157111897,675.3444627466974,62.57,15.0
2025-10-31 22:00:00,1.0953945136150787,1.0958459676825087,1.0953942483157149,1.0958458750243725,136.5411185137271,62.57,15.0
2025-11-03 16:30:00,1.0960020286303995,1.0962599860979843,1.0817277517160395,1.0818669864643313,302.6206954911889,61.55,15.0
2025-11-03 16:45:00,1.0819927118121464,1.0853588469907682,1.080882829413441,1.084886959706803,118.8629894770314,61.76,15.0
2025-11-03 17:00:00,1.0849521143048055,1.0855526166692921,1.0847577038025897,1.0849396756532734,68.91995279331499,61.42,15.0
2025-11-03 17:15:00,1.0847780472603223,1.089344979069246,1.0846268260739251,1.0888377215213045,47.778421777474,61.16,15.0
2025-11-03 17:30:00,1.0888296833636932,1.0996260773233812,1.0887297911605138,1.0996112681155654,84.03368904688719,61.27,15.0
2025-11-03 17:45:00,1.0995274989363586,1.1040502493712792,1.0993549890725793,1.104043161119017,40.084839577437776,61.51,15.0
2025-11-03 18:00:00,1.104016731962973,1.1043317930934375,1.1034038321102062,1.1036600079494239,72.19391427667982,61.4,15.0
2025-11-03 18:15:00,1.1035411260477799,1.1037253474441349,1.0996251218023088,1.100004000401227,42.890415121331095,61.18,15.0
2025-11-03 18:30:00,1.0999781181029538,1.1014366822393922,1.0993987950868858,1.101428262959668,110.49315575401671,61.26,15.0
2025-11-03 18:45:00,1.1012415069920787,1.1015784509257192,1.099830715246669,1.0999897340754372,62.88810377297456,61.35,15.0
2025-11-03 19:00:00,1.0999237653202532,1.1006659956038283,1.09991539024096,1.100484134131842,51.93189565074828,61.39,15.0
2025-11-03 19:15:00,1.1005939186234368,1.1013904333344215,1.1004000954512558,1.1011873985237595,82.56109052896252,61.35,15.0
2025-11-03 19:30:00,1.1011837336229664,1.1031458199229038,1.1009876359844486,1.1031183370154465,32.49988454144809,61.41,15.0
2025-11-03 19:45:00,1.1030812389073277,1.1037848516300144,1.1030393984725269,1.1035161958381248,55.6251839035482,61.55,15.0
2025-11-03 20:00:00,1.1036129491137352,1.1036638620646904,1.1028552724264555,1.102964892142356,51.31738474222505,61.4,15.0
2025-11-03 20:15:00,1.1029325392683855,1.1030743087800552,1.1025531623022242,1.1025897603911998,102.32695100746247,61.28,15.0
2025-11-03 20:30:00,1.1026557120504237,1.103233105639495,1.1002211147268544,1.1009748702260305,74.04242551277062,61.48,15.0
2025-11-03 20:45:00,1.1009811102773188,1.1012775373832548,1.0981526224026157,1.098562487456067,43.76815422109964,61.36,15.0
2025-11-03 21:00:00,1.0985630394114754,1.1015072016224727,1.0980396812751145,1.101402196246748,192.02499369809865,61.5,15.0
2025-11-03 21:15:00,1.1014571708849736,1.10145760417673,1.1009897714690453,1.1010276446085774,59.427836468371,61.56,15.0
2025-11-03 21:30:00,1.1009999592362054,1.1012666681871879,1.0992872410790513,1.0994625902004633,113.48279467066817,61.58,15.0
2025-11-03 21:45:00,1.0994765305624767,1.1010004402048055,1.0994227605810107,1.1009650701590636,64.43788426505577,61.53,15.0
2025-11-03 22:00:00,1.1009938214698292,1.1033613873535406,1.1008054494864667,1.1032066673644,133.00360207975427,61.37,15.0
2025-11-03 22:15:00,1.1030657408007527,1.103296081316213,1.1028520579000771,1.1029520235229566,177.12402367188207,61.11,15.0
2025-11-03 22:30:00,1.1028959387972734,1.1035711860558828,1.1028512091682412,1.1030723812529828,260.9634093059139,61.19,15.0
2025-11-03 22:45:00,1.1030643969437566,1.1033497862363653,1.101593562932173,1.1023286758187179,1748.752126017474,61.26,15.0
2025-11-03 23:00:00,1.1023288091616787,1.1025519228270186,1.102328627268269,1.1025508909696693,193.27120539008973,61.26,15.0
2025-11-04 16:30:00,1.1027567554006625,1.1033766119127026,1.098630766114226,1.0994654417798748,397.15763083218826,61.96,15.0
2025-11-04 16:45:00,1.099440914447253,1.1025809578322265,1.0991100174544195,1.1011931868771432,204.49393037073247,61.46,15.0
2025-11-04 17:00:00,1.1014116101537559,1.1103005706198814,1.1011379023388963,1.1093857056481398,588.2577436391089,61.84,15.0
2025-11-04 17:15:00,1.1093406588198922,1.1114963733499317,1.1089462944637696,1.1099753831231474,178.54329816041317,62.38,15.0
2025-11-04 17:30:00,1.1099022435878416,1.1100751477832986,1.1029836958867154,1.1033324247277196,353.631649881283,62.33,15.0
2025-11-04 17:45:00,1.1032845864551508,1.1035507608625559,1.096508255177799,1.0974967538645906,76.12124481082355,62.35,15.0
2025-11-04 18:00:00,1.097396413964982,1.0974320015353494,1.0930821732235096,1.0931241627892194,187.91209075538214,62.5,15.0
2025-11-04 18:15:00,1.0931342254504102,1.0953629721800455,1.0928631939546027,1.0953236602631562,238.79784222687388,62.47,15.0
2025-11-04 18:30:00,1.0951690390238102,1.0954011976970122,1.0898135201916304,1.0903600749065288,169.87365485230737,62.32,15.0
2025-11-04 18:45:00,1.0904716747209442,1.0912730087612472,1.089878972878749,1.0906628470554598,91.60100529606257,62.36,15.0
2025-11-04 19:00:00,1.0906413407314746,1.0920438040898255,1.0892062582087487,1.0914478212285046,98.03959493260479,61.9,15.0
2025-11-04 19:15:00,1.0914182094637463,1.0915545532194542,1.0912447374741474,1.0912941086787085,68.4742806538605,61.89,15.0
2025-11-04 19:30:00,1.0913395495788616,1.092944215638397,1.0909650493979464,1.0925918392941723,76.14781765244368,61.67,15.0
2025-11-04 19:45:00,1.0925909846408852,1.0928199605039046,1.090760441221353,1.090867565604013,56.35421192702589,61.62,15.0
2025-11-04 20:00:00,1.0909208245233255,1.093744880890511,1.0908389758351402,1.0936082605151298,145.6978276359605,61.45,15.0
2025-11-04 20:15:00,1.0938851318610754,1.0939828101374633,1.0879345800414706,1.0882044636406032,178.706586882706,61.18,15.0
2025-11-04 20:30:00,1.0881827817449132,1.0883378999269802,1.0872046815684417,1.0877054689607537,161.45995303827434,61.12,15.0
2025-11-04 20:45:00,1.0877264441143126,1.0881022745362419,1.086059006203221,1.0862902002423693,95.64604499950423,61.2,15.0
2025-11-04 21:00:00,1.0863139456430528,1.0864363649931768,1.0763311707344327,1.0763400495837516,220.80901393548567,60.94,15.0
2025-11-04 21:15:00,1.0762897793913233,1.0763293833283984,1.0750132704377957,1.0754097164883092,354.6539867616144,61.03,15.0
2025-11-04 21:30:00,1.0753307715529856,1.0754146420120414,1.0730287569474803,1.0733474539923122,519.6452910099268,61.28,15.0
2025-11-04 21:45:00,1.0732750409139646,1.0753103782147917,1.072664033431665,1.0752208810160244,341.30471615988574,61.18,15.0
2025-11-04 22:00:00,1.0753197696079853,1.0754707401701578,1.0697069910731214,1.0701047197019962,329.37184784884136,61.61,15.0
2025-11-04 22:15:00,1.0699716539918263,1.0774532477940426,1.0699098745391509,1.0766059307924578,542.1923249500838,61.09,15.0
2025-11-04 22:30:00,1.0765865292780878,1.077218955314842,1.0718691344902866,1.0721172618085821,921.0950750568845,61.02,15.0
2025-11-04 22:45:00,1.0723406069275705,1.074866371941067,1.070439492869637,1.0746110476198463,1296.583401342344,61.1,15.0
2025-11-04 23:00:00,1.0746109251583975,1.0753734901125498,1.07461011231012,1.0753733079457903,93.7406383340341,61.1,15.0
2025-11-05 16:30:00,1.0752062454959403,1.084740186451003,0.9812364179022307,0.9840637101095279,529.5240394896267,59.25,15.0
2025-11-05 16:45:00,0.9846976336178985,0.985871275204674,0.9804582760085037,0.9809531079145815,380.9481184530802,59.19,15.0
2025-11-05 17:00:00,0.9805394963598851,0.9814090628900501,0.9606005562503817,0.9618385027030703,846.8024348761434,60.81,15.0
2025-11-05 17:15:00,0.9628797657304823,0.9935968716793251,0.9625700985169741,0.9906379845101616,382.33571096450856,58.41,15.0
2025-11-05 17:30:00,0.9902118137927161,0.9992881639505686,0.988828096690217,0.9990879940750974,452.1260990890676,59.34,15.0
2025-11-05 17:45:00,0.9988795697638023,1.0040737873830667,0.9988001409578646,1.002305905954207,212.16847235477366,58.91,15.0
2025-11-05 18:00:00,1.0017149719392087,1.0095555807484284,1.0004207649980403,1.0087418092196054,361.1466533829109,58.21,15.0
2025-11-05 18:15:00,1.0088850282546844,1.0123956564877146,1.0073373275092794,1.0121880464706816,126.55348656703309,58.65,15.0
2025-11-05 18:30:00,1.0121918227970077,1.0135044371874142,1.0118635322235294,1.0134534497322165,292.5261535493674,59.15,15.0
2025-11-05 18:45:00,1.0135968841920953,1.0146545919340542,0.9933890669192834,0.9945448405450737,444.4746890244609,59.47,15.0
2025-11-05 19:00:00,0.9946386813386486,1.0005957813201414,0.9939555290151243,0.9995671748298343,243.84646909670832,59.4,15.0
2025-11-05 19:15:00,0.99947274102107,1.0025332305648103,0.9985893781850957,1.0022826218001086,302.4463277995512,59.1,15.0
2025-11-05 19:30:00,1.00227130700737,1.0091807472620706,1.0015003552681416,1.0083262864997575,267.6449177019652,59.51,15.0
2025-11-05 19:45:00,1.0082775815918479,1.0085310677532815,1.0040122238058562,1.0048870710918287,127.3091805185906,59.5,15.0
2025-11-05 20:00:00,1.0049026617074546,1.0161979305360709,1.0044726761225382,1.0160911911795523,470.2257069299378,59.1,15.0
2025-11-05 20:15:00,1.0160119667738239,1.0167428909185479,1.0159507429382908,1.016425346357863,179.17870474297104,59.16,15.0
2025-11-05 20:30:00,1.0166610078758853,1.0259986961121794,1.0164699467777216,1.0257398664273543,113.14077967212594,59.4,15.0
2025-11-05 20:45:00,1.025839039383221,1.0260234111705677,1.0238632356442756,1.0241352836762265,78.2753838558105,59.33,15.0
2025-11-05 21:00:00,1.0242037131492574,1.0248950428710533,1.0201898389965687,1.020225690688023,507.30288722814504,60.0,15.0
2025-11-05 21:15:00,1.0202847528133439,1.0245633031631616,1.0201023134699663,1.0243740938449681,187.55173856648258,60.15,15.0
2025-11-05 21:30:00,1.0241510610834408,1.0243329137649866,1.022539880636846,1.0235627864949206,323.53085923701036,60.68,15.0
2025-11-05 21:45:00,1.0234235006838328,1.029143027587451,1.0231993640344736,1.0290143189668308,310.91111333851495,60.42,15.0
2025-11-05 22:00:00,1.0289604679964806,1.0352250119547004,1.0282770739965592,1.0350859876013434,251.99412043885997,60.27,15.0
2025-11-05 22:15:00,1.0350669337926182,1.035768341130748,1.034090533815244,1.034607488560148,310.27014324648843,60.02,15.0
2025-11-05 22:30:00,1.0344152384319618,1.0360724522397886,1.029859746328482,1.0299602533680385,725.2625622702255,59.3,15.0
2025-11-05 22:45:00,1.0302188612991825,1.0609599646584809,1.02916669607688,1.060013950722707,882.3273940738032,59.93,15.0
2025-11-05 23:00:00,1.0600139291324788,1.061022733991525,1.060013514648087,1.0610225424146562,147.4195469754351,59.94,15.0
2025-11-06 16:30:00,1.0610502811099005,1.0611570340257972,1.0222448916726519,1.0246970767815557,239.094479575603,59.53,15.0
2025-11-06 16:45:00,1.0246537061052658,1.0270575947902387,1.024608688079389,1.0268005634668493,308.86491675940783,59.04,15.0
2025-11-06 17:00:00,1.0263516694897543,1.0263966325560836,1.0223253772781036,1.0227748068712461,280.6621459000906,58.41,15.0
2025-11-06 17:15:00,1.0227457471115617,1.0234293401838208,1.0161033309100547,1.0169226253241943,294.3253504322397,58.44,15.0
2025-11-06 17:30:00,1.016741930806919,1.0180065904651747,1.0166188202624362,1.0170721652046222,532.4999580297169,57.61,15.0
2025-11-06 17:45:00,1.0171403775967847,1.0173826287770291,1.0118125916762724,1.0118829843096622,212.74543628553263,57.36,15.0
2025-11-06 18:00:00,1.011860257007387,1.0125734198032377,1.0043297215894946,1.0056217652960746,235.9362447070818,57.21,15.0
2025-11-06 18:15:00,1.0055101308504808,1.0106895901491053,1.0048288651742776,1.0104413151734002,124.5331225985957,57.18,15.0
2025-11-06 18:30:00,1.0104632483549634,1.0174616349876424,1.0098913555196407,1.0172300483259693,184.80388804862122,57.45,15.0
2025-11-06 18:45:00,1.0174021405109295,1.018499803483576,1.0120795945090553,1.0125351725529412,205.37935917947834,57.15,15.0
2025-11-06 19:00:00,1.012585494551843,1.020385765577943,1.012566989614892,1.0199181027392878,270.30058886574295,57.42,15.0
2025-11-06 19:15:00,1.0200770893304987,1.0238590198566213,1.0198351259758354,1.0237070251803009,92.55808278341773,57.56,15.0
2025-11-06 19:30:00,1.0237024370973296,1.0238917027732146,1.0221064977947338,1.0232771065513602,74.52671643065378,57.15,15.0
2025-11-06 19:45:00,1.0232197079776193,1.0245813507170132,1.0230716995738198,1.0244136876852803,152.91142855910016,57.12,15.0
2025-11-06 20:00:00,1.0244737180425476,1.0263224743393151,1.0240999341633892,1.0262835099026852,82.99855220760698,57.26,15.0
2025-11-06 20:15:00,1.026377686893472,1.026603170196988,1.0222696945699992,1.0227774961410356,35.9933872314253,57.47,15.0
2025-11-06 20:30:00,1.0227864303248027,1.032561012742383,1.0223581138134468,1.0324317096163882,108.42664579764059,57.6,15.0
2025-11-06 20:45:00,1.032423936685971,1.033271405507376,1.0321840059449845,1.0332629221682355,115.1701018490757,57.61,15.0
2025-11-06 21:00:00,1.0332923271040415,1.0338217658443918,1.0328454817959203,1.0329343802428745,119.3930195371599,57.63,15.0
2025-11-06 21:15:00,1.0328352414015194,1.0330030869790592,1.030753048136864,1.0307996072021268,179.31771888465474,57.79,15.0
2025-11-06 21:30:00,1.0308366276995469,1.0333223647632597,1.03075384071606,1.0331663529847197,222.84494556737664,58.16,15.0
2025-11-06 21:45:00,1.0331337302206869,1.0391529577476737,1.032866554163506,1.0390560496871797,170.9459978654998,58.3,15.0
2025-11-06 22:00:00,1.0391266834208983,1.051198526988971,1.0382311532145,1.0502192147089595,418.5989892701209,58.59,15.0
2025-11-06 22:15:00,1.0503599888382675,1.0508276211781704,1.0411619420642717,1.0413535646416856,459.6678335613771,58.2,15.0
2025-11-06 22:30:00,1.0414974500053404,1.042151622713054,1.0404357481781146,1.0413356070429938,367.0058802026061,58.3,15.0
2025-11-06 22:45:00,1.0413909067983274,1.0425481784816644,1.0411238372890343,1.0423088265294194,1652.5481298606585,58.18,15.0
2025-11-06 23:00:00,1.042308915360943,1.043515620977557,1.042308913048895,1.0435153246830746,93.26858189724,58.18,15.0
2025-11-07 16:30:00,1.043326384574644,1.0462079425756807,1.042384267808156,1.0451104103969555,132.83531278929158,57.24,15.0
2025-11-07 16:45:00,1.0451547943526418,1.0460210911016727,1.0447617697636222,1.044944368768794,75.8728615701009,57.14,15.0
2025-11-07 17:00:00,1.0449574312538648,1.0518216101330942,1.0442255327930996,1.0513976190635956,162.7231684145715,57.48,15.0
2025-11-07 17:15:00,1.0511207047721753,1.0521799378654724,1.0426439606301143,1.0445347386932662,147.56278988670417,57.19,15.0
2025-11-07 17:30:00,1.0442206607585673,1.0529837904601167,1.0422586282721225,1.0518730535146954,267.0816568775954,57.58,15.0
2025-11-07 17:45:00,1.05185825126061,1.0544583780289,1.0514534075478288,1.054401155646965,185.78067091675874,57.48,15.0
2025-11-07 18:00:00,1.0543959608093787,1.054471601403095,1.0511007986118404,1.0513399154713319,233.80162081318085,57.51,15.0
2025-11-07 18:15:00,1.0513996921170354,1.05249803643845,1.04970148305953,1.0508911019525464,224.49036221665443,57.86,15.0
2025-11-07 18:30:00,1.0508667944067944,1.053680678161474,1.050733514097445,1.0534127088932466,94.37389427315023,57.82,15.0
2025-11-07 18:45:00,1.0534687931510258,1.053524023636373,1.0525620674943235,1.052750619042702,138.76223030825446,57.63,15.0
2025-11-07 19:00:00,1.052632332177287,1.0543053874543034,1.051813498738016,1.0542313323997687,119.44724365392382,57.42,15.0
2025-11-07 19:15:00,1.0540882101888154,1.0548960809341321,1.0538533908446224,1.0541348741970205,203.78060203962445,57.14,15.0
2025-11-07 19:30:00,1.0541217084167431,1.054962965023778,1.0537791415754048,1.0544249947706859,115.17548730560533,57.09,15.0
2025-11-07 19:45:00,1.0544180673221775,1.05822841070519,1.0540211272286408,1.0576718285919575,99.08826640803574,57.03,15.0
2025-11-07 20:00:00,1.0577285748922411,1.0593188051336666,1.0574551822648655,1.059076148598356,54.32553599798649,56.98,15.0
2025-11-07 20:15:00,1.058965099816473,1.059676044811076,1.0521705537619017,1.0527923126005796,174.82152685824155,56.68,15.0
2025-11-07 20:30:00,1.0527200019171898,1.0536512553348758,1.0526990950132904,1.0531847713647302,73.02884413440069,56.76,15.0
2025-11-07 20:45:00,1.0532278223683698,1.0541801058119293,1.053002020461331,1.0535228831312635,168.64795875868256,56.78,15.0
2025-11-07 21:00:00,1.0535920162008008,1.0558423469654572,1.053573339154761,1.0558170029939808,62.58101393102826,56.8,15.0
2025-11-07 21:15:00,1.0557303733267103,1.0559415773074339,1.0542345672680449,1.0545639452964664,106.07205361758304,56.89,15.0
2025-11-07 21:30:00,1.0548098654412854,1.0576620073019316,1.0534302202006356,1.0569418405841107,110.79965211169518,57.32,15.0
2025-11-07 21:45:00,1.0570240819327188,1.0616139929993136,1.0564678128589473,1.0613760307205464,224.37576533959066,57.46,15.0
2025-11-07 22:00:00,1.0613808162659983,1.0654583118231078,1.0613223059789254,1.0652457286936365,142.6145088061664,57.4,15.0
2025-11-07 22:15:00,1.0652255804362964,1.0659127141535014,1.06469049704029,1.0656686875900556,234.87415987443296,57.16,15.0
2025-11-07 22:30:00,1.0656769147851117,1.0701951283435849,1.0653284359129818,1.0696774814745211,165.773238580599,57.45,15.0
2025-11-07 22:45:00,1.0697216439534298,1.0707659427757907,1.0696099617863075,1.070410971463704,952.925280062174,57.42,15.0
2025-11-07 23:00:00,1.0704110388071615,1.0709626635539242,1.0704109066685972,1.0709625648256895,135.62728356710528,57.41,15.0
2025-11-10 16:30:00,1.0709827790360629,1.0719182717439826,1.068848982760699,1.0695602973629368,96.41635668084022,57.94,15.0
2025-11-10 16:45:00,1.069782589227275,1.0783235940409541,1.0695958418106966,1.07718764511112,95.56593450726629,58.29,15.0
2025-11-10 17:00:00,1.0771926762028765,1.0784198746680695,1.0708303627255182,1.071143259077073,65.45067850823729,58.17,15.0
2025-11-10 17:15:00,1.0712912407055486,1.073195947636215,1.0709504891749542,1.0724374024591588,98.65162550256593,57.48,15.0
2025-11-10 17:30:00,1.0723571500237916,1.0763184641887105,1.0720178934992222,1.076220759284942,744.5692789407465,57.3,15.0
2025-11-10 17:45:00,1.0762439903452725,1.0774549238544635,1.075422359644561,1.0773899320491385,182.03897401153583,57.26,15.0
2025-11-10 18:00:00,1.07752114271705,1.0794776768338639,1.0771467402036368,1.0785386691073355,141.78116127268015,57.49,15.0
2025-11-10 18:15:00,1.0786788538463266,1.079477378693136,1.0751905049721424,1.0756840181639729,189.5200958899258,57.17,15.0
2025-11-10 18:30:00,1.0756218589811795,1.075720671962172,1.0744645460466358,1.0747846431127517,110.80737115527775,57.29,15.0
2025-11-10 18:45:00,1.07481679854407,1.0770548288430282,1.0744972580653218,1.0769238392582987,175.9902808597286,57.17,15.0
2025-11-10 19:00:00,1.076949358204425,1.0791665357676032,1.0764548582822606,1.0778804083683957,54.61763171719835,57.07,15.0
2025-11-10 19:15:00,1.0778772140904365,1.0913138862939313,1.0775359000803202,1.090441267610509,102.9629506575335,57.29,15.0
2025-11-10 19:30:00,1.090523742235688,1.0957668416087847,1.090398381676492,1.0955729790599351,162.00259985482774,57.17,15.0
2025-11-10 19:45:00,1.0956197305845474,1.0956469469807861,1.0929458194781307,1.09319075763628,191.98329973211003,57.33,15.0
2025-11-10 20:00:00,1.0931345536402615,1.0961661641391154,1.0926445453285134,1.0957520376622418,84.56491093830758,57.13,15.0
2025-11-10 20:15:00,1.095778470444318,1.0983592780044422,1.0955459087810648,1.0980285055200447,148.29650226664953,57.27,15.0
2025-11-10 20:30:00,1.0980623644215741,1.0981655995481263,1.0975970137037692,1.0979992810271357,151.31152561616827,57.22,15.0
2025-11-10 20:45:00,1.0979961785215642,1.099172301663424,1.097714931551201,1.0990734644017313,74.24354501451451,57.12,15.0
2025-11-10 21:00:00,1.0990930164333654,1.1042402081157419,1.0990274298892262,1.1039342209267347,40.241550606167216,57.24,15.0
2025-11-10 21:15:00,1.1039381042584238,1.1043209781243544,1.1010615332751472,1.1015376633283978,213.99822513821135,57.44,15.0
2025-11-10 21:30:00,1.1015487779565587,1.1023662379641148,1.099522593599915,1.099715392288304,291.2367023411268,57.44,15.0
2025-11-10 21:45:00,1.0997031080229247,1.1015236129480337,1.0996951525521779,1.1007855175995693,88.85580756055653,57.39,15.0
2025-11-10 22:00:00,1.100870065230142,1.1013644325790115,1.1007203013979001,1.1008667608610005,121.46319143783167,57.61,15.0
2025-11-10 22:15:00,1.1008108504892629,1.1025232510026464,1.1008013415160236,1.1020591161164648,157.23848114133642,57.56,15.0
2025-11-10 22:30:00,1.1018803714063705,1.1026249820484764,1.096132927855275,1.0961451774438935,201.0182061159884,57.89,15.0
2025-11-10 22:45:00,1.0959540424167227,1.0967212156806554,1.0939800134520572,1.0940285799730416,1496.2701385131045,57.48,15.0
2025-11-10 23:00:00,1.0940285613937157,1.0940782202778108,1.0940278349224375,1.0940780978144484,141.5084679954202,57.46,15.0
2025-11-11 16:30:00,1.093773794075541,1.0985675429707873,1.0927002870058269,1.0984958218479943,188.74790410407795,58.46,15.0
2025-11-11 16:45:00,1.0987549453781005,1.1016192336671577,1.09817070187897,1.1006358529573779,277.295652204822,59.25,15.0
2025-11-11 17:00:00,1.1005363741223715,1.1028091849113049,1.1001055548662069,1.102355357802958,167.66594069199982,59.23,15.0
2025-11-11 17:15:00,1.1024606861845117,1.1028798343184194,1.0952758298704734,1.0958281701976065,269.15759394367194,59.17,15.0
2025-11-11 17:30:00,1.0957261548545585,1.0987915266151647,1.095457890742389,1.0976644998582086,352.34634234887204,59.03,15.0
2025-11-11 17:45:00,1.0975771475567755,1.1008190208310895,1.0966421822705859,1.1007951565186467,76.3581671187985,58.93,15.0
2025-11-11 18:00:00,1.100707514205541,1.1021677749123437,1.097554126842629,1.0978289224414444,149.14790307516807,58.82,15.0
2025-11-11 18:15:00,1.0979301125049175,1.0980998617108073,1.0966837806627694,1.097345103798719,200.2898029661738,58.58,15.0
2025-11-11 18:30:00,1.096852730363237,1.096978007114068,1.0909796683728805,1.0918279795989865,122.13024184872289,59.11,15.0
2025-11-11 18:45:00,1.0918454497492451,1.0919768910452199,1.0885092378365229,1.088560840777303,121.77042554324431,59.03,15.0
2025-11-11 19:00:00,1.088450798167633,1.0909420902810292,1.0883986983939524,1.0908616039056411,83.51698795641646,59.09,15.0
2025-11-11 19:15:00,1.0908514376323275,1.092665262734169,1.0894978053353783,1.0925760104930486,78.30022613372931,59.38,15.0
2025-11-11 19:30:00,1.0926010850187944,1.0928759701953044,1.0924188949093503,1.0928568056370482,54.343789850053135,59.5,15.0
2025-11-11 19:45:00,1.0927757616999207,1.0974796283200507,1.0923545023417476,1.097148411024258,152.05286859436703,59.4,15.0
2025-11-11 20:00:00,1.0972381184518882,1.0977020524437109,1.0969586250143977,1.0973643231789276,154.4286303143508,59.69,15.0
2025-11-11 20:15:00,1.097372336711682,1.0978558981501758,1.0973464266049096,1.09783577715382,94.61154490233888,59.69,15.0
2025-11-11 20:30:00,1.0978060785490638,1.1031417468957503,1.097476922583745,1.1029333159871846,237.9501826211636,59.71,15.0
2025-11-11 20:45:00,1.1029551843641627,1.103286239407741,1.1011706421192313,1.1017643183793169,210.35825307667335,59.77,15.0
2025-11-11 21:00:00,1.1017037408795938,1.1029337489965632,1.101064239308946,1.1023804013316423,125.65035903596171,59.64,15.0
2025-11-11 21:15:00,1.102454162847267,1.1024718114654835,1.097515370983408,1.097835988022802,135.61435207819005,59.86,15.0
2025-11-11 21:30:00,1.0977625996984637,1.0985489732327487,1.0937374367642843,1.09430554636128,303.06103607304624,59.53,15.0
2025-11-11 21:45:00,1.0943662990144445,1.0949746026404514,1.093556860467777,1.0935969021909888,174.2200640367625,59.69,15.0
2025-11-11 22:00:00,1.093588165138036,1.0963059194554876,1.0930932129508164,1.0962069301030812,237.6515979104839,59.47,15.0
2025-11-11 22:15:00,1.0961992732641712,1.09620870567767,1.0957961530896574,1.0959732578634729,411.1827998603373,59.57,15.0
2025-11-11 22:30:00,1.096006109936623,1.0967245984034255,1.094502551711174,1.0950598038742334,106.57050025750668,59.57,15.0
2025-11-11 22:45:00,1.0949349324879467,1.0951033916435065,1.0900662091789077,1.0907372657019339,1696.0994291265438,59.18,15.0
2025-11-11 23:00:00,1.090737290462104,1.0910463526847616,1.0907371834129804,1.0910460063786018,244.44163692025722,59.18,15.0
2025-11-12 16:30:00,1.0901625636583594,1.0992980790040818,1.0888907053294903,1.0985588091826373,132.02466704564858,59.95,15.0
2025-11-12 16:45:00,1.098400048533286,1.099877470315002,1.0982267220956916,1.0998418676311916,180.64514636155798,60.07,15.0
2025-11-12 17:00:00,1.0999263882312842,1.1018114657060918,1.0999015987511183,1.1012808918021493,353.8240042318902,59.96,15.0
2025-11-12 17:15:00,1.1010983779885293,1.101772446936671,1.0948901362372623,1.096532925376758,308.18822714492694,59.79,15.0
2025-11-12 17:30:00,1.0965515904793375,1.0997159049021854,1.0963393228778056,1.0987164840606243,342.86921171412683,59.88,15.0
2025-11-12 17:45:00,1.0987201016618842,1.1045186441365993,1.098082092180238,1.10438493180372,219.0521276364404,60.22,15.0
2025-11-12 18:00:00,1.1044430780985202,1.1112560957538604,1.1039491002174395,1.1109026689888026,175.4684421473237,60.39,15.0
2025-11-12 18:15:00,1.1108492959079017,1.1121618861976563,1.11040509253625,1.111921834430135,137.10850384084105,60.43,15.0
2025-11-12 18:30:00,1.1118757551450347,1.1121155511407983,1.1083145605760834,1.1084227318580404,115.2913739508897,60.98,15.0
2025-11-12 18:45:00,1.1085000201159878,1.1089204477206525,1.10375548931114,1.1037754268472582,48.485247950897296,60.7,15.0
2025-11-12 19:00:00,1.1038839440770003,1.1040085452819204,1.1019511442570733,1.1021120895917944,195.50788862289886,60.81,15.0
2025-11-12 19:15:00,1.102081985806874,1.1036156153971381,1.1019142648282416,1.1031796865092314,127.84957829179773,60.69,15.0
2025-11-12 19:30:00,1.1031669273495028,1.1033550556425447,1.101233719051093,1.1014440549993791,226.53998085734577,60.73,15.0
2025-11-12 19:45:00,1.10134463539216,1.1026988192356328,1.1012450982950184,1.1023542582393402,102.19122982725062,60.91,15.0
2025-11-12 20:00:00,1.1024667684536336,1.1028383740707612,1.1014856612775283,1.1015937472302648,117.76436821184849,61.02,15.0
2025-11-12 20:15:00,1.1016189982209839,1.10179537556353,1.1002924354681063,1.1005366437556594,80.95702214333194,61.03,15.0
2025-11-12 20:30:00,1.100562173585546,1.100884574438164,1.0996073568799287,1.0996571544953428,211.66380332367615,60.98,15.0
2025-11-12 20:45:00,1.0998341218006036,1.103688889253648,1.099274936922992,1.1032453603742203,151.22310513743818,60.91,15.0
2025-11-12 21:00:00,1.103135425067774,1.1058837240007742,1.1028857379236339,1.1057788922234775,224.19641022930566,60.98,15.0
2025-11-12 21:15:00,1.1058011687937428,1.10583176609977,1.1048619845615386,1.105251145352453,100.86880615666539,60.98,15.0
2025-11-12 21:30:00,1.1051335116615617,1.105484388635114,1.1025044218552114,1.1033877142928357,170.02679482337223,61.3,15.0
2025-11-12 21:45:00,1.1034355664201236,1.1036041534141317,1.1032453667011695,1.1033005329129404,365.81950885200035,61.3,15.0
2025-11-12 22:00:00,1.1032895023259708,1.1039105286153124,1.1028070191582142,1.103908995523384,130.54908558850698,61.21,15.0
2025-11-12 22:15:00,1.1038649643697602,1.1085283527170422,1.1037813340774312,1.108061076974545,314.09115128464737,61.42,15.0
2025-11-12 22:30:00,1.1080599840855043,1.1097221882442292,1.1080465366875454,1.1093808554007942,811.4141362509627,61.49,15.0
2025-11-12 22:45:00,1.1094747206936013,1.1123604447722562,1.10863446599602,1.112319034183314,1839.8782180044882,61.4,15.0
2025-11-12 23:00:00,1.1123190611489842,1.1123522654081253,1.1123187206520997,1.112352186347269,128.6550447759948,61.4,15.0
2025-11-13 16:30:00,1.1118512506651892,1.1123553773504844,1.0755077106670836,1.078200857979167,138.6902012348009,61.61,15.0
2025-11-13 16:45:00,1.077952403194875,1.081736691877934,1.0772315801107901,1.0810657058017206,285.7114326235639,61.92,15.0
2025-11-13 17:00:00,1.0810756888873243,1.0815532313308824,1.0798327212999914,1.080036809677404,200.82965303898047,62.2,15.0
2025-11-13 17:15:00,1.0800041576104285,1.0802481546533143,1.0770363046152769,1.0777469957815353,356.4848020063161,62.07,15.0
2025-11-13 17:30:00,1.0776383156752833,1.0779288465091135,1.0709960219891694,1.071595249080391,346.29968724811505,61.98,15.0
2025-11-13 17:45:00,1.0716359084461704,1.0720438596429593,1.0711129317810695,1.0716404691777683,102.19724410741165,61.77,15.0
2025-11-13 18:00:00,1.0717192131700581,1.0748344511091998,1.0711322546103839,1.0740734941298649,114.79745993147083,61.95,15.0
2025-11-13 18:15:00,1.0740281476445936,1.0740363222259102,1.0723933834556614,1.072534544324756,118.3767338936225,61.97,15.0
2025-11-13 18:30:00,1.0723953895542926,1.072709358956181,1.068216329063341,1.0691290753853604,88.4494726531659,61.79,15.0
2025-11-13 18:45:00,1.069206405328213,1.0699149599688216,1.0689773540302048,1.0697694629002812,56.821713589237525,61.56,15.0
2025-11-13 19:00:00,1.0697599496398769,1.0703788253080275,1.06701498948154,1.0673194261357477,169.75051143816037,61.33,15.0
2025-11-13 19:15:00,1.0674090916831285,1.0679726801363578,1.0658192558115411,1.066100112494432,91.09453453358776,61.74,15.0
2025-11-13 19:30:00,1.0661208703097889,1.0661928747082172,1.0620187812810604,1.0623870020608164,96.62557513161694,61.74,15.0
2025-11-13 19:45:00,1.0624320436535932,1.0636071963506017,1.0623320842269421,1.0635167871020235,61.09092681707536,61.55,15.0
2025-11-13 20:00:00,1.063439968442911,1.0635793249148966,1.0616013970956004,1.0620391597526182,67.73817998105741,61.42,15.0
2025-11-13 20:15:00,1.0618137030906505,1.0716068602404398,1.060750553459567,1.0710799341907782,116.11884383615009,61.13,15.0
2025-11-13 20:30:00,1.0711299376255328,1.0734973441687754,1.0710599270760348,1.0728609116091392,71.14572438210052,61.25,15.0
2025-11-13 20:45:00,1.0725620211626985,1.0771108407950956,1.0718092707504192,1.0770594797116582,192.12406364388144,61.43,15.0
2025-11-13 21:00:00,1.077039256527503,1.0806073441329953,1.076795235718676,1.0801775883645732,312.8496030000932,61.3,15.0
2025-11-13 21:15:00,1.080181029616281,1.0817066775646957,1.0799369401185888,1.0813175464980789,198.9067173457578,61.42,15.0
2025-11-13 21:30:00,1.0813433243049995,1.0818365928085751,1.0760174470267077,1.076383870549232,178.05241413148062,61.0,15.0
2025-11-13 21:45:00,1.0764708832267484,1.0767744257049972,1.0674400210645545,1.0675788566276931,181.39735169434508,60.93,15.0
2025-11-13 22:00:00,1.0676441001916743,1.067839621776074,1.0650953959439362,1.0655327322340697,51.62117912268582,60.8,15.0
2025-11-13 22:15:00,1.0655290415044056,1.0664304574339678,1.0650227075414653,1.066372672031373,138.60375250516796,60.68,15.0
2025-11-13 22:30:00,1.0662781931448675,1.0670759460601802,1.0658673835840802,1.0660204209160176,104.1528144945139,60.48,15.0
2025-11-13 22:45:00,1.0658838649626858,1.0682217930576454,1.0651640031583491,1.067033290063794,1125.625235109704,60.76,15.0
2025-11-13 23:00:00,1.0670333682348114,1.0678944110176785,1.0670333284872011,1.0678943452633496,204.45030032097426,60.75,15.0
2025-11-14 16:30:00,1.068327354514752,1.0712200632809874,1.055509710946505,1.0558828579819541,110.0139833439477,58.88,15.0
2025-11-14 16:45:00,1.0557877296696607,1.0580955667714005,1.0528598039141592,1.0562959065379092,433.0773439166027,59.94,15.0
2025-11-14 17:00:00,1.056230892263199,1.058958991776172,1.054889286662034,1.0576500468733174,311.34358361398654,59.6,15.0
2025-11-14 17:15:00,1.0575060751468783,1.0599118468185096,1.0542932744942948,1.0553202662419254,103.18289353740555,59.8,15.0
2025-11-14 17:30:00,1.055329708909403,1.0657975310793664,1.0549685153058865,1.065647193328217,460.6569385357235,59.38,15.0
2025-11-14 17:45:00,1.0659226953220318,1.074723056358527,1.0644393513987345,1.0746958339813613,55.71340804134063,60.02,15.0
2025-11-14 18:00:00,1.0746992321416586,1.0756363510918903,1.0693887114635698,1.0696518742311616,89.4306873026808,59.89,15.0
2025-11-14 18:15:00,1.069649433026052,1.0705299640662995,1.0693516279529425,1.0704937967530876,92.40852110381229,59.92,15.0
2025-11-14 18:30:00,1.0704499236284812,1.0718581443364426,1.070291056363136,1.0716475380023032,63.17318659665901,60.07,15.0
2025-11-14 18:45:00,1.0714845486301403,1.0757262892893134,1.0705172459096217,1.0753087929191139,263.07310262624594,60.26,15.0
2025-11-14 19:00:00,1.0754065402967528,1.07556710526957,1.071171262346883,1.0717136231894384,81.28743547835089,60.38,15.0
2025-11-14 19:15:00,1.0718715302793238,1.075076586827752,1.0715765450934331,1.07490150155618,44.67751123398907,60.3,15.0
2025-11-14 19:30:00,1.074857622862905,1.0749008926393389,1.0742955335412911,1.074295589568133,27.154849836368196,60.3,15.0
2025-11-14 19:45:00,1.0742876632739864,1.074295831620579,1.0731819147006585,1.0733980210440057,40.94212683077391,60.3,15.0
2025-11-14 20:00:00,1.073481743062196,1.0740484027673236,1.0707413377493147,1.070897335682022,60.97750185744054,60.18,15.0
2025-11-14 20:15:00,1.0708457205646187,1.0730670041013235,1.0708073517405567,1.0730292973262732,25.265450971931568,60.12,15.0
2025-11-14 20:30:00,1.073074369773402,1.0773880327841412,1.0717242782142615,1.0770154322227292,57.10280559720137,59.75,15.0
2025-11-14 20:45:00,1.076903795364122,1.0782339467938982,1.0765819609291796,1.0781673216071364,46.4889971674628,59.87,15.0
2025-11-14 21:00:00,1.078235103227686,1.0789626277581588,1.0781827512462812,1.0788280939221233,115.46909001073729,59.92,15.0
2025-11-14 21:15:00,1.078912008411311,1.0803317435539312,1.0788294774184102,1.0802814447312739,82.1027068562582,59.97,15.0
2025-11-14 21:30:00,1.08031079245912,1.080416140865835,1.0779749415795739,1.0780451202935804,96.07919201372921,59.89,15.0
2025-11-14 21:45:00,1.078087016384003,1.078718108909768,1.0766684822348849,1.077046273906406,114.49679367173053,59.53,15.0
2025-11-14 22:00:00,1.0770417446870129,1.0775182771936695,1.074617205207263,1.0750540939529258,204.80737395705708,59.43,15.0
2025-11-14 22:15:00,1.0750312388307717,1.0795493279894588,1.0745190137618592,1.079124605966937,410.05482866509794,59.21,15.0
2025-11-14 22:30:00,1.0789859158807626,1.0811742786583172,1.0782646581884683,1.0804722664454158,656.7967148166765,59.38,15.0
2025-11-14 22:45:00,1.0806982680714876,1.0825627016788377,1.080308625918935,1.0812751706996102,840.7816019104496,59.4,15.0
2025-11-14 23:00:00,1.081274963706762,1.0817182591813652,1.0812748144512752,1.0817181828537377,74.22053564588532,59.38,15.0
2025-11-17 16:30:00,1.0813827568054,1.0826572284950042,1.0796704344438666,1.0801161278276257,186.5089325224359,58.77,15.0
2025-11-17 16:45:00,1.0801892827711064,1.0826106724059328,1.0794263021144943,1.0821147868250434,52.525414385361124,58.56,15.0
2025-11-17 17:00:00,1.0819591017110928,1.0832530467341208,1.0804381150513995,1.0809450577544069,101.02375016472193,58.79,15.0
2025-11-17 17:15:00,1.080789457979954,1.093068697564151,1.0800885419046462,1.0927699734412728,125.77699871257886,59.22,15.0
2025-11-17 17:30:00,1.0926864104178258,1.095484662822058,1.0921181335961683,1.0949544741884434,116.79438628463559,59.23,15.0
2025-11-17 17:45:00,1.0949193866346443,1.0956786053245133,1.092841274730026,1.0928731460690122,58.32679088389756,58.97,15.0
2025-11-17 18:00:00,1.0928481348764592,1.0928821669203668,1.0916461709679277,1.0916699605616111,111.99145957508135,58.88,15.0
2025-11-17 18:15:00,1.0915102385820867,1.100080755089807,1.0912654682666902,1.100064080707025,63.6305628772674,59.22,15.0
2025-11-17 18:30:00,1.0999967449482748,1.1042501827097535,1.0993323249480482,1.1039983258615689,54.24388518627886,59.26,15.0
2025-11-17 18:45:00,1.103919973826365,1.1059845429558481,1.1036964411340087,1.105664168186287,47.02060347296598,59.28,15.0
2025-11-17 19:00:00,1.1057416035048127,1.1062566934699836,1.1054320031317275,1.105509481615418,75.89476031570467,59.51,15.0
2025-11-17 19:15:00,1.1055253526556366,1.1056383320291128,1.1038635546018065,1.1038944265440762,93.8488408158196,59.44,15.0
2025-11-17 19:30:00,1.1038490023516858,1.1042867088676138,1.1008691539160493,1.1012201575531595,185.36738095858342,59.47,15.0
2025-11-17 19:45:00,1.101213772292648,1.104158609947086,1.1009819977184312,1.1038475450765572,64.56854407310679,59.23,15.0
2025-11-17 20:00:00,1.1038652273289284,1.1043323083794017,1.1026686925272864,1.102782167561286,113.37132891934664,59.21,15.0
2025-11-17 20:15:00,1.102706216203194,1.1029871456168867,1.101431404051226,1.1017376934621415,58.408683392617554,59.03,15.0
2025-11-17 20:30:00,1.1016418477900325,1.104788647605953,1.1014073843164927,1.1044971144850426,273.7961228994989,59.02,15.0
2025-11-17 20:45:00,1.1044814667676457,1.1045007538556662,1.1018039704226972,1.1024613949870692,149.60275978821176,58.83,15.0
2025-11-17 21:00:00,1.1024071935819284,1.1027365417829467,1.098791338144045,1.098995002800485,82.56463120438998,58.91,15.0
2025-11-17 21:15:00,1.0990008073742046,1.0991073948736727,1.0982020766020277,1.0982944706155793,132.3726692015564,58.89,15.0
2025-11-17 21:30:00,1.0983871354548822,1.1076278292408392,1.0975604662105154,1.106843716972682,222.79734283770537,58.68,15.0
2025-11-17 21:45:00,1.106933649813726,1.1077378057461813,1.106797279222648,1.1075334647698847,374.5158978912436,58.52,15.0
2025-11-17 22:00:00,1.1076074443621888,1.11132471470705,1.1074729832096806,1.1112516208512508,210.96813529452874,58.42,15.0
2025-11-17 22:15:00,1.1112385316145044,1.1123033612954576,1.110594901459254,1.1121545748177424,254.60209241677705,58.51,15.0
2025-11-17 22:30:00,1.1121555981213245,1.1125894942891943,1.1094567482161637,1.1095524966085353,227.89525366170852,58.47,15.0
2025-11-17 22:45:00,1.1094547182002594,1.1100140671579908,1.1068841052843594,1.107114257714616,1536.177306530735,58.62,15.0
2025-11-17 23:00:00,1.107114164869495,1.107114532273302,1.1070166376083053,1.1070167951121996,109.40606368241866,58.61,15.0
2025-11-18 16:30:00,1.1071128985960932,1.107605733984766,1.100434283712692,1.1005245615625816,114.55549098384863,58.04,15.0
2025-11-18 16:45:00,1.1006191049995648,1.1017304137517363,1.095293274238241,1.0962300169012242,135.8938367483666,57.6,15.0
2025-11-18 17:00:00,1.0962509903598463,1.0967399104972728,1.0924813689700195,1.0932147932212455,78.59691007718216,57.58,15.0
2025-11-18 17:15:00,1.093146106964046,1.0949618601299398,1.0928298536623513,1.0948191821587878,85.48325464577987,57.29,15.0
2025-11-18 17:30:00,1.094721988287729,1.0957498310667977,1.0943514479739433,1.0955647213629733,107.0905612129487,57.33,15.0
2025-11-18 17:45:00,1.0955888191623566,1.0956919629182496,1.094130963129673,1.0943985423842713,173.96839773240893,57.31,15.0
2025-11-18 18:00:00,1.0944711896967902,1.0964700479105305,1.094071476243626,1.095170607196084,170.22248046461414,57.68,15.0
2025-11-18 18:15:00,1.095375681808782,1.0955901856499946,1.0944263160090573,1.0953527988034077,91.16124973836229,57.72,15.0
2025-11-18 18:30:00,1.0952985901226495,1.0979583509185429,1.0952692302298845,1.0978126586710557,173.17806972635822,57.65,15.0
2025-11-18 18:45:00,1.0978174735561401,1.097899736877407,1.096048564026718,1.096086503150197,303.6562454411372,57.61,15.0
2025-11-18 19:00:00,1.0961483447033247,1.0965581741703083,1.0941088301078747,1.0941208354653498,194.79922123432024,57.78,15.0
2025-11-18 19:15:00,1.0941446796971208,1.094309908417693,1.09256675714924,1.0926734755478675,234.38357278711786,57.7,15.0
2025-11-18 19:30:00,1.0926224835811928,1.1038907365422361,1.0918782987078923,1.10330515606408,198.57485526953585,58.15,15.0
2025-11-18 19:45:00,1.1031780248501653,1.1098313324551823,1.103048973165734,1.109496219885114,88.10193114612208,58.35,15.0
2025-11-18 20:00:00,1.109352934240193,1.115155656129586,1.1088696120050663,1.114723982973668,139.94294134402878,58.54,15.0
2025-11-18 20:15:00,1.1147823481578953,1.1156654919798674,1.1145397006613609,1.1151446370652107,141.3858546520782,58.57,15.0
2025-11-18 20:30:00,1.115207285526258,1.1154580308840143,1.111818652207185,1.1120787774879384,172.75713245974907,58.77,15.0
2025-11-18 20:45:00,1.1120395883388856,1.1121257137606766,1.108561193736196,1.1090438100777165,51.290406206907605,58.63,15.0
2025-11-18 21:00:00,1.1089499974667636,1.1091586610372126,1.105820492964686,1.106249532997746,149.9939497117615,58.38,15.0
2025-11-18 21:15:00,1.1062755560824862,1.10635970289548,1.1015817394781389,1.1015982426722992,140.90388333249018,58.33,15.0
2025-11-18 21:30:00,1.1015010673399748,1.1077931646763688,1.1012905412645841,1.1071158525180838,145.27356836618333,58.38,15.0
2025-11-18 21:45:00,1.1070517118170737,1.1071097670884702,1.1052321365154334,1.1055252638691828,157.57372592172325,58.45,15.0
2025-11-18 22:00:00,1.1054774934973195,1.1081345224094037,1.1053617962031397,1.107915789463477,76.0371656868044,58.6,15.0
2025-11-18 22:15:00,1.1079886468532902,1.1083191725191273,1.105211870204874,1.105620828332691,356.6415337736387,58.37,15.0
2025-11-18 22:30:00,1.105658975424695,1.1076135240725853,1.1053998780423555,1.1073131927573228,148.76671895514036,58.29,15.0
2025-11-18 22:45:00,1.1073997685836046,1.1075759038233335,1.1048773699306391,1.1049731444651945,1400.3280239837056,58.15,15.0
2025-11-18 23:00:00,1.1049731254207213,1.1049732486499382,1.104924038223718,1.104924767503216,189.680639192098,58.15,15.0
2025-11-19 16:30:00,1.1050761632774582,1.1076060987648852,1.0967424502585077,1.0972538669336285,69.87681634787015,57.85,15.0
2025-11-19 16:45:00,1.0970046289102897,1.0971235749697985,1.0951519244893035,1.095681758609852,31.008699240642645,58.29,15.0
2025-11-19 17:00:00,1.0960877253365193,1.1149109174714822,1.095740371211658,1.1130783707880134,62.69007954274416,57.77,15.0
2025-11-19 17:15:00,1.1130964815594095,1.11380869969578,1.1099612975061768,1.1111683724355603,110.48553927731302,57.5,15.0
2025-11-19 17:30:00,1.1111982323407357,1.1123578530670089,1.111115343282447,1.1119297053693022,67.94327937489577,57.54,15.0
2025-11-19 17:45:00,1.111908014582067,1.1122870276653556,1.108040298133607,1.1080786868625148,42.17861424876524,57.27,15.0
2025-11-19 18:00:00,1.1080347054191708,1.109728298130234,1.1075001031185252,1.1096410400574992,88.94364186705846,57.33,15.0
2025-11-19 18:15:00,1.1095581863337933,1.109813385944125,1.1070091073558925,1.1071886213179867,67.0580721411645,57.23,15.0
2025-11-19 18:30:00,1.107209773614765,1.1077134778326019,1.1069544329931924,1.1074899759678656,38.60252083601005,57.21,15.0
2025-11-19 18:45:00,1.107444373936647,1.1082203640048183,1.1011489854418324,1.1013548551045433,29.9017128149669,57.44,15.0
2025-11-19 19:00:00,1.1013192862126047,1.1043268517627982,1.101112920965917,1.104227829791995,78.86610443986471,57.33,15.0
2025-11-19 19:15:00,1.1041750073963945,1.1042385270420048,1.1022228427330196,1.1023978745940575,88.34431865033869,57.45,15.0
2025-11-19 19:30:00,1.1023887922482858,1.1026993227244775,1.1017005473368728,1.101989433526586,73.12473569205382,57.48,15.0
2025-11-19 19:45:00,1.1019742507564323,1.1023354644141339,1.0986940849227456,1.0989165983738278,43.77687169164184,57.29,15.0
2025-11-19 20:00:00,1.0988318944075077,1.0990232500094204,1.0960190674872041,1.0963613445460678,95.32432383118547,57.29,15.0
2025-11-19 20:15:00,1.0962402734313208,1.1020572831064683,1.095466299183182,1.1019296868260144,84.42689661869478,57.44,15.0
2025-11-19 20:30:00,1.1019667705162246,1.1028449815732757,1.098553515558052,1.0993603093285402,107.08269682653359,57.42,15.0
2025-11-19 20:45:00,1.0993466773572846,1.099371420735786,1.0992582824048887,1.099307643364841,74.18365993246297,57.49,15.0
2025-11-19 21:00:00,1.0993032378751337,1.0995168151696608,1.0991289061033211,1.0994779300210502,63.76008259246132,57.48,15.0
2025-11-19 21:15:00,1.0994131907462945,1.0998018103928573,1.0972071660959646,1.097977624115524,74.27132453677953,57.19,15.0
2025-11-19 21:30:00,1.097903379993715,1.0981017203240426,1.0975966855110106,1.097711430582846,129.63796144578126,57.08,15.0
2025-11-19 21:45:00,1.0977787307161428,1.0981639934366834,1.0922666755205295,1.092726206657306,118.7562146444707,57.32,15.0
2025-11-19 22:00:00,1.092658288541104,1.0973691361516875,1.0924577830078266,1.0966632927892612,135.57619328594828,57.74,15.0
2025-11-19 22:15:00,1.0966948209832323,1.0968959348083949,1.091708589450281,1.0917955160607018,191.4399368632001,57.83,15.0
2025-11-19 22:30:00,1.091848593925494,1.0920071902317625,1.0907551160803945,1.0907679133679447,245.1615568206539,57.75,15.0
2025-11-19 22:45:00,1.0906434145148438,1.0907402255351404,1.0851878041484888,1.0855718444223947,735.0200738741576,57.81,15.0
2025-11-19 23:00:00,1.0855719407572082,1.0858866901365858,1.0855716260490837,1.0858866597115384,152.54573587777605,57.81,15.0
2025-11-20 16:30:00,1.0858462415828274,1.0868120023489583,1.0754211573473453,1.0759580348957145,84.47506934545387,58.82,15.0
2025-11-20 16:45:00,1.075924355884138,1.076614152843872,1.0752418701919013,1.075246837327699,102.35133393073494,58.47,15.0
2025-11-20 17:00:00,1.074956156485005,1.0757642342646556,1.0736583636306933,1.0744782003826436,88.97665810784058,58.48,15.0
2025-11-20 17:15:00,1.0747704472775643,1.0755975945386014,1.0696169852639132,1.0697953706883168,76.79341968834379,59.18,15.0
2025-11-20 17:30:00,1.069869514694203,1.0702810959383242,1.0696836177307223,1.0698261543310914,76.97504515094127,59.27,15.0
2025-11-20 17:45:00,1.0697938316800562,1.0713389382174048,1.0697575967391766,1.0707572417232398,140.329899560411,59.15,15.0
2025-11-20 18:00:00,1.070655119458994,1.0707241306949824,1.0661801137214524,1.0662270436777153,90.05493158148121,59.12,15.0
2025-11-20 18:15:00,1.0661364877859272,1.0662603005376639,1.0658232697495615,1.0658441245486838,117.8302283529264,59.13,15.0
2025-11-20 18:30:00,1.0659293201199693,1.0660441301229777,1.0653311360772664,1.0656470327118646,216.2584397332792,58.89,15.0
2025-11-20 18:45:00,1.0657040118839245,1.0686505651717948,1.0656459953205113,1.0684346794808925,308.827004531055,58.67,15.0
2025-11-20 19:00:00,1.0684584043192586,1.0689086863321793,1.067072921144671,1.0679882263135878,60.22704471705259,59.06,15.0
2025-11-20 19:15:00,1.067956726571595,1.0686768634439618,1.0594297559008201,1.0599406300748058,92.05862488504863,58.7,15.0
2025-11-20 19:30:00,1.0598535966324185,1.06032407561942,1.0588155766414749,1.0602295839423241,349.4880663512148,58.49,15.0
2025-11-20 19:45:00,1.06011609320239,1.060427225506861,1.0586847609502572,1.0591266647435686,115.9457702265664,58.61,15.0
2025-11-20 20:00:00,1.059067309784613,1.0679950516544103,1.0576534724427473,1.0665555156128177,101.73816629956809,59.47,15.0
2025-11-20 20:15:00,1.0665716478308933,1.0669402828432588,1.0649438223591732,1.0653119561276367,58.03447361479586,59.04,15.0
2025-11-20 20:30:00,1.065266084476908,1.0657995712875141,1.0603715561569447,1.060443772142334,92.52785634998902,58.9,15.0
2025-11-20 20:45:00,1.0604049468383119,1.0607849154367153,1.0573223941612178,1.0574863561598213,162.30616472625778,58.56,15.0
2025-11-20 21:00:00,1.0575273446827065,1.0619465411782942,1.0575164208240795,1.0619003984601676,49.33947428432054,58.7,15.0
2025-11-20 21:15:00,1.0619216768651576,1.0649831737838802,1.0615893760182222,1.064909089190451,94.59048272606121,58.77,15.0
2025-11-20 21:30:00,1.064942590952809,1.0658792172310376,1.0641576653756613,1.0647272341136937,66.40069803231549,58.66,15.0
2025-11-20 21:45:00,1.064778919287672,1.0650723091511733,1.0610293680071146,1.061115708139803,82.02488501696818,58.78,15.0
2025-11-20 22:00:00,1.0611894167488036,1.0612703571919513,1.0594562244878394,1.0597817832301668,49.862514392596196,58.5,15.0
2025-11-20 22:15:00,1.0598848119451276,1.0655257552133641,1.0593394226111117,1.0649523835929007,113.58753217286706,58.68,15.0
2025-11-20 22:30:00,1.064937614064072,1.0677211812792282,1.0646826981295157,1.0674524455321617,224.25139355697826,58.65,15.0
2025-11-20 22:45:00,1.0673888128638598,1.068682764774451,1.067274861118041,1.068489583681153,638.7660371072309,58.75,15.0
2025-11-20 23:00:00,1.0684896925661889,1.0691428233638125,1.0684894121138775,1.069142129488305,152.97957525329008,58.73,15.0
2025-11-21 16:30:00,1.069577722585649,1.0699878345207021,1.0651293879917387,1.065875325181553,76.72930905949356,59.12,15.0
2025-11-21 16:45:00,1.065908877341854,1.0757948205956085,1.0652847700956898,1.075058177232395,113.08175000489588,59.4,15.0
2025-11-21 17:00:00,1.075086802150843,1.0800384366761442,1.0748638831670114,1.0786420133538837,54.594546745890966,59.51,15.0
2025-11-21 17:15:00,1.0787099609209945,1.0801707784374777,1.0650558745063676,1.0684906098683153,149.5701481690788,60.0,15.0
2025-11-21 17:30:00,1.0685954613875643,1.0710147063866289,1.068517481770338,1.0704255653672963,127.78961695472883,60.04,15.0
2025-11-21 17:45:00,1.0703556580465543,1.0704359906836636,1.062870038024326,1.0630311904818222,92.30553217197499,60.28,15.0
2025-11-21 18:00:00,1.0630086819073283,1.0691114427694486,1.062927192980502,1.0690242548812012,67.36053446050575,60.31,15.0
2025-11-21 18:15:00,1.069105447823207,1.0705555256124848,1.0592017351793876,1.060109363393384,92.91750743700761,60.71,15.0
2025-11-21 18:30:00,1.0599552969327168,1.0646149378852559,1.0591086332814508,1.0645759336809508,92.48148128325883,61.2,15.0
2025-11-21 18:45:00,1.06449163910071,1.0656658638611043,1.059932128632511,1.0612551996133746,242.45735123430967,62.11,15.0
2025-11-21 19:00:00,1.0612175148017262,1.067191787021481,1.060983034185282,1.0662335593467147,333.5278734061134,62.45,15.0
2025-11-21 19:15:00,1.0663564693713843,1.072053849011151,1.0662330503893194,1.071933164524585,68.82180659798341,62.11,15.0
2025-11-21 19:30:00,1.071970132805047,1.0745758915364785,1.0716107150384346,1.0744305595358004,139.45097021790784,62.11,15.0
2025-11-21 19:45:00,1.0743712791074256,1.0746937385953461,1.0726357717931951,1.0726886313657167,90.459176148369,61.91,15.0
2025-11-21 20:00:00,1.072988344470055,1.0734244220339477,1.068702351891835,1.0687243872945607,258.67898949854,61.19,15.0
2025-11-21 20:15:00,1.0686967615823846,1.0715409559698763,1.0683376130365168,1.0714346648832507,55.35747068338908,61.3,15.0
2025-11-21 20:30:00,1.0715604260099616,1.072277600245748,1.0671455371926144,1.0677472784159523,91.80942883593576,61.62,15.0
2025-11-21 20:45:00,1.0677764026279508,1.0694078444862039,1.0669929044054345,1.0691064641250059,91.95319778919185,61.71,15.0
2025-11-21 21:00:00,1.0690843129907877,1.0733008728781983,1.068831998200624,1.073135656048813,54.6584023726168,61.68,15.0
2025-11-21 21:15:00,1.0730897331067137,1.0769578618902977,1.0727242892612423,1.0766473128748764,58.12809505039631,61.69,15.0
2025-11-21 21:30:00,1.0765992896836694,1.0793279992312235,1.0765449082640297,1.079029471933617,61.415302847224744,61.33,15.0
2025-11-21 21:45:00,1.0790467600577331,1.080308537745135,1.0786628408304613,1.0799573704713106,81.96631989528947,61.33,15.0
2025-11-21 22:00:00,1.0800230055391113,1.0851334300306479,1.0798179661546086,1.084977350135862,42.776974383820736,61.34,15.0
2025-11-21 22:15:00,1.0849281720707955,1.085230773758126,1.0819002939170654,1.081946514411789,65.56201220501359,61.23,15.0
2025-11-21 22:30:00,1.081937659208842,1.0841848302434425,1.081209423724294,1.0830553046301352,229.161913714862,61.48,15.0
2025-11-21 22:45:00,1.0830134251116728,1.0832758475972393,1.0763282343553229,1.0764245831645272,1306.431396937581,61.53,15.0
2025-11-21 23:00:00,1.0764245873042928,1.077185808926368,1.0764240968433565,1.0771857855293248,227.8800160614956,61.53,15.0
2025-11-24 16:30:00,1.0771451887153825,1.077932586017501,1.0761919216241558,1.0762595729492879,255.6596301098556,61.68,15.0
2025-11-24 16:45:00,1.07595606862468,1.0759690909192319,1.071993582430963,1.0728673593565128,304.6393465299507,61.89,15.0
2025-11-24 17:00:00,1.0728315229911047,1.0779645768750181,1.0725434046090503,1.077763990759357,93.9484503940813,62.14,15.0
2025-11-24 17:15:00,1.0778531941605765,1.0853349186055024,1.0774752785395838,1.084914074946706,309.1646156046599,62.55,15.0
2025-11-24 17:30:00,1.0849469218061052,1.085197153411324,1.0800619956551698,1.0803326078976028,304.08283633770594,62.57,15.0
2025-11-24 17:45:00,1.0803343089390844,1.0803883982915066,1.0784932130942648,1.0793022441370677,185.91412373652324,62.78,15.0
2025-11-24 18:00:00,1.0793843380673547,1.086576378900209,1.0791199305125942,1.0859566659498852,212.75214214608044,62.99,15.0
2025-11-24 18:15:00,1.0860719075376437,1.0870275184075324,1.0796848533445378,1.0803288980790466,91.73991586562686,62.75,15.0
2025-11-24 18:30:00,1.0802668219008338,1.0806518676830779,1.0782714539917027,1.0786046137580418,316.89664318290596,62.62,15.0
2025-11-24 18:45:00,1.078665278929808,1.0794904182680434,1.0754308402290653,1.0757652089879135,169.74402470427495,62.69,15.0
2025-11-24 19:00:00,1.0757121885009246,1.0771285771199333,1.0752898567661238,1.0770570222367934,82.14943832705784,62.67,15.0
2025-11-24 19:15:00,1.0771475970867441,1.0791191768907817,1.076992072296583,1.0788453381294036,48.82627691004981,62.85,15.0
2025-11-24 19:30:00,1.0788133210439939,1.07951690549784,1.0787519524509472,1.0793196218586425,45.81052350163613,62.86,15.0
2025-11-24 19:45:00,1.0793364001574424,1.081735862882213,1.079290241888704,1.0816461741325243,46.509667309122264,62.98,15.0
2025-11-24 20:00:00,1.0816648344358728,1.0818340903141839,1.0816464284724867,1.0817406002559422,39.101265120594576,63.07,15.0
2025-11-24 20:15:00,1.081742150544441,1.0828467366779262,1.081618457626649,1.0826056229927539,38.28476954539254,63.03,15.0
2025-11-24 20:30:00,1.082686931987206,1.0834938778474397,1.0825193157897406,1.0834526882035274,119.16003534904823,63.09,15.0
2025-11-24 20:45:00,1.0835266395434748,1.085646350197758,1.0832442933725621,1.0855390505354507,36.40006673564389,63.11,15.0
2025-11-24 21:00:00,1.0855281039309812,1.0897806711076536,1.0853807093049872,1.0895027515114395,141.9977190354648,63.06,15.0
2025-11-24 21:15:00,1.0894290742706272,1.0907481806289365,1.0894177317532892,1.090521530158192,192.69163485945094,63.09,15.0
2025-11-24 21:30:00,1.0904830654345687,1.0909563358283245,1.09041432841958,1.0908939759272365,76.02664003733172,63.05,15.0
2025-11-24 21:45:00,1.0910221560579763,1.0956700750412227,1.090980893413842,1.0953201811956301,397.6145530575409,63.24,15.0
2025-11-24 22:00:00,1.0953610522737984,1.0967080812928065,1.0950264412385102,1.095886633530274,250.7071553496791,63.48,15.0
2025-11-24 22:15:00,1.09581425729853,1.1001202893272575,1.095521277012503,1.1000989902894138,642.8692472993212,63.59,15.0
2025-11-24 22:30:00,1.1001594424542331,1.1006979393544407,1.0968560123063493,1.0974767491255157,820.7608073532103,64.04,15.0
2025-11-24 22:45:00,1.0976049304239677,1.097826660389639,1.0941414943108194,1.0943093248810558,1493.3039137762385,63.5,15.0
2025-11-24 23:00:00,1.094309329119696,1.0948164083393752,1.0943082403240583,1.0948158848791705,305.0064583886,63.49,15.0
2025-11-25 16:30:00,1.0945557372853592,1.1159200094056447,1.0929690287287406,1.1148873073911996,99.002692875882,64.14,15.0
2025-11-25 16:45:00,1.1150800893689843,1.1152440276302376,1.112309367652682,1.1141795544685096,127.38816351696092,64.54,15.0
2025-11-25 17:00:00,1.113998977959439,1.1149118288990993,1.1076142034038623,1.1078224638550733,104.67472435733752,64.68,15.0
2025-11-25 17:15:00,1.1077276755535077,1.1081130041378806,1.1039908135750227,1.1048327988034075,168.45881830947707,65.08,15.0
2025-11-25 17:30:00,1.1048974561641267,1.110219159967899,1.10489658445139,1.1100337490241883,241.31575082781788,65.35,15.0
2025-11-25 17:45:00,1.1097524065668876,1.1113919497002915,1.1095502091373062,1.1105254993309075,250.61961315945797,65.15,15.0
2025-11-25 18:00:00,1.1105035092669473,1.113222942423962,1.110200044473387,1.1131840117074083,121.94941691448858,65.18,15.0
2025-11-25 18:15:00,1.1130227149272962,1.1261081671934698,1.1129637456658314,1.1259272894200967,186.01030731459235,65.36,15.0
2025-11-25 18:30:00,1.1260472515149835,1.1285409039099696,1.1255134785883012,1.1283893076672413,74.48915940969945,65.25,15.0
2025-11-25 18:45:00,1.128397475113139,1.1316944303327927,1.1282979754809344,1.131158147545769,103.5683330926588,65.51,15.0
2025-11-25 19:00:00,1.131153926193727,1.1327918582042613,1.1303730804803596,1.1322782729727727,122.74035457853503,65.42,15.0
2025-11-25 19:15:00,1.1321910324268474,1.1324535087135827,1.131242148961656,1.1316130035308722,127.72873394393416,65.72,15.0
2025-11-25 19:30:00,1.131777759183534,1.1320965235760845,1.1298731532864068,1.1300571452817225,118.2654113967697,65.53,15.0
2025-11-25 19:45:00,1.129941878472189,1.1300205053047143,1.1277906814438765,1.1279769380325055,142.94160157331186,65.49,15.0
2025-11-25 20:00:00,1.1278826877944776,1.1310466764664258,1.127458764052615,1.130790014080402,119.01639672169617,65.24,15.0
2025-11-25 20:15:00,1.1307514069707074,1.1312463822637946,1.1306371819198826,1.1309946727526867,70.52301108159007,65.29,15.0
2025-11-25 20:30:00,1.1310244033231758,1.1310829310058805,1.1282178893328536,1.128367454618879,48.499092020094245,65.23,15.0
2025-11-25 20:45:00,1.1283596282701411,1.1322748064309651,1.1281711303956063,1.1319906580763028,100.15697460580907,65.35,15.0
2025-11-25 21:00:00,1.1319876088491312,1.1322479836441952,1.1302945356294543,1.1306669110288665,52.42056744093538,65.26,15.0
2025-11-25 21:15:00,1.1307103657334154,1.1309710354541576,1.1302951453835715,1.1304045450460762,133.26045964304834,65.36,15.0
2025-11-25 21:30:00,1.1304166823480437,1.1326332294486874,1.130121148596046,1.132331328167788,84.81120964189842,65.4,15.0
2025-11-25 21:45:00,1.132321323688931,1.133940294523797,1.1319348408659435,1.1338768441195877,174.61719655523413,65.43,15.0
2025-11-25 22:00:00,1.1338870869850923,1.1360685169425349,1.1337586786475455,1.1358717724334546,167.50419823999195,65.66,15.0
2025-11-25 22:15:00,1.135906800751522,1.137901847428175,1.1357097881242784,1.1376776122983279,285.3844158626258,65.79,15.0
2025-11-25 22:30:00,1.1377093243883154,1.1394016393495094,1.1375378914266872,1.13926727816521,501.6134255692472,65.78,15.0
2025-11-25 22:45:00,1.139203407159218,1.1443109428477332,1.1386117784591654,1.1442566935013563,930.553221806911,65.88,15.0
2025-11-25 23:00:00,1.1442566907108545,1.14425753906692,1.143860030184044,1.1438601615943815,189.15722996304,65.85,15.0
2025-11-26 16:30:00,1.1440190227910694,1.1456892307363793,1.1405932902438138,1.1414552185179772,112.55049084496092,65.23,15.0
2025-11-26 16:45:00,1.1415297834145286,1.1420594176556733,1.1396333212107486,1.1399535070725413,99.67495826616226,65.52,15.0
2025-11-26 17:00:00,1.1401607765583333,1.1420269196835133,1.1346575561998362,1.1352100406137144,138.50298343272283,65.1,15.0
2025-11-26 17:15:00,1.1352137965653533,1.1405231345255469,1.135110793169843,1.1404007468622717,75.64723031411215,65.09,15.0
2025-11-26 17:30:00,1.1400911398779752,1.1413697997176329,1.1392715212261668,1.139509124925886,171.69266922342968,64.19,15.0
2025-11-26 17:45:00,1.1394328617867482,1.141687535552504,1.1393453302902183,1.1416560034933243,80.35117964033999,64.57,15.0
2025-11-26 18:00:00,1.1417454787179417,1.1433656066646525,1.1417260311211501,1.1432115691009503,241.00086845668775,64.47,15.0
2025-11-26 18:15:00,1.1432092431380092,1.143727781727832,1.1427541522825384,1.1428150710488476,33.38023142869838,64.52,15.0
2025-11-26 18:30:00,1.1428459599610366,1.1430058106766225,1.141359767236594,1.1414857693167022,48.085243563332135,64.55,15.0
2025-11-26 18:45:00,1.141524471987137,1.1416890219124318,1.1398069790412546,1.1398699092914717,30.71066028332924,64.52,15.0
2025-11-26 19:00:00,1.1398799878608397,1.1399473879282034,1.1358657359079316,1.1360200556517441,118.2982529141938,64.61,15.0
2025-11-26 19:15:00,1.136016598117144,1.136310810403415,1.1343694122911616,1.134376975160356,176.027504577341,64.49,15.0
2025-11-26 19:30:00,1.1344584556869808,1.1345918290635744,1.1337152563878754,1.1340383343373441,165.28859351321879,64.54,15.0
2025-11-26 19:45:00,1.1340585250735542,1.1340844078077126,1.1325384225795028,1.1328139481176056,121.38251991485558,64.57,15.0
2025-11-26 20:00:00,1.132899254663948,1.1335858475396217,1.132567679933828,1.1334811033053138,56.185653857806386,64.48,15.0
2025-11-26 20:15:00,1.1335320106593942,1.134139053390014,1.1294905432240319,1.129799160737175,97.66398288064616,64.39,15.0
2025-11-26 20:30:00,1.1297514829614723,1.129890418377622,1.1297310145080695,1.1297433185582155,69.69049109135443,64.37,15.0
2025-11-26 20:45:00,1.1297889220163682,1.1303364632775408,1.1292291981298763,1.129323203839097,59.73668444204891,64.49,15.0
2025-11-26 21:00:00,1.1292840905362471,1.1295402183866634,1.1290050154338287,1.1294295432157178,67.05696494505793,64.49,15.0
2025-11-26 21:15:00,1.1294219782933819,1.1298646733406554,1.1269296465534058,1.1272692743467212,70.21200702825553,64.59,15.0
2025-11-26 21:30:00,1.1273123253684068,1.1277103933121873,1.1203679904500017,1.1208364158224429,65.24945661243838,64.65,15.0
2025-11-26 21:45:00,1.1208181999521785,1.1208672266852364,1.1203084193468469,1.1204069244642352,51.949576665629706,64.73,15.0
2025-11-26 22:00:00,1.120449893535325,1.120557957793842,1.1201957828394649,1.1202971645440087,78.10274480355145,64.76,15.0
2025-11-26 22:15:00,1.120284751305655,1.120770778657536,1.120045775214502,1.1204370739965843,47.226617352966635,64.82,15.0
2025-11-26 22:30:00,1.1204565044930928,1.1217527420609716,1.1203010435327694,1.121650952405433,107.20901980010109,64.75,15.0
2025-11-26 22:45:00,1.1217695989250331,1.1219295891358345,1.1206932074126497,1.1207866379485776,686.7918304589964,64.62,15.0
2025-11-26 23:00:00,1.1207867075508369,1.1209149374853002,1.120786308882671,1.1209145699301986,148.78593776983473,64.63,15.0
2025-11-28 16:30:00,1.1210248733642174,1.12139863255527,1.1131271609764628,1.1133509770467707,114.8786496090264,64.75,15.0
2025-11-28 16:45:00,1.1135614075577984,1.115245047915323,1.1118598093147993,1.1138491005614377,45.39877641151246,64.55,15.0
2025-11-28 17:00:00,1.1138926804519793,1.114607018504554,1.1133300941960156,1.114583974924928,34.60792770261118,64.44,15.0
2025-11-28 17:15:00,1.1145221464718242,1.114840217373046,1.1088638961697586,1.1091269827440728,66.2932338018937,64.59,15.0
2025-11-28 17:30:00,1.109171463490146,1.1095391459232833,1.1090801466692606,1.1094708210695716,38.44108492770703,64.57,15.0
2025-11-28 17:45:00,1.1094403988109158,1.1117921514572893,1.109412305116954,1.1116821346329997,72.46721396137683,64.63,15.0
2025-11-28 18:00:00,1.111690729338711,1.1166320378940597,1.1112480674971172,1.1156404910098314,77.22400994429623,64.22,15.0
2025-11-28 18:15:00,1.11576345723931,1.1199744787625916,1.1153221590951414,1.1195711543474454,68.44559004488043,64.42,15.0
2025-11-28 18:30:00,1.1195682532975861,1.1200400346272859,1.1193430635517234,1.1199742311160787,41.701183179072316,64.46,15.0
2025-11-28 18:45:00,1.1200337139993588,1.1201534464728222,1.1198216059747614,1.12007196570068,20.137572005388737,64.57,15.0
2025-11-28 19:00:00,1.1202176029385176,1.1210003547045044,1.1190347603897517,1.1191438267061822,68.85325242676979,64.25,15.0
2025-11-28 19:15:00,1.119083919736489,1.1191007563999382,1.1163107285362697,1.1164717094395775,393.94196551627493,64.27,15.0
2025-11-28 19:30:00,1.1165679208927106,1.1187629019925254,1.116368342300376,1.1185525985943179,388.9999063880124,64.3,15.0
2025-11-28 19:45:00,1.1183823686913992,1.1231654126659079,1.1171954049239656,1.1221023428784873,616.9404636655324,64.51,15.0
2025-11-28 20:00:00,1.1221022685505593,1.1221589484556642,1.12210205673318,1.122158028724374,72.67068228613046,64.51,15.0
2025-12-01 16:30:00,1.1226229876027503,1.1249650454616038,1.1140780736053855,1.1151279755504189,147.1136154566075,64.87,15.0
2025-12-01 16:45:00,1.115136397787347,1.1154315278838558,1.1063395852043714,1.1065228831857128,110.37812439730448,65.07,15.0
2025-12-01 17:00:00,1.1066489887342692,1.111752509016318,1.1062245066567022,1.111483642484355,263.05563526611706,65.04,15.0
2025-12-01 17:15:00,1.1117584989377676,1.1189200058784976,1.111503765567619,1.1183658467628061,228.79070320774542,64.46,15.0
2025-12-01 17:30:00,1.1183209358028234,1.1227181275460794,1.1171648011623276,1.1221629416476528,212.19332491950402,64.69,15.0
2025-12-01 17:45:00,1.122105555781908,1.1221228222815458,1.116950993447172,1.1170876998764823,51.399200238970245,64.9,15.0
2025-12-01 18:00:00,1.1171174127396755,1.1180568770929074,1.1170330882313466,1.118016107271098,111.11822901151466,64.78,15.0
2025-12-01 18:15:00,1.1180532629268831,1.1184527518427612,1.1173608714885266,1.1183112299949656,97.82072153057692,64.51,15.0
2025-12-01 18:30:00,1.118454412669449,1.1187202562407097,1.1168090401064639,1.1175734312621945,149.58200497538388,64.59,15.0
2025-12-01 18:45:00,1.1175342824069219,1.1177510326751023,1.1126162642012376,1.1130485013109692,95.85804184971066,64.42,15.0
2025-12-01 19:00:00,1.1130990736415598,1.1136378017223547,1.1091158899145506,1.1092624706322884,120.85503090787276,64.37,15.0
2025-12-01 19:15:00,1.109258358860292,1.1094577382026543,1.109094050905332,1.1094380464221376,143.71514166969564,64.31,15.0
2025-12-01 19:30:00,1.109318386388165,1.1095746344025117,1.1090847225633629,1.109194288691544,152.19708685036437,64.34,15.0
2025-12-01 19:45:00,1.109227257137073,1.1095777451060138,1.1081872004749331,1.1082852535339827,88.70999466697758,64.34,15.0
2025-12-01 20:00:00,1.108351705661083,1.1096554857839427,1.1078956989994406,1.1096216857348054,177.60911844251297,64.41,15.0
2025-12-01 20:15:00,1.1094431080632108,1.123971135734999,1.1085492159608956,1.1236126843222505,188.5524538789766,63.98,15.0
2025-12-01 20:30:00,1.1235522973110947,1.1236225232600974,1.1230670810713472,1.1233602167210812,233.06861520677714,63.9,15.0
2025-12-01 20:45:00,1.1233433903812864,1.1256954577670544,1.1232410673762394,1.125645090070784,82.46761855805103,63.96,15.0
2025-12-01 21:00:00,1.1256785424045772,1.1258743736008436,1.1235393450759497,1.1238844423421226,238.32540830296247,64.05,15.0
2025-12-01 21:15:00,1.1238954274882087,1.1239946553480458,1.1226549267284702,1.1227213189659775,181.4078359223167,63.92,15.0
2025-12-01 21:30:00,1.12281431702683,1.1236201491013396,1.1226029794962213,1.1234839763026983,105.7787978817587,63.93,15.0
2025-12-01 21:45:00,1.123553298781479,1.1260606103140258,1.1234289988254782,1.1258184034301586,213.00731117899363,64.02,15.0
2025-12-01 22:00:00,1.1257046886526365,1.1263708533226793,1.1223974146946134,1.1224148255239723,138.54859855715029,63.76,15.0
2025-12-01 22:15:00,1.1223628914790593,1.1240526565593225,1.122050127638136,1.1239544202665048,80.70459703345394,63.88,15.0
2025-12-01 22:30:00,1.1239682883252586,1.124004493797251,1.1213365702924045,1.1214640777880214,188.72692125117027,63.86,15.0
2025-12-01 22:45:00,1.1214246637840897,1.1215862825030665,1.1200385799556962,1.1204942089693062,446.09595723810753,63.79,15.0
2025-12-01 23:00:00,1.120494170359133,1.120494406737132,1.1204277636727717,1.1204280869665753,260.48209943397484,63.76,15.0
2025-12-02 16:30:00,1.1208092252575375,1.12399655617019,1.1204320748338366,1.1224418294281195,138.4023997560981,63.97,15.0
2025-12-02 16:45:00,1.1224653862894864,1.1224749561817629,1.1204619526670103,1.121184147393413,92.44873078826363,63.22,15.0
2025-12-02 17:00:00,1.1212850728749735,1.1220779674603152,1.115647072648429,1.1164500696998234,59.02662759739246,63.32,15.0
2025-12-02 17:15:00,1.1163572259455452,1.1163971123115726,1.1134172248989354,1.1136357444077924,138.10851581898538,63.27,15.0
2025-12-02 17:30:00,1.113669157150227,1.118604677123117,1.1133999980135356,1.118287892037658,28.02887173566406,63.36,15.0
2025-12-02 17:45:00,1.1182428564239637,1.118655637802045,1.114835438431031,1.1150649436567721,40.9831557953427,63.62,15.0
2025-12-02 18:00:00,1.115042235427157,1.1157112110556247,1.11490703120902,1.115590329912245,53.46467732662673,63.48,15.0
2025-12-02 18:15:00,1.1155848283813923,1.1157817202774918,1.1133720729071666,1.113774456585104,46.746945937253756,63.38,15.0
2025-12-02 18:30:00,1.1139002475099231,1.1154619482911232,1.1136995752969114,1.1154516495459248,71.08017663208547,63.57,15.0
2025-12-02 18:45:00,1.1154182228733591,1.1155584312377016,1.1130924073738364,1.113427602285512,41.1913189486087,63.23,15.0
2025-12-02 19:00:00,1.1135659151966328,1.1148399274619871,1.1130928953254957,1.1147096397456062,91.53140435936255,63.18,15.0
2025-12-02 19:15:00,1.1146938938118427,1.1164237309708982,1.114567846407035,1.116234242664007,71.37253360911171,63.19,15.0
2025-12-02 19:30:00,1.1163022864397258,1.1163876564766753,1.1162971838493572,1.1163234963126087,66.62648841091426,63.21,15.0
2025-12-02 19:45:00,1.1162746088004265,1.1164136140940002,1.1130203567753862,1.1130543059130986,16.31161124174734,62.87,15.0
2025-12-02 20:00:00,1.1130692904627963,1.1133193237567842,1.1121238134127622,1.112444135690029,61.77382649392949,63.16,15.0
2025-12-02 20:15:00,1.1123995612925848,1.1127679176939906,1.112009521598835,1.1125259125716753,142.6705289818071,63.29,15.0
2025-12-02 20:30:00,1.112608821620823,1.112812831915798,1.111767663426417,1.11193278110081,68.59031530049661,63.39,15.0
2025-12-02 20:45:00,1.1118783351710793,1.112119391398489,1.1117970289994947,1.1120045806081176,303.5765601416291,63.38,15.0
2025-12-02 21:00:00,1.1119569474053366,1.1137277587813224,1.1117549937970443,1.113623953060836,36.57203000171046,63.46,15.0
2025-12-02 21:15:00,1.1136400759767453,1.1136652512664038,1.1125261857355726,1.1126175400352158,29.134562708977402,63.43,15.0
2025-12-02 21:30:00,1.1126565804959478,1.1132845357157843,1.1125130632419293,1.1128969411355212,105.13813789622075,63.49,15.0
2025-12-02 21:45:00,1.1128963589030787,1.1129107758318286,1.1128197580784613,1.1128402366385708,3.3471189025509345,63.46,15.0
2025-12-02 22:00:00,1.112857162886251,1.1148490285730253,1.112842153701857,1.1148267162563994,32.72969402164379,63.7,15.0
2025-12-02 22:15:00,1.1147974090173387,1.1149320819338107,1.114318694892586,1.1144721741927421,82.74275236251873,63.68,15.0
2025-12-02 22:30:00,1.1144478859533717,1.1155929880403497,1.1141154683343697,1.1155710609859808,88.33560786346462,63.54,15.0
2025-12-02 22:45:00,1.1152271372177782,1.1165206194684683,1.1076513446065634,1.1079984733794976,639.3345652877385,62.92,15.0
2025-12-02 23:00:00,1.1079985535360104,1.108329749796624,1.107998170751966,1.108329747168825,196.41536680196515,62.95,15.0
2025-12-03 16:30:00,1.107554988495429,1.1197188477637245,1.1062112073740553,1.1183092423073957,176.29667919271938,64.55,15.0
2025-12-03 16:45:00,1.1182120944632599,1.1245106589926064,1.118065693895792,1.1242785741470946,124.43429247108189,64.6,15.0
2025-12-03 17:00:00,1.1243959943378896,1.1277616552247693,1.106525500186244,1.1074871236423065,163.45858576499072,63.91,15.0
2025-12-03 17:15:00,1.1074585261006165,1.1085945201177707,1.10731548095523,1.108346274747996,106.88212749816076,63.98,15.0
2025-12-03 17:30:00,1.108391208262846,1.1092107555008524,1.1004178905019981,1.100420838769765,155.72456934729414,63.42,15.0
2025-12-03 17:45:00,1.1003346843891666,1.1005724243990294,1.099202003832552,1.0993113383344806,45.30077294562041,63.71,15.0
2025-12-03 18:00:00,1.0991690543788442,1.0992949595143964,1.0978151700746919,1.0983925924664937,90.52738437651874,64.02,15.0
2025-12-03 18:15:00,1.0983657339381938,1.099692939123143,1.0981688699612622,1.0995151009801938,51.52706021708799,64.03,15.0
2025-12-03 18:30:00,1.0994211195638561,1.0997524564991459,1.0993816233535898,1.0997246814942983,50.072350793039305,64.14,15.0
2025-12-03 18:45:00,1.0997222910468778,1.1003867597527897,1.0996381813265317,1.100285862248927,124.00664183441663,64.04,15.0
2025-12-03 19:00:00,1.1003007695557414,1.100306733755853,1.0969576452212515,1.097267988511397,134.75969409271744,64.18,15.0
2025-12-03 19:15:00,1.097315214956147,1.0989625013013307,1.0970695848735663,1.098909700404108,115.85448819192435,64.23,15.0
2025-12-03 19:30:00,1.0989352836437167,1.0992879432163394,1.0983077870581113,1.099057123581431,92.5739000691721,64.36,15.0
2025-12-03 19:45:00,1.0990467690075172,1.0993543331491513,1.09029962928979,1.0908615284020842,219.08184463906812,63.94,15.0
2025-12-03 20:00:00,1.090876300753322,1.0913030609823653,1.0906049450906077,1.0910799781149951,53.031987289779806,63.85,15.0
2025-12-03 20:15:00,1.0910566011540204,1.092668967995454,1.090935210061781,1.092472552730828,53.155127118400564,63.88,15.0
2025-12-03 20:30:00,1.0924424179026078,1.0924483396460272,1.091468527160951,1.0916779569414223,134.65544078190734,63.81,15.0
2025-12-03 20:45:00,1.0916850958074162,1.0943807394829124,1.0915105532284344,1.0941727236217704,64.99660169750373,63.85,15.0
2025-12-03 21:00:00,1.0941835756459635,1.097695706544102,1.0940815671925885,1.0976558037426265,85.3569977427685,63.95,15.0
2025-12-03 21:15:00,1.0976703741572942,1.0976832062109307,1.0971093790928361,1.097117039160944,115.74320095131998,63.98,15.0
2025-12-03 21:30:00,1.0971177938493293,1.0984641792810874,1.0970970680255245,1.0982774120441576,108.06919200530497,63.91,15.0
2025-12-03 21:45:00,1.0982836907697429,1.098401260967085,1.0957657510168846,1.0958297701394137,56.992976297175176,63.83,15.0
2025-12-03 22:00:00,1.0958216509297083,1.0963650857743734,1.09385033669275,1.09395639184989,199.72962497658267,63.61,15.0
2025-12-03 22:15:00,1.0938906724431117,1.0939106325222872,1.0933270006293074,1.0935359746937245,220.27559252950036,63.62,15.0
2025-12-03 22:30:00,1.093350037539004,1.0938457102405914,1.0823231078632398,1.0830129225944465,389.61731060494674,63.67,15.0
2025-12-03 22:45:00,1.0830475380341895,1.083847025002477,1.0801110462070755,1.0801215129697257,1283.762571586697,63.85,15.0
2025-12-03 23:00:00,1.08012136555122,1.0808622206370706,1.08012106905345,1.0808617094621786,244.58556905971102,63.82,15.0
2025-12-04 16:30:00,1.0813857394376287,1.0818146569425762,1.046933628593415,1.0488387044651493,89.36042494582128,62.58,15.0
2025-12-04 16:45:00,1.048807628934524,1.0699338441738453,1.0475353874786677,1.0646509252892962,227.7153609932044,62.01,15.0
2025-12-04 17:00:00,1.064905083725771,1.0711943298538782,1.064570279739399,1.070394831489593,277.6827015698151,61.59,15.0
2025-12-04 17:15:00,1.0703767839092262,1.0741738262189697,1.0700791784472714,1.0737472318649366,186.98824394307724,62.58,15.0
2025-12-04 17:30:00,1.0737147196754555,1.0743661449896633,1.0642114561989182,1.0656182406315984,320.8590482352046,63.33,15.0
2025-12-04 17:45:00,1.06562627446675,1.065956727934907,1.0654126237190396,1.0655152411313282,130.75091458811895,63.18,15.0
2025-12-04 18:00:00,1.0654194329619389,1.065636517067664,1.0648136460921938,1.065556561529395,211.044910426265,63.4,15.0
2025-12-04 18:15:00,1.0656214640898214,1.065691884878254,1.0631657023980403,1.0633597903557466,166.9618782345352,63.37,15.0
2025-12-04 18:30:00,1.0633467733330892,1.0671812934269247,1.0632435813854217,1.0667895434090766,57.0798213128712,63.41,15.0
2025-12-04 18:45:00,1.066824424242393,1.0699086422680497,1.0666930372726227,1.0696486462908108,104.13589997406966,63.55,15.0
2025-12-04 19:00:00,1.0696478152165128,1.0698605700865214,1.068992433152815,1.0692020794622206,72.800810438202,63.35,15.0
2025-12-04 19:15:00,1.0692587236064268,1.0724038049467248,1.0688335581902186,1.071420147418009,99.3158842411279,63.68,15.0
2025-12-04 19:30:00,1.0713491326612465,1.0726652621179835,1.0710232737299508,1.0725647254059594,70.6739466895484,63.52,15.0
2025-12-04 19:45:00,1.0726075889510434,1.0742497202085497,1.072558909816963,1.0739059730032894,74.76782630605835,63.48,15.0
2025-12-04 20:00:00,1.0739035861942239,1.0742139056698383,1.0735654035095077,1.073679675783884,68.02185986460424,63.31,15.0
2025-12-04 20:15:00,1.073639690393015,1.0758065154049483,1.0735156517384916,1.0755490438534003,63.128536991625765,63.38,15.0
2025-12-04 20:30:00,1.0756676848425297,1.07630660579588,1.0754477094292352,1.075750953210472,89.53020230571391,63.26,15.0
2025-12-04 20:45:00,1.0757676159056275,1.0766466568921007,1.0756198903098244,1.0762991711621548,30.901308806259486,63.33,15.0
2025-12-04 21:00:00,1.0762187945390889,1.0765394636710326,1.0733410416695714,1.0736615481473628,72.96764297854118,63.19,15.0
2025-12-04 21:15:00,1.073659512678946,1.0751673157439516,1.0733864790516174,1.0750156042922971,113.11549783449226,63.21,15.0
2025-12-04 21:30:00,1.0750881373575207,1.0759094023420346,1.074589950095341,1.0755960114568064,107.65443271981317,63.3,15.0
2025-12-04 21:45:00,1.0755889435907564,1.0759150411551763,1.0743910141706572,1.0744038565169722,69.10869535843509,63.19,15.0
2025-12-04 22:00:00,1.0743959949077642,1.0776884329929763,1.0741956643461656,1.0775310712865038,156.939548266305,63.32,15.0
2025-12-04 22:15:00,1.0775125531836596,1.077806263671742,1.0754685771850414,1.0755379575521324,95.9333869226237,63.26,15.0
2025-12-04 22:30:00,1.075561432661974,1.0759154833598885,1.0751215762166833,1.0754050795491925,234.09982942409593,63.24,15.0
2025-12-04 22:45:00,1.0753364667926326,1.0758183056143404,1.0749968140518287,1.0752992306946236,999.5051099682569,63.55,15.0
2025-12-04 23:00:00,1.0752991827665768,1.0761837418819218,1.0752985675151585,1.076183507097772,121.3123201318894,63.54,15.0
2025-12-05 16:30:00,1.0764558883405706,1.0776205875242668,1.0671415013726457,1.0683784707928181,65.31628796283263,63.17,15.0
2025-12-05 16:45:00,1.0683856972644772,1.0726615511730044,1.0681211444052887,1.072133391960144,120.37897132285104,62.85,15.0
2025-12-05 17:00:00,1.0721115222437287,1.073763440762714,1.071835046808863,1.073552290884193,99.81107541103243,63.1,15.0
2025-12-05 17:15:00,1.0733433242243808,1.0737334679291057,1.063221472747531,1.064429401271532,163.0119436450725,62.89,15.0
2025-12-05 17:30:00,1.0644006111896749,1.0712173717382818,1.0642300695324478,1.070362481661736,112.75045583765394,63.06,15.0
2025-12-05 17:45:00,1.0702920122440895,1.0730541280360322,1.0699954323055725,1.0730114873608754,131.55209338946344,63.12,15.0
2025-12-05 18:00:00,1.0730436824158704,1.0774948049211768,1.07283443745982,1.0772978949519092,176.50228319856154,63.01,15.0
2025-12-05 18:15:00,1.0772350533615938,1.082939408149938,1.0770975708086368,1.0826738154750852,152.5262400381043,62.97,15.0
2025-12-05 18:30:00,1.0827382967317811,1.0893559541085205,1.082467248502597,1.08919973358384,208.92993052783146,62.77,15.0
2025-12-05 18:45:00,1.0891939905869719,1.090451391914334,1.0891477692906306,1.0904311154148167,48.63298986538469,62.59,15.0
2025-12-05 19:00:00,1.0904705129345498,1.0942494294917913,1.0903261714065613,1.0940270526860532,96.12575697720177,62.36,15.0
2025-12-05 19:15:00,1.0940322389544053,1.0946206378937606,1.0940240020232868,1.0942955041797715,183.18994715273132,62.35,15.0
2025-12-05 19:30:00,1.0943328764991147,1.1008573901285372,1.093978297077948,1.1006101741441265,128.92228664652302,62.18,15.0
2025-12-05 19:45:00,1.100351804120767,1.100626066933591,1.0951684143906555,1.0959745968224537,95.47099440020524,62.52,15.0
2025-12-05 20:00:00,1.095984409681519,1.0966565240937594,1.0958305698061637,1.0964436916751554,107.43762520725248,62.58,15.0
2025-12-05 20:15:00,1.096449466681091,1.0988433899428074,1.096352569201727,1.098719112233712,84.3572173394861,62.53,15.0
2025-12-05 20:30:00,1.0986639003629586,1.1006670439711386,1.098403547278839,1.1005058103041916,101.28445850844928,62.67,15.0
2025-12-05 20:45:00,1.1004803772971556,1.1005967964606254,1.1003907903653851,1.1004657637994792,169.454734106366,62.6,15.0
2025-12-05 21:00:00,1.100445432756513,1.1006458114227728,1.1003819247329982,1.1004617899639109,78.92870879787262,62.57,15.0
2025-12-05 21:15:00,1.1005008317068043,1.1007679674829964,1.0983018646143494,1.0987956493561062,75.21818287974989,62.44,15.0
2025-12-05 21:30:00,1.0989676596321494,1.0992292168432032,1.0981801521166041,1.098241558966313,96.12701531069888,62.3,15.0
2025-12-05 21:45:00,1.0982246625825103,1.099248582665567,1.0976109987017082,1.099169078471068,134.28164681704126,62.37,15.0
2025-12-05 22:00:00,1.0990816855233076,1.0995369683428218,1.0977224232711407,1.0978780978862424,102.97946563430997,62.2,15.0
2025-12-05 22:15:00,1.0979365582427827,1.0979968536105704,1.0954835045649185,1.095781622463996,352.8153799121577,62.06,15.0
2025-12-05 22:30:00,1.0956213821531358,1.0991525419304462,1.0954842311352933,1.0985382539376027,174.94892334352144,61.84,15.0
2025-12-05 22:45:00,1.098640148491164,1.1016442289572737,1.0984907980223149,1.1012199379659295,1070.4109593641074,61.69,15.0
2025-12-05 23:00:00,1.1012200230964877,1.1014599125879152,1.1012196871922542,1.1014598013380184,142.65720365963307,61.68,15.0
2025-12-08 16:30:00,1.1015212833932109,1.1023979495590488,1.100681124727065,1.1023203470391318,141.63965505661588,60.47,15.0
2025-12-08 16:45:00,1.1025737609003528,1.1030937907776959,1.1016707062459874,1.1026568524825118,78.89861434141555,60.89,15.0
2025-12-08 17:00:00,1.102735413726035,1.1027759828840864,1.1012714133519368,1.1018478308167934,86.59463298648689,60.75,15.0
2025-12-08 17:15:00,1.1018661858173238,1.1038410787548412,1.101860030200198,1.1036794397273737,73.08546601139625,60.8,15.0
2025-12-08 17:30:00,1.10371699723012,1.1126896578868393,1.1033262132411155,1.112228818151394,65.65215584077451,60.34,15.0
2025-12-08 17:45:00,1.1122960538965654,1.1130698663963525,1.111894700014864,1.1126521024882252,175.10670125452341,60.33,15.0
2025-12-08 18:00:00,1.1126162082178002,1.1129945919253208,1.1076335659600898,1.108062414685229,155.0931795753828,60.45,15.0
2025-12-08 18:15:00,1.108094128847835,1.1081898466182079,1.106626354049269,1.1066446690027938,173.89973591980308,60.48,15.0
2025-12-08 18:30:00,1.1067054971827632,1.1071557651094701,1.1034086537550287,1.1042897134548069,472.4989148241979,60.84,15.0
2025-12-08 18:45:00,1.1043146317171966,1.1072070098146773,1.1041932532121563,1.1069328699108962,177.70871531353924,60.84,15.0
2025-12-08 19:00:00,1.1068912899944474,1.107147310255529,1.1026130581605131,1.1033014625261315,79.7344724111136,60.62,15.0
2025-12-08 19:15:00,1.1032551405172948,1.1035077503830386,1.1006249156292063,1.1007451490732085,130.23590855857867,60.64,15.0
2025-12-08 19:30:00,1.1008062843792865,1.1012728734086097,1.1003748798341786,1.1011864819806165,169.0389027442551,60.83,15.0
2025-12-08 19:45:00,1.1012016937534714,1.1016174293558831,1.1007190347969722,1.1008563408047864,113.81269398392186,60.9,15.0
2025-12-08 20:00:00,1.100830669627373,1.1010430195904812,1.0934059822126923,1.0941548604937308,136.36439282505697,60.62,15.0
2025-12-08 20:15:00,1.0943889066279995,1.0951471026988533,1.0927444442637662,1.0933790549002633,241.12950141524132,60.25,15.0
2025-12-08 20:30:00,1.093424870247412,1.097101105467683,1.092757189812381,1.0967842691757224,121.70380473327852,60.44,15.0
2025-12-08 20:45:00,1.0964504124439027,1.0989767580919505,1.0957502127653094,1.098250421580112,215.54751697719016,60.64,15.0
2025-12-08 21:00:00,1.0982051675107734,1.0983834216655581,1.097421593299301,1.0979386056121885,157.61577969931508,60.6,15.0
2025-12-08 21:15:00,1.0979878078660563,1.0982443036836997,1.09530271704889,1.0953400546002914,96.6123347093318,60.65,15.0
2025-12-08 21:30:00,1.0952658176654186,1.0952727640051,1.093459305322687,1.0935864013342744,161.65243005540262,60.62,15.0
2025-12-08 21:45:00,1.093612196461685,1.0941667677759561,1.0929137707715426,1.09296558299267,113.89963317560625,60.12,15.0
2025-12-08 22:00:00,1.092884841460604,1.0964635314388451,1.0928503075996812,1.0958966038734657,108.17039014286928,60.04,15.0
2025-12-08 22:15:00,1.095775453311076,1.0967077619514467,1.0950446557598303,1.0963924301413714,217.18840235913444,60.18,15.0
2025-12-08 22:30:00,1.096458233140273,1.0987971364391511,1.0963558686038506,1.0987634249678544,122.04869137437669,60.24,15.0
2025-12-08 22:45:00,1.098883560366812,1.0993205938733943,1.0953975446035804,1.0960826226815712,824.1919908412015,60.3,15.0
2025-12-08 23:00:00,1.0960825370219471,1.096326358676071,1.0960823788508018,1.0963260576441736,186.18549514312951,60.29,15.0
2025-12-09 16:30:00,1.0962573918579397,1.0965675943159447,1.09110964205564,1.0923799320173393,100.32250823511269,60.17,15.0
2025-12-09 16:45:00,1.0923868847069875,1.0929251756409093,1.0915554794986033,1.0923268586183403,109.38490085743727,60.31,15.0
2025-12-09 17:00:00,1.0922982777861967,1.0979919871216814,1.092074493662265,1.097342866758536,217.850442979526,60.16,15.0
2025-12-09 17:15:00,1.0972274413795273,1.1000304058350463,1.096893224986952,1.0997084311006722,48.68697142876977,60.09,15.0
2025-12-09 17:30:00,1.0995470475891282,1.1002442994521657,1.0935065069227887,1.0938262062982471,325.87688665224704,59.69,15.0
2025-12-09 17:45:00,1.0938653229504038,1.0973962062876754,1.0934546416366184,1.0973312019353065,181.04856222939623,59.56,15.0
2025-12-09 18:00:00,1.0973518976289807,1.1038233008392864,1.0965287649494655,1.1025626937283075,151.6324395837055,59.88,15.0
2025-12-09 18:15:00,1.1025425708146404,1.1033409407805672,1.1024297657101922,1.1032214207911732,69.46014811970238,59.77,15.0
2025-12-09 18:30:00,1.1033302913263383,1.103826647821365,1.102101044837946,1.1022760538762264,102.11300001977251,59.52,15.0
2025-12-09 18:45:00,1.1022845139851465,1.1060416754536488,1.1019654398644976,1.1059671975004706,79.53258555347102,59.6,15.0
2025-12-09 19:00:00,1.1059758554845642,1.1084686302869207,1.1055539935159997,1.1082466754881015,67.34670863557449,59.51,15.0
2025-12-09 19:15:00,1.1081616043674862,1.1094336610679274,1.1079166032154126,1.1093647798781037,83.97094465862368,59.53,15.0
2025-12-09 19:30:00,1.1093815698175817,1.1123369138404766,1.1087273725805904,1.1122342093093422,110.96468791471814,59.51,15.0
2025-12-09 19:45:00,1.112246217156171,1.1131586595525225,1.1122136699302736,1.1128804512058716,89.89811560377402,59.53,15.0
2025-12-09 20:00:00,1.11285725924471,1.1130003190320241,1.1113434565571414,1.1114394092584197,77.48583564532953,59.52,15.0
2025-12-09 20:15:00,1.1114092508956024,1.1126828957752748,1.1113872171369712,1.1124177530191808,144.7889503892848,59.71,15.0
2025-12-09 20:30:00,1.112435335707627,1.11269046613195,1.1112140652989224,1.1114721030376067,84.37631968861427,59.7,15.0
2025-12-09 20:45:00,1.1114549089931602,1.112398587020165,1.1114227319337884,1.1123805861431886,134.15610338303244,59.74,15.0
2025-12-09 21:00:00,1.1123859800229015,1.113016136483203,1.1121963342484678,1.1129753432733596,82.18241064125921,59.75,15.0
2025-12-09 21:15:00,1.1129791706374443,1.1141183486375208,1.1127362013722433,1.1140637972328828,72.79341163406453,59.62,15.0
2025-12-09 21:30:00,1.1140475172392628,1.1140763015914936,1.1139432635123923,1.1139805560453622,167.14092843051577,59.66,15.0
2025-12-09 21:45:00,1.1140218297066846,1.1145435475856655,1.1106233747122145,1.1108454601450821,84.72063881521808,59.68,15.0
2025-12-09 22:00:00,1.1110253622178725,1.1146616247266454,1.1106849249550867,1.1146543071719908,281.3025040806876,59.34,15.0
2025-12-09 22:15:00,1.1146866062182692,1.115576495492656,1.114078340545438,1.1141300432093015,87.61536230266032,59.16,15.0
2025-12-09 22:30:00,1.1141103752857004,1.1149356573552425,1.1135971858616376,1.1148855747358963,330.3030990839731,58.97,15.0
2025-12-09 22:45:00,1.1149339848086193,1.1159232759192435,1.106461544001275,1.1067249829787547,1442.9230184674666,58.81,15.0
2025-12-09 23:00:00,1.1067248754632555,1.106724925057438,1.106717059976643,1.1067173222467617,176.96034499586995,58.82,15.0
2025-12-10 16:30:00,1.1063584192080953,1.1160909027596304,1.103621167943079,1.1139667359156236,134.1258657207031,60.02,15.0
2025-12-10 16:45:00,1.113542851246815,1.1200017231022454,1.1130927859815745,1.1178405173103896,69.82782589042696,60.52,15.0
2025-12-10 17:00:00,1.1184790338374118,1.12024713875495,1.0985285219401653,1.0991169783376569,335.6834870532273,59.89,15.0
2025-12-10 17:15:00,1.099099184110971,1.0996420949164183,1.0946394050720731,1.095639872864671,71.29025295010317,59.74,15.0
2025-12-10 17:30:00,1.095682611930205,1.0966325353273167,1.0955560877540536,1.0960251892946928,142.07090793656874,59.82,15.0
2025-12-10 17:45:00,1.096027121941685,1.1048074733779032,1.0956582859226227,1.104388754714085,133.23650651558648,59.64,15.0
2025-12-10 18:00:00,1.1044264326892221,1.1084639977654982,1.1038469206188108,1.1075525323766986,97.50209304474043,59.55,15.0
2025-12-10 18:15:00,1.1076406961660954,1.1095480770302206,1.1075663609404347,1.1092562131840185,49.32004972584101,59.46,15.0
2025-12-10 18:30:00,1.1093072657821712,1.1112429170977667,1.1085601420817777,1.1106010251256133,104.63508497482991,59.24,15.0
2025-12-10 18:45:00,1.1105699132271216,1.111083912286538,1.1104275112538124,1.1104846126947265,61.5816190580871,59.26,15.0
2025-12-10 19:00:00,1.1104444690106272,1.1105490674699037,1.1097314939827436,1.109927246843344,50.44788760962654,59.32,15.0
2025-12-10 19:15:00,1.1098975422979733,1.109954026033297,1.10961274276761,1.109717639110349,58.377940640155394,59.36,15.0
2025-12-10 19:30:00,1.1096512018829008,1.1121396237050494,1.1090836368240555,1.111866085688466,84.03359991702773,59.2,15.0
2025-12-10 19:45:00,1.11191275534207,1.1120436165819902,1.1113931577566305,1.11141967104702,92.41667073453054,59.41,15.0
2025-12-10 20:00:00,1.111558678131303,1.112338244839887,1.1111997060660468,1.112167067112028,67.29353433554918,59.44,15.0
2025-12-10 20:15:00,1.1121861314441506,1.1122975616015367,1.1116948499047443,1.1118174484277252,45.7200647219348,59.38,15.0
2025-12-10 20:30:00,1.111872130885846,1.1136546292669967,1.111530445630165,1.11301139982107,82.48278530649567,59.56,15.0
2025-12-10 20:45:00,1.113177906809862,1.1138992901369051,1.1129367489826416,1.1131934268176022,66.16742716853807,59.36,15.0
2025-12-10 21:00:00,1.1131123674482424,1.1168634170490412,1.1119358201495424,1.1159426590816004,109.11371319363163,59.99,15.0
2025-12-10 21:15:00,1.1160507733601548,1.1189023764671195,1.1083115309714657,1.1088266143803795,347.4273683063568,60.35,15.0
2025-12-10 21:30:00,1.108642495472455,1.1092456301346518,1.1034916466982645,1.105544239712297,305.5410176611272,60.55,15.0
2025-12-10 21:45:00,1.1055227646566166,1.1057719854499948,1.1048099870944759,1.1052022913525306,229.73701755297233,60.92,15.0
2025-12-10 22:00:00,1.1051631485560096,1.1112853165469576,1.1045318245655207,1.1105321400797095,86.92207943303906,60.94,15.0
2025-12-10 22:15:00,1.110445409972179,1.114000769793326,1.1103737349880032,1.1137981546635733,177.9225060762997,60.78,15.0
2025-12-10 22:30:00,1.113763000651824,1.1171637221910469,1.1124628550765954,1.1171427557145484,212.06442094071164,60.89,15.0
2025-12-10 22:45:00,1.117216881640469,1.1200022300589414,1.1161906860375423,1.1190283610951568,1626.8620594722092,60.85,15.0
2025-12-10 23:00:00,1.1190124012601992,1.1191852832604565,1.1190009717948768,1.119162873711533,343.6503196315284,60.83,15.0
2025-12-11 16:30:00,1.1192001906957683,1.1202602516542206,1.1099475275301327,1.1112553488389494,150.546097198872,60.42,15.0
2025-12-11 16:45:00,1.1112131549512576,1.1120250340400146,1.103472601466922,1.1048574888101301,429.16719919114354,59.64,15.0
2025-12-11 17:00:00,1.1045962455797453,1.105788182456042,1.1040262799151617,1.1057283954112807,205.4044017647317,59.74,15.0
2025-12-11 17:15:00,1.1056866042329845,1.106939931868104,1.1052527626029196,1.1065094320960018,38.954696240212975,59.95,15.0
2025-12-11 17:30:00,1.1062179705240958,1.1179056396501446,1.1049433936605686,1.117350337599629,207.01543681584621,60.41,15.0
2025-12-11 17:45:00,1.1173825857113038,1.1178647266964195,1.1105619949802676,1.1116422553485326,60.94834863205393,60.27,15.0
2025-12-11 18:00:00,1.111548904271749,1.1174031845232433,1.1111178235111498,1.1174031394588368,217.1799786240594,60.15,15.0
2025-12-11 18:15:00,1.1175633193889005,1.1189882453488103,1.1173698332889381,1.1188608618267082,141.41249468220727,60.16,15.0
2025-12-11 18:30:00,1.1188593769487651,1.1205107639430787,1.1182824734560588,1.120013453961325,81.67082258121724,60.43,15.0
2025-12-11 18:45:00,1.1201314455737832,1.1201626581436608,1.1133219760386732,1.113419172529231,104.25688732644468,60.18,15.0
2025-12-11 19:00:00,1.113353866409052,1.1161640178642676,1.1126434108304777,1.1160202004690725,86.3989684898657,60.58,15.0
2025-12-11 19:15:00,1.1159254499335864,1.115981265161143,1.113674881558743,1.1139720075130979,125.73597173557918,60.6,15.0
2025-12-11 19:30:00,1.1139268610745305,1.114181903028738,1.1132493838083946,1.113259846978061,114.90565612006854,60.54,15.0
2025-12-11 19:45:00,1.1133356430359587,1.1135106550376102,1.1118799157057973,1.112030875519912,163.3319370154898,60.64,15.0
2025-12-11 20:00:00,1.1120218869808043,1.112194510521699,1.1119847405186032,1.1121673548296822,72.36293337598399,60.66,15.0
2025-12-11 20:15:00,1.1121367562224296,1.112336257741641,1.11191673575244,1.1123206702623158,121.27591621646724,60.65,15.0
2025-12-11 20:30:00,1.1124588322669091,1.1127282706887442,1.1118490532930099,1.1119595040209134,126.21793317026919,60.45,15.0
2025-12-11 20:45:00,1.111810733099976,1.1124202631001765,1.1113429908568795,1.1116568787218282,110.77914128493202,60.32,15.0
2025-12-11 21:00:00,1.1116940254188437,1.1135285347697559,1.111651715512451,1.1135270295954058,172.05001225433696,60.3,15.0
2025-12-11 21:15:00,1.113536617873067,1.1150007969227962,1.113489955603945,1.114942327268098,102.77758112859603,60.39,15.0
2025-12-11 21:30:00,1.1147202631215012,1.1156768441139826,1.1143412533565806,1.115148886167943,132.1871457327381,60.5,15.0
2025-12-11 21:45:00,1.1151813736375698,1.116240397039333,1.1151619443907144,1.1159974394841927,138.76452620495894,60.49,15.0
2025-12-11 22:00:00,1.116019424620265,1.116112278958209,1.115803956142717,1.1158690366570492,111.5391611959161,60.51,15.0
2025-12-11 22:15:00,1.1159018881378127,1.1161167365992108,1.1130987905986438,1.1132262055406814,113.25099665060259,60.35,15.0
2025-12-11 22:30:00,1.1132919547876399,1.114001499354341,1.1115054224295957,1.1116382216460956,252.35143301613383,60.17,15.0
2025-12-11 22:45:00,1.1115866513563826,1.1124138927516727,1.111325517419902,1.1121032563717876,413.69153030979317,60.28,15.0
2025-12-11 23:00:00,1.112103198419438,1.1121034605253324,1.111989356631213,1.111989431447477,200.48083707388287,60.26,15.0
2025-12-12 16:30:00,1.1120851124873137,1.1210447029353967,1.1116845837870093,1.1195328991894955,36.40997577871559,60.47,15.0
2025-12-12 16:45:00,1.119590030301241,1.1197658619559228,1.1193351691609656,1.1195107758441336,38.407067775228576,60.11,15.0
2025-12-12 17:00:00,1.1194627639472523,1.1204415616399266,1.1192252846715587,1.1203343740773453,144.3378820619363,60.05,15.0
2025-12-12 17:15:00,1.1203613541075381,1.1204357730988739,1.1148931229313728,1.115199044587846,93.93052208420896,60.05,15.0
2025-12-12 17:30:00,1.115077898207644,1.1154019495628613,1.1143148985364386,1.1145288122937795,43.44863533864422,59.84,15.0
2025-12-12 17:45:00,1.1144242187554976,1.117875941886844,1.1137546316634277,1.1178015697977444,152.7416108642568,59.72,15.0
2025-12-12 18:00:00,1.1178599478788451,1.118058948409621,1.11515802576972,1.1155112931604718,56.20781070573411,59.52,15.0
2025-12-12 18:15:00,1.1154553060757917,1.1156062008860193,1.1140931929598576,1.1143516885469382,34.69516048482734,59.48,15.0
2025-12-12 18:30:00,1.114444169032606,1.114942104143437,1.1136860738597627,1.1139735685609604,48.15451072185393,59.33,15.0
2025-12-12 18:45:00,1.1140080913883017,1.1146309928050042,1.1082018465789234,1.1082606618028343,89.10246906674685,59.22,15.0
2025-12-12 19:00:00,1.1082696107690142,1.109779716626015,1.1076183546967922,1.1095805389761728,35.3320844448068,59.35,15.0
2025-12-12 19:15:00,1.1095271191908143,1.1096733648227495,1.1084145926217812,1.1088930681908322,62.300408826279124,59.4,15.0
2025-12-12 19:30:00,1.1090452762639755,1.1095216843546345,1.1088697712378415,1.1089062687438076,103.13367861367601,59.56,15.0
2025-12-12 19:45:00,1.1089305709278106,1.108976796174539,1.1088827143912223,1.1089443644902104,33.970395194892596,59.56,15.0
2025-12-12 20:00:00,1.1089327907470123,1.1090070882787424,1.108581959853955,1.108686833786741,80.1284002526285,59.5,15.0
2025-12-12 20:15:00,1.1086804006244038,1.1096291841356183,1.1061128730724679,1.1064826324640928,230.08946345839445,59.02,15.0
2025-12-12 20:30:00,1.106376379839583,1.1067776524417756,1.1045491866027215,1.1050803140726806,261.6057635237159,58.86,15.0
2025-12-12 20:45:00,1.1051444312171335,1.105158194971536,1.1020200100612387,1.1022990808724566,170.84692829502873,58.83,15.0
2025-12-12 21:00:00,1.1022766423300712,1.1072457352414642,1.102041018451074,1.1063385460627913,372.70939524565927,59.07,15.0
2025-12-12 21:15:00,1.1062869655528818,1.1083394623211258,1.1058768456359376,1.1076082822303797,239.42604918642536,59.02,15.0
2025-12-12 21:30:00,1.1077170079645928,1.1077331297736612,1.1063836127987516,1.1065998690658405,290.47020703370424,58.9,15.0
2025-12-12 21:45:00,1.1066614079814117,1.106744167456213,1.1052138589998408,1.1057101062968608,220.5620406897913,58.93,15.0
2025-12-12 22:00:00,1.1057216471471913,1.111147072974711,1.1056911793346007,1.110961470799505,246.50827678880052,58.78,15.0
2025-12-12 22:15:00,1.110988758834526,1.1112816654031537,1.107614110777871,1.1082647040146063,213.77457852184207,58.65,15.0
2025-12-12 22:30:00,1.1081047427388024,1.1093784072020287,1.105839929344306,1.1061943360286772,713.5493201808011,58.84,15.0
2025-12-12 22:45:00,1.1063134057002784,1.1071921963458577,1.0996625385578493,1.1000301263587597,2181.0253465112805,58.53,15.0
2025-12-12 23:00:00,1.1000302116507694,1.1000388286605816,1.1000299809518421,1.1000383976186983,193.4966027748746,58.51,15.0
2025-12-15 16:30:00,1.0992571861223748,1.1020732093534107,1.0906126998201926,1.092127429466749,94.05599459744683,59.28,15.0
2025-12-15 16:45:00,1.092174695687342,1.0925770665013896,1.089573741490237,1.0902927827547049,51.674499006839696,58.85,15.0
2025-12-15 17:00:00,1.0902622721283632,1.091161130728924,1.0837226466499696,1.0847030886887532,71.58213563429725,58.4,15.0
2025-12-15 17:15:00,1.0847672904901409,1.0929599519288848,1.0832978644942763,1.0911537837689054,119.22666323121625,57.61,15.0
2025-12-15 17:30:00,1.0912620372270514,1.094575274628108,1.0911904688798255,1.0938776415181768,150.18424142075622,57.74,15.0
2025-12-15 17:45:00,1.0940301773998546,1.0944138587581915,1.0864575396624165,1.0867407117703516,253.9239495624503,57.51,15.0
2025-12-15 18:00:00,1.0866588155774348,1.0929408377784526,1.0853768242739756,1.0919537773969874,140.81364130394118,58.12,15.0
2025-12-15 18:15:00,1.0920163716074176,1.0939722164255146,1.0919712184233659,1.0939649971853882,37.52818256869486,58.13,15.0
2025-12-15 18:30:00,1.0939877645495886,1.0942558750029203,1.0891435832485232,1.0895779807159107,71.78109006996254,57.9,15.0
2025-12-15 18:45:00,1.0895604818496962,1.0914670381475997,1.0893163884852564,1.091313224757398,44.51982381603958,57.88,15.0
2025-12-15 19:00:00,1.0913281267916535,1.091723618819932,1.0902962011685828,1.090662777259798,57.17791475956179,57.77,15.0
2025-12-15 19:15:00,1.0906408612842746,1.0907401386706221,1.0882615533667785,1.0883577137971687,94.36581140974059,57.79,15.0
2025-12-15 19:30:00,1.0884370175940394,1.0887192556471532,1.086178148280079,1.0864699062332974,99.79071021598558,57.98,15.0
2025-12-15 19:45:00,1.0864941494793579,1.0883619325509994,1.0864109847904992,1.087864820925466,106.01671960244303,57.92,15.0
2025-12-15 20:00:00,1.0878338985288616,1.089380272391124,1.0877203381618323,1.08932163009882,72.605307322003,57.94,15.0
2025-12-15 20:15:00,1.0892916906187533,1.089399493282531,1.0885609177529305,1.0885932540367438,47.38015235642443,57.97,15.0
2025-12-15 20:30:00,1.0885934672705677,1.0912372349558517,1.0884945784416804,1.0910489556958654,119.49010294835358,57.97,15.0
2025-12-15 20:45:00,1.0910969293878514,1.0912316672865219,1.0886869830680457,1.0889711016864936,147.4301131502247,58.19,15.0
2025-12-15 21:00:00,1.0889033731608035,1.0907349762564686,1.0884882804558573,1.090415306591428,120.98534659964388,58.42,15.0
2025-12-15 21:15:00,1.0905032080929615,1.0915036806204863,1.0903068050748228,1.0911966209771846,55.88057192807875,58.36,15.0
2025-12-15 21:30:00,1.0911299063913373,1.0912994165439835,1.0909776167030372,1.0911593856712887,126.84899896878828,58.38,15.0
2025-12-15 21:45:00,1.0911604406398352,1.0921190510014545,1.0911233589824827,1.0921117938838216,89.78493562787084,58.45,15.0
2025-12-15 22:00:00,1.0921197659890853,1.0929088744560604,1.092061843812929,1.092607763330758,108.292540066929,58.36,15.0
2025-12-15 22:15:00,1.0925625818008855,1.0947534839655413,1.0925465522945796,1.0944036802332182,107.54577800629322,58.39,15.0
2025-12-15 22:30:00,1.0944711686755875,1.1005542385787954,1.0939685733033317,1.1003975433360724,281.9002210317088,58.55,15.0
2025-12-15 22:45:00,1.1004270470045314,1.1037723442136986,1.100200392958617,1.1037306392329076,440.91072198842414,58.69,15.0
2025-12-15 23:00:00,1.1037307881751077,1.103746840375835,1.1037304134946957,1.1037467854648122,219.232671647878,58.69,15.0
2025-12-16 16:30:00,1.1038414041079045,1.1056326681357482,1.0938574476027478,1.0950802513166313,74.90506851803232,58.11,15.0
2025-12-16 16:45:00,1.0949875124831732,1.0959966875498726,1.0939643866876736,1.0954605381784557,107.44703984168854,57.54,15.0
2025-12-16 17:00:00,1.0954260197063301,1.1009578542630414,1.0945556994795351,1.0998148804071874,120.87817122613087,57.18,15.0
2025-12-16 17:15:00,1.0995961980312727,1.1001838384593945,1.095423951944318,1.095686758188683,151.5639659004042,57.16,15.0
2025-12-16 17:30:00,1.0957554825875582,1.1063025223339118,1.0954883477575337,1.1056475278595908,223.68365578390578,57.43,15.0
2025-12-16 17:45:00,1.1054733325191448,1.106137668973216,1.1050886115757848,1.1053755384640485,169.9217648539497,57.22,15.0
2025-12-16 18:00:00,1.1053233657903063,1.1076668881490366,1.105291228044893,1.1071990591481704,128.92068986246187,57.22,15.0
2025-12-16 18:15:00,1.1072505442592877,1.1074889277141569,1.1068788909621559,1.1069169778363757,289.4102181925549,57.15,15.0
2025-12-16 18:30:00,1.1070345973641949,1.1079612608853475,1.1023685267828516,1.1031910366543962,126.32069907263082,57.24,15.0
2025-12-16 18:45:00,1.1030732591763341,1.1035170469601383,1.098840677999804,1.0992585970869642,194.87481770128946,57.06,15.0
2025-12-16 19:00:00,1.0992702545172133,1.0994465792249377,1.0971692627798566,1.0975963288506418,350.8001859422641,57.29,15.0
2025-12-16 19:15:00,1.097610226587533,1.0979749165708805,1.0957519195292054,1.0965290679363584,231.2631586451937,57.12,15.0
2025-12-16 19:30:00,1.0966012305406203,1.0966673290611029,1.09401786939978,1.0943662178427942,145.44755072396885,57.09,15.0
2025-12-16 19:45:00,1.0943598940406538,1.0945456863051048,1.094219871078279,1.0944599422742884,111.01007044032336,57.11,15.0
2025-12-16 20:00:00,1.0943810799613036,1.0947377178946878,1.09339234708586,1.093525685796863,214.90571296521372,56.99,15.0
2025-12-16 20:15:00,1.0935813989820153,1.0936753349784718,1.0932654756185722,1.0932990825444946,266.58383096724594,56.93,15.0
2025-12-16 20:30:00,1.09324882518326,1.0946556048852536,1.0924203461968975,1.094174824609339,256.1117445190049,57.13,15.0
2025-12-16 20:45:00,1.094135640667158,1.0949090035171414,1.0939997466522764,1.094790227865764,315.85722266759717,56.91,15.0
2025-12-16 21:00:00,1.0947236656002812,1.0973577206174792,1.0946746449544658,1.0969561590016514,445.4756557096385,56.68,15.0
2025-12-16 21:15:00,1.097110996761635,1.0977287644656561,1.0969568351717907,1.0976263715938448,257.37391719676947,56.76,15.0
2025-12-16 21:30:00,1.0976621615615012,1.0981821826498968,1.0973552834198128,1.0974808844115225,439.00244114149484,56.89,15.0
2025-12-16 21:45:00,1.097492680401513,1.0975738419366892,1.0945102149862136,1.0947102033745923,290.783639442481,56.91,15.0
2025-12-16 22:00:00,1.0947801357752316,1.0952559772622805,1.093385393187928,1.0938591836793916,432.581699169703,56.72,15.0
2025-12-16 22:15:00,1.0938703972846233,1.0989938940947996,1.093771209427115,1.0981696116324244,364.3774961090643,56.98,15.0
2025-12-16 22:30:00,1.0983061659243936,1.0983754199119158,1.0914440913648646,1.0917446048321406,597.4291255342969,57.25,15.0
2025-12-16 22:45:00,1.0917025871387374,1.0922023993809904,1.0902800605538625,1.0904878366713593,832.7299371625319,57.43,15.0
2025-12-16 23:00:00,1.0904878670853853,1.0907056508270003,1.0904874459116463,1.0907055365362675,201.2240607279597,57.44,15.0
2025-12-17 16:30:00,1.090865091009151,1.0914886752314006,1.0815710571288948,1.0827583744623983,79.52635646270909,57.42,15.0
2025-12-17 16:45:00,1.082906314023949,1.0877581621878756,1.0824735414942297,1.0876064604591014,89.1681058922746,57.79,15.0
2025-12-17 17:00:00,1.0878189977027573,1.0890488957709596,1.0857490169507908,1.0862702529225678,51.448730505127,58.28,15.0
2025-12-17 17:15:00,1.0862313584849985,1.0865877061504523,1.08485863773351,1.0850116408892825,58.475069955749085,57.96,15.0
2025-12-17 17:30:00,1.085127100655834,1.0907409821165444,1.084471722834949,1.0904015505691123,136.57609375072482,57.89,15.0
2025-12-17 17:45:00,1.0904797309900396,1.0907987793822655,1.0900795934372576,1.0906377793461335,101.83384792613519,57.73,15.0
2025-12-17 18:00:00,1.0905804941381654,1.094346006179101,1.090050230612388,1.0937936368442678,429.2274743974002,57.56,15.0
2025-12-17 18:15:00,1.0939349139554269,1.0943171768812383,1.0905149708581223,1.090704823620213,45.72092317809676,57.72,15.0
2025-12-17 18:30:00,1.090705314388417,1.0910394211109662,1.0899780162669757,1.0907878780115567,202.14523465696078,57.91,15.0
2025-12-17 18:45:00,1.090880446435567,1.0916161105102373,1.0903719847342195,1.0906109016199481,75.87556614366514,57.72,15.0
2025-12-17 19:00:00,1.090593414794506,1.0909871195987932,1.0865445649920569,1.0868482134343327,101.01588891947847,57.66,15.0
2025-12-17 19:15:00,1.0867965611611148,1.0887769823614515,1.0867796166854742,1.088552171724003,33.25346448034006,57.74,15.0
2025-12-17 19:30:00,1.088547679057374,1.0896896076225684,1.0883860343982223,1.0895773973208533,32.059733582116294,57.6,15.0
2025-12-17 19:45:00,1.089558137135419,1.090198873121263,1.089335590376675,1.0900632808375341,46.64789214365581,57.44,15.0
2025-12-17 20:00:00,1.0900419532436636,1.0901007082887768,1.0874601481457145,1.0877111661264267,169.436775932609,57.34,15.0
2025-12-17 20:15:00,1.0877653232940632,1.0892179467415801,1.0877396459145854,1.0889089328652612,74.81133722211409,57.3,15.0
2025-12-17 20:30:00,1.0889287940718078,1.088990619061258,1.088165064305233,1.0882780197110586,123.10697056966102,57.21,15.0
2025-12-17 20:45:00,1.0883016250843531,1.0903969471346264,1.0882709138175686,1.090192996016625,81.25649702043296,57.26,15.0
2025-12-17 21:00:00,1.0902354397762772,1.093780770844025,1.0900857735549865,1.0937321088245822,123.54671726157488,57.11,15.0
2025-12-17 21:15:00,1.0937431467624323,1.0964591136593898,1.0936781792205776,1.0964434779512913,88.5223380642339,57.06,15.0
2025-12-17 21:30:00,1.0964471079166784,1.0966414158243631,1.093460309696383,1.0937197963301473,75.60814159457311,56.96,15.0
2025-12-17 21:45:00,1.093680824272692,1.0938829097197669,1.092423806345119,1.092527999039269,91.80480503015401,57.08,15.0
2025-12-17 22:00:00,1.0925493982946666,1.0930235955156598,1.0923026335123855,1.0926799390388473,103.91435454253883,57.23,15.0
2025-12-17 22:15:00,1.0926245537821107,1.0926822500521747,1.0915002535380678,1.0919100071246206,124.24836386761815,57.19,15.0
2025-12-17 22:30:00,1.0919810213912042,1.0920399791615545,1.0901611058071232,1.0902633276466829,235.04094024074718,57.19,15.0
2025-12-17 22:45:00,1.0902297832560877,1.0972818819838956,1.090110472763359,1.096532802750922,835.8574899697886,56.99,15.0
2025-12-17 23:00:00,1.0965329205531926,1.0965726100715119,1.0965326534422488,1.096571614173784,152.22262828536623,56.99,15.0
2025-12-18 16:30:00,1.0970687353131627,1.0972063846370026,1.0748198789583694,1.0757348425571573,62.91044005910309,57.91,15.0
2025-12-18 16:45:00,1.0760394834188645,1.0845189134507431,1.075526014448649,1.0830925912056912,274.9783017962755,58.32,15.0
2025-12-18 17:00:00,1.083035248196219,1.0922600395098516,1.0825529381896126,1.0894661273764121,337.458719016739,57.54,15.0
2025-12-18 17:15:00,1.0895974865833669,1.0923347356563116,1.0894694189190668,1.0921789316747101,103.20643723181419,57.44,15.0
2025-12-18 17:30:00,1.0920751285652412,1.0922478163059892,1.0882638930690889,1.0884027636046016,61.13657665688086,57.51,15.0
2025-12-18 17:45:00,1.0883566464703402,1.0904736897091005,1.0878083961826235,1.0894622438729695,51.1400467039105,57.24,15.0
2025-12-18 18:00:00,1.089342265792919,1.0940668071038293,1.0887689198503299,1.093715698535013,68.14041089606496,57.29,15.0
2025-12-18 18:15:00,1.0935596626329378,1.0937202567442985,1.0921186434587167,1.092672442643408,155.76681721777214,57.59,15.0
2025-12-18 18:30:00,1.0925110940961957,1.1011618030953485,1.0924485405554645,1.1000375694684685,92.16613787583739,57.72,15.0
2025-12-18 18:45:00,1.0999635663227347,1.1004191157826435,1.0994850742439626,1.100252259754916,97.38036634772229,57.56,15.0
2025-12-18 19:00:00,1.1002650084505028,1.10471655530696,1.0996303868923458,1.104050663607542,91.16689710259438,57.22,15.0
2025-12-18 19:15:00,1.1041146159821709,1.1042500859834123,1.1000645801344722,1.1005579933950402,127.14238580110283,57.1,15.0
2025-12-18 19:30:00,1.1003949354920421,1.105461149587348,1.1002986806654065,1.1049509070933197,139.8108766149989,57.42,15.0
2025-12-18 19:45:00,1.1049364308528105,1.1066700048923188,1.1045969620857519,1.106218444684407,65.2303036180787,57.24,15.0
2025-12-18 20:00:00,1.106149982883551,1.1062559171944846,1.1046554415927898,1.1046563455173095,162.25807131880222,57.11,15.0
2025-12-18 20:15:00,1.1046730395008104,1.1048108966226144,1.1040106040211424,1.104142302894265,65.6487431837314,57.16,15.0
2025-12-18 20:30:00,1.1042063497831796,1.1044285481994707,1.1015189546906274,1.1018946109799468,279.6199757873368,57.12,15.0
2025-12-18 20:45:00,1.1018809544358572,1.1021008260035647,1.1016704150957957,1.101997499640214,85.35259881277045,57.08,15.0
2025-12-18 21:00:00,1.1021014825852637,1.1048681393741124,1.1020850675622826,1.1047550508648318,56.016298919908685,57.25,15.0
2025-12-18 21:15:00,1.1047823574153595,1.1074935542202802,1.1047611069762777,1.1072340417940787,139.0846196403436,57.15,15.0
2025-12-18 21:30:00,1.1072149906383826,1.1076175687182,1.1071567758202172,1.1075480195841474,90.68520962924903,57.13,15.0
2025-12-18 21:45:00,1.1074944607504127,1.107749671473427,1.1057394885730885,1.106095176265242,174.0582241707968,57.02,15.0
2025-12-18 22:00:00,1.1060892123165988,1.1065490699351925,1.1033425224727336,1.1034189863973212,71.96608951748733,57.01,15.0
2025-12-18 22:15:00,1.103446674524747,1.103685455073455,1.1016436009650012,1.1022647625534459,164.5525278115248,57.19,15.0
2025-12-18 22:30:00,1.1022402198602619,1.1024744480528101,1.1019301304797806,1.1024527902125316,416.9594832215199,57.11,15.0
2025-12-18 22:45:00,1.1024439423034362,1.1032427826640874,1.1022598747786698,1.1029637170213045,1098.1721773019756,57.11,15.0
2025-12-18 23:00:00,1.1029636089142763,1.1029637329792357,1.1028454682648208,1.1028458801787555,129.98810694718614,57.1,15.0
2025-12-19 16:30:00,1.1029696903958743,1.1059139721565288,1.102111230231351,1.1046520626940646,94.49008620876327,57.25,15.0
2025-12-19 16:45:00,1.1046564184267353,1.109099281351002,1.103804435336752,1.1085954120533006,60.11865273008202,57.54,15.0
2025-12-19 17:00:00,1.1087063401866368,1.1091770568401036,1.1035694882530835,1.1039470529079887,90.0515546381437,57.76,15.0
2025-12-19 17:15:00,1.1041764992812348,1.1046814955501294,1.1012449355598792,1.1013445913708477,146.73437894174512,58.23,15.0
2025-12-19 17:30:00,1.1013711799882486,1.107594828415418,1.1009392061885197,1.1073757890141138,192.8133909667687,58.07,15.0
2025-12-19 17:45:00,1.1073584387632418,1.1074302272780912,1.1061502424321836,1.10653363653777,171.96990932839768,58.09,15.0
2025-12-19 18:00:00,1.1063451612850632,1.1098139172565489,1.1062813192252205,1.109332468372787,165.62774963293592,58.15,15.0
2025-12-19 18:15:00,1.109324113318278,1.1093934612060377,1.1090818150070538,1.1092193381193716,87.76822215274983,58.15,15.0
2025-12-19 18:30:00,1.1092153562260065,1.1092495554186137,1.108914154365889,1.108961144472264,73.89783801614615,58.16,15.0
2025-12-19 18:45:00,1.1089682374199434,1.1131054953053665,1.1088239621742686,1.112885080560571,141.61686452963295,58.29,15.0
2025-12-19 19:00:00,1.1129487710380894,1.1166579408742054,1.1121764495467628,1.1159126667593544,185.80032125693103,58.28,15.0
2025-12-19 19:15:00,1.11592057398473,1.116796601440967,1.1159024628309615,1.11674451876058,131.30750540951178,58.37,15.0
2025-12-19 19:30:00,1.1167016390201234,1.1169690738435771,1.1148496577441338,1.1150443207881169,42.53396362815915,58.26,15.0
2025-12-19 19:45:00,1.1151129313738875,1.1156188546021542,1.110254635148766,1.1118496321081541,138.97743664610948,58.68,15.0
2025-12-19 20:00:00,1.1117390366062259,1.1123550166789684,1.1117228331366524,1.1118471380540351,257.0091112566733,58.78,15.0
2025-12-19 20:15:00,1.1118180860345672,1.1151574638456696,1.1115863895547464,1.1147390588383983,124.62343785768326,58.57,15.0
2025-12-19 20:30:00,1.114767133525091,1.1150254619888171,1.1138764056052362,1.1140705857314142,68.92174695988477,58.46,15.0
2025-12-19 20:45:00,1.1141126258131562,1.1143167991192824,1.1131074318609129,1.1132543868396743,34.520111939054985,58.43,15.0
2025-12-19 21:00:00,1.1132600969326851,1.1133582435211835,1.1130315576846042,1.1133175041518895,42.07491746373192,58.41,15.0
2025-12-19 21:15:00,1.11322128407323,1.1153598855820215,1.1131390366761984,1.1146856401115635,93.47511701589708,58.47,15.0
2025-12-19 21:30:00,1.1146684288885926,1.115579020006624,1.1142717549735817,1.1153519407989183,64.81326833630986,58.67,15.0
2025-12-19 21:45:00,1.115442605182754,1.1192685529927573,1.1151872182718412,1.118863884345193,104.26185176274083,58.5,15.0
2025-12-19 22:00:00,1.1188397966990482,1.1249384223142231,1.1179508396152629,1.1249141203465445,120.46591692261306,58.25,15.0
2025-12-19 22:15:00,1.1249706976295242,1.1263746872243285,1.1247370441668845,1.1262378535411917,223.75151506134011,58.23,15.0
2025-12-19 22:30:00,1.126088962744302,1.1276810277116356,1.1255987189565504,1.1272799682026695,213.2921135955375,58.28,15.0
2025-12-19 22:45:00,1.1272572705160988,1.1279859565803625,1.1252074289993024,1.1256319374090344,649.7367923992555,58.29,15.0
2025-12-19 23:00:00,1.1256319778240838,1.1256320798497514,1.125107344456094,1.1251078348294505,355.90506785663877,58.27,15.0
2025-12-22 16:30:00,1.1253055216322165,1.1254267289260504,1.1202036754448792,1.1210288349077795,212.65922205676674,58.75,15.0
2025-12-22 16:45:00,1.1209169747887127,1.1238022660242297,1.1206011566299694,1.123762586175214,103.36774470105917,58.66,15.0
2025-12-22 17:00:00,1.123907955267355,1.1287855438197498,1.1227562869853334,1.1279336317862099,81.86741493143062,58.64,15.0
2025-12-22 17:15:00,1.1278324264240787,1.1287382621032278,1.1250546525922016,1.125850565453581,45.8097773319421,58.99,15.0
2025-12-22 17:30:00,1.125964399102449,1.129653889337938,1.1251831727734363,1.1292400804697527,80.20196971773055,59.0,15.0
2025-12-22 17:45:00,1.129124659699235,1.1309142141352009,1.1282093999874692,1.1305386356175753,41.97238103915242,59.16,15.0
2025-12-22 18:00:00,1.1304077167897715,1.1348008657119917,1.1300781722057032,1.1346411363440183,78.69566949996566,59.28,15.0
2025-12-22 18:15:00,1.1346248779342607,1.1357126172196261,1.1343956357178768,1.1353176750530072,23.659503656413662,59.22,15.0
2025-12-22 18:30:00,1.135380740675162,1.1358011625168705,1.1341541555387658,1.1342214593564228,112.07319603111607,59.33,15.0
2025-12-22 18:45:00,1.134221020326086,1.1342219338036788,1.1331430641221698,1.1334693432782168,80.47976218897803,59.25,15.0
2025-12-22 19:00:00,1.133477535185235,1.135627061526467,1.133300348044601,1.1355075240578054,57.99788088248825,59.3,15.0
2025-12-22 19:15:00,1.1355323408548204,1.1359049610943324,1.1335439146601334,1.1335894988541944,48.43506503273908,59.05,15.0
2025-12-22 19:30:00,1.1336546250056072,1.133700990959195,1.1328280985842683,1.132871854796071,203.76066428968335,59.12,15.0
2025-12-22 19:45:00,1.1328339666038725,1.1330099740762118,1.13136752862568,1.1315169147873276,102.66764718861778,59.18,15.0
2025-12-22 20:00:00,1.1314686106927256,1.1322586305216344,1.1313765862944924,1.1319014876805966,53.58046803447497,59.25,15.0
2025-12-22 20:15:00,1.131934028190917,1.1322765990034034,1.131888515928145,1.1322499482358033,67.67849831857805,59.35,15.0
2025-12-22 20:30:00,1.132287722541876,1.1334316898704242,1.1321486129140017,1.1329243476532729,95.80297724695255,59.25,15.0
2025-12-22 20:45:00,1.1329066248501078,1.1340872199824872,1.1328535600620555,1.1337452505951726,88.69653267742247,59.16,15.0
2025-12-22 21:00:00,1.133718994846718,1.13383244846614,1.133620609147793,1.1337277942924333,114.47171622678242,59.22,15.0
2025-12-22 21:15:00,1.133740152373541,1.133744558249773,1.1329997943641714,1.1330940763808168,185.57234067476915,59.27,15.0
2025-12-22 21:30:00,1.1330924854753048,1.133567854789461,1.1329909016067445,1.133481752967698,76.40461173523124,59.26,15.0
2025-12-22 21:45:00,1.1334851183744667,1.133685291203882,1.1317583079689513,1.1319296788845807,90.76749592766942,59.23,15.0
2025-12-22 22:00:00,1.1319291714772903,1.1321532938417216,1.1312633109173467,1.1313500208944238,139.71019827693075,59.24,15.0
2025-12-22 22:15:00,1.1313539029409274,1.131972688940924,1.131169613406979,1.1319538078206004,132.64117671706603,59.25,15.0
2025-12-22 22:30:00,1.1319005823856498,1.1319292231425593,1.1288078555949181,1.1290432140745492,170.44247434082502,59.17,15.0
2025-12-22 22:45:00,1.1289992329228988,1.1293413928074882,1.1288943802649947,1.1291449627218482,737.3199789497545,58.96,15.0
2025-12-22 23:00:00,1.1291449242981617,1.1291451248099424,1.1286679674165498,1.128667988838353,169.89005314954238,58.96,15.0
2025-12-23 16:30:00,1.1286338518820225,1.1288964159918438,1.1210424624435802,1.1217127925918147,39.925263667581824,58.89,15.0
2025-12-23 16:45:00,1.1218938540042758,1.1220519075186004,1.114091076997601,1.1141264846770702,112.7696097964505,58.63,15.0
2025-12-23 17:00:00,1.1141880893563374,1.1145153806707182,1.114160085889285,1.1143951409678685,60.91176735978213,58.62,15.0
2025-12-23 17:15:00,1.1142058654434541,1.114361396833088,1.1104522711529272,1.1106811817608502,89.27982497072205,59.07,15.0
2025-12-23 17:30:00,1.1106673276852925,1.1108397784408364,1.1097457412417597,1.1099205200355644,131.06279962161787,59.25,15.0
2025-12-23 17:45:00,1.109892984269785,1.1138217406125943,1.1091132065562403,1.1136788537080777,131.9992006041671,59.18,15.0
2025-12-23 18:00:00,1.1137611446882547,1.115063170742156,1.113698441427531,1.1148024692753753,102.83891399092808,59.2,15.0
2025-12-23 18:15:00,1.1148031617081577,1.114886002975564,1.112908819305141,1.1130210269075025,84.7244424103465,59.08,15.0
2025-12-23 18:30:00,1.113070951833557,1.1133478348937202,1.1085649884548956,1.1087464510232616,97.61158774473434,58.97,15.0
2025-12-23 18:45:00,1.1087517899924644,1.1101707717602667,1.1087130181354294,1.1100038632561415,70.1848763657845,58.99,15.0
2025-12-23 19:00:00,1.1097972933507296,1.1104933393519842,1.1023769283160565,1.1030571227447756,295.7530248118141,59.27,15.0
2025-12-23 19:15:00,1.103042774776702,1.1031289414263237,1.102776496829564,1.102872815022059,25.00043536138886,59.29,15.0
2025-12-23 19:30:00,1.1027998780004389,1.1060492318878854,1.1024571292790797,1.105625706154609,80.39519040758485,59.47,15.0
2025-12-23 19:45:00,1.105621842080492,1.105726819350993,1.1053397639626847,1.1056514210914354,52.11385942188345,59.34,15.0
2025-12-23 20:00:00,1.105641734925315,1.1057406402605425,1.1046233103295662,1.1049855694482056,63.60964360950601,59.26,15.0
2025-12-23 20:15:00,1.1049851502829164,1.10565281755149,1.1048201539934641,1.1051595023120617,30.90542496887364,59.45,15.0
2025-12-23 20:30:00,1.1051868299780303,1.105218741962193,1.1034329860962229,1.1035714311660034,72.54345744108707,59.39,15.0
2025-12-23 20:45:00,1.1035554313720843,1.103860627563641,1.1014778739937343,1.101494461657591,113.63364403534446,59.32,15.0
2025-12-23 21:00:00,1.1014612462791393,1.101612593747636,1.096922197667594,1.0971499742271809,41.963067856803214,59.4,15.0
2025-12-23 21:15:00,1.0971274474265333,1.0972030694656558,1.0965898815009871,1.0967803690091378,105.22378842836507,59.44,15.0
2025-12-23 21:30:00,1.0967803542699817,1.0968184116833137,1.0955706591700507,1.0955832541470456,27.21568162985382,59.36,15.0
2025-12-23 21:45:00,1.095611292874708,1.0958836630898408,1.090641090063862,1.090761533829082,82.25060125919195,59.35,15.0
2025-12-23 22:00:00,1.0907724629291353,1.096509066506035,1.0906633481204926,1.0963866000551252,175.47631115182406,59.3,15.0
2025-12-23 22:15:00,1.0964221022801153,1.0966116749534687,1.0960075444312334,1.0960593172532451,138.43748063934177,59.21,15.0
2025-12-23 22:30:00,1.0960559888291115,1.0986577423096746,1.0959540101398961,1.0981156847022624,156.39244495828964,59.37,15.0
2025-12-23 22:45:00,1.0980398465179289,1.1030065712857224,1.097289433156766,1.1020449159273977,494.6065456897203,59.26,15.0
2025-12-23 23:00:00,1.1020448294890755,1.1020993929817964,1.1020446703126767,1.102098800536955,207.16766133214637,59.25,15.0
2025-12-24 16:30:00,1.10210106254429,1.1027532929491934,1.093802612494732,1.0942146187873592,249.9101909653891,58.91,15.0
2025-12-24 16:45:00,1.094186830867114,1.0944649081381517,1.0915116475275919,1.0916267155197827,46.10450125923161,58.76,15.0
2025-12-24 17:00:00,1.0916355608050816,1.0959837272316544,1.0915434841549296,1.095762963705107,100.51733938194653,59.01,15.0
2025-12-24 17:15:00,1.0957704093577707,1.0966690799496228,1.0957475564584087,1.0962871832996746,27.280267993464143,59.29,15.0
2025-12-24 17:30:00,1.0962992603973694,1.0969423621867176,1.0962920258401527,1.096800212191719,32.70301820349098,59.16,15.0
2025-12-24 17:45:00,1.096764498896998,1.097641865030554,1.096310369052778,1.097200500985082,38.67820873654968,59.33,15.0
2025-12-24 18:00:00,1.0971822273533796,1.097258726665482,1.0970044765202243,1.0971462962804372,48.4629070279981,59.27,15.0
2025-12-24 18:15:00,1.0971931182188885,1.0994761834008824,1.097073908379484,1.0993018007522686,26.83331629324214,59.18,15.0
2025-12-24 18:30:00,1.0992399949151026,1.1017968087014873,1.0990470909565917,1.1015340230430906,41.3342930788248,59.27,15.0
2025-12-24 18:45:00,1.1014771073067573,1.1024490618065421,1.101188593167675,1.1023705609191334,38.51926431222353,59.15,15.0
2025-12-24 19:00:00,1.102384360195568,1.1026272777262167,1.1001375241787226,1.1003424247318718,40.282428821988525,59.24,15.0
2025-12-24 19:15:00,1.1003726410170354,1.1009568049103033,1.1003377384649402,1.1006112220832758,21.753140063625764,59.26,15.0
2025-12-24 19:30:00,1.1006136681272716,1.1021193227636608,1.1000759500674315,1.1019992242295757,48.58644696620362,59.42,15.0
2025-12-24 19:45:00,1.102045117029243,1.1021716588005848,1.1001913211298489,1.1005731229741997,405.91961259964046,59.19,15.0
2025-12-24 20:00:00,1.1005730039893804,1.1006801388968595,1.1005729462742484,1.100680027139116,96.14470984275552,59.19,15.0
2025-12-26 16:30:00,1.1008186361547707,1.1010354537604221,1.0997030228502418,1.100114161690614,29.69023659257413,59.02,15.0
2025-12-26 16:45:00,1.10011579704997,1.1013666835725695,1.097205958342456,1.097389869169332,62.769391457205295,59.22,15.0
2025-12-26 17:00:00,1.0972862486002493,1.0972943123789458,1.0950336063667474,1.095150182874154,67.81486894701108,59.31,15.0
2025-12-26 17:15:00,1.095185340832809,1.0952441928998284,1.0938623011977175,1.0939764829790914,42.65254736538149,59.26,15.0
2025-12-26 17:30:00,1.0939666460818414,1.0940155050154796,1.0915902006421134,1.09188232518306,29.817073830927452,59.25,15.0
2025-12-26 17:45:00,1.0919188886616102,1.0924905041757504,1.0918504562155964,1.0922292548120722,19.166467813062162,59.14,15.0
2025-12-26 18:00:00,1.0922206402841679,1.092421832339736,1.0900427235997783,1.0903006180336121,68.29603627836651,58.99,15.0
2025-12-26 18:15:00,1.0902982230871157,1.0923916975982142,1.0902591435962663,1.0923428274138445,50.39608312346171,58.92,15.0
2025-12-26 18:30:00,1.0923801058139375,1.0928686783153432,1.0922558102783506,1.0927829860151197,31.253007380503313,58.87,15.0
2025-12-26 18:45:00,1.092703088128874,1.0943222628721685,1.0925971393854335,1.094003663954451,43.652066473087814,58.88,15.0
2025-12-26 19:00:00,1.0939384534345646,1.0967551911010331,1.0937465391219947,1.0965449178629554,104.7016875045589,58.92,15.0
2025-12-26 19:15:00,1.0964947519714179,1.0966609778394274,1.0951944845406325,1.0953654246825617,15.993304883812574,58.91,15.0
2025-12-26 19:30:00,1.0953799425560564,1.096873503475543,1.0953178247569058,1.0967919731961404,29.393094098736867,58.88,15.0
2025-12-26 19:45:00,1.0967704701811145,1.0983496699983906,1.0966583030804118,1.098217579787531,29.054785227907406,58.86,15.0
2025-12-26 20:00:00,1.0982166158359532,1.0985520215870817,1.0981966886258294,1.0985364778344742,12.870019801333338,58.86,15.0
2025-12-26 20:15:00,1.098537611855305,1.0985798872337684,1.098114735186401,1.098218712012565,9.17231321649919,58.86,15.0
2025-12-26 20:30:00,1.0982131402454458,1.098360159949105,1.098059370453817,1.0982364873834949,15.366293220012926,58.91,15.0
2025-12-26 20:45:00,1.0982650697683338,1.0991634990057577,1.0982346716662883,1.0991553835097687,12.875496435284354,58.87,15.0
2025-12-26 21:00:00,1.0991952221953423,1.099201236846854,1.0979252790974001,1.0980352809585796,14.847842090261782,58.95,15.0
2025-12-26 21:15:00,1.098026624038226,1.0980573180524982,1.0973565027541485,1.0975042260377876,23.336995141165254,58.89,15.0
2025-12-26 21:30:00,1.097501226081162,1.097603104768144,1.0965424249254674,1.0966110580949977,28.797878768649323,58.9,15.0
2025-12-26 21:45:00,1.0965529580530953,1.0966401958806262,1.0962366386286777,1.0963256397742045,59.988187126718095,58.85,15.0
2025-12-26 22:00:00,1.0963900542419234,1.0965338770314783,1.0963122230951727,1.0963524297703346,25.409740828163915,59.02,15.0
2025-12-26 22:15:00,1.0963500904507681,1.0963897302146097,1.0951410283001068,1.0951909556064046,55.65645811726243,59.06,15.0
2025-12-26 22:30:00,1.0952268994420484,1.0952692450698474,1.094641279138433,1.094758809360524,80.503821541753,59.09,15.0
2025-12-26 22:45:00,1.0946034084184018,1.0960529880826226,1.094351112184898,1.09557468420215,504.90386489075075,59.23,15.0
2025-12-26 23:00:00,1.0955746325503737,1.095751534503915,1.0955744647804124,1.095751443924287,97.18313889119304,59.22,15.0
2025-12-29 16:30:00,1.0957938952252335,1.0997385786189113,1.0956317415163064,1.0989780964782108,31.790027742851265,59.51,15.0
2025-12-29 16:45:00,1.0988623744593915,1.0995137639084365,1.096275533348964,1.0968883469341444,29.156671277694826,59.17,15.0
2025-12-29 17:00:00,1.09689284190161,1.09956005227947,1.0965849349573822,1.09877301681199,62.65449661530335,59.33,15.0
2025-12-29 17:15:00,1.0987481981626155,1.0989423109736793,1.097849540573989,1.0980516898253316,26.535244493924033,59.28,15.0
2025-12-29 17:30:00,1.0979602958885495,1.098098889221598,1.0975538336443518,1.0975762460864318,30.59109689970745,59.09,15.0
2025-12-29 17:45:00,1.0975249413979509,1.0975728387177162,1.094910032058171,1.0949155085053965,68.88286015469807,59.02,15.0
2025-12-29 18:00:00,1.0948431491587087,1.0974633316786857,1.0945173977492029,1.0971428727477568,59.8160589216009,59.12,15.0
2025-12-29 18:15:00,1.0971860209782818,1.0980378915543205,1.0968235307653287,1.0977701524393255,72.22339783696896,59.03,15.0
2025-12-29 18:30:00,1.0976760204140406,1.0997439964743585,1.0976679237407916,1.099738841623785,85.12728158692605,59.0,15.0
2025-12-29 18:45:00,1.0997223641060594,1.0999621540666775,1.0986456653270258,1.0989547082375892,109.90463440709881,59.09,15.0
2025-12-29 19:00:00,1.099008288044619,1.0991097143183295,1.0971731053747689,1.0972875335567898,89.14050115027217,59.1,15.0
2025-12-29 19:15:00,1.0973784236347959,1.1008535523753313,1.0972326202367058,1.1005250848346277,56.76748955169493,58.99,15.0
2025-12-29 19:30:00,1.1004714374495463,1.1004891983950014,1.0990515174108806,1.0992436482339454,66.43547553146344,59.02,15.0
2025-12-29 19:45:00,1.0992426662257953,1.0997972258880817,1.0991279598341004,1.0996983362856176,91.7005142407301,59.07,15.0
2025-12-29 20:00:00,1.099731484077954,1.0999578905749023,1.0995001124840122,1.0996572262953923,53.2386223877532,59.08,15.0
2025-12-29 20:15:00,1.0996768856285786,1.0996913561199246,1.0996066035025156,1.0996157901760693,58.507320963657364,59.06,15.0
2025-12-29 20:30:00,1.0996063168047163,1.09964593585915,1.0984470412192593,1.0984714394634516,79.95915523073793,59.06,15.0
2025-12-29 20:45:00,1.0984824275402232,1.0989364114517395,1.0983570006451555,1.0988297989139713,61.90737574635193,58.97,15.0
2025-12-29 21:00:00,1.0988028515563812,1.0994888406377112,1.0987753407063299,1.099326948211923,40.48439723810056,58.93,15.0
2025-12-29 21:15:00,1.0993005259122908,1.0995493357915822,1.0991661724203057,1.0993512977010875,52.218339044950454,58.95,15.0
2025-12-29 21:30:00,1.0993195246731808,1.099359070610692,1.0981502701395165,1.0983384820125632,39.24696286455393,58.98,15.0
2025-12-29 21:45:00,1.0983415764153528,1.0998156280957423,1.0982669889340673,1.0997370672220435,44.044980950661554,58.97,15.0
2025-12-29 22:00:00,1.0997850939861658,1.0999079796093332,1.099722715545514,1.099837865090214,87.47921059086495,59.09,15.0
2025-12-29 22:15:00,1.0998476325202393,1.1004733217027738,1.0998249179186315,1.1001732494921193,135.71839146806056,59.06,15.0
2025-12-29 22:30:00,1.100159584203498,1.100745896634402,1.1001132830973954,1.1005210853656542,125.70775619332628,59.05,15.0
2025-12-29 22:45:00,1.1004846556326866,1.1035038161019728,1.1003748737371382,1.1033828462345574,647.9619069162284,59.25,15.0
2025-12-29 23:00:00,1.103382885172166,1.1034079707249766,1.1033826409956518,1.1034079059156021,190.02493687348087,59.24,15.0
2025-12-30 16:30:00,1.1031486778294257,1.1037223891278363,1.0848195695681857,1.0856258418142695,95.50556434164517,59.08,15.0
2025-12-30 16:45:00,1.085608439763873,1.0861711236215252,1.0836466296045257,1.0838149307880736,93.37994090415364,59.19,15.0
2025-12-30 17:00:00,1.08373114709063,1.0838634623166086,1.0832864626361938,1.0836628660717904,40.16170152958317,58.92,15.0
2025-12-30 17:15:00,1.0836615361240458,1.0857502412118785,1.0831992207101298,1.0856540140807636,54.18759778252276,58.94,15.0
2025-12-30 17:30:00,1.0856100637361605,1.0857743999067984,1.0847978245222782,1.08483665462375,60.06425671482706,58.9,15.0
2025-12-30 17:45:00,1.0848338345929265,1.0858924528450133,1.084732065562737,1.085824392647602,24.536380314375577,58.97,15.0
2025-12-30 18:00:00,1.085823876689776,1.0860300055364496,1.0850160992292974,1.0855466230298145,107.2718049535695,58.93,15.0
2025-12-30 18:15:00,1.085498331721293,1.0885035436928925,1.085241086473409,1.0883862897311862,33.4496225728767,59.06,15.0
2025-12-30 18:30:00,1.0884534439037008,1.0894146247611065,1.0874188574768782,1.089154438753028,101.80758465999659,58.89,15.0
2025-12-30 18:45:00,1.089035675248084,1.089771075582704,1.088779877104935,1.0896902986059263,58.384765652471216,58.94,15.0
2025-12-30 19:00:00,1.0896019136239194,1.0910919046489536,1.0893610621994883,1.0908978903987845,79.45058910916121,58.82,15.0
2025-12-30 19:15:00,1.0908935025695687,1.0910998604281072,1.090798999727234,1.090831917031123,79.31771889144801,58.89,15.0
2025-12-30 19:30:00,1.0908642492702203,1.0915811348358464,1.090731790754743,1.091481176755079,90.5293415192284,58.96,15.0
2025-12-30 19:45:00,1.0914440242158872,1.0916838969319476,1.0911366773794013,1.091238535311354,64.25747436833053,58.97,15.0
2025-12-30 20:00:00,1.09125294263712,1.0915326819160753,1.0912100828165092,1.0914950263185044,48.776920790553966,58.95,15.0
2025-12-30 20:15:00,1.0915036935180404,1.0916729559478398,1.0915011139434643,1.0915865463855685,34.87235364979384,58.96,15.0
2025-12-30 20:30:00,1.0915974725447315,1.0922568393175964,1.0915489020494527,1.0919834098291679,59.77786186086578,59.04,15.0
2025-12-30 20:45:00,1.0919833107872834,1.0929268967383343,1.0918054805078838,1.0928416673335322,44.55506566378296,58.99,15.0
2025-12-30 21:00:00,1.0927739743184934,1.0930919753937485,1.0923738832723422,1.0926377789568213,30.5644745256231,59.06,15.0
2025-12-30 21:15:00,1.0925994754803425,1.0939998860792997,1.092485400459239,1.0936745635297693,70.81733149485551,59.0,15.0
2025-12-30 21:30:00,1.0936843914748258,1.0937281947394324,1.0929025569320068,1.0930912396311125,52.90990683536416,59.07,15.0
2025-12-30 21:45:00,1.0930573034047601,1.095466995998387,1.0927872494717719,1.0954506051605295,33.37756184208157,59.14,15.0
2025-12-30 22:00:00,1.0954246248875477,1.0954635030428581,1.0946644193753645,1.094755948877979,68.33869975494451,59.15,15.0
2025-12-30 22:15:00,1.0947657770644368,1.095302633185541,1.0946923683880458,1.095291817770414,54.00037271203247,59.21,15.0
2025-12-30 22:30:00,1.0953066782148428,1.0955593076955061,1.0949799413655532,1.0952896805800068,108.1494587315506,59.22,15.0
2025-12-30 22:45:00,1.095419819208847,1.0965775477135615,1.0949243931741606,1.0964449356498145,617.8363708935715,59.13,15.0
2025-12-30 23:00:00,1.0964450253022375,1.09659843339667,1.0964449437251351,1.0965983255006782,212.84252883710758,59.12,15.0
2025-12-31 16:30:00,1.0969073218781995,1.0985655222168398,1.0854914491087715,1.0863201173936747,120.38268692046599,59.08,15.0
2025-12-31 16:45:00,1.086355270288643,1.0897469763373,1.0859604786141523,1.0894604231822773,20.653770731033323,59.17,15.0
2025-12-31 17:00:00,1.0892677683588696,1.0904863555675224,1.0892183426344528,1.0903944112994395,109.42725135199296,58.8,15.0
2025-12-31 17:15:00,1.0905545321022254,1.0927976721638812,1.0900281635667937,1.0923758435265811,36.24783367776372,58.95,15.0
2025-12-31 17:30:00,1.0924055797686205,1.0948327657315782,1.0922924559523826,1.0946518101275826,136.5482467373046,58.91,15.0
2025-12-31 17:45:00,1.0945388124648656,1.094942438987264,1.094453447908013,1.094767389806862,50.99521010314559,58.96,15.0
2025-12-31 18:00:00,1.0947888571374274,1.096391235336077,1.094600049417197,1.0962840593696273,66.2528477202284,58.82,15.0
2025-12-31 18:15:00,1.0962761604231546,1.0972888015347448,1.096233538222294,1.0972666079715632,33.286524259097675,58.85,15.0
2025-12-31 18:30:00,1.0973004008000777,1.0973634439546998,1.0949740141090563,1.0952440940822075,68.9361939170933,58.89,15.0
2025-12-31 18:45:00,1.0952186178750232,1.0982260650520494,1.095104989822538,1.097794207114833,36.00007016315624,58.98,15.0
2025-12-31 19:00:00,1.0978358018359664,1.0994187341693713,1.097478957678817,1.0992877586003083,53.892929299230246,58.89,15.0
2025-12-31 19:15:00,1.0993213116746925,1.1010503233655944,1.0993075533945167,1.100808273852959,24.152350838976623,58.87,15.0
2025-12-31 19:30:00,1.100830701707064,1.100938561340536,1.0997150238693034,1.0997150875419819,59.435303483485,58.91,15.0
2025-12-31 19:45:00,1.0997135334038353,1.100462915276019,1.0996759383802166,1.100388219309959,30.817760210564945,58.93,15.0
2025-12-31 20:00:00,1.1004675290630543,1.1004927776395557,1.1001487897483118,1.1003084020305631,29.645215302055576,58.99,15.0
2025-12-31 20:15:00,1.1002257739759513,1.101513904474939,1.1000483233019411,1.1014613752220832,84.85132736017125,58.81,15.0
2025-12-31 20:30:00,1.1014030105155095,1.1015110475700212,1.099483288183841,1.0996566973908397,64.78063767799708,59.02,15.0
2025-12-31 20:45:00,1.0996246044089644,1.1005894500727196,1.099578625880264,1.1005343758494208,36.01490686130808,59.03,15.0
2025-12-31 21:00:00,1.1005365180905775,1.1011194236446893,1.1004427121897178,1.1010105892729831,49.89048536786467,59.01,15.0
2025-12-31 21:15:00,1.1010146153699942,1.1010248744889373,1.1007794796787214,1.1007834417484932,23.900000894874434,58.97,15.0
2025-12-31 21:30:00,1.1007590296493972,1.1009455435799276,1.1005184985452598,1.1006291619962898,35.136568626761694,58.87,15.0
2025-12-31 21:45:00,1.1006108060243898,1.1006873011373237,1.1001428617255746,1.1002372186453906,15.615784011338896,58.86,15.0
2025-12-31 22:00:00,1.1002236296923575,1.1003472152896718,1.0982694374361848,1.0988222769622233,49.92707809453086,58.78,15.0
2025-12-31 22:15:00,1.0988437862303357,1.1015206850343477,1.098404480672436,1.1013487153922126,124.99830848967234,58.71,15.0
2025-12-31 22:30:00,1.101289773968244,1.1021103155459453,1.099978373135013,1.1004920037463477,131.26437953603076,58.91,15.0
2025-12-31 22:45:00,1.100488776984263,1.101151966415471,1.1001491447549416,1.100836771411113,650.8125037183804,58.81,15.0
2025-12-31 23:00:00,1.1008367669367387,1.1009196583422005,1.1008363069087836,1.1009195000223075,82.20425594398264,58.81,15.0
2026-01-02 16:30:00,1.1010041542390259,1.1014579643014637,1.0931185744309464,1.0935452684139775,46.14210232654902,59.16,15.0
2026-01-02 16:45:00,1.093542336399999,1.1129516653476759,1.0902488164176904,1.11138669911875,201.62827320741349,60.25,15.0
2026-01-02 17:00:00,1.1111892122201954,1.114642448093562,1.104919287130956,1.105365636453645,362.76152418651685,59.96,15.0
2026-01-02 17:15:00,1.1051233003187362,1.105543242859497,1.1024309783662627,1.1025350821864337,108.20733620143373,59.16,15.0
2026-01-02 17:30:00,1.1024320076595138,1.1035689919764022,1.1018010652591872,1.1022075543051515,169.58730714722978,59.27,15.0
2026-01-02 17:45:00,1.1022237664590175,1.1119440045249223,1.1010770578321938,1.1113787301343154,138.81962342684685,59.45,15.0
2026-01-02 18:00:00,1.1113558254681983,1.1199515806921683,1.1109600755285867,1.119740072269997,144.01460834221433,59.55,15.0
2026-01-02 18:15:00,1.119703776234225,1.1233793887735166,1.1186752495946062,1.1225973242099019,133.5279988866195,59.63,15.0
2026-01-02 18:30:00,1.122600566506185,1.1227048399414747,1.1172782415713811,1.1175374063541554,129.66223086024857,59.85,15.0
2026-01-02 18:45:00,1.1175738987542696,1.1260122448903505,1.116567567741703,1.1257471484851445,60.03988261662278,59.6,15.0
2026-01-02 19:00:00,1.1257659353584544,1.126916352496227,1.1255457606379584,1.1267202711671214,89.4125709376728,59.32,15.0
2026-01-02 19:15:00,1.126744706858001,1.128665515816342,1.1266868783091315,1.1283112425392883,70.88673309480856,59.18,15.0
2026-01-02 19:30:00,1.1282566897816095,1.130261506880382,1.1279840529537415,1.1300997508548694,136.13719062239687,59.35,15.0
2026-01-02 19:45:00,1.1301553589817572,1.1316824293789691,1.1300788034217086,1.1316100089628756,91.70701521468433,59.4,15.0
2026-01-02 20:00:00,1.131583348448798,1.1321909313277183,1.130031110586701,1.1306784002326433,167.41929766030765,59.27,15.0
2026-01-02 20:15:00,1.1306593015417479,1.1333952178384077,1.1306478410633547,1.1333439357743509,169.24924861024115,59.26,15.0
2026-01-02 20:30:00,1.1334126374200308,1.133943102030488,1.1313228531605353,1.1315347878968536,287.5105596158552,59.44,15.0
2026-01-02 20:45:00,1.1315096978407175,1.1320320085079791,1.1288237524111466,1.1290056357519846,141.28339666158203,59.6,15.0
2026-01-02 21:00:00,1.1289267393807327,1.129606802950525,1.1289218190549641,1.1294927495722211,395.1050623004182,59.9,15.0
2026-01-02 21:15:00,1.1295359896626234,1.1296135295342007,1.1287129809292766,1.1289041543481675,135.4030296689468,60.04,15.0
2026-01-02 21:30:00,1.128871595373905,1.1305816655581535,1.1288569954872165,1.1304840955736009,94.57807137315807,60.06,15.0
2026-01-02 21:45:00,1.1305590295115528,1.1306127107767219,1.1256640247203729,1.125693906155605,118.10820375870837,59.94,15.0
2026-01-02 22:00:00,1.1255925500711952,1.1265294006187283,1.1252556203966488,1.126375923842403,304.1225271953983,59.96,15.0
2026-01-02 22:15:00,1.1263368728865952,1.1266862340503643,1.122133917785358,1.1221532066554805,109.91092940639669,59.89,15.0
2026-01-02 22:30:00,1.1220373080830421,1.1224648704310136,1.1185201618542402,1.1185804321780357,285.353755797616,59.76,15.0
2026-01-02 22:45:00,1.1185596441696468,1.119053039992173,1.1159828305183528,1.1162361200416884,1171.38719520037,59.65,15.0
2026-01-02 23:00:00,1.1162361480672212,1.1162366715141272,1.1160655778089492,1.116065855035565,173.1332186679,59.65,15.0
2026-01-05 16:30:00,1.1168388098192452,1.1192030328475846,1.1030599752095103,1.1070804232033078,144.82967145098047,61.01,15.0
2026-01-05 16:45:00,1.107248242043897,1.1104478326907679,1.1063493839584027,1.1094057510129978,172.22567594922296,60.94,15.0
2026-01-05 17:00:00,1.1094515581951399,1.1121228419851503,1.1089455926079794,1.1116226707280037,72.19163821304844,61.16,15.0
2026-01-05 17:15:00,1.111909411870681,1.112590151469034,1.1055650850545746,1.1066591064837303,103.79594013086914,61.3,15.0
2026-01-05 17:30:00,1.1066741722990843,1.1071999205818563,1.1028791651149616,1.1033708110017215,214.4021541841346,61.48,15.0
2026-01-05 17:45:00,1.1033177239159775,1.1053950277725069,1.102862890126198,1.105070179846825,85.06581346412729,61.28,15.0
2026-01-05 18:00:00,1.1049919251251699,1.1055846949908086,1.1039805212953677,1.1040222938496047,59.81696106708803,61.45,15.0
2026-01-05 18:15:00,1.1040175693718801,1.1083681505841645,1.1038741023069432,1.1080187428608308,71.4661814383707,61.6,15.0
2026-01-05 18:30:00,1.1081233550180816,1.1139861242155285,1.1077649237214202,1.1135132492241913,120.76723789590868,61.91,15.0
2026-01-05 18:45:00,1.1135248732033394,1.1135280400492162,1.108462598331621,1.1090132409220461,121.16590476685582,62.13,15.0
2026-01-05 19:00:00,1.109114040844352,1.1140468592043704,1.108962985103068,1.1132353110422062,82.94971441152681,62.19,15.0
2026-01-05 19:15:00,1.1132096700711325,1.1140925627763296,1.1131644195637984,1.1138691697235807,154.34480328506797,62.01,15.0
2026-01-05 19:30:00,1.1138505093257973,1.1142671097803964,1.1138000075839878,1.1140881214428582,106.73383615972016,62.18,15.0
2026-01-05 19:45:00,1.1140502209087317,1.1154565820496343,1.1138381684839018,1.1153739687557964,37.339868138935934,61.99,15.0
2026-01-05 20:00:00,1.1153636715960866,1.1155519082597138,1.114900026859293,1.1150982406310337,107.84432609533702,62.22,15.0
2026-01-05 20:15:00,1.1150906143907844,1.115166690990297,1.1137137156434944,1.1139583056512499,43.80612350841933,62.21,15.0
2026-01-05 20:30:00,1.1139678605916121,1.1140426339180762,1.1135001866533596,1.1136121019511471,120.07835150216769,62.3,15.0
2026-01-05 20:45:00,1.1136461022976492,1.1157642332848612,1.1134515145832806,1.115710356456289,65.74854328317396,62.31,15.0
2026-01-05 21:00:00,1.1159478436627783,1.1162616235112381,1.1157089143219827,1.115793623810461,237.2913813067845,62.03,15.0
2026-01-05 21:15:00,1.1156393252423182,1.1162200351423983,1.1134824800199437,1.113541562389579,199.97370007050097,62.44,15.0
2026-01-05 21:30:00,1.1135057259134582,1.113769997362703,1.1107944510922692,1.1110670626861179,190.4198469262788,62.58,15.0
2026-01-05 21:45:00,1.1111053236268733,1.111414213032424,1.1035078639508589,1.1036375155010716,128.69044794217206,62.68,15.0
2026-01-05 22:00:00,1.1035518553242976,1.1052357367622954,1.1034937550779433,1.105189356814538,203.05506498255693,62.67,15.0
2026-01-05 22:15:00,1.1051545290756455,1.1090849691819773,1.1048021462303763,1.1086318723937638,199.4053127725495,62.86,15.0
2026-01-05 22:30:00,1.1084662756227266,1.1086601446094906,1.1048560425926768,1.1051373186454505,749.3520615405517,62.79,15.0
2026-01-05 22:45:00,1.1051715388917998,1.105989449579425,1.1045895486603148,1.1058961158737968,1261.89236851851,63.05,15.0
2026-01-05 23:00:00,1.1058959746458688,1.1060997272890751,1.1058956378869111,1.106099453682476,291.1815912064721,63.03,15.0
2026-01-06 16:30:00,1.107191457131159,1.113432775174705,1.103438880897458,1.1082151012900965,148.7994381224678,64.93,15.0
2026-01-06 16:45:00,1.1082810763358655,1.120344051261246,1.1063245828381194,1.119778825546943,187.29891493814998,65.76,15.0
2026-01-06 17:00:00,1.1194642684520413,1.123500239287509,1.1192895387981243,1.1203070511886644,411.43531570735746,65.94,15.0
2026-01-06 17:15:00,1.1202414127609632,1.127634519841579,1.1199137715239984,1.1269247516932346,237.43778186344042,65.29,15.0
2026-01-06 17:30:00,1.1269514235270155,1.1274527745502299,1.1248922759114703,1.1249520577406642,190.1602656717625,65.14,15.0
2026-01-06 17:45:00,1.1248784044674678,1.1309639498631645,1.1244796057927093,1.1302146593244389,109.89367940516252,65.19,15.0
2026-01-06 18:00:00,1.1301085485706381,1.131059431700449,1.1291119654209412,1.129287019964035,102.70048875832097,65.21,15.0
2026-01-06 18:15:00,1.1292906109602205,1.133102178338178,1.1288358529390314,1.1325768821833255,174.29335590149287,65.29,15.0
2026-01-06 18:30:00,1.1324890277707085,1.1356503742318427,1.1322320158230739,1.1355312460269944,138.16599348437805,65.17,15.0
2026-01-06 18:45:00,1.1355571879641724,1.1359587717099513,1.1318107945963924,1.1324545242310327,76.83555428542536,65.01,15.0
2026-01-06 19:00:00,1.1324301806422767,1.138566901253921,1.1320495053811628,1.1384573389270602,267.0876006843637,65.1,15.0
2026-01-06 19:15:00,1.138494008568387,1.1398726919820956,1.1383110183566243,1.139634844602257,75.91513386870882,65.09,15.0
2026-01-06 19:30:00,1.139645497399072,1.1405191885957395,1.1394952609080269,1.1403730870467628,147.52794748686009,65.08,15.0
2026-01-06 19:45:00,1.1405947388584259,1.1411768718658721,1.1394358027142557,1.1394502969811517,198.66980838644773,64.74,15.0
2026-01-06 20:00:00,1.13948790038001,1.139628672896403,1.135961166705259,1.136156271742558,129.84485374212767,64.64,15.0
2026-01-06 20:15:00,1.1363119484287818,1.136828272286728,1.1361269689643225,1.1367685859277625,47.47951355804753,64.83,15.0
2026-01-06 20:30:00,1.1367524627364347,1.1368172475964229,1.134198198511866,1.1344668361370043,141.88173808502205,64.77,15.0
2026-01-06 20:45:00,1.1344530329236577,1.1344548277327404,1.1337461584669677,1.1342242300106742,55.343663493557926,64.82,15.0
2026-01-06 21:00:00,1.1341879984154362,1.1362200952931047,1.1339818781182496,1.1360078501326967,70.03376942022953,65.13,15.0
2026-01-06 21:15:00,1.1360103134390764,1.1362632740893601,1.1338545087144123,1.1343846142100484,169.72443300724927,65.3,15.0
2026-01-06 21:30:00,1.1344563885139218,1.1345915146986367,1.1306148481994254,1.1310542734506328,226.37695884369765,65.34,15.0
2026-01-06 21:45:00,1.1310578730649827,1.131392640863155,1.1285466347937485,1.1288475906578688,206.9394858157364,65.3,15.0
2026-01-06 22:00:00,1.1288422635668662,1.1326633938969617,1.1284909650058823,1.1322370390440017,278.7658085706227,65.33,15.0
2026-01-06 22:15:00,1.1322992713954096,1.1335927372683696,1.1321210873324992,1.133438904263346,126.54951287408541,65.43,15.0
2026-01-06 22:30:00,1.133278743888943,1.133589912102052,1.1317689791437455,1.1322471104742315,204.4945222210327,65.24,15.0
2026-01-06 22:45:00,1.1322616603612488,1.1325611159061073,1.132188703303102,1.1321998415584307,594.4921293289698,65.26,15.0
2026-01-06 23:00:00,1.132199819890749,1.1321998271700435,1.1321792197573033,1.1321793133680653,99.94576967000292,65.28,15.0
2026-01-07 16:30:00,1.131941051102086,1.1366882228085804,1.1287421577771777,1.1354355443828614,116.0833475279331,65.39,15.0
2026-01-07 16:45:00,1.135519021786551,1.1366181555099133,1.1300906840059226,1.1307632802609557,88.6074490669714,65.28,15.0
2026-01-07 17:00:00,1.1308641871031921,1.1319537359719765,1.130562848712353,1.1319273154829372,105.65975815055107,65.1,15.0
2026-01-07 17:15:00,1.1318934510703333,1.1334863260413957,1.1315448643849955,1.1334808114335193,50.19220146718049,65.34,15.0
2026-01-07 17:30:00,1.1334191231252682,1.1355742898994625,1.13311537524744,1.1352205986061206,33.65343539450018,65.32,15.0
2026-01-07 17:45:00,1.135169949805676,1.136624651987068,1.1351153312089044,1.1364765255846982,39.925231854661305,65.26,15.0
2026-01-07 18:00:00,1.1365017679942542,1.1394564392820585,1.13642953733997,1.139355538711623,87.95951133024305,65.34,15.0
2026-01-07 18:15:00,1.1395078713684197,1.1403355024523765,1.1351131102957894,1.135400090909281,43.123942750097896,65.01,15.0
2026-01-07 18:30:00,1.1353964711771758,1.136892181622708,1.1353619308504201,1.1366221451149794,81.93290425994954,65.1,15.0
2026-01-07 18:45:00,1.1365328878361758,1.1367883442518938,1.1330514453469849,1.1334948835682732,66.54635333195415,64.76,15.0
2026-01-07 19:00:00,1.1334621355243844,1.1336881694009968,1.1326608777595442,1.132800142804508,130.97902061740692,64.77,15.0
2026-01-07 19:15:00,1.13280664828203,1.134621842576445,1.1326293403233947,1.1344239950167252,56.24469933621108,64.69,15.0
2026-01-07 19:30:00,1.1344045598607588,1.1344275352117625,1.133597065764809,1.133612108901125,58.25986779944584,64.66,15.0
2026-01-07 19:45:00,1.1335803425670539,1.133584082726213,1.1322092359847806,1.1324001679930389,86.00827371374922,64.58,15.0
2026-01-07 20:00:00,1.1324099087299695,1.1357606235043158,1.132203460035225,1.135713208960425,53.26553250556406,64.68,15.0
2026-01-07 20:15:00,1.135593690954508,1.1367145513607353,1.1353774451535554,1.1366592957191175,128.42811031136296,64.72,15.0
2026-01-07 20:30:00,1.1366794390482422,1.136803864081094,1.1360382302230887,1.1363942088482875,116.2391635353307,64.64,15.0
2026-01-07 20:45:00,1.1364424911299458,1.1386772597603159,1.1362391563259897,1.1386161928176644,85.20056640978666,64.65,15.0
2026-01-07 21:00:00,1.1386255082761676,1.1386537821924365,1.1381249431921323,1.1384165210814725,133.1507849455193,64.66,15.0
2026-01-07 21:15:00,1.1385275629980784,1.1398904514521047,1.1381383299700851,1.1397689438214484,120.92909857664368,65.05,15.0
2026-01-07 21:30:00,1.1398361200709213,1.1415483766490981,1.139678750187608,1.1412617162318652,116.19752559984587,65.05,15.0
2026-01-07 21:45:00,1.1413246139340247,1.141493058113256,1.1368329208722048,1.1371554442191179,115.51202524319699,65.24,15.0
2026-01-07 22:00:00,1.1371465895742583,1.138613675973087,1.1366848127238283,1.13851426547619,214.66633737427964,65.23,15.0
2026-01-07 22:15:00,1.1383924989316991,1.1404071885358633,1.1376397227807173,1.140100137126198,109.93324898970451,65.08,15.0
2026-01-07 22:30:00,1.1401121154818148,1.1406793114805382,1.139968884075225,1.1405887722687882,248.9701905017553,65.09,15.0
2026-01-07 22:45:00,1.1406497175095414,1.140761541410587,1.1380819297807556,1.1386663967424766,435.4748357420381,65.06,15.0
2026-01-07 23:00:00,1.1386666173587463,1.1386668343323194,1.1383966939593715,1.138396824804179,93.63783207174563,65.05,15.0
2026-01-08 16:30:00,1.1380582600697722,1.1409614888339354,1.1176783466780693,1.1191650681202219,261.215767448979,64.14,15.0
2026-01-08 16:45:00,1.1195851426837253,1.1279836186017977,1.1190972759415017,1.127224866394824,190.34415517128994,64.27,15.0
2026-01-08 17:00:00,1.127128533099188,1.129073358354648,1.1262231987321663,1.1288859747735571,133.21408867292047,63.93,15.0
2026-01-08 17:15:00,1.1289340960204932,1.1368418585409963,1.128146540419354,1.1360921909838417,91.55640065926633,63.66,15.0
2026-01-08 17:30:00,1.1361875358996267,1.1371177971380562,1.135854563787539,1.136624797468288,177.42998988353193,63.64,15.0
2026-01-08 17:45:00,1.1368079149416062,1.1472456167877485,1.1364206069382763,1.1463280893557832,242.2024777727147,64.15,15.0
2026-01-08 18:00:00,1.1462847313742672,1.1464182947324753,1.1430042699270584,1.1430333040995133,183.35774215599668,64.28,15.0
2026-01-08 18:15:00,1.14306836496761,1.1431962352315348,1.1420126025257376,1.142105293319407,172.63415306173243,64.23,15.0
2026-01-08 18:30:00,1.1421281656647189,1.142160391354549,1.1415061562597568,1.1415502089548393,61.87378612246961,64.17,15.0
2026-01-08 18:45:00,1.1414223070019065,1.141703379978396,1.1395705863233752,1.1398342799864083,106.77626018437522,64.18,15.0
2026-01-08 19:00:00,1.1399112969389087,1.140533235044405,1.1391723711011066,1.1394364472998493,151.71116238639718,64.55,15.0
2026-01-08 19:15:00,1.1394653136852215,1.1397493532066054,1.1373902027252312,1.1377326560552683,110.47367955183569,64.58,15.0
2026-01-08 19:30:00,1.1377546524309161,1.1391287925178015,1.137490305898122,1.1390976779172788,117.24666822967852,64.69,15.0
2026-01-08 19:45:00,1.1390294363071063,1.1392250513919284,1.1352580397891425,1.1355292329855766,72.4455474103166,64.54,15.0
2026-01-08 20:00:00,1.1355233688701454,1.1357341033288688,1.1342894139784072,1.1344765181488536,49.86894293358266,64.57,15.0
2026-01-08 20:15:00,1.134525853947035,1.1348370259047091,1.1328971302667636,1.1330627552391888,93.67827725449682,64.7,15.0
2026-01-08 20:30:00,1.1331812160678232,1.1341076186804868,1.1331393162648498,1.1340000082514787,115.87181870496258,64.76,15.0
2026-01-08 20:45:00,1.1339847229858,1.1342235302492867,1.1318547177805,1.1318899693043738,33.60449972689946,64.84,15.0
2026-01-08 21:00:00,1.1320766423873296,1.1334940663226483,1.1319794573534483,1.1334539084230666,86.12916085462021,64.91,15.0
2026-01-08 21:15:00,1.1334808976197197,1.1336439232653293,1.13271527660408,1.1331249219269146,51.576313274474984,64.82,15.0
2026-01-08 21:30:00,1.1331092543507588,1.1348371650642834,1.1330885819705527,1.1347909033247117,98.21424770927453,64.81,15.0
2026-01-08 21:45:00,1.134815994167524,1.1365804457878972,1.1345275674052682,1.136359441473764,170.0529712358465,64.13,15.0
2026-01-08 22:00:00,1.1362476220734499,1.1367541283435825,1.1335220996969533,1.1344287066429266,155.0279401001235,63.9,15.0
2026-01-08 22:15:00,1.1345299030134606,1.1391813697861795,1.1336998066073145,1.1388778708983134,136.31457978102762,64.17,15.0
2026-01-08 22:30:00,1.139084421990594,1.1399836809532975,1.1347532675141714,1.1353677536302567,492.6484608026739,64.48,15.0
2026-01-08 22:45:00,1.1352824007479947,1.1357591655351298,1.1350733392465373,1.1354701152288649,693.0403904028635,64.58,15.0
2026-01-08 23:00:00,1.1354701450980402,1.1354705020853124,1.1352669453421274,1.135267350769601,88.7728630742319,64.58,15.0
2026-01-09 16:30:00,1.135433831873479,1.13608649320483,1.1326770202222907,1.134604659552809,164.4404843668839,66.06,15.0
2026-01-09 16:45:00,1.1343500411146534,1.1408138613301437,1.1340741057260397,1.1407344676054068,156.76894262932345,65.99,15.0
2026-01-09 17:00:00,1.141083121629223,1.1424025926662547,1.1362178881108216,1.1378745254316187,166.44987824085382,65.48,15.0
2026-01-09 17:15:00,1.137913524253558,1.1393050747146536,1.1367512544669598,1.1389869431399289,132.8012831776511,65.83,15.0
2026-01-09 17:30:00,1.1387285642992468,1.1464512381614462,1.1377602571218697,1.1463570003988404,316.14600990229707,66.01,15.0
2026-01-09 17:45:00,1.1461758322123812,1.1472405783444897,1.1442728105191755,1.14629400045297,320.3411098818233,65.54,15.0
2026-01-09 18:00:00,1.146464332905866,1.1496182181037518,1.1463522420270265,1.149465762692545,98.64662736225894,65.61,15.0
2026-01-09 18:15:00,1.1494536836270883,1.1495237765464232,1.1459960492908317,1.1465518815823934,181.35024057779307,65.58,15.0
2026-01-09 18:30:00,1.1466794753803062,1.1472731836567294,1.1399605735089988,1.1400700936891748,58.659027177800084,65.92,15.0
2026-01-09 18:45:00,1.1401677997351374,1.1421223637474043,1.1401544011384972,1.1420310089573888,30.991718179514084,66.04,15.0
2026-01-09 19:00:00,1.142163118455617,1.1484965993106795,1.141277317910339,1.1481980476901814,126.5485069902392,66.46,15.0
2026-01-09 19:15:00,1.1482137077936683,1.1499367448156874,1.1482063162662535,1.149620996472163,104.1881429729213,66.57,15.0
2026-01-09 19:30:00,1.149611216074294,1.1501285538003596,1.1481259278420684,1.1482437259010385,104.36451641255375,66.48,15.0
2026-01-09 19:45:00,1.1481070536040847,1.1481788813239306,1.1471303824146988,1.1471902791217978,118.51518070684374,66.61,15.0
2026-01-09 20:00:00,1.1472307817037843,1.1477273884158934,1.1448534644724442,1.1457597530875407,157.63299895266894,66.6,15.0
2026-01-09 20:15:00,1.1456838385059154,1.1510045511733236,1.1452281574211254,1.151003327530375,500.6010747539493,66.67,15.0
2026-01-09 20:30:00,1.1510136429943654,1.151017688222923,1.1490592593536542,1.1491014302233458,114.91723400386944,66.69,15.0
2026-01-09 20:45:00,1.1492099069896422,1.1495609698247984,1.147207477524157,1.1476644271196346,61.29485892348394,66.53,15.0
2026-01-09 21:00:00,1.1476614312686355,1.148122569768928,1.1443685320101267,1.1449936912942966,416.45606428171686,66.89,15.0
2026-01-09 21:15:00,1.1449689737670257,1.1452077755838141,1.144497049288783,1.1446627095261848,364.89853131695935,66.82,15.0
2026-01-09 21:30:00,1.1447039366026661,1.1549320568998436,1.1438048225169177,1.1545559594138,140.58392099328296,66.37,15.0
2026-01-09 21:45:00,1.15456127141245,1.1548506815594897,1.15103273336281,1.1511856879919113,122.95962461953263,66.35,15.0
2026-01-09 22:00:00,1.1512063309249578,1.1537027783376619,1.150859740064896,1.1536558236337877,145.03087350999735,66.28,15.0
2026-01-09 22:15:00,1.1537322192412798,1.1594011392747132,1.153699729774015,1.1591725067741654,261.02077461149025,66.14,15.0
2026-01-09 22:30:00,1.159138420652444,1.1615087086935898,1.1590326726398308,1.1611670638778786,494.05406571524895,66.11,15.0
2026-01-09 22:45:00,1.161438651047906,1.1620983642384395,1.1545204000950873,1.1550747762129419,2200.2592211075735,65.7,15.0
2026-01-09 23:00:00,1.155074789409783,1.1550751094191147,1.1545555483355951,1.1545562399181282,183.7577253524467,65.7,15.0
2026-01-12 16:30:00,1.1537572507907348,1.155353628147189,1.1414407666045023,1.1415872231335191,76.25719465723358,66.58,15.0
2026-01-12 16:45:00,1.141377433351474,1.1523938829170233,1.141188048552699,1.1516541437541834,78.22705343696155,66.28,15.0
2026-01-12 17:00:00,1.1511665335092922,1.151982593284148,1.148848781974426,1.1517711696596766,95.3366472961953,65.66,15.0
2026-01-12 17:15:00,1.151790640640801,1.1533445218894303,1.1492667675328159,1.1498868807811153,107.35718168717895,66.07,15.0
2026-01-12 17:30:00,1.1498675893390031,1.15207344265697,1.1491599266795105,1.151500645660153,77.92287354008407,66.37,15.0
2026-01-12 17:45:00,1.1514781929167244,1.1595225138947827,1.1512056400886908,1.159003586326189,63.36082012900551,66.01,15.0
2026-01-12 18:00:00,1.15905186703664,1.159504021011849,1.1565427031907012,1.1569485295607218,178.48816589021882,66.34,15.0
2026-01-12 18:15:00,1.1570123303184028,1.1580025352200254,1.1565728228739793,1.1579408794741126,254.82436218982298,66.46,15.0
2026-01-12 18:30:00,1.1579352472158624,1.158583996497379,1.1578978737374614,1.1585783606507623,219.982070947342,66.48,15.0
2026-01-12 18:45:00,1.1585462343153972,1.1585539324633978,1.152730714563962,1.1532500962641565,92.4559883127178,66.47,15.0
2026-01-12 19:00:00,1.1534240332196775,1.1537212592848505,1.1508926232075694,1.1514866636664696,510.6792066609697,65.93,15.0
2026-01-12 19:15:00,1.151416505088633,1.1591381833066408,1.1505637296429656,1.1579759281797064,455.66544124222173,66.16,15.0
2026-01-12 19:30:00,1.1581848321801813,1.1583362889993278,1.1532022436115397,1.1545136098068323,61.30816431479557,66.0,15.0
2026-01-12 19:45:00,1.1543886566934038,1.1565912856098217,1.1541750038162712,1.1565616064460222,59.517996173126804,66.11,15.0
2026-01-12 20:00:00,1.156560134410497,1.157899887194348,1.1563777069301904,1.1576014122922735,77.93469102124344,65.93,15.0
2026-01-12 20:15:00,1.1575857162294343,1.1638946200211755,1.157260812214957,1.1635936216485954,95.71277601708623,66.16,15.0
2026-01-12 20:30:00,1.163637979657306,1.1637331460632203,1.1613540388655925,1.1615223421527556,101.10279568353121,66.43,15.0
2026-01-12 20:45:00,1.161555434903089,1.162393626874809,1.1615138294509462,1.162055256630039,85.08555119767453,66.45,15.0
2026-01-12 21:00:00,1.1620682586945723,1.1621030813302708,1.160361803498666,1.1603832660697553,82.23747410375033,66.52,15.0
2026-01-12 21:15:00,1.1604911454339275,1.160754610122259,1.1534865205206388,1.1539192142605716,99.08944596134813,66.19,15.0
2026-01-12 21:30:00,1.1538632060344944,1.1543820973346604,1.1512908208242834,1.1513517733963932,132.49259912479204,66.07,15.0
2026-01-12 21:45:00,1.151199850796949,1.1513329433941772,1.1499074050628995,1.1503435103787707,112.95848978072526,66.43,15.0
2026-01-12 22:00:00,1.1503715141716786,1.1505222842174898,1.1481978803486323,1.1483024136908444,63.084442654741615,66.43,15.0
2026-01-12 22:15:00,1.1483204730118484,1.1502743517413527,1.14827128283581,1.1502534128496116,85.36842861752454,66.51,15.0
2026-01-12 22:30:00,1.1502664993590785,1.152609638373398,1.1501072888170398,1.1524484419079843,93.55372336620357,66.48,15.0
2026-01-12 22:45:00,1.1524526720500445,1.154964213734895,1.1520508755593688,1.1548059859944841,710.9444737104731,66.55,15.0
2026-01-12 23:00:00,1.1548061288194285,1.1548063060248313,1.1543896259696533,1.1543897369347953,163.1520527881945,66.56,15.0
2026-01-13 16:30:00,1.154623036336606,1.1554432731054298,1.149421695870848,1.1519513610895573,347.06377979307155,68.06,15.0
2026-01-13 16:45:00,1.1519135135539997,1.155909662941878,1.1412536648121618,1.1419265182290605,180.04596700487778,67.31,15.0
2026-01-13 17:00:00,1.141828225085435,1.1431180121219202,1.1415407986077843,1.1430993301267907,339.557150929382,67.49,15.0
2026-01-13 17:15:00,1.1430063840358928,1.1433652066198048,1.1388754173263855,1.138935002256542,294.6036496464637,67.37,15.0
2026-01-13 17:30:00,1.1388855619233191,1.1513382990078231,1.1385394595744995,1.1511327703839076,168.0861510074947,67.69,15.0
2026-01-13 17:45:00,1.1511091725073472,1.1514968379506596,1.1466111565177113,1.146801896730654,220.63787994337693,67.48,15.0
2026-01-13 18:00:00,1.146867487495903,1.1483252610811305,1.1466199619463502,1.1482452191544215,115.1605862473498,67.28,15.0
2026-01-13 18:15:00,1.148004711160521,1.152930219951207,1.1479498278294296,1.1523506473849123,267.4138988346072,67.04,15.0
2026-01-13 18:30:00,1.1523870243087562,1.152746770633522,1.1509482958765387,1.1511115657154647,108.07416026099445,66.95,15.0
2026-01-13 18:45:00,1.1508853981687752,1.1662096167569083,1.1499585404273631,1.1657817821158543,269.35368562453056,66.52,15.0
2026-01-13 19:00:00,1.165630230135091,1.1779953189786696,1.1648752287240198,1.1778463050391437,224.8525081761935,66.26,15.0
2026-01-13 19:15:00,1.1777749237613524,1.179826406858853,1.1772533000941547,1.1794667290123393,218.59781727261438,66.08,15.0
2026-01-13 19:30:00,1.1799694975239197,1.1807732178870478,1.1655193558416266,1.1660170509928935,385.6078984924484,64.9,15.0
2026-01-13 19:45:00,1.1659714305192348,1.1666028487181794,1.1557350052897413,1.1563352099043056,120.09538716619468,64.83,15.0
2026-01-13 20:00:00,1.1565966055962849,1.1696752677037965,1.1553816095028355,1.1696432274097681,209.4996055018196,64.33,15.0
2026-01-13 20:15:00,1.1695068504545731,1.1763382387206176,1.1693815534022518,1.175780186033194,127.21771981053766,64.72,15.0
2026-01-13 20:30:00,1.1757333441265634,1.1763702863747438,1.1732576597453739,1.1736904185350518,185.2682188367835,65.5,15.0
2026-01-13 20:45:00,1.1739069694917985,1.1760508165549415,1.173575644926637,1.1758276395470837,170.98577369323647,65.61,15.0
2026-01-13 21:00:00,1.1755788520283554,1.1758542343381009,1.1689821917738494,1.1691285974811252,91.19024899643351,66.04,15.0
2026-01-13 21:15:00,1.169017611080514,1.1690721333622047,1.1682751006303616,1.1683656661283008,127.25761903804339,66.11,15.0
2026-01-13 21:30:00,1.1682757020765542,1.17111210965949,1.168121550979714,1.1707188675164788,75.46086841854101,66.28,15.0
2026-01-13 21:45:00,1.1706044487694758,1.1759539043146416,1.1699601636143948,1.1758080786222533,245.88030032689718,66.52,15.0
2026-01-13 22:00:00,1.1757487123778958,1.1757580360845659,1.1737403412908556,1.1740676181806562,197.915673665508,66.72,15.0
2026-01-13 22:15:00,1.1741490514289792,1.1783258995086678,1.1737705769815634,1.1781337570563277,186.53509394693413,66.45,15.0
2026-01-13 22:30:00,1.178159352870316,1.17893318294575,1.1779128623281068,1.1787683219285268,441.6195420367802,66.3,15.0
2026-01-13 22:45:00,1.1788173017132222,1.178998903649211,1.172225488362326,1.1731088748255891,624.8620105713446,66.38,15.0
2026-01-13 23:00:00,1.1731088415166686,1.1731089892722333,1.172207189408563,1.1722075350468977,289.1079021221151,66.36,15.0
2026-01-14 16:30:00,1.171761080296763,1.1724869499116128,1.1557142637288331,1.1586751492750595,103.008718180739,66.82,15.0
2026-01-14 16:45:00,1.1586165604489218,1.1597574142972913,1.1580684629752613,1.159072086141554,205.41477716395275,66.78,15.0
2026-01-14 17:00:00,1.1590446722570307,1.1609509505874918,1.1583061563426589,1.1601935554829141,198.9855530311792,66.79,15.0
2026-01-14 17:15:00,1.1602839722964298,1.1604601350872648,1.154074058018194,1.1544549626201626,373.994020114099,66.41,15.0
2026-01-14 17:30:00,1.154423974117686,1.1602424573885428,1.154047740386507,1.1584634258548105,219.76346983650694,66.69,15.0
2026-01-14 17:45:00,1.158419187136954,1.1598347896668277,1.1567779443533304,1.1572421594170075,181.93666786903742,66.83,15.0
2026-01-14 18:00:00,1.157151343559311,1.163299196143561,1.1559614110705083,1.162391348837947,116.02784551604782,67.43,15.0
2026-01-14 18:15:00,1.162237057890557,1.1626902881002812,1.1517306428639558,1.1539141042188092,342.5046775518988,67.93,15.0
2026-01-14 18:30:00,1.1538500095374244,1.1542893075144538,1.15369226301694,1.1542002363690218,189.81892010891988,67.65,15.0
2026-01-14 18:45:00,1.154179274146751,1.1565985959572493,1.154052174103298,1.1564456702718313,279.2776811906093,67.37,15.0
2026-01-14 19:00:00,1.1563897128753238,1.1568022850880593,1.1502216930998708,1.1506781465476497,98.19901007329265,67.26,15.0
2026-01-14 19:15:00,1.150679994110598,1.1508320644130932,1.1499872674052916,1.1500718658743945,76.02187029141894,67.28,15.0
2026-01-14 19:30:00,1.1501935981425253,1.150270133965138,1.144361186313106,1.1445935727825736,58.413339497828694,67.22,15.0
2026-01-14 19:45:00,1.144629745286168,1.146736286897342,1.1444406726845755,1.1466166789575012,59.62991224392067,67.13,15.0
2026-01-14 20:00:00,1.1466536276517787,1.1467864921767739,1.1449206457214003,1.1450976363922953,112.88756768743104,67.5,15.0
2026-01-14 20:15:00,1.145092755597316,1.1451566748859623,1.1421125731328017,1.1425731336908518,70.10834687622406,67.6,15.0
2026-01-14 20:30:00,1.1426237006646278,1.143829671780063,1.142448358993497,1.1436797735108135,78.45925213863077,67.56,15.0
2026-01-14 20:45:00,1.1436099675908837,1.1461472989183674,1.143217992881561,1.1457532326799227,81.18324690160145,67.72,15.0
2026-01-14 21:00:00,1.1456793846438935,1.1457841373418018,1.141165485037774,1.1418557784043175,284.22729215077703,67.99,15.0
2026-01-14 21:15:00,1.1418628954149492,1.1443395351783228,1.1417302443568516,1.1442794984500027,234.11875960219828,68.29,15.0
2026-01-14 21:30:00,1.1443860968854025,1.1458128422319138,1.144071330482964,1.1453157440812385,151.37370958933636,68.3,15.0
2026-01-14 21:45:00,1.1452143602493754,1.14530279016629,1.1437066300548986,1.1437299454555179,175.17525161876011,68.4,15.0
2026-01-14 22:00:00,1.1436902751884257,1.144764221592078,1.1436824970307833,1.1445516243487084,296.7743632206165,68.34,15.0
2026-01-14 22:15:00,1.1445437371489475,1.1448448876543245,1.141997538267321,1.1424289353806314,423.16835017073146,68.27,15.0
2026-01-14 22:30:00,1.1425300285141176,1.1462694165544234,1.1423124230423798,1.1455619647187303,752.3022411738883,68.19,15.0
2026-01-14 22:45:00,1.1455736792067832,1.1543854999721856,1.145311047506649,1.1533934354184214,1716.6911316142937,68.42,15.0
2026-01-14 23:00:00,1.1533934394644172,1.1533934619081094,1.153026433359196,1.1530270670476854,173.40850984876624,68.4,15.0
2026-01-15 16:30:00,1.1540384322422383,1.1549891736879638,1.1240105658855397,1.12612658129167,529.106694475675,68.77,15.0
2026-01-15 16:45:00,1.12641075396748,1.1420666058844515,1.1245842884393802,1.1415792322729603,409.18183947520225,68.35,15.0
2026-01-15 17:00:00,1.1417712653740124,1.152860729251319,1.1405257245995553,1.150831149300986,201.15530512531586,69.0,15.0
2026-01-15 17:15:00,1.1508222059630642,1.1509217143738066,1.1460421815031154,1.1468551257060637,183.50052771895554,69.08,15.0
2026-01-15 17:30:00,1.1467696692281488,1.1471465872372681,1.1442310487285177,1.144491797297522,254.96983191973544,68.9,15.0
2026-01-15 17:45:00,1.1445389158455808,1.156465760475186,1.143886021445869,1.155250020690719,224.92696988680467,69.7,15.0
2026-01-15 18:00:00,1.1551946761855,1.1557596833983712,1.1544933732023615,1.155550549361936,230.62882024103996,69.77,15.0
2026-01-15 18:15:00,1.1556382576058744,1.1559649985926994,1.1539733520030013,1.154137890431331,372.6704286433944,69.69,15.0
2026-01-15 18:30:00,1.1540101092300608,1.1562362043802543,1.153164634922801,1.1554215517136948,547.680611530343,69.66,15.0
2026-01-15 18:45:00,1.1553982763853463,1.1556147253864841,1.1489615583559964,1.1494977014019792,122.90618985032386,69.73,15.0
2026-01-15 19:00:00,1.1494289705269647,1.1494371740802696,1.1461613260426564,1.1461871022091825,170.64844917684016,69.75,15.0
2026-01-15 19:15:00,1.1462343506791843,1.1488906761513766,1.1461207075956827,1.1485779065644557,153.64094887272046,69.72,15.0
2026-01-15 19:30:00,1.1485848283891718,1.148729976154551,1.1468083561876483,1.146849816189126,108.83264768235563,69.67,15.0
2026-01-15 19:45:00,1.146775569956572,1.1469615005599632,1.1447525270629575,1.1456176774899591,148.1487768384123,69.55,15.0
2026-01-15 20:00:00,1.1455605317837954,1.1455731260861077,1.1439930168006727,1.144269107076268,88.84984731380784,69.88,15.0
2026-01-15 20:15:00,1.1442175069447984,1.1480298730669238,1.143579377064638,1.1475379616965318,164.534039055857,69.68,15.0
2026-01-15 20:30:00,1.1476636771737347,1.1477752043313472,1.1417570397167778,1.1423126618592025,251.80954804717535,70.13,15.0
2026-01-15 20:45:00,1.1422580943752372,1.1440549396306787,1.141800229628999,1.1436337772053013,327.44906615006136,70.15,15.0
2026-01-15 21:00:00,1.143456846334912,1.149357531774847,1.1433838126525389,1.149016859332492,350.1825454389072,70.5,15.0
2026-01-15 21:15:00,1.1490054579846323,1.1510519921414024,1.1477609617556956,1.149924343337973,584.1161307838041,70.17,15.0
2026-01-15 21:30:00,1.1499964513619194,1.1502934317161155,1.1469974416516493,1.1475219056146988,232.21093935034773,70.08,15.0
2026-01-15 21:45:00,1.147517106625261,1.150411768178193,1.146240732631427,1.1503969916732482,303.7238413409758,69.83,15.0
2026-01-15 22:00:00,1.150316916532766,1.1531321053584955,1.1499650486394986,1.1530111250812767,229.01055770813898,69.91,15.0
2026-01-15 22:15:00,1.1529216358129724,1.1531843998078184,1.152793605900999,1.1530354989852363,407.01461730974694,69.95,15.0
2026-01-15 22:30:00,1.1529232151130502,1.1529812535827755,1.1495881118099127,1.14968815058552,610.4565334010089,70.17,15.0
2026-01-15 22:45:00,1.1496731326504577,1.1498024881500226,1.1489709435021667,1.148973858658217,1299.5136103511788,69.93,15.0
2026-01-15 23:00:00,1.1489738602893282,1.1489821887952731,1.1489737199963284,1.1489821286430557,126.3214491331596,69.96,15.0
2026-01-16 16:30:00,1.149410353791142,1.1522863151387137,1.1047776303085162,1.1051314171430957,528.5766376841825,68.48,15.0
2026-01-16 16:45:00,1.1050370896024553,1.1106422210795142,1.104567170738476,1.1077297178102345,218.0601162321214,68.69,15.0
2026-01-16 17:00:00,1.1075800589806366,1.1078661131902439,1.1056752382216477,1.1063162353847653,463.4266968724522,68.96,15.0
2026-01-16 17:15:00,1.1065204649625193,1.108295123076448,1.1058924011730908,1.1075300640461232,278.2473831119756,68.94,15.0
2026-01-16 17:30:00,1.1079861317924617,1.1106548681715942,1.103361914919833,1.1050648515162291,381.3474838173071,68.54,15.0
2026-01-16 17:45:00,1.1051381747584546,1.1099655169556022,1.104940610855158,1.1094366763433978,283.1641133934005,68.66,15.0
2026-01-16 18:00:00,1.1096061960419632,1.1100045155968978,1.1081798148952189,1.1083815753525017,144.78859757225456,68.63,15.0
2026-01-16 18:15:00,1.1083387253259616,1.1086300988431737,1.107177163067722,1.1072572858528162,130.5039558119355,68.68,15.0
2026-01-16 18:30:00,1.1073190759360323,1.1128815401323233,1.1069471292233348,1.1120925767969538,264.21264589875847,69.03,15.0
2026-01-16 18:45:00,1.1121410328067292,1.114863377692845,1.1117499112395481,1.11453825521741,112.10865162183494,68.97,15.0
2026-01-16 19:00:00,1.114555699666306,1.114668690556453,1.1130002470617424,1.1131660768080451,64.93391973819479,68.98,15.0
2026-01-16 19:15:00,1.113165036347278,1.1135397379871665,1.1122639501252791,1.1125413866444844,70.50237471544818,68.9,15.0
2026-01-16 19:30:00,1.1125836314043045,1.1134506911562998,1.1122976798632125,1.1129368304189262,129.49522620841884,68.74,15.0
2026-01-16 19:45:00,1.1128866274108233,1.116534032957882,1.1127330514425235,1.1164881093715282,181.12799845090942,68.95,15.0
2026-01-16 20:00:00,1.1165054407664146,1.1184112342123913,1.1164819899190943,1.1181991242443174,163.00454237751225,69.04,15.0
2026-01-16 20:15:00,1.1180981553602451,1.1186471307033876,1.1178200706746737,1.1180233829011434,309.64258335418396,69.17,15.0
2026-01-16 20:30:00,1.1180277796876,1.1181249409762521,1.1179594499589374,1.1179991600535848,114.8765175422144,69.13,15.0
2026-01-16 20:45:00,1.1180208140445005,1.1216727912252251,1.1180006996493361,1.1211118810814071,146.12535869625094,69.22,15.0
2026-01-16 21:00:00,1.1211965870054559,1.1261256617352304,1.1201255163558945,1.1256513969564377,231.65846364589737,69.45,15.0
2026-01-16 21:15:00,1.12564109925197,1.1264366047036127,1.1247571849677174,1.1248038740941624,153.72399845958276,69.31,15.0
2026-01-16 21:30:00,1.1248630391503824,1.1250482226176053,1.1247945391332967,1.1250306569939477,295.80448503670874,69.29,15.0
2026-01-16 21:45:00,1.1249616805676261,1.1254447098435767,1.1247424187385981,1.1254087419510475,191.73899914399777,69.24,15.0
2026-01-16 22:00:00,1.1253938822028255,1.1254867953256793,1.1226655825807605,1.1227871190132672,200.16612429329473,68.97,15.0
2026-01-16 22:15:00,1.1228135831673833,1.123297948705787,1.1185393198208564,1.1189534060985487,266.20075506614864,68.82,15.0
2026-01-16 22:30:00,1.1189542111648139,1.1196135682423654,1.1171941870694106,1.1177021155054656,318.16178092502105,68.99,15.0
2026-01-16 22:45:00,1.1176995921665358,1.1197401089826193,1.1167723603783495,1.1188823324322943,1078.6960187339034,68.67,15.0
2026-01-16 23:00:00,1.1188821881520088,1.119296463433331,1.1188821473607127,1.1192959278093828,146.14168203432433,68.67,15.0
2026-01-20 16:30:00,1.1190887502184554,1.1218488631128574,1.085185316016521,1.086957130862966,177.64941141611442,67.38,15.0
2026-01-20 16:45:00,1.0871402149235603,1.0877886898765876,1.0799513047299132,1.080727415030393,269.3833632471718,67.47,15.0
2026-01-20 17:00:00,1.0806532760565528,1.0875773550726398,1.0804068996564224,1.08659719266412,846.5978824259663,67.73,15.0
2026-01-20 17:15:00,1.0865271816822528,1.091329988860447,1.0863784712382512,1.090889901488023,179.6905640469765,68.15,15.0
2026-01-20 17:30:00,1.0908665085998428,1.1047890987589573,1.0883357620032665,1.104355880254157,327.711094510189,68.73,15.0
2026-01-20 17:45:00,1.1041256347021,1.1045037952053274,1.0980002114413543,1.0981353773297042,89.7207111131036,68.55,15.0
2026-01-20 18:00:00,1.098216602576855,1.098646097876098,1.0943354956734774,1.0951015125925487,127.64509974500147,68.49,15.0
2026-01-20 18:15:00,1.0952464628317322,1.1003581362928132,1.094960184445534,1.1002129709562531,86.1087544274545,68.79,15.0
2026-01-20 18:30:00,1.1003149701688688,1.1005210820326,1.098597507854709,1.0991107665864845,164.52750878131476,68.96,15.0
2026-01-20 18:45:00,1.0991516843949076,1.102632381690286,1.0987948706614972,1.1025604924396197,175.3569499348664,69.27,15.0
2026-01-20 19:00:00,1.102564768954171,1.1088152584982036,1.1020389758802203,1.1085382939515143,196.91403733797415,69.41,15.0
2026-01-20 19:15:00,1.108592007977703,1.109334744790446,1.1037149414774825,1.104324032609171,255.3986420100123,69.68,15.0
2026-01-20 19:30:00,1.1042728086316784,1.1067417188499733,1.1041117629922468,1.1065140170221692,148.43897675057295,69.61,15.0
2026-01-20 19:45:00,1.1066442601889348,1.1067369156261364,1.1056074377132838,1.1059404231043821,142.59183339185412,69.38,15.0
2026-01-20 20:00:00,1.1059884657487913,1.1104419294816925,1.105491156933684,1.1103647098857814,146.10932758208372,69.51,15.0
2026-01-20 20:15:00,1.110316212010737,1.1122029314060877,1.1102060718083968,1.1121579917732796,63.563473932038896,69.41,15.0
2026-01-20 20:30:00,1.1120549353853175,1.1121156187562409,1.1035602156134972,1.1040378065461565,103.8652527668696,69.56,15.0
2026-01-20 20:45:00,1.1042181007986593,1.1047943614445594,1.1008153768984923,1.101449659614317,158.6767822502634,69.2,15.0
2026-01-20 21:00:00,1.1014926333462194,1.101894724747408,1.1012992591604973,1.1017681055580104,384.0475538220375,69.33,15.0
2026-01-20 21:15:00,1.1018341738361683,1.1052967497423605,1.1010772943857734,1.1050510555466528,170.97460811916832,69.31,15.0
2026-01-20 21:30:00,1.1052737666672439,1.1087076950839718,1.10508534396141,1.10799057822592,259.90455991246637,69.12,15.0
2026-01-20 21:45:00,1.1080594540108766,1.1103727440732831,1.1074819006320307,1.1103531623947156,140.12903429132172,69.29,15.0
2026-01-20 22:00:00,1.11041178584408,1.1109240002775356,1.1072591139165298,1.1079553804340374,137.74967547204253,69.4,15.0
2026-01-20 22:15:00,1.1078208333783868,1.1080328324767796,1.104841895037922,1.105134587247484,261.33845265183686,69.57,15.0
2026-01-20 22:30:00,1.1050897725873432,1.1068333979786569,1.1048502325311567,1.106376024497243,318.653832702712,69.43,15.0
2026-01-20 22:45:00,1.1063364147336727,1.1141426255133404,1.1061949913822828,1.1140370225658949,885.3532567660116,69.57,15.0
2026-01-20 23:00:00,1.114036909492766,1.1146096432734098,1.1140368788469708,1.1146095722553335,185.40154505677614,69.57,15.0
2026-01-21 16:30:00,1.1143010628196726,1.1145532829149003,1.1003740659173782,1.1006746905015627,173.0833887343855,69.56,15.0
2026-01-21 16:45:00,1.1008122550172499,1.1010079705616531,1.0995909467917966,1.100031427173611,221.20081728419663,69.45,15.0
2026-01-21 17:00:00,1.099966804035051,1.1027365035481813,1.0994871661797638,1.102360692917664,179.72127588937934,69.95,15.0
2026-01-21 17:15:00,1.1023807736283198,1.119873143856259,1.1017083112765038,1.1189953599049722,513.0563015510483,70.63,15.0
2026-01-21 17:30:00,1.1187507070493574,1.1214835943332537,1.118452109126135,1.1204777965053658,314.6068888551342,70.79,15.0
2026-01-21 17:45:00,1.120618225152739,1.1218600408732893,1.1075153243823266,1.1079961069720883,138.0299914965551,70.34,15.0
2026-01-21 18:00:00,1.1081298097557626,1.1098497434236483,1.1076152281059715,1.1097099825179673,200.20439141134082,70.3,15.0
2026-01-21 18:15:00,1.1097030318114287,1.109726128314689,1.1075802263257963,1.10772735924382,111.57889980890596,70.29,15.0
2026-01-21 18:30:00,1.107769753063503,1.1084055574385174,1.1075617163166405,1.1080837814535633,122.7077955276855,70.16,15.0
2026-01-21 18:45:00,1.1080663321970163,1.1083678217281019,1.107829161807872,1.1080416120376362,159.63377712206182,70.17,15.0
2026-01-21 19:00:00,1.1079847077255176,1.1081020296233681,1.1062190586742702,1.1065458145259628,105.50653432897619,70.05,15.0
2026-01-21 19:15:00,1.1063765340941492,1.108522058329452,1.1063344721734834,1.1084691695288271,179.55286987907044,70.26,15.0
2026-01-21 19:30:00,1.1083763718815673,1.1099114787339308,1.1082989716938039,1.109509324322369,185.96131361982737,70.15,15.0
2026-01-21 19:45:00,1.1094944836982008,1.1096219403272112,1.1072472292648987,1.1077923937310328,298.22507511132767,70.49,15.0
2026-01-21 20:00:00,1.107824346851246,1.107910192262101,1.1053614143303414,1.1054676838859827,239.67387795644106,70.35,15.0
2026-01-21 20:15:00,1.1053676501858738,1.111453157847913,1.1053172372783833,1.1114007493212643,236.9682300503757,70.47,15.0
2026-01-21 20:30:00,1.1112562065080163,1.1117835510773655,1.1074203211976217,1.107738684102579,139.85558243105126,70.28,15.0
2026-01-21 20:45:00,1.1077868606124492,1.108577929443927,1.1076321745809463,1.1083373889833172,53.528910053039034,70.28,15.0
2026-01-21 21:00:00,1.1081969957924993,1.1087885261068386,1.1055038935193011,1.1061263933745242,174.28006747130087,70.15,15.0
2026-01-21 21:15:00,1.1064385049447265,1.127816339179622,1.1063235619336942,1.1258292469009614,556.5173702069972,70.91,15.0
2026-01-21 21:30:00,1.1255550961886231,1.1361408269897888,1.1253214542709917,1.1356144258983814,249.4869966535559,71.61,15.0
2026-01-21 21:45:00,1.1355401010440842,1.13689962967001,1.1354468700684528,1.1367723338599742,97.40704306727586,71.19,15.0
2026-01-21 22:00:00,1.13674680005278,1.1372514537685905,1.133023094407569,1.1332701917248778,426.83852218669637,70.97,15.0
2026-01-21 22:15:00,1.1332470760702258,1.1334181122154308,1.12986639560671,1.1300347149932892,380.8709062622981,71.07,15.0
2026-01-21 22:30:00,1.1299569959729032,1.1305181777268913,1.1288151350686288,1.1288789293161192,348.99894562774864,71.16,15.0
2026-01-21 22:45:00,1.1288174219902933,1.1288555267208187,1.1188936908737321,1.1192766323482715,1466.1703059816562,71.38,15.0
2026-01-21 23:00:00,1.1192766163658434,1.1198747343641946,1.1192764240937643,1.1198746592194604,260.35288147644377,71.38,15.0
2026-01-22 16:30:00,1.119811070762996,1.1323116364054522,1.1183318420852733,1.1322762855825206,128.02051814919065,71.44,15.0
2026-01-22 16:45:00,1.132435523398735,1.1391718467249332,1.1312581756713371,1.1379173839283254,67.81059479400604,71.1,15.0
2026-01-22 17:00:00,1.137724610631664,1.1379884823593398,1.1356153027766231,1.1359253022894127,163.91860771413653,71.35,15.0
2026-01-22 17:15:00,1.1360280622390102,1.136287352758848,1.1316856538387152,1.1326409555629278,213.05621932166275,71.03,15.0
2026-01-22 17:30:00,1.1327856501571332,1.1330331972488912,1.127816490826871,1.1280573487011003,240.17466455207685,70.93,15.0
2026-01-22 17:45:00,1.1280032514128573,1.128081966797234,1.1246006838254141,1.1246259807063652,97.76189960463076,70.83,15.0
2026-01-22 18:00:00,1.124603617049086,1.1250199661845481,1.1232370042204778,1.1233678973018992,108.74580483618568,70.88,15.0
2026-01-22 18:15:00,1.123324902147746,1.1242805905952595,1.1229474453149773,1.1239415725539488,81.32102852333855,70.77,15.0
2026-01-22 18:30:00,1.1238877230404145,1.1253789318221343,1.1235122694185986,1.1252312941373817,110.5192683143565,70.69,15.0
2026-01-22 18:45:00,1.1252581355789415,1.1254550466145872,1.1242987511929323,1.1246273174855896,122.33908990124858,70.52,15.0
2026-01-22 19:00:00,1.1245154256736944,1.1257124213808738,1.1244898058586736,1.1255837621876228,107.8727796408434,70.64,15.0
2026-01-22 19:15:00,1.1256116112618582,1.1258257657731978,1.1247903796953145,1.124907348954471,239.66560922588704,70.71,15.0
2026-01-22 19:30:00,1.1247488721679826,1.1260590715408694,1.1247452408321346,1.1258284252112907,232.1975272870666,70.8,15.0
2026-01-22 19:45:00,1.1258001141350362,1.1260398814257813,1.1248287905826724,1.1252975068425126,204.2032275919227,70.86,15.0
2026-01-22 20:00:00,1.125374468980189,1.1255575528548076,1.1248755083086273,1.1248873334402136,322.17512179012834,70.54,15.0
2026-01-22 20:15:00,1.1248332384479276,1.125139159702499,1.1226200152263417,1.123229461400848,188.90866527409327,70.27,15.0
2026-01-22 20:30:00,1.1232673098503343,1.1241602729715443,1.122830668809291,1.1234627209724914,144.09585488986465,70.15,15.0
2026-01-22 20:45:00,1.1234347115695222,1.125705787628331,1.1233385686873711,1.1255266170261948,105.65022382910206,70.0,15.0
2026-01-22 21:00:00,1.1254942706656976,1.1258812561278044,1.1235962685610537,1.1239123920941438,258.69046637268616,69.91,15.0
2026-01-22 21:15:00,1.1239613564862994,1.1241032785365024,1.1212144771964083,1.121750622302439,164.15334895747324,69.84,15.0
2026-01-22 21:30:00,1.1216794539644994,1.1219507956252468,1.1180276469087476,1.1182485080075089,123.43144999220563,69.82,15.0
2026-01-22 21:45:00,1.118266642855816,1.118394401891186,1.115771773536093,1.1159357266244412,213.16263956997201,69.68,15.0
2026-01-22 22:00:00,1.1159282377448514,1.1164183883660765,1.1078343734470955,1.1081667654882357,703.0260131607394,69.81,15.0
2026-01-22 22:15:00,1.1081516315276236,1.1084727263036673,1.1076475771383165,1.1077771752219532,272.30441254104966,69.73,15.0
2026-01-22 22:30:00,1.1077038220294655,1.1094658275150955,1.1074688820541954,1.1091828172879865,534.7961893889767,69.56,15.0
2026-01-22 22:45:00,1.1091436264536108,1.1112746905193134,1.108453228259799,1.1093223013687405,2612.4521566501808,69.65,15.0
2026-01-22 23:00:00,1.1093223047899758,1.1099994461208487,1.1093219340133187,1.1099991677291012,126.0319568179215,69.65,15.0
2026-01-23 16:30:00,1.109745803019786,1.1123079340456208,1.1084979889925486,1.1117614718041113,101.83585500885108,68.55,15.0
2026-01-23 16:45:00,1.11177478977581,1.112096790821402,1.1074925310927315,1.1081047725542073,143.99860903588473,68.74,15.0
2026-01-23 17:00:00,1.1080310278816763,1.1157462373895954,1.1080296776566647,1.115615830803743,86.50054900286324,68.29,15.0
2026-01-23 17:15:00,1.115541178466234,1.1186166890725022,1.1153946888962174,1.1178221709739984,85.3352173975964,68.71,15.0
2026-01-23 17:30:00,1.1177290614673232,1.1231926695953034,1.1174377104837423,1.122795947029297,74.51012536261497,68.36,15.0
2026-01-23 17:45:00,1.1229254593026023,1.12355074684266,1.1182728452687656,1.1188756047020336,100.1544649599297,68.21,15.0
2026-01-23 18:00:00,1.1187713003122253,1.1287360663403014,1.1179420228773675,1.128391176468959,309.5475835264345,68.02,15.0
2026-01-23 18:15:00,1.1284129115499302,1.1285999309785202,1.1274512471894789,1.1276341886763679,208.52694850137576,68.11,15.0
2026-01-23 18:30:00,1.1276789300321208,1.1289422621986225,1.1274807778112121,1.1288512920675051,77.68318029488633,68.34,15.0
2026-01-23 18:45:00,1.1289636229001168,1.1292584851117813,1.1251484417064475,1.125649209048362,139.63440073949158,67.99,15.0
2026-01-23 19:00:00,1.1256568841888923,1.1260155841019797,1.125304746434093,1.1253990500504565,36.91328338162874,67.89,15.0
2026-01-23 19:15:00,1.1254383396126595,1.125714206122126,1.1249471707013154,1.1253310616836376,136.0053011672571,67.73,15.0
2026-01-23 19:30:00,1.1252665317276282,1.125862399388833,1.125010222753229,1.1256235429137138,150.36504309144962,67.69,15.0
2026-01-23 19:45:00,1.125566355835802,1.1255905498437349,1.1248655594170909,1.1251727283192132,64.57408266396334,67.51,15.0
2026-01-23 20:00:00,1.125185405076415,1.1251964437477628,1.1221604908492757,1.1227426800313556,113.05416096852052,67.67,15.0
2026-01-23 20:15:00,1.1227354543668082,1.125057602929695,1.1225938818148,1.1250021660499008,63.991808599611744,67.63,15.0
2026-01-23 20:30:00,1.1250086899790865,1.1252645954621572,1.1229703394320467,1.1230210477007099,79.19594019724308,67.67,15.0
2026-01-23 20:45:00,1.1230788684584878,1.1234683972044102,1.1214913704277478,1.121832120520499,83.6294868377151,67.72,15.0
2026-01-23 21:00:00,1.1220372163582863,1.1255427134261684,1.1212032327062345,1.1253165423080085,73.7712391021046,67.5,15.0
2026-01-23 21:15:00,1.1253233378016505,1.1280591097764263,1.1250026895138703,1.12795462861379,48.576844112189384,67.55,15.0
2026-01-23 21:30:00,1.1279693466220388,1.128303261698229,1.1243778394995685,1.124628681875329,108.05769529894519,67.45,15.0
2026-01-23 21:45:00,1.124658615929018,1.1248756530213517,1.1238963024460125,1.1241937903540697,111.27162624002364,67.53,15.0
2026-01-23 22:00:00,1.1242880246320215,1.1248755957743728,1.1151515849868747,1.1160928988587222,241.4447525752128,68.01,15.0
2026-01-23 22:15:00,1.1160662328067776,1.1181703536277074,1.1158644727296405,1.117563603651998,262.0296133390511,67.91,15.0
2026-01-23 22:30:00,1.1174862213984569,1.1190180130780356,1.1174571299838936,1.1183141147058346,189.4002281223692,68.12,15.0
2026-01-23 22:45:00,1.1183602078854997,1.118712139099659,1.1183481695784523,1.118466828942666,610.6819485352704,68.17,15.0
2026-01-23 23:00:00,1.118463585628812,1.1189678162950523,1.118446212385089,1.1189496853207843,200.2265232144288,68.16,15.0
2026-01-26 16:30:00,1.1190103104580535,1.1202987493735395,1.1062585391868365,1.1071527576942775,254.5295719328997,67.72,15.0
2026-01-26 16:45:00,1.1069305757721133,1.1148137340375808,1.1060493056638787,1.1147851780239844,38.537522046855855,67.7,15.0
2026-01-26 17:00:00,1.1147884460286401,1.1169662626191266,1.1144836694692226,1.1166617346479246,141.91841859965456,67.52,15.0
2026-01-26 17:15:00,1.1165535230163899,1.119440644404712,1.1163914192252213,1.1185610801284807,94.99894373093274,67.8,15.0
2026-01-26 17:30:00,1.118503953573199,1.118743734155737,1.1178505279326625,1.1179035227866643,123.72243636091136,67.74,15.0
2026-01-26 17:45:00,1.1178484508457198,1.1199612694798131,1.1177157429211413,1.1197557853757951,70.8143778933362,67.82,15.0
2026-01-26 18:00:00,1.1198650595248196,1.1209844984806239,1.119800706962427,1.120748586703288,206.00392368014408,67.73,15.0
2026-01-26 18:15:00,1.1206991760659792,1.1207317343305847,1.1202973620861905,1.1203047550090435,55.643643480728855,67.79,15.0
2026-01-26 18:30:00,1.120336278223731,1.1232729308629898,1.120012269228248,1.1230788611254179,172.90519193575201,68.03,15.0
2026-01-26 18:45:00,1.1230827030511612,1.1247632773558591,1.1227815466218884,1.124464501762927,103.3867620619374,67.93,15.0
2026-01-26 19:00:00,1.1242411974051227,1.1249012170559427,1.122369315888399,1.1227322485234974,294.1231602378177,67.39,15.0
2026-01-26 19:15:00,1.1226902939174632,1.1236757836485631,1.1224943271237415,1.1234170526970075,228.6998273109077,67.59,15.0
2026-01-26 19:30:00,1.1233845282770027,1.125310448254397,1.1233655100471676,1.1247722730969563,477.9911933764381,67.58,15.0
2026-01-26 19:45:00,1.1247581978861907,1.1248564392023006,1.124024585695401,1.124177287755551,152.02478220841633,67.57,15.0
2026-01-26 20:00:00,1.1242122559620948,1.124568566378476,1.1218682457582194,1.1220666172563747,147.65533531702346,67.49,15.0
2026-01-26 20:15:00,1.1220378563318907,1.1220691363881548,1.1213375858472148,1.121407782382386,94.0488617236667,67.71,15.0
2026-01-26 20:30:00,1.1213059195662076,1.1215760890189914,1.1178088587320445,1.1182772310039908,96.1424076668865,67.6,15.0
2026-01-26 20:45:00,1.1182620370887095,1.1203460718655838,1.118237589777646,1.1201788123951533,69.1405731958486,67.54,15.0
2026-01-26 21:00:00,1.120230441368306,1.123130207058988,1.120181119233281,1.1229069897998305,62.438586375610306,67.53,15.0
2026-01-26 21:15:00,1.1229059097796763,1.1240251609024488,1.122514598916932,1.1238975827322848,133.7825274480218,67.59,15.0
2026-01-26 21:30:00,1.123984549380232,1.1255327794437635,1.1239393537661428,1.1245693273728508,135.8971170886192,67.82,15.0
2026-01-26 21:45:00,1.1246696129654459,1.1250066348520136,1.1235317586999707,1.1235605723044908,182.21926907669177,67.9,15.0
2026-01-26 22:00:00,1.123688249149336,1.1260165513849643,1.123531043866518,1.1256440185670895,170.48637680399793,67.99,15.0
2026-01-26 22:15:00,1.1256260404548963,1.125822306573043,1.1213346846870462,1.121658187040797,242.58602639884202,67.79,15.0
2026-01-26 22:30:00,1.1217702727316612,1.121863301235134,1.120186542057328,1.120611794089051,365.3395474532091,67.85,15.0
2026-01-26 22:45:00,1.120442655448343,1.1206169681623723,1.1170203609671807,1.1172881830519854,1007.837552010713,67.58,15.0
2026-01-26 23:00:00,1.1172881588869574,1.1178335821297962,1.1172879412665593,1.1178333748008449,189.42524330860917,67.63,15.0
2026-01-27 16:30:00,1.1177466409459607,1.1188174561255109,1.11471436401,1.1156411706066423,71.7461171695079,67.43,15.0
2026-01-27 16:45:00,1.1156433333899445,1.1198784598421525,1.1141263362199136,1.1197122312406596,334.3108815380852,67.79,15.0
2026-01-27 17:00:00,1.1197178383548483,1.1277682682639256,1.1194389526739865,1.1277410058736297,111.04191925221802,68.01,15.0
2026-01-27 17:15:00,1.1276012962848716,1.1277917080970061,1.1251184079898602,1.126901915322039,218.04833822522025,68.28,15.0
2026-01-27 17:30:00,1.1268822365026099,1.1312196634489688,1.1265986203662617,1.1305416540200255,188.65671114838003,68.01,15.0
2026-01-27 17:45:00,1.1307065464161323,1.130935864218932,1.1300210224866198,1.1302891094659084,62.76138489460296,67.83,15.0
2026-01-27 18:00:00,1.1300841846178826,1.1304889422851319,1.1276849597323595,1.1285137034793797,144.12547789121717,67.76,15.0
2026-01-27 18:15:00,1.1285505676213408,1.1287313654695221,1.1273164572345373,1.127824206447937,163.03652813843362,67.99,15.0
2026-01-27 18:30:00,1.1278488792122983,1.1280308579290699,1.1275673797166121,1.1276600165629498,98.0593597174212,67.87,15.0
2026-01-27 18:45:00,1.1275688465060378,1.127667391963875,1.1252658065986976,1.1258667635566582,75.22832218859467,67.61,15.0
2026-01-27 19:00:00,1.1258005873152654,1.1258699763853304,1.1236196188181964,1.1239578673640693,52.04708635648861,67.72,15.0
2026-01-27 19:15:00,1.1239459265406595,1.1278237360587928,1.12386872350904,1.127024745556359,83.03940870962451,67.52,15.0
2026-01-27 19:30:00,1.1269884793945601,1.1271480083276264,1.1251940850676987,1.125333336138347,383.34922807077066,67.48,15.0
2026-01-27 19:45:00,1.1252179189751097,1.1274261782778876,1.125038349966292,1.126128832861239,141.8709477705898,67.68,15.0
2026-01-27 20:00:00,1.126121448221177,1.126274625252706,1.125483520898143,1.1258041883540297,76.63224272389739,67.57,15.0
2026-01-27 20:15:00,1.125838874688651,1.127118099141503,1.125416587919369,1.1269265409030893,250.86321214599943,67.66,15.0
2026-01-27 20:30:00,1.126874890451616,1.1321485200265722,1.1261161271601414,1.131768523209492,147.5638868910693,67.61,15.0
2026-01-27 20:45:00,1.1317488423498012,1.1317906583141812,1.1291365664606958,1.1296784036396181,122.97914171367175,67.45,15.0
2026-01-27 21:00:00,1.1296721276086132,1.1328335141301957,1.1295578306520864,1.1324308520583242,160.33028354455837,67.58,15.0
2026-01-27 21:15:00,1.1324376453562175,1.1330398398667532,1.132327066042613,1.1329312016590085,245.2375161628309,67.67,15.0
2026-01-27 21:30:00,1.1328958168304766,1.1335838320630367,1.1294486822214578,1.130294270742658,570.7533190183542,68.0,15.0
2026-01-27 21:45:00,1.130295952284968,1.1326444931102717,1.1297334144884317,1.1323230485078166,275.344002384345,68.07,15.0
2026-01-27 22:00:00,1.1322929915053614,1.1325259785336597,1.1299179056341802,1.129978444981057,675.1318875370084,68.15,15.0
2026-01-27 22:15:00,1.1299591072285833,1.1313405974678687,1.129696758196271,1.1313041272934274,240.2948179303676,68.3,15.0
2026-01-27 22:30:00,1.1313444448573093,1.1348390439512914,1.131232922800735,1.1348362259187517,290.59438766172286,68.36,15.0
2026-01-27 22:45:00,1.134757361132119,1.1405713124125585,1.1347067777746593,1.1397360739518523,2025.9508335744063,68.23,15.0
2026-01-27 23:00:00,1.1397360379698271,1.1397363229202504,1.1397078932179459,1.1397084845359486,108.02684638549962,68.23,15.0
2026-01-28 16:30:00,1.1394238688004439,1.1410079504109443,1.1318233349032147,1.1324666866853268,73.11701377856929,66.96,15.0
2026-01-28 16:45:00,1.133014605027391,1.1344920766872015,1.1327171603557864,1.1344672776597764,150.4342549952652,66.37,15.0
2026-01-28 17:00:00,1.134509984433146,1.13453913536761,1.1310330880719763,1.1318457776853272,529.3495885846594,66.25,15.0
2026-01-28 17:15:00,1.1318817429889345,1.1320728622853313,1.1309770462977562,1.131693797163238,71.977506499552,66.3,15.0
2026-01-28 17:30:00,1.131411905818778,1.1314492371944782,1.1244613081205013,1.1252533052475884,109.96117388442764,66.71,15.0
2026-01-28 17:45:00,1.1251708865324688,1.1320358257919425,1.123982986451014,1.131017496576531,105.80149151316311,66.25,15.0
2026-01-28 18:00:00,1.130951720334467,1.1313211082392163,1.127846889591641,1.1279572116405032,89.21993317337916,66.19,15.0
2026-01-28 18:15:00,1.128162571284614,1.1341977958768332,1.127932552790616,1.1340851240485739,134.12622577229553,66.59,15.0
2026-01-28 18:30:00,1.1342069857750279,1.1348154596895883,1.1293971917499241,1.130297778995868,227.35489581558556,66.27,15.0
2026-01-28 18:45:00,1.130159902630018,1.1302394778769993,1.1271065891722871,1.127248200703447,119.25722984578672,66.44,15.0
2026-01-28 19:00:00,1.127238817771698,1.1275138165506227,1.1261653168279113,1.1265165630850678,168.34998863746785,66.38,15.0
2026-01-28 19:15:00,1.1266455335948184,1.1268695275427285,1.125006673589392,1.1256585639396601,78.23404076687046,66.29,15.0
2026-01-28 19:30:00,1.125657171957881,1.1258394283007342,1.1243830328473432,1.1244011450944362,79.51034136564522,66.09,15.0
2026-01-28 19:45:00,1.1243817587555294,1.1267925364505915,1.124253561729214,1.1263187166573825,126.63108776865177,65.92,15.0
2026-01-28 20:00:00,1.1263076194096349,1.126389513999215,1.1250703553881654,1.125326318952095,117.18772711751252,65.77,15.0
2026-01-28 20:15:00,1.1254105439063946,1.1254152232716301,1.1240531998833343,1.1246554402453302,176.88213443531492,65.91,15.0
2026-01-28 20:30:00,1.1247092603152085,1.1277371238253406,1.1246091448523856,1.1268721849252437,163.3273314103929,66.17,15.0
2026-01-28 20:45:00,1.126764438003357,1.1281516717066802,1.1267038277254189,1.127425046341172,134.45438298473712,65.74,15.0
2026-01-28 21:00:00,1.12734778364076,1.1306960340931904,1.1268062041455187,1.1305471765447943,149.322577958824,65.64,15.0
2026-01-28 21:15:00,1.130564446076644,1.1309073380536827,1.1303761033722834,1.1304396575190028,80.68772946315124,65.36,15.0
2026-01-28 21:30:00,1.1300124362185315,1.130168827673412,1.1080379976190167,1.111035240805893,602.1640384233359,65.62,15.0
2026-01-28 21:45:00,1.110974477561217,1.1131700789472692,1.1107389791972064,1.1130956531610383,141.62153913695875,65.46,15.0
2026-01-28 22:00:00,1.1131106305266685,1.113441148019278,1.112928693880839,1.1132642848432228,86.44505414523125,65.71,15.0
2026-01-28 22:15:00,1.1132969820923637,1.1159718209292029,1.1129393314919274,1.115060375859127,148.87600669774102,65.59,15.0
2026-01-28 22:30:00,1.1149599568367456,1.1159128528933477,1.1145549711034366,1.115431056945949,296.07615909985674,65.61,15.0
2026-01-28 22:45:00,1.1154735540649245,1.119394102275647,1.1152898332489722,1.1187767661827568,901.1457107481765,65.55,15.0
2026-01-28 23:00:00,1.1187766338015905,1.1190140893131866,1.1187764559819948,1.1190137450802837,194.12759334019717,65.56,15.0
2026-01-29 16:30:00,1.1198414399829206,1.1213758425802942,1.115411993050316,1.116973183074621,606.6719054640422,64.4,15.0
2026-01-29 16:45:00,1.117592955496085,1.120573802917508,1.1175009584442568,1.118122301558968,70.3178648899084,64.21,15.0
2026-01-29 17:00:00,1.1182439459170626,1.1195722987590018,1.1050007930122239,1.1065285716157685,126.0872969246039,63.73,15.0
2026-01-29 17:15:00,1.1066177341933294,1.110283247909813,1.1061680811038241,1.1098359978010504,370.48383659570317,63.78,15.0
2026-01-29 17:30:00,1.1100166160757718,1.1133052301380266,1.1091975973751447,1.112773621562783,207.81465654982085,63.39,15.0
2026-01-29 17:45:00,1.1128988778250113,1.1150751667626642,1.1128550325039024,1.1150663771923865,504.2032678215867,63.63,15.0
2026-01-29 18:00:00,1.11498058914033,1.1150085401917889,1.1125079967184321,1.1140019474142067,388.6743192240929,63.66,15.0
2026-01-29 18:15:00,1.1140654456096304,1.1168310773879644,1.1135570799881178,1.1161743446658408,306.5069901658404,63.56,15.0
2026-01-29 18:30:00,1.1161632079404011,1.1163888320900908,1.1156976828075422,1.1157765818167922,265.73651145365426,63.59,15.0
2026-01-29 18:45:00,1.1158046939213677,1.1272650771788564,1.1158012360494678,1.126803168646021,137.45553154290002,64.02,15.0
2026-01-29 19:00:00,1.1268573876475103,1.1268789032194912,1.1252041889891207,1.1252728988336846,79.33086037682506,64.02,15.0
2026-01-29 19:15:00,1.1252995828085954,1.1310323781827147,1.125036020443528,1.1305948643082473,94.3976567149895,64.02,15.0
2026-01-29 19:30:00,1.1305547382323664,1.1305613017101304,1.12994883532101,1.1301447677270549,67.90566236271209,64.03,15.0
2026-01-29 19:45:00,1.130174057954587,1.1315681238944824,1.1299701298194056,1.1315047354302168,135.51112136047857,63.98,15.0
2026-01-29 20:00:00,1.1314438129985662,1.134361297116034,1.1304290504454626,1.1339112025315738,184.41293736683764,63.61,15.0
2026-01-29 20:15:00,1.1339183990555655,1.1347226001700088,1.1338422026663917,1.1346626708909795,77.0573476563165,63.56,15.0
2026-01-29 20:30:00,1.1345316763051352,1.134829956611472,1.1317742425301296,1.1318290065858407,201.35656191548506,63.57,15.0
2026-01-29 20:45:00,1.1317948923873598,1.133471619137921,1.1314125324822144,1.1330394890965445,129.39071322364902,63.38,15.0
2026-01-29 21:00:00,1.1330013675107615,1.1361124300940162,1.1329664385690945,1.1357555083512945,153.27020958505358,63.49,15.0
2026-01-29 21:15:00,1.135692373947366,1.135752000928559,1.1338723191819706,1.1340222361136034,324.94125418395913,63.47,15.0
2026-01-29 21:30:00,1.1340577570393298,1.1351440394023404,1.1339628873061114,1.1349810541142709,184.967778001708,63.37,15.0
2026-01-29 21:45:00,1.1348941813462774,1.134900821733975,1.1332942825066954,1.1333602326631405,131.22140906776016,63.25,15.0
2026-01-29 22:00:00,1.1333689998394154,1.1354962394403079,1.1326368716405566,1.1346243860566751,181.52038235543162,63.74,15.0
2026-01-29 22:15:00,1.1344965019331419,1.1371150494320732,1.1338245172477939,1.1370520927683803,242.5972570628241,63.88,15.0
2026-01-29 22:30:00,1.136952989301211,1.1394280937004433,1.1367204028216866,1.1390615470721623,277.84236909170403,63.77,15.0
2026-01-29 22:45:00,1.139001261887097,1.139445418743133,1.137597414180297,1.1379212797819656,1372.2509515591478,63.99,15.0
2026-01-29 23:00:00,1.1379212851461937,1.137921308927384,1.1375833933984345,1.1375838417905004,262.40234628549456,63.98,15.0
2026-01-30 16:30:00,1.1375360027245467,1.139848793536511,1.112881895964124,1.1140435239846673,208.66084400135904,63.79,15.0
2026-01-30 16:45:00,1.1141228571797428,1.1190223644979533,1.1138163840680444,1.1177934105909904,200.57259216591092,63.06,15.0
2026-01-30 17:00:00,1.11808406142468,1.1181247142205897,1.1133238813347675,1.113605907083406,219.2774557620677,63.3,15.0
2026-01-30 17:15:00,1.1137936074800208,1.1145793213580502,1.1094765630146424,1.1098132790209052,280.55929018824924,63.38,15.0
2026-01-30 17:30:00,1.1096373831412951,1.1115081588538303,1.1009705743668998,1.1016307666927525,212.91908048114837,63.9,15.0
2026-01-30 17:45:00,1.1017215181100255,1.103168288048728,1.1015127352057654,1.1026773441705333,225.53352839131128,63.7,15.0
2026-01-30 18:00:00,1.1025640212126158,1.1041668499069484,1.1004968295347963,1.1008474381954798,205.28531494005063,64.07,15.0
2026-01-30 18:15:00,1.1007601407586436,1.1017837197353513,1.0987942840489058,1.0994566178682486,65.67351452291122,63.79,15.0
2026-01-30 18:30:00,1.0994697252849865,1.1037820030699526,1.099454393464516,1.1037621144309946,199.50527496046539,63.98,15.0
2026-01-30 18:45:00,1.103826939151617,1.1052960256691673,1.1037558832171448,1.105028131538229,110.43826677799781,63.84,15.0
2026-01-30 19:00:00,1.105264228791242,1.1067303294237343,1.0958201675694808,1.0965612950980357,129.04071483784818,63.36,15.0
2026-01-30 19:15:00,1.0965768332250916,1.0996073702016333,1.0962455684469259,1.0992219781383241,407.47093217871424,63.45,15.0
2026-01-30 19:30:00,1.0993565081416008,1.1000203115756884,1.0992385323290992,1.0996312368437224,227.11130697015366,63.74,15.0
2026-01-30 19:45:00,1.0996921421798838,1.1006439568752397,1.0988791982395907,1.0991786303131736,275.95533763766883,63.55,15.0
2026-01-30 20:00:00,1.0991955659442163,1.1010745360203598,1.0985652066968363,1.1009705046971938,136.07897730706895,63.63,15.0
2026-01-30 20:15:00,1.101078066389304,1.1067773217151788,1.1010571936675022,1.1058122183071215,169.15575121345108,63.66,15.0
2026-01-30 20:30:00,1.1058438366595895,1.106793916543657,1.099039088387367,1.099114880690307,258.4779311375491,63.53,15.0
2026-01-30 20:45:00,1.099155912349606,1.1001411730651653,1.098475448080943,1.0985303926067707,223.6884183280655,63.65,15.0
2026-01-30 21:00:00,1.0983718909952438,1.0987351612286627,1.097801819768954,1.0985149876196652,421.3155832727391,63.49,15.0
2026-01-30 21:15:00,1.0986196376213648,1.0994778021443716,1.093505400454932,1.0943918931260042,262.3238165462368,63.57,15.0
2026-01-30 21:30:00,1.0944374657060332,1.0949493815329698,1.0944200555821175,1.0948335505217897,159.9178791530046,63.55,15.0
2026-01-30 21:45:00,1.0946886784728038,1.0984010093969692,1.0934756062062987,1.0975522070194836,477.87539591360786,63.96,15.0
2026-01-30 22:00:00,1.0976034592949289,1.0980153210572274,1.0919552409178332,1.092029498424062,340.3850005734657,64.09,15.0
2026-01-30 22:15:00,1.0920166573191235,1.0992240001058649,1.091618000789339,1.0985395033309135,270.4718026037238,64.2,15.0
2026-01-30 22:30:00,1.0985357674777148,1.099629500172118,1.0983579227275653,1.099521974711571,205.99794161626778,64.0,15.0
2026-01-30 22:45:00,1.099594903992891,1.0996091104060806,1.096229764484983,1.096460099378852,671.8496970744327,64.09,15.0
2026-01-30 23:00:00,1.096460111424234,1.0970011160897382,1.0964600280832886,1.0970008119219503,146.37677601198544,64.09,15.0
2026-02-02 16:30:00,1.0967348145832188,1.10068788428981,1.096195572512144,1.0984581725233526,134.9928130055972,63.62,15.0
2026-02-02 16:45:00,1.098046201527663,1.1093073620679919,1.097670354819221,1.1072749098016634,330.72962750164146,63.49,15.0
2026-02-02 17:00:00,1.1073684459012063,1.1125410234409967,1.1069762866109478,1.1117364492147053,217.44464645401862,63.81,15.0
2026-02-02 17:15:00,1.1117094840776174,1.1138183719028136,1.1115333854372222,1.1135557603982764,71.90921951129195,63.79,15.0
2026-02-02 17:30:00,1.11386376636791,1.1200022735231119,1.1136112945237093,1.119403030819428,89.87323761981686,64.01,15.0
2026-02-02 17:45:00,1.1193667739840005,1.1194706978752493,1.1187566204482593,1.1188073088690431,46.010550631629066,64.1,15.0
2026-02-02 18:00:00,1.1188165307698708,1.1194020518787384,1.1187631058137066,1.1191981889924638,149.25551411562623,63.94,15.0
2026-02-02 18:15:00,1.119343237969714,1.1197520006906536,1.1174259819021837,1.1175246318383207,449.7434073637879,63.74,15.0
2026-02-02 18:30:00,1.1174301921600531,1.1294422363120051,1.1167756150653694,1.1293860827848332,288.8256237786091,64.0,15.0
2026-02-02 18:45:00,1.1295532178321932,1.1310226505447734,1.1289456758234349,1.1309484283475875,143.4895595455276,64.16,15.0
2026-02-02 19:00:00,1.1309914144575883,1.1341525028253925,1.13095850442998,1.1341241232131092,67.60958297079154,64.25,15.0
2026-02-02 19:15:00,1.1341769016715988,1.1345295790246475,1.133352565524831,1.1336966587132093,50.75507722596641,64.34,15.0
2026-02-02 19:30:00,1.1336085773927953,1.1359636482688298,1.1331708367829612,1.1357121862889636,300.6268897927144,64.69,15.0
2026-02-02 19:45:00,1.1357714599212039,1.1359167983222753,1.1356514924621413,1.1356826726559024,139.96161492733975,64.65,15.0
2026-02-02 20:00:00,1.135786735823846,1.135887939959255,1.1353294781092382,1.1354179960014472,136.34947533514844,64.59,15.0
2026-02-02 20:15:00,1.135399237803843,1.1376749212198145,1.1353877314992822,1.1375948042587372,98.69355711358843,64.55,15.0
2026-02-02 20:30:00,1.137563532883151,1.1376099186627002,1.1362314225929775,1.136494753410623,143.19702265445787,64.62,15.0
2026-02-02 20:45:00,1.1364725622990972,1.1374490371518005,1.136395469141053,1.1370932143432768,219.59547619654543,64.32,15.0
2026-02-02 21:00:00,1.1370871319385967,1.1390484550282363,1.1369164982593745,1.1389077331842814,388.17505001512313,64.41,15.0
2026-02-02 21:15:00,1.1389385349829186,1.1391533510206548,1.1359655692707222,1.1362464878109266,105.54994091368164,64.19,15.0
2026-02-02 21:30:00,1.136250991391274,1.1364605686329297,1.1333911777608934,1.1335006713430436,93.10634231436785,64.27,15.0
2026-02-02 21:45:00,1.1335270472178545,1.134798860585382,1.1333835762359878,1.1347442790907034,320.6731004437735,64.15,15.0
2026-02-02 22:00:00,1.1346406255446264,1.1349769847092834,1.1345330987230877,1.1347418833915444,234.77271894605664,64.11,15.0
2026-02-02 22:15:00,1.1346566409198717,1.1377936830245885,1.1338430802694686,1.137232723666072,421.2599153854671,64.38,15.0
2026-02-02 22:30:00,1.1372080301791172,1.1375139438518962,1.137058126869022,1.1374599379143024,144.4309883449718,64.49,15.0
2026-02-02 22:45:00,1.136773499363466,1.1376568359091959,1.1362581986691067,1.1372494050306046,2259.086869980426,65.26,15.0
2026-02-02 23:00:00,1.1372493791806457,1.1372496190142765,1.1370161112544255,1.1370163809822358,303.22644263261395,65.25,15.0
2026-02-03 16:30:00,1.1370229708633948,1.1431136429927065,1.1355286687502002,1.142870685932267,258.7717584423819,66.45,15.0
2026-02-03 16:45:00,1.143708170005302,1.145231471113022,1.1372670259090407,1.1388353633788988,338.1008829196262,64.71,15.0
2026-02-03 17:00:00,1.1389431958754492,1.1441765102667203,1.1385129879492513,1.1433152431723053,258.5475256373792,65.17,15.0
2026-02-03 17:15:00,1.143158801333329,1.144143516712148,1.138600746321453,1.1389601707878088,461.879411479501,65.04,15.0
2026-02-03 17:30:00,1.1389877519441811,1.1394282060830485,1.1320479116695639,1.1335558340061624,383.0548716162693,64.81,15.0
2026-02-03 17:45:00,1.1335386168549098,1.1337096424726822,1.1309013441977285,1.1316823524108346,130.4947198145016,64.9,15.0
2026-02-03 18:00:00,1.1315365701908855,1.1363051495808805,1.1306675639647321,1.1360655871480445,384.5490785109316,64.76,15.0
2026-02-03 18:15:00,1.1360345141672594,1.136084322017023,1.1337581435701771,1.1343337082627005,112.80081235537058,64.56,15.0
2026-02-03 18:30:00,1.1344685569618154,1.1348757220740684,1.1286633143623406,1.129078926494061,366.5543434705638,64.16,15.0
2026-02-03 18:45:00,1.1290846421050842,1.1299869093334978,1.1261631257790081,1.1263143133803404,267.3073759293015,64.25,15.0
2026-02-03 19:00:00,1.1263235771478954,1.1350537153533722,1.125504084975801,1.1345052882774243,295.4353027526622,64.04,15.0
2026-02-03 19:15:00,1.1345397037935003,1.1356027279651217,1.1337439461835312,1.135546833875968,423.39256076594904,63.71,15.0
2026-02-03 19:30:00,1.1354128019579626,1.1378087770451917,1.1351662638127458,1.137532438432821,160.51113778525678,63.7,15.0
2026-02-03 19:45:00,1.1375417934435055,1.140390782629459,1.1375214880875124,1.1396934669168892,389.6998581746613,63.7,15.0
2026-02-03 20:00:00,1.1396077624429009,1.1406476096972864,1.1395898559732371,1.1401537322441622,184.39511613911858,63.71,15.0
2026-02-03 20:15:00,1.140094225476198,1.1425523315593835,1.1304564289870374,1.130915869278995,257.5291552119841,63.27,15.0
2026-02-03 20:30:00,1.1310284014590772,1.1317188886961302,1.1280680207585163,1.1289303468647762,122.26298248707423,63.05,15.0
2026-02-03 20:45:00,1.1289525102742322,1.1298275804357982,1.1288686492214288,1.129799626805658,99.03862659435322,63.0,15.0
2026-02-03 21:00:00,1.1296940676606753,1.1300209165256674,1.1249147064294804,1.1250462073095306,232.34958317287138,63.13,15.0
2026-02-03 21:15:00,1.1250481486652641,1.1252410643533157,1.1186424388410166,1.1187895900374163,152.53064511946297,63.32,15.0
2026-02-03 21:30:00,1.1188131874662197,1.1189944933420934,1.1182439788783343,1.118394080252777,235.9522717750099,63.42,15.0
2026-02-03 21:45:00,1.1183792601006255,1.1244644048232961,1.1180115121452536,1.1237122344990509,447.57794112148156,63.66,15.0
2026-02-03 22:00:00,1.1236928330159208,1.1287224066875343,1.1234375719954608,1.1278706751215932,281.9132750924771,63.9,15.0
2026-02-03 22:15:00,1.1277343389023415,1.1277689389908585,1.1259321282687278,1.126367239828334,367.17574910346553,63.45,15.0
2026-02-03 22:30:00,1.1263750181610646,1.132483630791183,1.1254833553544992,1.1306637810555016,712.4817603489231,64.19,15.0
2026-02-03 22:45:00,1.1310159993249158,1.1414200560035987,1.1283698140777794,1.1408248849136824,2802.299288484475,64.64,15.0
2026-02-03 23:00:00,1.1408248264398633,1.14082487203561,1.140478804235282,1.1404792719824783,273.75210122997424,64.63,15.0
2026-02-04 16:30:00,1.1393926766707678,1.1608205378094338,1.134506189250158,1.150191314976519,715.9474586422737,65.84,15.0
2026-02-04 16:45:00,1.149764493288771,1.1785424028867282,1.1496184698956238,1.1781240095550436,1111.436982478409,67.92,15.0
2026-02-04 17:00:00,1.1778449974854592,1.1804509792701703,1.1666363577698884,1.1667569682434673,551.2889017372765,68.11,15.0
2026-02-04 17:15:00,1.1665492340583057,1.1726740076865856,1.1658063179688882,1.1718609617862488,876.3437387899218,68.31,15.0
2026-02-04 17:30:00,1.1719692205424364,1.192304257553018,1.1713091050580655,1.1922251673670095,356.25149461730973,68.85,15.0
2026-02-04 17:45:00,1.1920863948988256,1.1941562658553944,1.182767654707964,1.182992469580443,304.08329057854564,68.34,15.0
2026-02-04 18:00:00,1.1829178576965584,1.2007127245212634,1.180733545951955,1.1971257875653956,335.76256549264457,67.52,15.0
2026-02-04 18:15:00,1.197053470314433,1.1988585040182607,1.1945771282146955,1.1948528754003724,108.488173410753,67.93,15.0
2026-02-04 18:30:00,1.1949671288717827,1.1957600641722463,1.193827954266842,1.194463248204844,169.3956663370381,68.0,15.0
2026-02-04 18:45:00,1.19340334669053,1.2272946433557672,1.19172000789914,1.2272749611627842,168.3519456396211,69.0,15.0
2026-02-04 19:00:00,1.2274651535054613,1.2292543914607632,1.2221300794791976,1.224318786031923,439.6322870017348,69.42,15.0
2026-02-04 19:15:00,1.2242110594217697,1.2255610101393901,1.2163643348402127,1.2174336376587334,541.5036836392889,68.78,15.0
2026-02-04 19:30:00,1.2177649369784243,1.2201363955083593,1.2165344929887263,1.2198812492119109,183.9738361524885,69.43,15.0
2026-02-04 19:45:00,1.2198603985860823,1.2252945747329902,1.218942227671502,1.224899430021171,291.68480472355225,68.94,15.0
2026-02-04 20:00:00,1.2248156152984133,1.227704498784548,1.2239810251310148,1.2274351940023698,171.5413462007057,69.11,15.0
2026-02-04 20:15:00,1.227345173241813,1.2275557765465663,1.2192642057679444,1.2194457353895247,120.89735748211062,69.44,15.0
2026-02-04 20:30:00,1.219497176312464,1.2201996772708406,1.2130865222437697,1.2132732267443795,79.1009190388171,69.27,15.0
2026-02-04 20:45:00,1.213225527910891,1.2138205872133123,1.2121865301681878,1.2128022705365078,197.49807140874753,68.77,15.0
2026-02-04 21:00:00,1.2129720541836027,1.214522679632989,1.212706105301986,1.2132767013780614,101.7431622842887,68.9,15.0
2026-02-04 21:15:00,1.2133309844978304,1.2140323604478427,1.2131997905884324,1.214006123833054,75.87471308741999,68.81,15.0
2026-02-04 21:30:00,1.2140601731320415,1.21470207507038,1.210059846249957,1.2106464790509721,216.3753851879417,68.91,15.0
2026-02-04 21:45:00,1.21067885962191,1.2141239928972711,1.2094986910151466,1.212952169290685,612.3395589754247,68.63,15.0
2026-02-04 22:00:00,1.2130595858387596,1.213270245776697,1.2096320533615794,1.2096762988162126,327.7078013526725,68.39,15.0
2026-02-04 22:15:00,1.2099976993637358,1.217023612535485,1.2095851615006974,1.2163909418279362,639.7136621673383,68.53,15.0
2026-02-04 22:30:00,1.21626341436355,1.217170271378386,1.213858366165851,1.215612482501337,668.2526718443795,68.59,15.0
2026-02-04 22:45:00,1.2158251600604035,1.2160014204042333,1.2094281033066274,1.2103746561534952,2463.223347244128,68.67,15.0
2026-02-04 23:00:00,1.2103746079049704,1.2103747745367728,1.2089565153941924,1.2089567948335134,194.51003309285272,68.67,15.0
2026-02-05 16:30:00,1.2093463534699074,1.2141668852582623,1.2073404775067993,1.2093381971458066,221.2669835080808,67.84,15.0
2026-02-05 16:45:00,1.209513407952277,1.21982609819412,1.2074572590902524,1.218513051567699,201.82590830861744,68.25,15.0
2026-02-05 17:00:00,1.2181665767211223,1.2236821030460372,1.2170178420036128,1.223321989015967,333.4533368783686,67.66,15.0
2026-02-05 17:15:00,1.2235434549446536,1.2252968296155011,1.2174942532230522,1.2183888524121085,640.7698428661712,67.22,15.0
2026-02-05 17:30:00,1.2182544922002208,1.2188712185950141,1.2144832021251102,1.215023115680508,355.68860545463275,66.95,15.0
2026-02-05 17:45:00,1.2152638388966557,1.2161082075330523,1.2047068169516773,1.205850905091028,102.87508596279432,67.49,15.0
2026-02-05 18:00:00,1.2057313528870277,1.2100305910268894,1.204602652911707,1.208693773551297,138.5873353830267,66.98,15.0
2026-02-05 18:15:00,1.2086805452065972,1.210780920964146,1.2084168486582698,1.2104647673922801,179.965605111577,66.82,15.0
2026-02-05 18:30:00,1.210239996932105,1.210983035410825,1.204695135517675,1.2048034481652188,454.6803258557122,66.59,15.0
2026-02-05 18:45:00,1.2045996943785122,1.2060703073535044,1.1968038037909674,1.1969445406254289,129.68675785021395,66.95,15.0
2026-02-05 19:00:00,1.1968261969430136,1.1995329893020013,1.196718931403662,1.1993660028542323,215.62638299586052,66.89,15.0
2026-02-05 19:15:00,1.1991776191996633,1.2003514013545669,1.1941277251317997,1.1943823771777309,139.4853027839363,67.3,15.0
2026-02-05 19:30:00,1.1945609664315848,1.1947221692579368,1.1899790957486667,1.190868738152955,92.17295131760245,66.83,15.0
2026-02-05 19:45:00,1.1908211580485777,1.191896640270621,1.1887640373287043,1.1890487734252058,274.2544470921596,66.53,15.0
2026-02-05 20:00:00,1.1888375404250786,1.1903682708074805,1.18850007332533,1.1899593720788681,240.6090971024408,66.47,15.0
2026-02-05 20:15:00,1.189989745168625,1.1903494542041184,1.187678119969412,1.1887429645572594,120.6451999548039,66.19,15.0
2026-02-05 20:30:00,1.1887776215799863,1.192442777158982,1.1886847094267872,1.1917729036116789,239.92272693320075,66.32,15.0
2026-02-05 20:45:00,1.191716130594007,1.191841670563469,1.1911966562894045,1.1916116868916462,195.146171097757,66.32,15.0
2026-02-05 21:00:00,1.1917118614014486,1.19245814766169,1.1869878625254742,1.1876387624586406,270.74503919075215,66.23,15.0
2026-02-05 21:15:00,1.1875884296964327,1.1884787983665037,1.1875696807069824,1.1880124849244265,149.22475340687637,66.36,15.0
2026-02-05 21:30:00,1.1882623762468514,1.188921442507903,1.186379834558927,1.1864792205590884,223.61605247318113,66.04,15.0
2026-02-05 21:45:00,1.1864556410951588,1.1864730707712252,1.184736855145781,1.1852308899288035,149.71974572478425,66.28,15.0
2026-02-05 22:00:00,1.1852702179914845,1.1855374110030559,1.1843668436382662,1.1849569278724013,177.18108468443296,66.33,15.0
2026-02-05 22:15:00,1.1849908142948538,1.1853128569217195,1.1738527747168952,1.1746211545414114,445.50571122097733,65.96,15.0
2026-02-05 22:30:00,1.174779755910702,1.1751771249617922,1.1717626232492824,1.171847002157405,247.91776619209816,66.04,15.0
2026-02-05 22:45:00,1.1719321018337758,1.172186833480014,1.167255549848137,1.1674140946208549,543.3489120586075,65.87,15.0
2026-02-05 23:00:00,1.167414172289808,1.1674145440643153,1.1666218784553606,1.166622185004448,137.3482175793632,65.86,15.0
2026-02-06 16:30:00,1.166393428717431,1.1932260385524225,1.1652248384753778,1.1901691856596848,235.46400532323338,66.99,15.0
2026-02-06 16:45:00,1.1903254901192155,1.1905007302858523,1.1813581810077445,1.1824517481028671,146.98748992842943,66.08,15.0
2026-02-06 17:00:00,1.182857452781018,1.1898420947546509,1.1820278852366548,1.1893265618414353,154.40333804297683,66.17,15.0
2026-02-06 17:15:00,1.189215704742096,1.191002923569971,1.1886520656600288,1.190785944057707,122.03409164413078,66.03,15.0
2026-02-06 17:30:00,1.1907529301647937,1.1914248387198019,1.1902989191874547,1.190833217652317,81.78747592389803,66.36,15.0
2026-02-06 17:45:00,1.1909819457412665,1.1912561481364823,1.1896871411712324,1.190870568325643,93.76044982503453,66.08,15.0
2026-02-06 18:00:00,1.1911032177593484,1.1916887317243883,1.1858975227421453,1.1869454023314612,90.91387238005323,66.82,15.0
2026-02-06 18:15:00,1.1869271918793267,1.1925891800151525,1.1864806153203098,1.1919988135518373,115.85768775993672,66.83,15.0
2026-02-06 18:30:00,1.1917607160644883,1.1941863037672147,1.1914202230589275,1.193436425635889,136.46977720168366,66.93,15.0
2026-02-06 18:45:00,1.1934718481850277,1.1938658323106073,1.183014522603801,1.183180789936261,172.15160300439604,66.66,15.0
2026-02-06 19:00:00,1.1831900764123193,1.1832842863263267,1.1825383619314234,1.1827595109704763,47.50988550272863,66.68,15.0
2026-02-06 19:15:00,1.1826896442357082,1.1828337383846061,1.1821035427225337,1.1821792604534322,151.46937302481678,66.57,15.0
2026-02-06 19:30:00,1.1822244593686853,1.1828918198981424,1.180921384967631,1.1817728795230242,32.45795182837896,66.43,15.0
2026-02-06 19:45:00,1.1817383174533265,1.1824635442095848,1.1814139742618648,1.1821761126062194,54.577277835218034,66.39,15.0
2026-02-06 20:00:00,1.1821553188818523,1.1826875120757177,1.1819859146043186,1.1825392489050646,63.25579705319241,66.46,15.0
2026-02-06 20:15:00,1.182624217009517,1.1826770353779759,1.1822452081771289,1.1823261043985425,95.03408360657835,66.8,15.0
2026-02-06 20:30:00,1.1822591282043242,1.1823341295971233,1.1743149978848755,1.1749424939081863,54.39030396289633,66.92,15.0
2026-02-06 20:45:00,1.1749798591050977,1.1797664057307962,1.1747795383866624,1.1796956746438299,36.44662935010028,67.01,15.0
2026-02-06 21:00:00,1.179612387860365,1.1796414440914869,1.1777430055694085,1.177837431867763,144.43528672686026,67.06,15.0
2026-02-06 21:15:00,1.177848999961661,1.178291847985225,1.172582598533063,1.1729415837650843,120.6668800457428,67.2,15.0
2026-02-06 21:30:00,1.1729588890110862,1.1730034340399333,1.1711130385815864,1.1717549955715387,103.73836737087761,67.1,15.0
2026-02-06 21:45:00,1.171793719093358,1.172219254828272,1.1716108588673406,1.1720111698505402,159.82454038830488,67.32,15.0
2026-02-06 22:00:00,1.172020297935651,1.1733796872675861,1.1719793020798932,1.1729384438225463,156.8081244893095,67.16,15.0
2026-02-06 22:15:00,1.1728956832647617,1.1737258006602598,1.1728783485091896,1.1734612473241939,147.78090057854138,66.99,15.0
2026-02-06 22:30:00,1.1734580561086982,1.1734581703911195,1.1652463716750767,1.1654061559419295,215.86125534049722,67.17,15.0
2026-02-06 22:45:00,1.1654640905963172,1.1659830069468748,1.1595780182155238,1.1601979025275038,510.0926728004154,66.77,15.0
2026-02-06 23:00:00,1.160198018446304,1.1601986366616985,1.1596907708230075,1.1596912778824735,380.42094197901406,66.78,15.0
2026-02-09 16:30:00,1.1599433218818322,1.1599517903001242,1.1504984801325866,1.1510916667400362,36.13567243149532,65.71,15.0
2026-02-09 16:45:00,1.151222606059902,1.151999673573991,1.1505331776103418,1.1519529631554184,39.521649379205236,65.34,15.0
2026-02-09 17:00:00,1.1519402085994723,1.1586196624622143,1.1515914695673954,1.1585155085429013,53.036976134723446,65.4,15.0
2026-02-09 17:15:00,1.1583447883492628,1.1646515419407757,1.1577595345286438,1.1638745652000793,52.11905518954546,65.6,15.0
2026-02-09 17:30:00,1.1638769738369696,1.164572762650164,1.1617920004806606,1.1619291564287038,88.63622434066596,65.5,15.0
2026-02-09 17:45:00,1.1619484502271284,1.1632009771587735,1.161265884722924,1.1626932716122318,71.85533792203847,65.31,15.0
2026-02-09 18:00:00,1.1623631182801077,1.1629442495734537,1.1504021874874006,1.1507359869157694,125.496246102461,64.65,15.0
2026-02-09 18:15:00,1.1507519926254945,1.1576083428237716,1.1502128391403932,1.1574539162169502,184.8492379413388,64.75,15.0
2026-02-09 18:30:00,1.1574522405223666,1.1576110038216347,1.1554002806121877,1.1554716113579386,82.28355962403234,64.78,15.0
2026-02-09 18:45:00,1.1554010945739257,1.1558976953820757,1.153464310290602,1.1538075730636739,153.09123347999434,64.8,15.0
2026-02-09 19:00:00,1.1537430908244968,1.1542380034503141,1.1479196331261725,1.14865849858529,72.23560911808501,64.96,15.0
2026-02-09 19:15:00,1.1486907990553876,1.149602142778103,1.1483847992730447,1.1492657159928195,78.11650223982068,65.19,15.0
2026-02-09 19:30:00,1.1493540365512467,1.1501034235318777,1.149319981364979,1.1498604970910278,76.42640550667248,65.3,15.0
2026-02-09 19:45:00,1.1498748950614757,1.1500331339472913,1.149660531378341,1.1499839037532458,145.76700915639486,65.31,15.0
2026-02-09 20:00:00,1.1499040940242216,1.1502566973522583,1.1458779646482538,1.146364576732828,304.993096598273,65.61,15.0
2026-02-09 20:15:00,1.1464227172008867,1.1481494544365878,1.146287757751257,1.147851772378203,114.69067715246418,65.64,15.0
2026-02-09 20:30:00,1.1479787576735938,1.1485490479520215,1.1477150163977596,1.1483311787370527,109.49339947141418,65.7,15.0
2026-02-09 20:45:00,1.148388689202619,1.1484604183038765,1.146490399782411,1.1465409883129494,86.56347386251734,65.69,15.0
2026-02-09 21:00:00,1.1465642285202478,1.1471968742906578,1.1463353145266963,1.1470726347973716,40.913258850233234,65.63,15.0
2026-02-09 21:15:00,1.1470917434185304,1.1474938771074528,1.1467949420923826,1.1472597589987603,113.21233903820914,65.71,15.0
2026-02-09 21:30:00,1.1472533553545086,1.147351850349425,1.1435264018602325,1.1440101393439246,174.6783560523007,65.62,15.0
2026-02-09 21:45:00,1.1438460925129026,1.1447000053229364,1.1421998605777868,1.1424041909523341,86.0562165957838,65.83,15.0
2026-02-09 22:00:00,1.1424647537944534,1.143471385693017,1.1422831655074963,1.1431918909015502,181.493220975553,65.7,15.0
2026-02-09 22:15:00,1.1431928502160549,1.1437112349923444,1.1410591239737877,1.1412357121080061,257.56356109028604,65.89,15.0
2026-02-09 22:30:00,1.1412736855514818,1.1416382724677032,1.1362764402385013,1.1363488067720062,148.4248593504043,65.75,15.0
2026-02-09 22:45:00,1.1366231534942626,1.136767854723377,1.121941375574554,1.1223741775884761,452.53520569691443,65.49,15.0
2026-02-09 23:00:00,1.1223741173205237,1.122458614107638,1.1223740704762424,1.1224578777422685,398.8610444029905,65.48,15.0
2026-02-10 16:30:00,1.1225591927663605,1.1252471946236846,1.1195579287175612,1.1198543754315256,168.329236963664,64.7,15.0
2026-02-10 16:45:00,1.12006104855199,1.1241480304006306,1.1190325909474415,1.1233733636285863,359.0898987696718,64.83,15.0
2026-02-10 17:00:00,1.1235107147396783,1.1237631864648951,1.1227750161672674,1.1229683837219941,140.47587277191568,64.71,15.0
2026-02-10 17:15:00,1.12290070328639,1.1229986803358187,1.1175108814720847,1.1180028457489715,130.43675035405386,64.7,15.0
2026-02-10 17:30:00,1.1179493267676042,1.1195356875994846,1.1177613106572066,1.1185185394212795,306.6514707838362,65.05,15.0
2026-02-10 17:45:00,1.1184671384408753,1.1197658469972853,1.1173991489835113,1.1195732419907545,276.9649389494856,64.62,15.0
2026-02-10 18:00:00,1.119694453578103,1.125627020010551,1.1195033414843671,1.1251128734673865,192.5002122297493,65.02,15.0
2026-02-10 18:15:00,1.1253688196148937,1.1307162991137492,1.1251805163424449,1.1303963003181674,113.78658974638465,65.29,15.0
2026-02-10 18:30:00,1.1304842371687651,1.1362716519456655,1.129932835063144,1.1361018018788624,136.72040476383205,65.6,15.0
2026-02-10 18:45:00,1.1361121892904065,1.1361706072942104,1.134312771824755,1.1344678272463677,108.99829782324434,65.59,15.0
2026-02-10 19:00:00,1.1345011034759225,1.1388608371555728,1.1343948919249751,1.1384790655455885,83.10522560822078,65.6,15.0
2026-02-10 19:15:00,1.1384612196963835,1.1396299570550346,1.1383324533197867,1.1392331305121948,100.6548074145215,65.61,15.0
2026-02-10 19:30:00,1.1392326357351537,1.1446974144712792,1.1389608785677778,1.1443782787531236,68.74437016321316,65.48,15.0
2026-02-10 19:45:00,1.1444161782082274,1.1446054177334772,1.1406088378127917,1.1410907822233498,57.353365842353675,65.4,15.0
2026-02-10 20:00:00,1.1411483942590164,1.142961640068811,1.1407948229938083,1.1426981006232355,74.89063560335778,65.23,15.0
2026-02-10 20:15:00,1.1428002633551784,1.1428653494290963,1.1400742598769507,1.1403007576492021,143.86524557550808,65.01,15.0
2026-02-10 20:30:00,1.140395015368695,1.1407236874641145,1.1389229689317835,1.1394649412656113,113.51175373698798,64.93,15.0
2026-02-10 20:45:00,1.1394611966696446,1.1459001430775626,1.1393134029780876,1.1458001525103318,87.531061450067,64.85,15.0
2026-02-10 21:00:00,1.145849963063386,1.1485233629599214,1.1454145222248662,1.1483314584071154,97.41913657556185,65.0,15.0
2026-02-10 21:15:00,1.1483682324492703,1.1483865137735008,1.1475644301734462,1.1476913984027663,101.34693069140869,65.06,15.0
2026-02-10 21:30:00,1.1476419332739496,1.1478747562189366,1.1461080744192191,1.1464044414850854,65.95208735221965,65.11,15.0
2026-02-10 21:45:00,1.1466649945826208,1.1470702487093396,1.1462592113836827,1.1464962161945993,100.6275806518773,64.87,15.0
2026-02-10 22:00:00,1.146477331798543,1.146980758878376,1.1460383775469662,1.146500908850333,103.22016477845526,64.81,15.0
2026-02-10 22:15:00,1.1466161958671242,1.1471326819923158,1.1451027258146245,1.1455999626278022,297.1615245427377,64.71,15.0
2026-02-10 22:30:00,1.1457247367688683,1.1457653611484826,1.1444188003722824,1.1445800280210676,291.4774517920525,64.77,15.0
2026-02-10 22:45:00,1.1443107207501102,1.1448900766492085,1.1439514108841813,1.1446091110342893,1219.6849933248936,64.8,15.0
2026-02-10 23:00:00,1.1446092212132968,1.1446094591903266,1.1442383660854392,1.1442386926711232,126.68684833945557,64.8,15.0
2026-02-11 16:30:00,1.1436525952465366,1.1464750604260312,1.142525630502184,1.1445170611916307,179.6518003401734,64.42,15.0
2026-02-11 16:45:00,1.1442511823855708,1.1466046843785012,1.1432032853813405,1.1447461469151048,114.57826283508375,63.42,15.0
2026-02-11 17:00:00,1.1449291466023388,1.1450748484154185,1.14236183041285,1.1428721520497358,107.18026336575826,63.23,15.0
2026-02-11 17:15:00,1.1430187589999283,1.143687643720269,1.1370684979874106,1.1379608866006448,68.71671153480064,63.1,15.0
2026-02-11 17:30:00,1.1375088784876837,1.145699694849042,1.1373228681269882,1.1451232139638505,152.99550237022578,63.59,15.0
2026-02-11 17:45:00,1.1450879712605688,1.1456919064279947,1.141642158713478,1.1421120494435575,61.23146917364839,63.4,15.0
2026-02-11 18:00:00,1.1424479087791586,1.1430425279885463,1.1302637903785182,1.1312632215446794,172.45235361828128,63.87,15.0
2026-02-11 18:15:00,1.1314473091124642,1.1325633834083237,1.1254092677996859,1.1254711839996672,188.75107226077392,63.87,15.0
2026-02-11 18:30:00,1.1254696714759818,1.1278637792212372,1.1252762490194095,1.127623885994262,88.86941103057237,63.99,15.0
2026-02-11 18:45:00,1.127754854549147,1.1350025783569524,1.1276983883972156,1.1349552260945723,175.98093548246072,63.63,15.0
2026-02-11 19:00:00,1.1349624976462704,1.1366921393783462,1.133498979166588,1.136254553113018,64.1412894483297,63.08,15.0
2026-02-11 19:15:00,1.136306839759646,1.1364000575624835,1.132961162971986,1.1335028844294381,48.360415682813326,63.46,15.0
2026-02-11 19:30:00,1.1335667070085083,1.1364202482804935,1.1332744619695025,1.1364166946804986,33.55343729406338,63.43,15.0
2026-02-11 19:45:00,1.1363598396727408,1.1367754583191205,1.131764877081902,1.1322410986709055,28.37904694947953,63.2,15.0
2026-02-11 20:00:00,1.1322791693927294,1.1326371027789521,1.1284591216791142,1.1285817628157033,173.82515867376134,63.09,15.0
2026-02-11 20:15:00,1.128611757125347,1.1330044094454865,1.1282278062429336,1.1329688572598395,28.592826409837816,63.32,15.0
2026-02-11 20:30:00,1.1329534251854314,1.1355676807632265,1.1325503884593042,1.1351080899908617,36.060756955831295,63.43,15.0
2026-02-11 20:45:00,1.135085427077634,1.1351876392228806,1.1340071094265092,1.1340382483114158,64.06700607253387,63.5,15.0
2026-02-11 21:00:00,1.1339711319607484,1.1367127190221074,1.1335938662919487,1.1365305703432014,72.395024584004,63.58,15.0
2026-02-11 21:15:00,1.1366150580515275,1.1396708527069126,1.1365235471580728,1.139552935923114,22.06624085507206,63.6,15.0
2026-02-11 21:30:00,1.1394688225368443,1.139637671066432,1.1376931466990263,1.1376972783401538,34.735477891935254,63.52,15.0
2026-02-11 21:45:00,1.1376861764495991,1.1379105192289514,1.1372480031515906,1.1374823769242104,34.90884272356643,63.5,15.0
2026-02-11 22:00:00,1.1374479170244027,1.1418465063795813,1.1373773745086804,1.141401139400285,47.59145001730337,63.47,15.0
2026-02-11 22:15:00,1.1413793851526375,1.1417133265086923,1.1394776589004978,1.139615582034668,217.37609638932906,63.37,15.0
2026-02-11 22:30:00,1.1397395381183075,1.1427861914517383,1.13969437762396,1.1423544582509482,329.288631930468,63.43,15.0
2026-02-11 22:45:00,1.142376541633048,1.1442687371228464,1.142260664322868,1.1433552671048455,1184.7242800277236,63.48,15.0
2026-02-11 23:00:00,1.1433553070361906,1.143356155439561,1.1428087633643893,1.1428089586770382,373.67081581333633,63.45,15.0
2026-02-12 16:30:00,1.142657331110999,1.146938044117864,1.1228429729121265,1.1236611241923875,297.5602923933047,61.94,15.0
2026-02-12 16:45:00,1.123527562968097,1.1252108837608275,1.1115761940087108,1.1127291556412253,192.0926755441864,61.4,15.0
2026-02-12 17:00:00,1.1128040687486078,1.114141039622383,1.1058581084664252,1.1065832769310961,235.58048482020416,61.67,15.0
2026-02-12 17:15:00,1.106759674923231,1.1070303414962153,1.096010111400831,1.0970286023202065,170.26538764722685,61.38,15.0
2026-02-12 17:30:00,1.0973157608140094,1.100038790759352,1.0970686981661737,1.0988471950574494,120.74203830832079,60.79,15.0
2026-02-12 17:45:00,1.0991184270816354,1.1007526988888128,1.0991014338561544,1.1001450527951242,144.96033094692936,60.34,15.0
2026-02-12 18:00:00,1.100406307180205,1.100471200481633,1.0898682713617112,1.0902799892902537,78.49840869349167,59.87,15.0
2026-02-12 18:15:00,1.0905494532127435,1.090764914842008,1.0771393650707062,1.0783675701517499,169.52647022542422,59.16,15.0
2026-02-12 18:30:00,1.0785338534355597,1.078739395402126,1.0779321537649853,1.078146893213538,316.39910273013754,59.12,15.0
2026-02-12 18:45:00,1.078077820538724,1.0784889613351467,1.0750095832089752,1.075281158878854,201.56273106755893,58.68,15.0
2026-02-12 19:00:00,1.0755316498510674,1.0767846302609296,1.071586025060347,1.071848265671223,208.79069916975052,58.55,15.0
2026-02-12 19:15:00,1.0717594136881334,1.0724248191939074,1.070702465242972,1.0712746325537774,79.67719849929428,58.5,15.0
2026-02-12 19:30:00,1.0710155288913867,1.0773893646152322,1.0704429872910566,1.0768859955345462,461.7650561128634,58.8,15.0
2026-02-12 19:45:00,1.0770127914180996,1.0775419672327808,1.06921698703967,1.0698218415767138,319.2342264381998,58.41,15.0
2026-02-12 20:00:00,1.0696446319420343,1.0706352284963399,1.0693596120213735,1.0706072629618963,400.6924088411548,58.31,15.0
2026-02-12 20:15:00,1.0703915868688316,1.0721949539304705,1.0637708902012395,1.0639167772321654,234.44640843832235,58.57,15.0
2026-02-12 20:30:00,1.0639901421641489,1.0652893778331072,1.0635762556535986,1.0651344136196432,242.56102260756148,58.88,15.0
2026-02-12 20:45:00,1.0654462992509006,1.0655612921350304,1.0631730883987132,1.0640320208037488,352.7287138547538,58.46,15.0
2026-02-12 21:00:00,1.0640095605052098,1.0646850157492922,1.0635386626152137,1.0643804496608062,294.6742808187955,58.45,15.0
2026-02-12 21:15:00,1.064228995465016,1.0674217212016166,1.0627506195749845,1.0667861535914527,168.03916655887653,58.22,15.0
2026-02-12 21:30:00,1.066746576322655,1.0675682513017695,1.0632139941408487,1.0632877744226743,318.1039114634132,58.48,15.0
2026-02-12 21:45:00,1.0632083035050224,1.0758257403687796,1.0631245830779228,1.075368917054246,141.43310668258223,58.81,15.0
2026-02-12 22:00:00,1.075235881344614,1.0754149896121894,1.0726855133871127,1.0728348756978892,316.23740539326985,59.17,15.0
2026-02-12 22:15:00,1.0730240976398888,1.0758557897838625,1.072954435400434,1.075801829204386,387.74551797994627,59.24,15.0
2026-02-12 22:30:00,1.0760755266087878,1.0765164524001725,1.0718964560010762,1.0719336144280502,475.55583002761176,59.53,15.0
2026-02-12 22:45:00,1.0719483078390226,1.0723810325067324,1.0676758620084716,1.0681699694800777,1082.958345683455,59.54,15.0
2026-02-12 23:00:00,1.068170026990467,1.06895471760871,1.0681691849370625,1.0689545622344965,235.02555218350506,59.54,15.0
2026-02-13 16:30:00,1.0692349707931812,1.0829261176553657,1.0688545313687825,1.081280900435214,233.61395016065282,60.82,15.0
2026-02-13 16:45:00,1.0809995569383504,1.0822756232686033,1.0672376842650815,1.0675753320028178,287.67888392031995,60.31,15.0
2026-02-13 17:00:00,1.0677622137188263,1.0688413761677853,1.0588823028021914,1.05897410227069,213.1588194121689,60.04,15.0
2026-02-13 17:15:00,1.0591023846019285,1.0602042475742333,1.0541142192409558,1.0547096824796756,229.26698233502964,60.04,15.0
2026-02-13 17:30:00,1.054691680449987,1.0551759332667274,1.0512145841998717,1.0519607492112526,261.6602904293915,59.79,15.0
2026-02-13 17:45:00,1.0518147667511195,1.0553327488480975,1.0515066331723164,1.055047670673235,99.7920931468095,60.17,15.0
2026-02-13 18:00:00,1.0551989267081905,1.0553085898067565,1.0437400206020673,1.0454543880075706,389.5865566931518,60.14,15.0
2026-02-13 18:15:00,1.0454728012356538,1.045582636872128,1.040813721358543,1.041253351477511,90.39919551474179,60.07,15.0
2026-02-13 18:30:00,1.0412107373627024,1.0423369005172778,1.0409447768727809,1.041956079771782,135.53418580637614,60.14,15.0
2026-02-13 18:45:00,1.0419301763758126,1.0450877057596504,1.0418607032135825,1.0450703893911575,92.98413737609347,60.14,15.0
2026-02-13 19:00:00,1.045217485012451,1.0458435340013077,1.0385614002578991,1.0397555910068141,161.62037775696504,59.7,15.0
2026-02-13 19:15:00,1.03987503497777,1.0400755196246858,1.0373739548289325,1.0375206572644107,290.02369037351895,59.91,15.0
2026-02-13 19:30:00,1.0375160450616365,1.039491062611405,1.0370338756717332,1.0391036227861479,89.87863326269567,59.77,15.0
2026-02-13 19:45:00,1.0390388072205121,1.0434385321426918,1.0389481603259756,1.0428431575184165,59.32099000296358,59.62,15.0
2026-02-13 20:00:00,1.0428983466846091,1.0457327997319805,1.0425195206369466,1.0456697781992197,169.26496623188805,59.53,15.0
2026-02-13 20:15:00,1.045671067587377,1.0524301443347792,1.045238150358462,1.0512732231150144,291.11116598146936,59.35,15.0
2026-02-13 20:30:00,1.0512236147583751,1.054769096044411,1.0510192950464858,1.054651123009883,102.19432720410312,59.38,15.0
2026-02-13 20:45:00,1.0546826017028914,1.0556358728906183,1.0543072040601347,1.055109268727432,74.49357875952137,59.39,15.0
2026-02-13 21:00:00,1.0551023051095754,1.0555465595281877,1.053621838280034,1.0537672725129934,196.32868781128195,59.53,15.0
2026-02-13 21:15:00,1.053965426349318,1.0543777758337176,1.0537105353557523,1.0539130730405561,73.64411962106058,59.22,15.0
2026-02-13 21:30:00,1.0539515620641078,1.0569424457889667,1.0539421087197471,1.056690192732055,143.1122629798226,59.26,15.0
2026-02-13 21:45:00,1.056677053025632,1.0572571437750273,1.0556853582869024,1.0564074565213466,270.5788874169595,59.07,15.0
2026-02-13 22:00:00,1.056341760817695,1.0566911752813524,1.046154164288199,1.047486161944299,542.4032767660963,59.57,15.0
2026-02-13 22:15:00,1.0475800410939236,1.050277740209721,1.0467022889438515,1.0494315485181527,318.18501196139437,59.49,15.0
2026-02-13 22:30:00,1.0493976699831495,1.0496804923666494,1.048903025157515,1.0490465861464493,454.79619236354995,59.6,15.0
2026-02-13 22:45:00,1.0489183956529715,1.055635617662782,1.0483028419302474,1.0550090630203908,1045.191418188396,59.94,15.0
2026-02-13 23:00:00,1.055009053070257,1.0560475149044624,1.0550089553875406,1.05604740492501,148.69554430007062,59.93,15.0
2026-02-17 16:30:00,1.055826179364202,1.062406705161973,1.0556502508839496,1.0615227790844426,188.25897933921706,59.82,15.0
2026-02-17 16:45:00,1.061623765777555,1.0723409878997205,1.0599706908955495,1.0721043442785276,215.19168542214027,59.3,15.0
2026-02-17 17:00:00,1.07195082532776,1.0725216075284758,1.071253122173503,1.0721033964440765,259.8104256213266,59.14,15.0
2026-02-17 17:15:00,1.0720542642349438,1.0772465924580568,1.07052433281479,1.076911544970932,175.84616497752802,58.95,15.0
2026-02-17 17:30:00,1.0769661920367497,1.0801530553162564,1.07649278619789,1.0795019907264958,116.57774617920482,58.66,15.0
2026-02-17 17:45:00,1.0792102202616702,1.079329248975369,1.0753585463564626,1.0757054639374364,304.642406437382,58.77,15.0
2026-02-17 18:00:00,1.0757289985924348,1.0814187428767215,1.075372414086517,1.081209992667384,120.19032003047094,59.1,15.0
2026-02-17 18:15:00,1.0811575890664913,1.0830448021459502,1.0808737131272113,1.0828603175159586,131.82643105755807,59.23,15.0
2026-02-17 18:30:00,1.082810749210421,1.0841530922709197,1.0799237095231389,1.0809601680295335,168.99550165032267,59.31,15.0
2026-02-17 18:45:00,1.0808821903977512,1.0841228795051434,1.0802589221639753,1.0837056758086792,182.56815309245218,59.43,15.0
2026-02-17 19:00:00,1.0836931017437874,1.0856364603978994,1.0834179953967906,1.0853473135205263,99.19751220591887,59.41,15.0
2026-02-17 19:15:00,1.085248635558495,1.087422253734015,1.0849656444533806,1.0872298943884773,148.37365017593473,59.49,15.0
2026-02-17 19:30:00,1.0872819420782396,1.0893178088645428,1.0872699584213403,1.088947420894711,146.51928734217068,59.36,15.0
2026-02-17 19:45:00,1.0888071619830022,1.0893646107905863,1.085433290847936,1.086039620433838,139.70830345370723,59.26,15.0
2026-02-17 20:00:00,1.086107387530012,1.0866151127050816,1.083721157671427,1.083746409932264,81.86617349996573,59.25,15.0
2026-02-17 20:15:00,1.0834654177996945,1.0846167565700346,1.0800448555003863,1.0808825229856502,152.00156486810837,59.31,15.0
2026-02-17 20:30:00,1.080989850627808,1.0872257813668638,1.0808995823794063,1.0866875998523586,52.298655668224264,59.45,15.0
2026-02-17 20:45:00,1.0867460741312416,1.0870388904389772,1.0860876044896237,1.0862839149574102,43.4585631942471,59.48,15.0
2026-02-17 21:00:00,1.0863022503553892,1.086974415310042,1.0784140090673753,1.0802330748568183,206.883996952496,59.74,15.0
2026-02-17 21:15:00,1.0801878128623217,1.0812580532705018,1.0799847054929084,1.0808282507051385,170.37900610423404,59.63,15.0
2026-02-17 21:30:00,1.0808091478474682,1.0830284554176004,1.0807745106453657,1.0829180932980085,53.62018187127624,59.54,15.0
2026-02-17 21:45:00,1.0828452863167486,1.0834970361794216,1.0782601181608074,1.0787408447026208,104.3929264493691,59.22,15.0
2026-02-17 22:00:00,1.0788042422467654,1.0789892612636083,1.0751833847704586,1.075467874700298,92.23454196093923,59.12,15.0
2026-02-17 22:15:00,1.0754009564324534,1.0758703280092938,1.0599729292826228,1.060657570914079,209.68391647390288,58.68,15.0
2026-02-17 22:30:00,1.060682456394181,1.0628300546906455,1.0605350593626168,1.0625873832008181,352.62819503681123,58.57,15.0
2026-02-17 22:45:00,1.062658439916455,1.0629587179057147,1.0587916268269542,1.0592010860691594,1271.836279980215,58.5,15.0
2026-02-17 23:00:00,1.0592010144378252,1.060094498039155,1.0592010058388968,1.0600934356205363,177.48070247618952,58.5,15.0
2026-02-18 16:30:00,1.0602555069258675,1.060744436257576,1.0432983431827072,1.044001162073254,102.20970137034436,58.7,15.0
2026-02-18 16:45:00,1.0445092689584132,1.0551797475768618,1.0433913695300971,1.0551072683083633,181.8079540936937,59.18,15.0
2026-02-18 17:00:00,1.0551173670418263,1.0631637088212949,1.0538940201835112,1.0628144524466876,190.03247889375695,59.21,15.0
2026-02-18 17:15:00,1.062909496852289,1.067738242567853,1.0619441448029945,1.0672220129484868,252.0870917313115,59.25,15.0
2026-02-18 17:30:00,1.0672495677289648,1.0727195124604008,1.066871255497513,1.0725671202604834,183.02118859348786,58.99,15.0
2026-02-18 17:45:00,1.0725251175023207,1.0737020210531383,1.072429476978854,1.0735869753887746,185.53568486221207,59.05,15.0
2026-02-18 18:00:00,1.0735133958082028,1.0776425301639356,1.0733725489045907,1.0774745225955684,101.68544666892704,59.15,15.0
2026-02-18 18:15:00,1.0774644807311429,1.077485871322837,1.077115936966416,1.0772944154141455,84.37348438240453,59.22,15.0
2026-02-18 18:30:00,1.077309804377385,1.077397533142062,1.0769912273227005,1.0770823392164524,131.35847530018353,59.28,15.0
2026-02-18 18:45:00,1.0770047443366348,1.0776265622471177,1.0740572820757015,1.0740607402545828,78.27702137584512,59.42,15.0
2026-02-18 19:00:00,1.0741021366705317,1.077424992873388,1.0737556389930452,1.076843690934141,138.29091958359885,59.58,15.0
2026-02-18 19:15:00,1.0769125297470818,1.0772652064457915,1.0760539571678682,1.0763784507850005,204.2839415908075,59.42,15.0
2026-02-18 19:30:00,1.0764078381734037,1.0767158849069465,1.0731148185964412,1.073926042082588,138.3796097042194,59.55,15.0
2026-02-18 19:45:00,1.073956594613227,1.0757229405381497,1.0738350763632385,1.0756719626904345,101.03335972385365,59.59,15.0
2026-02-18 20:00:00,1.0756776843269111,1.075766695422569,1.074857327721211,1.0751432293067444,144.0504938839831,59.58,15.0
2026-02-18 20:15:00,1.075154871978656,1.0760355644697657,1.0748337438503985,1.0758187247293545,116.50002082749927,59.49,15.0
2026-02-18 20:30:00,1.0756854777855007,1.0779118685573241,1.075657061519868,1.0771859639490582,82.49744354959071,59.44,15.0
2026-02-18 20:45:00,1.0772662505589707,1.0775298144084184,1.0757174898974624,1.0761276341978423,115.33171194579621,59.37,15.0
2026-02-18 21:00:00,1.0761150653063483,1.0765230563696253,1.0736191824367758,1.0743823050617418,154.62167690121552,59.24,15.0
2026-02-18 21:15:00,1.0743590219228198,1.0798762926786394,1.0739348096520978,1.0798160602712255,282.4423244772498,59.37,15.0
2026-02-18 21:30:00,1.0798061458455823,1.0803140129761375,1.0795183400054336,1.080034179440988,118.1451658683384,59.25,15.0
2026-02-18 21:45:00,1.0799421989870595,1.0828488039237374,1.0797062960186723,1.0828152320777682,118.79580864009621,59.26,15.0
2026-02-18 22:00:00,1.0827773512187373,1.0837440356976669,1.0817597488321051,1.0837345332899224,195.1990144264453,59.25,15.0
2026-02-18 22:15:00,1.0836970723596258,1.085301703379168,1.0833628885985171,1.0852916404205302,373.0188748767065,59.12,15.0
2026-02-18 22:30:00,1.0852478167692488,1.0857246423139428,1.0843756346016837,1.0847993977897032,274.4751376027955,59.25,15.0
2026-02-18 22:45:00,1.084798000580421,1.0858745071459883,1.0847928262952822,1.085676440602105,1175.7612859550864,59.32,15.0
2026-02-18 23:00:00,1.0856765927530754,1.086130941636618,1.0856758002023756,1.0861306562673534,311.2056400369625,59.33,15.0
2026-02-19 16:30:00,1.0864190667900335,1.0871799870308896,1.079547725396317,1.0811650220551543,89.78951584565816,58.65,15.0
2026-02-19 16:45:00,1.0810562837284277,1.0865637224006874,1.0797664872021082,1.0864543250258596,127.43395184701174,58.38,15.0
2026-02-19 17:00:00,1.0863435312619907,1.087186575710781,1.0821183834616859,1.0823869537655693,105.0246783380522,58.01,15.0
2026-02-19 17:15:00,1.0824159556841417,1.0824846448180099,1.081412368886435,1.0817400847840857,202.06003828586756,57.81,15.0
2026-02-19 17:30:00,1.0816353094507847,1.0818428388563566,1.077818915220219,1.0780681692510714,70.54200205893129,57.94,15.0
2026-02-19 17:45:00,1.078335206665549,1.0810968120651876,1.0783051109904587,1.0807290196258874,66.59987545103542,58.19,15.0
2026-02-19 18:00:00,1.0806376193266058,1.085155067299321,1.0800426248695507,1.0851295542568775,125.89064567026308,58.02,15.0
2026-02-19 18:15:00,1.0851470285521843,1.0860366412349582,1.0847662491311199,1.0859550236389888,110.51094460565909,57.85,15.0
2026-02-19 18:30:00,1.0859410341721856,1.0877941007990128,1.0848292956481824,1.087424116623964,48.21627762228375,57.73,15.0
2026-02-19 18:45:00,1.0873862527116356,1.0921387782157188,1.0870387751796322,1.091406089515916,130.4316992603387,57.96,15.0
2026-02-19 19:00:00,1.091427799298759,1.0915890870687193,1.0891367905092328,1.0892350978809555,71.20854201294279,57.84,15.0
2026-02-19 19:15:00,1.089185055293315,1.089323068431889,1.0840277070346136,1.0844078731661617,221.41088056870396,57.56,15.0
2026-02-19 19:30:00,1.0844751926180018,1.0848400950633341,1.0824068997268392,1.0828212897052456,121.72679523098489,57.71,15.0
2026-02-19 19:45:00,1.0828719024946811,1.0872701387212964,1.0827589330831848,1.0872491591593543,80.60239094875003,57.62,15.0
2026-02-19 20:00:00,1.0872809455979373,1.0882823591783943,1.0868638162890767,1.088189574121679,279.9472114764954,57.5,15.0
2026-02-19 20:15:00,1.088245587300028,1.0895684384384396,1.0878916914647228,1.0893527726302152,299.73377195998256,57.62,15.0
2026-02-19 20:30:00,1.0893356463064652,1.091576982491985,1.0886599941984427,1.0915142823052346,237.99059843771334,57.72,15.0
2026-02-19 20:45:00,1.0914529801315096,1.094960052525102,1.0913917383625062,1.094853262183441,122.25702508408297,57.64,15.0
2026-02-19 21:00:00,1.094886875261562,1.0996148387379627,1.0948842502513019,1.099539870611634,122.54636366349906,57.87,15.0
2026-02-19 21:15:00,1.099506916747978,1.0996561882887235,1.0983610250661902,1.0983865099508812,132.25388148482028,57.79,15.0
2026-02-19 21:30:00,1.0984208774172244,1.1054702907355518,1.097932276312327,1.1052431818488742,154.85745337605866,57.84,15.0
2026-02-19 21:45:00,1.1051414823890422,1.1076329723661134,1.105014287435444,1.1076091225496456,99.16136396126093,57.66,15.0
2026-02-19 22:00:00,1.107680519254063,1.1081754575734946,1.107382524809962,1.1078509244907868,420.09696712581535,57.72,15.0
2026-02-19 22:15:00,1.1077035615475224,1.1099040151777417,1.1075950955882523,1.1096490074454601,261.8636052801781,57.6,15.0
2026-02-19 22:30:00,1.1098613118452632,1.1148975439379796,1.1094641939571608,1.114229239963208,727.2205609020637,58.07,15.0
2026-02-19 22:45:00,1.1141762587846504,1.1156279257425408,1.1136442892613851,1.1149825441198085,909.0948703590678,58.22,15.0
2026-02-19 23:00:00,1.1149797269344082,1.1149879210332407,1.1147913563419614,1.11480896622282,214.792554284388,58.24,15.0
2026-02-20 16:30:00,1.1150032154601972,1.1182297622523176,1.0980616231859157,1.0995896418876556,93.87230604932725,57.11,15.0
2026-02-20 16:45:00,1.0994904911038974,1.100494847038479,1.0975566276007516,1.0979175378168746,143.22472638254328,57.28,15.0
2026-02-20 17:00:00,1.0977970931253254,1.0981513878666804,1.0925341635676953,1.0939854497248644,468.2838776827239,57.49,15.0
2026-02-20 17:15:00,1.0940557721882664,1.0982660272087792,1.0935264298680232,1.0979853817131149,737.8886146305663,57.34,15.0
2026-02-20 17:30:00,1.0980979805666822,1.0990177112707036,1.0973865613736296,1.0987689415915678,169.37634363960575,57.11,15.0
2026-02-20 17:45:00,1.0988911938331232,1.1024312316966838,1.0983032969365194,1.1023297752352292,165.14320366219198,57.4,15.0
2026-02-20 18:00:00,1.1023973890535768,1.1027516033299343,1.0979368768577684,1.0982787166742143,82.31135420905863,57.53,15.0
2026-02-20 18:15:00,1.0982569596640495,1.1057173525117607,1.098151941223914,1.1055929304189342,158.56009506283362,57.3,15.0
2026-02-20 18:30:00,1.1054669355295044,1.106196316115365,1.1051842551832867,1.1061020732345772,125.33506782143519,57.44,15.0
2026-02-20 18:45:00,1.1061440831972682,1.113110890410383,1.105472031822424,1.1124336868923077,145.5654145305283,57.58,15.0
2026-02-20 19:00:00,1.1122870825430904,1.117554093196763,1.1122170662870212,1.1168779606749393,266.8604167180409,57.2,15.0
2026-02-20 19:15:00,1.117012572318039,1.120425568182891,1.1168480101157374,1.1200308340981242,462.65016898969753,56.93,15.0
2026-02-20 19:30:00,1.1200759560558007,1.1209778512141888,1.119955743626614,1.1204233328415456,281.7835022663546,56.84,15.0
2026-02-20 19:45:00,1.1203400965996497,1.1206196416191043,1.1178018955229279,1.1178433417785227,61.6734619624162,57.07,15.0
2026-02-20 20:00:00,1.1178069093980822,1.1179761249475253,1.1154676206990357,1.1157035460098208,60.42507884351389,57.16,15.0
2026-02-20 20:15:00,1.1157828067566768,1.1157901413660165,1.1148077622699193,1.114908871498103,123.1893688451193,57.11,15.0
2026-02-20 20:30:00,1.1149918506574585,1.1163941830855446,1.114977201535085,1.1161433356472734,307.8021285933974,57.39,15.0
2026-02-20 20:45:00,1.1162448023055735,1.1165714448991566,1.116176405401883,1.1162826308053293,202.13151801697558,57.49,15.0
2026-02-20 21:00:00,1.1162603143367889,1.1163624250151687,1.11523539146677,1.1155969907851444,121.59616670874209,57.27,15.0
2026-02-20 21:15:00,1.115596283524619,1.1159379363330475,1.111492376905564,1.1115962355934597,111.31476316364437,57.09,15.0
2026-02-20 21:30:00,1.1115510919335603,1.1119157686259362,1.1058299967548053,1.1059012688144836,126.54273411482421,57.0,15.0
2026-02-20 21:45:00,1.1058529020698573,1.1062332199790337,1.1057334724438221,1.106034330161131,211.07835498353916,56.75,15.0
2026-02-20 22:00:00,1.1060908923759794,1.1088017681599358,1.1060169162733036,1.1086142332239575,281.7184755828725,57.04,15.0
2026-02-20 22:15:00,1.108674004342392,1.1089035139086258,1.1084326353956406,1.1088015752205658,259.87486542768994,57.32,15.0
2026-02-20 22:30:00,1.1088598538244039,1.1100067576858053,1.1084244572358444,1.1096257436684898,257.4541149843287,57.43,15.0
2026-02-20 22:45:00,1.1096062405737523,1.1098090198295998,1.108739157142712,1.1093030013497742,1086.9438034039365,57.52,15.0
2026-02-20 23:00:00,1.1093030693729067,1.1093031099414128,1.1091171284953782,1.109117257407672,264.25929917218394,57.52,15.0
2026-02-23 16:30:00,1.1088629226724038,1.1148072464219159,1.1079294089763214,1.113906315924821,203.4453920348167,57.02,15.0
2026-02-23 16:45:00,1.1136430645426278,1.1144179526449287,1.1128638375420037,1.1131217645243452,177.31376751968517,56.6,15.0
2026-02-23 17:00:00,1.1130130814781474,1.1152559338053543,1.1129455828490211,1.114236622201257,423.16861253964726,55.99,15.0
2026-02-23 17:15:00,1.1144497696353897,1.1160810171040203,1.105395036144454,1.1073853303795445,376.4873468058497,55.41,15.0
2026-02-23 17:30:00,1.107421966405856,1.1094208018005247,1.107245939139829,1.1091702444115243,310.6652403274811,55.26,15.0
2026-02-23 17:45:00,1.1091536842441676,1.1095246339459774,1.1024403393010835,1.1025312732463872,264.0693868290152,54.94,15.0
2026-02-23 18:00:00,1.1025568169790598,1.1033913946613056,1.1021028602967216,1.1031079829747483,156.91492608699906,54.9,15.0
2026-02-23 18:15:00,1.103223518263414,1.1033436376495,1.1013644601092325,1.1014354130609076,455.7697903538744,54.89,15.0
2026-02-23 18:30:00,1.1014311987800667,1.105220573714162,1.1009545174156965,1.1049987166237978,240.47192723863023,54.72,15.0
2026-02-23 18:45:00,1.104993122139264,1.1124327989008969,1.1046530060287052,1.1119608644772103,416.4878152374698,54.97,15.0
2026-02-23 19:00:00,1.111866056059468,1.1129595029688295,1.1017004306813625,1.1026040993205386,574.171906278983,54.47,15.0
2026-02-23 19:15:00,1.1025779184861033,1.1081674977265716,1.1018666402503576,1.1079255710649452,389.048829999581,54.34,15.0
2026-02-23 19:30:00,1.1080036140983414,1.1105505944589462,1.107329088520318,1.1100027891738857,414.7501200949774,54.51,15.0
2026-02-23 19:45:00,1.1099591125251398,1.1100693629875624,1.0957843954262856,1.096277509749331,384.9410491048939,54.95,15.0
2026-02-23 20:00:00,1.0962324759314421,1.100469125405751,1.0959516151258328,1.099351281006257,95.64552167561989,55.4,15.0
2026-02-23 20:15:00,1.0994134333209624,1.1089849166448356,1.0993482431037735,1.1087396162180043,137.34270866918624,55.82,15.0
2026-02-23 20:30:00,1.1088533510615415,1.109335944129033,1.1058081282708172,1.1059541751667097,377.4497763268004,55.7,15.0
2026-02-23 20:45:00,1.1060103724285881,1.1106525589021188,1.1055496841821744,1.1101557188408435,103.97867240324112,55.56,15.0
2026-02-23 21:00:00,1.11012102133211,1.110353833214621,1.1088037480150292,1.108844617236538,242.77901441524926,55.48,15.0
2026-02-23 21:15:00,1.1088525712184398,1.1090377049449578,1.1082173601531176,1.1083892729430365,212.02032753126505,55.46,15.0
2026-02-23 21:30:00,1.1083044857391475,1.1123053921599666,1.1082147330231085,1.112163359631308,73.44294051973577,55.49,15.0
2026-02-23 21:45:00,1.1121760612452862,1.1141945807007478,1.112075393205865,1.1138997701766349,435.95770676247406,55.35,15.0
2026-02-23 22:00:00,1.1138675863969594,1.1146854403901207,1.1132607261423897,1.1139790259758098,251.79159238705253,55.14,15.0
2026-02-23 22:15:00,1.1139707472935323,1.1139983249525505,1.1124855307389347,1.1131000258153518,336.01099097870105,55.17,15.0
2026-02-23 22:30:00,1.1130808517184625,1.1132764603884557,1.1118545460462756,1.1121829758602995,212.8476589680309,55.1,15.0
2026-02-23 22:45:00,1.1120839685681303,1.114976337343383,1.1117172585555462,1.1145434688217883,1572.6091279341085,54.74,15.0
2026-02-23 23:00:00,1.1145434998067503,1.114543607970773,1.1141299489282461,1.1141300019271465,314.69870533605865,54.76,15.0
2026-02-24 16:30:00,1.1141087182793454,1.1145830255396951,1.1114966075982273,1.1121215183693625,208.4653258021768,55.17,15.0
2026-02-24 16:45:00,1.112046144502988,1.118579911467501,1.1109168211582758,1.1171196024590733,91.12155147735035,55.26,15.0
2026-02-24 17:00:00,1.1171710352810937,1.1172405876987281,1.1151965320599662,1.1152913878321875,148.10793329949968,55.51,15.0
2026-02-24 17:15:00,1.1152567381602867,1.136232983475769,1.11477286955765,1.13436597227605,221.57455870388483,56.69,15.0
2026-02-24 17:30:00,1.1345582101283596,1.13502398617264,1.1213866745262338,1.1221787260482616,303.5359215283988,56.34,15.0
2026-02-24 17:45:00,1.1223071162017204,1.1224893302663472,1.1146583069951574,1.1153490021268797,331.40268227555384,56.3,15.0
2026-02-24 18:00:00,1.1152414312697196,1.1182584596832947,1.1151364057877144,1.118065808300851,141.46115876483722,56.38,15.0
2026-02-24 18:15:00,1.1182585829105485,1.1187828751522975,1.1142824349935938,1.114368288865889,141.38135817276122,56.57,15.0
2026-02-24 18:30:00,1.1143812217199573,1.1144889684233863,1.1135111858183984,1.1137642716436305,342.2625680571755,56.66,15.0
2026-02-24 18:45:00,1.1136041066919233,1.1146207485087551,1.1078885524359534,1.1081429673011365,117.97085641100601,56.36,15.0
2026-02-24 19:00:00,1.108174384804878,1.108841779609023,1.1064592894399101,1.1065232850609124,137.68650891617565,56.4,15.0
2026-02-24 19:15:00,1.1065635180446263,1.1073819121624229,1.106483794582677,1.1071513264546073,99.61190409816254,56.4,15.0
2026-02-24 19:30:00,1.1071406927179848,1.1127758561185486,1.1070259368693065,1.1126324030842378,85.48352836814419,56.57,15.0
2026-02-24 19:45:00,1.1125549598809996,1.1127812288344423,1.1099848361875537,1.1105101007458917,80.23549193747519,56.71,15.0
2026-02-24 20:00:00,1.110565718729388,1.1108522950383073,1.1073309209849316,1.1073523212527467,144.10466724841797,56.69,15.0
2026-02-24 20:15:00,1.1073271213429776,1.1075673279229934,1.1071871970908655,1.107457354204686,167.85827577558547,56.7,15.0
2026-02-24 20:30:00,1.107210310177786,1.1160978666121402,1.106893830682045,1.1152549388676676,166.00513478253097,57.12,15.0
2026-02-24 20:45:00,1.1151531675276918,1.1154250714362939,1.1140988744399385,1.1146994274063082,136.90531184442503,57.04,15.0
2026-02-24 21:00:00,1.114630038746938,1.1167645226830478,1.1143310696619644,1.116391401051338,116.00297008081925,57.02,15.0
2026-02-24 21:15:00,1.1164009702288404,1.116678148849185,1.1137321045638524,1.1141703760299946,185.54975976325304,56.91,15.0
2026-02-24 21:30:00,1.1141600148618729,1.1143935987924276,1.1141553960102288,1.1142656487464615,134.43952272800823,56.98,15.0
2026-02-24 21:45:00,1.1142422851698957,1.1158809823305356,1.114160921003308,1.1157917512244826,224.173622250388,57.02,15.0
2026-02-24 22:00:00,1.1158350281226506,1.1161959011911569,1.115654457574486,1.1160067248801027,334.984219072556,57.03,15.0
2026-02-24 22:15:00,1.1160558457591938,1.117799439464581,1.115980606181818,1.1176323181826782,392.14965974675283,57.05,15.0
2026-02-24 22:30:00,1.1176175629683514,1.1178755458750091,1.1132837657049839,1.1133420508816867,597.9938094799332,57.2,15.0
2026-02-24 22:45:00,1.113015709172537,1.1197039877146948,1.111626006038615,1.119144353256146,860.0907520309268,57.6,15.0
2026-02-24 23:00:00,1.1191442743741877,1.1191444331726423,1.1187661272634986,1.1187662486609118,131.1186756219534,57.6,15.0
2026-02-25 16:30:00,1.1189130837546857,1.1201656443364016,1.1083438722671743,1.1090518152416262,96.48620863311172,57.69,15.0
2026-02-25 16:45:00,1.1090326135682247,1.1151199772969818,1.1085781850275551,1.114101985213645,119.68063168721147,57.21,15.0
2026-02-25 17:00:00,1.1139169681766612,1.1142664476907207,1.1041384687067273,1.1054333783042498,297.96446618775815,57.78,15.0
2026-02-25 17:15:00,1.1054463524629818,1.109466609712965,1.1054199254691446,1.1085210183116305,204.96418517617235,57.52,15.0
2026-02-25 17:30:00,1.1086122199904112,1.1086230638410701,1.1058965783841772,1.1059923539431717,169.86311247411408,57.51,15.0
2026-02-25 17:45:00,1.1059282548518716,1.1068490164335947,1.1059092737653986,1.1066927355075942,166.3816427069445,57.46,15.0
2026-02-25 18:00:00,1.1066281149166612,1.106631524528888,1.101734042871596,1.102760941021834,107.27275319452399,57.14,15.0
2026-02-25 18:15:00,1.1026710198836585,1.1067042111294032,1.101524846855157,1.1056473060627405,95.9449098168143,57.59,15.0
2026-02-25 18:30:00,1.1056382933963285,1.1056722004862194,1.1039369286644158,1.1039609563649493,299.2548288509047,57.65,15.0
2026-02-25 18:45:00,1.1039952744595503,1.1044847970878846,1.1039258025717664,1.1041964593370428,153.22373318355346,57.68,15.0
2026-02-25 19:00:00,1.1041827170515894,1.1045123831956323,1.1009861247901838,1.1012187809984688,70.69334456927335,57.64,15.0
2026-02-25 19:15:00,1.1012006570526207,1.101694432967181,1.0992416437127357,1.099323886291889,89.74981434783507,57.63,15.0
2026-02-25 19:30:00,1.0993118648611606,1.102389317631153,1.0988129886431686,1.102293238056269,95.6243177832269,57.82,15.0
2026-02-25 19:45:00,1.1023379256694,1.1024141890340367,1.0995305280952892,1.0996210753461346,119.92510323930546,57.78,15.0
2026-02-25 20:00:00,1.0996559198983675,1.100941026512616,1.099517531313465,1.1009260742558848,61.342277786359126,57.91,15.0
2026-02-25 20:15:00,1.1008537244412422,1.1011514560197284,1.0977710062536568,1.097882156182956,57.72774573612651,57.81,15.0
2026-02-25 20:30:00,1.0979149063419749,1.0989680815923732,1.0976955062371012,1.0988425935480957,105.66758798452514,57.81,15.0
2026-02-25 20:45:00,1.0988044331678195,1.10110291019822,1.0981675878137802,1.1009466997123563,227.62223391309888,58.02,15.0
2026-02-25 21:00:00,1.1009046796259432,1.1040924947443793,1.1006660387364282,1.103896223379528,155.1257359349854,58.03,15.0
2026-02-25 21:15:00,1.1038782301242802,1.1058038180746979,1.103822348148708,1.1057510102413441,59.69037023493557,58.07,15.0
2026-02-25 21:30:00,1.1057109414145974,1.1066609459743384,1.1055731492927219,1.1066518178810751,92.19404306507818,58.14,15.0
2026-02-25 21:45:00,1.1067106853556308,1.1067674164671022,1.1050087261390167,1.1050507373755123,71.6827846163732,58.11,15.0
2026-02-25 22:00:00,1.1051201577320593,1.1054730440293914,1.1051008548383425,1.105452062330435,182.4015585278046,58.08,15.0
2026-02-25 22:15:00,1.105453363582422,1.1055553765097144,1.1021766384274865,1.1027864900141036,552.1859283236345,57.97,15.0
2026-02-25 22:30:00,1.102770089136212,1.1040112569000786,1.1026539076003499,1.103894609181789,179.83574724957967,57.94,15.0
2026-02-25 22:45:00,1.1038235583983862,1.1051424103647625,1.103717259590238,1.1049562787893554,1533.9761985949058,57.88,15.0
2026-02-25 23:00:00,1.1049563134405762,1.1049567204352206,1.1048527552118204,1.104852868210304,287.1849734412686,57.87,15.0
2026-02-26 16:30:00,1.1046425665763189,1.1062717727101459,1.0829258949405696,1.0829597176691526,111.47593196845243,57.45,15.0
2026-02-26 16:45:00,1.082923975947893,1.0830071137930841,1.0807328796499713,1.0822617597430109,150.43188769311848,57.31,15.0
2026-02-26 17:00:00,1.0821539220575385,1.083216155388705,1.0820116009539464,1.0829950993481934,340.63018074244167,57.42,15.0
2026-02-26 17:15:00,1.0831129087638849,1.084351691319109,1.0625601994312028,1.0625848731924725,79.14486193378755,56.95,15.0
2026-02-26 17:30:00,1.0624636872044961,1.0646855538955835,1.062258146323796,1.0642775586745041,81.21897959795349,57.43,15.0
2026-02-26 17:45:00,1.064417840137829,1.0706233505887868,1.0642968844600842,1.0701585014430226,178.68980278774774,57.69,15.0
2026-02-26 18:00:00,1.0702059184676946,1.0708553379601173,1.069021786023114,1.0695411098951522,183.7598967626437,57.38,15.0
2026-02-26 18:15:00,1.0694147701010295,1.0737003049362837,1.0694052536490448,1.0731099907082378,52.403330873006574,57.08,15.0
2026-02-26 18:30:00,1.07330318980755,1.0740505598556793,1.0635945118125514,1.0644190161901523,64.30551381773398,56.65,15.0
2026-02-26 18:45:00,1.0642479446968522,1.0669595469643776,1.06384615068978,1.0666660907752974,140.54917938133562,56.7,15.0
2026-02-26 19:00:00,1.0666291765317297,1.0675470955943465,1.065780654578376,1.066637828644426,101.29289290631264,56.45,15.0
2026-02-26 19:15:00,1.0666449868521906,1.0666820345528754,1.0653644487253189,1.0655144569387847,91.98881461738328,56.28,15.0
2026-02-26 19:30:00,1.0655749674999564,1.0663068317017617,1.0650858930289837,1.0662701835532575,212.4952739620883,56.13,15.0
2026-02-26 19:45:00,1.0663424692817571,1.0682104977993563,1.0661768402944511,1.0680539946028071,17.27961798513126,56.23,15.0
2026-02-27 16:30:00,1.0679314730252918,1.082927404720609,1.0676266940448378,1.082125254638363,69.0328080373865,56.5,15.0
2026-02-27 16:45:00,1.0819826158056682,1.0827103936013502,1.0796251622101458,1.0803573674140867,83.83793336943019,56.9,15.0
2026-02-27 17:00:00,1.0804471956567803,1.0818878982307383,1.0665083311353623,1.0678316454996883,47.88623389394756,57.08,15.0
2026-02-27 17:15:00,1.0679419417991025,1.0729683986645686,1.0673367898085275,1.0725772628934438,96.5744027877829,57.1,15.0
2026-02-27 17:30:00,1.0725766740863425,1.072711888126564,1.0694189005606454,1.0701727498394351,280.43029031001186,57.51,15.0
2026-02-27 17:45:00,1.0703356255531995,1.0704947233699842,1.0695598174149055,1.0699318485462037,78.02185604672128,57.49,15.0
2026-02-27 18:00:00,1.06998680806645,1.0711867851433008,1.0699529584210405,1.0711160521894425,71.47727779499613,57.55,15.0
2026-02-27 18:15:00,1.0709546561790382,1.0714685537184656,1.0685485994212898,1.0688990566656553,154.3583344597556,57.77,15.0
2026-02-27 18:30:00,1.068945744707843,1.068959920726413,1.068475077995333,1.0686674222531605,30.42045501962786,57.67,15.0
2026-02-27 18:45:00,1.0685975001897525,1.0689165784986034,1.0655899757315588,1.0659255535627334,56.91010097028291,57.81,15.0
2026-02-27 19:00:00,1.0659943802623704,1.0660833120392144,1.0655959893359854,1.0656286221945257,37.939482149690974,57.74,15.0
2026-02-27 19:15:00,1.0656016483057822,1.068170632754521,1.065529244062424,1.0675934669227585,113.01035816310555,57.83,15.0
2026-02-27 19:30:00,1.067481179019343,1.0680514328154924,1.0662261661040529,1.0674250567172778,51.72211016273108,58.3,15.0
2026-02-27 19:45:00,1.0674178469505358,1.0681317777971961,1.0671075450068925,1.067904298470428,148.5876560987628,58.59,15.0
2026-02-27 20:00:00,1.0679199176373988,1.0712132242200785,1.0677160856945669,1.0710747010073791,58.53322530480615,58.57,15.0
2026-02-27 20:15:00,1.0710717210698397,1.072141086881744,1.0704530989507375,1.0707982315219833,58.3562543245246,58.72,15.0
2026-02-27 20:30:00,1.07071053389331,1.0707774685847313,1.0694887251785268,1.0696621732072842,118.26115122259597,58.81,15.0
2026-02-27 20:45:00,1.0695866017575697,1.0755208088189316,1.0694606058698308,1.0750029657428977,141.73260230626724,58.89,15.0
2026-02-27 21:00:00,1.0752119356162073,1.082874079058857,1.0750036963483334,1.082304402952187,231.80837086094775,58.49,15.0
2026-02-27 21:15:00,1.0823323788669814,1.082436230379274,1.0816362824820867,1.0819690764102627,180.53747493190014,58.49,15.0
2026-02-27 21:30:00,1.0819867638904102,1.0869813597181275,1.0815915577766035,1.0865529079934917,173.9576976626512,58.61,15.0
2026-02-27 21:45:00,1.086577885557026,1.087182289980111,1.0798160052892145,1.0802477679124247,353.83021989620374,58.59,15.0
2026-02-27 22:00:00,1.080297725732676,1.0805054609872304,1.0782786715341828,1.0784357683507675,52.10013242654435,58.79,15.0
2026-02-27 22:15:00,1.0784380689286563,1.0784677690163558,1.07570857806871,1.0758532616533683,112.68944599437387,58.78,15.0
2026-02-27 22:30:00,1.0759174914150291,1.0836982584116965,1.0758033470309918,1.0833097106114677,403.2801730532149,58.82,15.0
2026-02-27 22:45:00,1.0831660796630533,1.0930907135544694,1.0831047878762514,1.0924235328440084,1309.3422146832781,59.0,15.0
2026-02-27 23:00:00,1.0924234980703769,1.0926812974977664,1.0924230998462003,1.0926810834081784,123.17906590482663,59.0,15.0
2026-03-02 16:30:00,1.0931301878988058,1.095060711091888,1.0730579154492499,1.073630273026074,436.77526150823377,56.81,15.0
2026-03-02 16:45:00,1.0738348246355642,1.086763641744064,1.0737409032200056,1.0867209377168339,149.73643290044308,56.92,15.0
2026-03-02 17:00:00,1.0865424676377087,1.0931399469020535,1.0856937260047934,1.092895853396856,178.0774160296684,57.85,15.0
2026-03-02 17:15:00,1.0930882900297914,1.0951170026274881,1.079336014069038,1.0802249281333665,134.05126471744634,57.28,15.0
2026-03-02 17:30:00,1.080348487276355,1.0917857320276205,1.0801550429308377,1.0913911303499446,156.41201997662094,57.74,15.0
2026-03-02 17:45:00,1.091451662599633,1.093075357928564,1.0912967228732056,1.0925247440308308,146.0954485719046,57.72,15.0
2026-03-02 18:00:00,1.0924487472424462,1.0937072302579978,1.0922303263200368,1.0935157072994426,65.21938246397276,57.67,15.0
2026-03-02 18:15:00,1.0936237575706922,1.0986154648770254,1.0934408182848487,1.0971364486020683,177.23701174017367,57.28,15.0
2026-03-02 18:30:00,1.0970779792982808,1.0994510180282806,1.0967671088598123,1.0988573466753604,50.67814786201042,57.66,15.0
2026-03-02 18:45:00,1.0988956156245366,1.1002110751876009,1.0985513486259357,1.0998993956294931,127.16722684792634,57.53,15.0
2026-03-02 19:00:00,1.099942258758169,1.101553967666162,1.0995587877664934,1.100914499357701,130.47658871542788,57.44,15.0
2026-03-02 19:15:00,1.1009334632612902,1.1036111710326217,1.1002240916433028,1.1035405137178014,131.2172435840613,57.5,15.0
2026-03-02 19:30:00,1.1036402524005404,1.103893007751491,1.1004339925954076,1.1005826730279102,80.23833504329619,57.79,15.0
2026-03-02 19:45:00,1.1005872054767496,1.1007334050014688,1.0990890967205365,1.0991857910419642,43.57559446080069,57.89,15.0
2026-03-02 20:00:00,1.0991651114815946,1.0995160962911275,1.0990307418291163,1.099296373658088,54.41203046092318,58.06,15.0
2026-03-02 20:15:00,1.0992732689567335,1.0998037075489409,1.0981935563066134,1.0985946837706004,53.16442143126473,58.07,15.0
2026-03-02 20:30:00,1.0985395893456433,1.0985710915439872,1.094420921605865,1.0946815073277867,265.9231292451026,58.16,15.0
2026-03-02 20:45:00,1.0946338529363426,1.0947421420421466,1.0903015651944772,1.0906719202093171,83.78309995998488,57.92,15.0
2026-03-02 21:00:00,1.0907201150848227,1.0950115663078845,1.090403897946344,1.0946836905746915,129.403483010716,58.12,15.0
2026-03-02 21:15:00,1.0947006565082729,1.0967081519830721,1.0946163350181908,1.0962302503404107,67.11724468336658,58.34,15.0
2026-03-02 21:30:00,1.0961713371306339,1.096323094561205,1.093896759890933,1.0939204225300743,42.92592389476576,58.06,15.0
2026-03-02 21:45:00,1.0938765308631875,1.098666920515267,1.0932324222157097,1.0986093093811513,188.03461381806477,58.41,15.0
2026-03-02 22:00:00,1.0985547454994031,1.1033234212466907,1.0983872194863855,1.102945138502309,249.32211472832108,58.18,15.0
2026-03-02 22:15:00,1.1028797800482073,1.1033181118599502,1.101543210401611,1.1016931394317921,117.64045508419025,58.12,15.0
2026-03-02 22:30:00,1.1016969307560276,1.1026360547742027,1.10095373719686,1.1023798059596828,273.52925496069565,57.93,15.0
2026-03-02 22:45:00,1.1022972545196628,1.1047783368176625,1.1017529091212641,1.1039079637738862,468.7922572373422,57.81,15.0
2026-03-02 23:00:00,1.10390793524079,1.1039081470652012,1.1038874152620688,1.1038879139002546,121.14976139251598,57.82,15.0
2026-03-03 16:30:00,1.104046944320833,1.1042407783111647,1.100967667504149,1.1018252041148895,104.34431537616669,56.0,15.0
2026-03-03 16:45:00,1.1022192681177467,1.1212448829354713,1.1016906933523116,1.1204993473157452,314.4804142183816,55.26,15.0
2026-03-03 17:00:00,1.1204805734224552,1.1286005640444308,1.1189583387765856,1.127890727395068,192.88220685837874,55.18,15.0
2026-03-03 17:15:00,1.1278409092811854,1.130292320362097,1.1273653621134179,1.1296070739722748,192.5744974727932,54.85,15.0
2026-03-03 17:30:00,1.129295970965624,1.1321628977343925,1.1292527013577258,1.1315564209973472,315.4429529055546,55.01,15.0
2026-03-03 17:45:00,1.1314781503411677,1.1316335016579708,1.123227770005351,1.1233731361604875,104.80316394887387,54.83,15.0
2026-03-03 18:00:00,1.1234401418199296,1.1252794561475583,1.1128435299816317,1.1139267018544725,185.69952569045108,55.01,15.0
2026-03-03 18:15:00,1.1139635234786138,1.1242093342896613,1.1132035927665005,1.12359168613974,272.9960714511737,55.42,15.0
2026-03-03 18:30:00,1.1235754470944905,1.1242268337268908,1.1231604588848902,1.1238914192245835,132.97770584367032,55.55,15.0
2026-03-03 18:45:00,1.1236498959236698,1.1253170677067947,1.1236127430459188,1.1244547497841906,73.49821075844318,55.58,15.0
2026-03-03 19:00:00,1.1245834572391313,1.1249866372455606,1.1221258112911414,1.122248366541171,302.7780576740495,55.67,15.0
2026-03-03 19:15:00,1.122140524014183,1.1222474096085404,1.1174522433492247,1.117989373637914,67.23710646702827,55.93,15.0
2026-03-03 19:30:00,1.1180572650320697,1.1186189016086299,1.1162824554961959,1.1171946013067455,72.6365738243439,56.1,15.0
2026-03-03 19:45:00,1.1171615982259928,1.1176620535457602,1.1127873933917354,1.1131880992640004,96.58483814948663,55.97,15.0
2026-03-03 20:00:00,1.1131682797250264,1.1151955266908928,1.112609369767021,1.1149207725435022,80.18867691261713,56.21,15.0
2026-03-03 20:15:00,1.1148767213685793,1.1161444723110585,1.1139514471757974,1.115296810209342,154.92880063790057,56.65,15.0
2026-03-03 20:30:00,1.1152508828764267,1.1153654470722798,1.112032386797364,1.1124710638001618,159.8055105267809,56.97,15.0
2026-03-03 20:45:00,1.11258400729266,1.1128136552485732,1.1124277169897712,1.1127926289547214,80.28551339032944,57.04,15.0
2026-03-03 21:00:00,1.1126870955185122,1.1132458606361062,1.1077135280596904,1.1093283417998565,105.01187449455436,56.79,15.0
2026-03-03 21:15:00,1.1094374967458145,1.1116966040222258,1.1091585273662505,1.1113778254143214,58.70928198686858,56.92,15.0
2026-03-03 21:30:00,1.1110529970329595,1.1110909923192762,1.1097501627616846,1.1103860639453427,74.3975241979402,57.15,15.0
2026-03-03 21:45:00,1.110347761093081,1.1135848232939183,1.1100254367542992,1.1134778823611848,76.27310434623621,57.31,15.0
2026-03-03 22:00:00,1.1133283178654576,1.1165236661775249,1.111974494265832,1.1162817326951373,297.8614395329362,57.56,15.0
2026-03-03 22:15:00,1.116187554086821,1.1175395269719957,1.1137706412907218,1.1138379587447345,165.88426126709118,57.36,15.0
2026-03-03 22:30:00,1.1138031236376784,1.114190942575218,1.112550032420549,1.1125765627476845,287.3734268000517,56.86,15.0
2026-03-03 22:45:00,1.1124543229107864,1.1157905566695534,1.1119050034314064,1.1155978678827767,359.1233021924839,56.99,15.0
2026-03-03 23:00:00,1.1155978861167946,1.1155981377967896,1.115250270168107,1.1152503923946382,131.25304430261426,56.99,15.0
2026-03-04 16:30:00,1.1152274292889501,1.125118989962033,1.1148071609703265,1.124716811934199,122.61844204813495,57.59,15.0
2026-03-04 16:45:00,1.1247328511106545,1.129523448864402,1.1246811438676558,1.1294412372670495,330.0558963750502,57.43,15.0
2026-03-04 17:00:00,1.1291240830981202,1.1292129111547622,1.1179867453672117,1.1180931965662695,60.946565238424334,57.32,15.0
2026-03-04 17:15:00,1.1180862833889749,1.118474089353168,1.1110883490519907,1.11126285575158,158.10928694430356,57.21,15.0
2026-03-04 17:30:00,1.11160996033915,1.1202181477877373,1.1108235985749753,1.119622581497385,470.109503807384,57.45,15.0
2026-03-04 17:45:00,1.1194666096094628,1.1201066251670517,1.119231277009077,1.119240072889789,279.43992744128195,57.57,15.0
2026-03-04 18:00:00,1.1192174710640996,1.1199971953833034,1.1152795314543,1.1154986005939487,212.76350514001078,57.33,15.0
2026-03-04 18:15:00,1.115614617809533,1.1198539895794595,1.1151436619336024,1.1197421949727226,236.48627594308996,57.55,15.0
2026-03-04 18:30:00,1.1198742110415871,1.1203822309815477,1.117815548403495,1.1182975966397,86.8915151590017,57.28,15.0
2026-03-04 18:45:00,1.1183848995746153,1.124225198198124,1.1174441406482836,1.1230055675418071,301.77614412338994,57.41,15.0
2026-03-04 19:00:00,1.1230367345632408,1.1238165532971256,1.1224701822780248,1.1235002313445812,175.5276129550293,57.49,15.0
2026-03-04 19:15:00,1.123579004211145,1.1237165591536655,1.120628296531138,1.1208709560927514,207.24364877815418,57.38,15.0
2026-03-04 19:30:00,1.120890597912833,1.1221299150923971,1.120674119623858,1.1216353186086914,168.7514388521281,57.42,15.0
2026-03-04 19:45:00,1.1215434111952294,1.1222419043002556,1.1185586941388965,1.1192045137542284,105.1700300820936,57.7,15.0
2026-03-04 20:00:00,1.11910430967465,1.1195763711378925,1.1173593663347845,1.1174988227311509,77.58507356447446,57.79,15.0
2026-03-04 20:15:00,1.1175123451040985,1.1178874647008363,1.1169496774072603,1.1170464152710875,57.85451434298106,57.69,15.0
2026-03-04 20:30:00,1.117066516293008,1.1171725062304179,1.1150411611422408,1.1151145985639326,67.58333780367897,57.73,15.0
2026-03-04 20:45:00,1.1151351678508663,1.1153103134517888,1.1112595626908859,1.1114359575267763,66.92507214613214,57.54,15.0
2026-03-04 21:00:00,1.111547166172214,1.1116363100080071,1.1088242513618618,1.1088789047151033,114.83070246143654,57.54,15.0
2026-03-04 21:15:00,1.1088292592009217,1.1091698167142685,1.1086667393613951,1.1091180678560046,362.85937444149533,57.6,15.0
2026-03-04 21:30:00,1.109088830472727,1.1096059310485142,1.1089626738614944,1.1092257102851883,446.20765730310546,57.49,15.0
2026-03-04 21:45:00,1.1093552745895643,1.1104880831385704,1.1091015675614253,1.110265687963165,178.95305448931032,57.74,15.0
2026-03-04 22:00:00,1.110269308937807,1.1109589241255067,1.1101442387998863,1.1109246517918328,133.92323005259632,57.69,15.0
2026-03-04 22:15:00,1.1108127234734324,1.111016276975132,1.1092735648276832,1.1095045092910947,264.03471629384507,57.91,15.0
2026-03-04 22:30:00,1.1095702650758579,1.1098404708350964,1.1082663156401638,1.1082875400871934,176.52652136129552,57.93,15.0
2026-03-04 22:45:00,1.1083440045768362,1.1092419312490447,1.1080785944493599,1.109218433770797,445.1674055376779,57.83,15.0
2026-03-04 23:00:00,1.1092184551167505,1.1092187371720579,1.10913176834568,1.1091320164689076,74.71787697092896,57.85,15.0
2026-03-05 16:30:00,1.1097336230747628,1.1682907189291047,1.1077630760748072,1.165797864751328,200.15520605264567,57.73,15.0
2026-03-05 16:45:00,1.1656648845811886,1.1785080042746596,1.1651611662600987,1.1774324798683367,172.27331251485765,58.09,15.0
2026-03-05 17:00:00,1.1775341826879984,1.1844886105314947,1.1766001485234083,1.1844546204445396,95.13626599567378,58.22,15.0
2026-03-05 17:15:00,1.184502570931213,1.1862937298888447,1.179886733097493,1.1810733935918547,90.8140369769916,57.41,15.0
2026-03-05 17:30:00,1.1815690173919555,1.1825692428065433,1.1754574563331464,1.1768010785286516,282.40519012320215,57.05,15.0
2026-03-05 17:45:00,1.1769353459113225,1.1769585366078013,1.173853258783902,1.1748303827799185,88.72329629066297,57.1,15.0
2026-03-05 18:00:00,1.1748211558433705,1.1751466490681275,1.158579900874477,1.159990577260702,201.78602190279517,56.51,15.0
2026-03-05 18:15:00,1.1599255447760677,1.1599736114941994,1.156496466205297,1.1568106978992316,103.17321654971454,56.51,15.0
2026-03-05 18:30:00,1.1567124393043453,1.1576025135869754,1.156605255952572,1.1570973516664211,101.1504689983297,56.37,15.0
2026-03-05 18:45:00,1.1569472197090247,1.1607933466293068,1.156276863560452,1.160539165496913,151.65842915218857,56.64,15.0
2026-03-05 19:00:00,1.1605018062606618,1.163791336444144,1.160335854439279,1.1635401512849348,143.99752376680627,56.28,15.0
2026-03-05 19:15:00,1.1635546397932748,1.163637637120614,1.1630863052371347,1.1636366508553182,169.62659553396244,56.25,15.0
2026-03-05 19:30:00,1.16372416890958,1.1637919226665971,1.162136057273221,1.1625813300206955,103.58045024187096,56.05,15.0
2026-03-05 19:45:00,1.1625169624961191,1.1627138082252437,1.1586130363304707,1.1587990602408085,90.37451212178199,56.13,15.0
2026-03-05 20:00:00,1.1588373112904908,1.159003751323122,1.1552839854033916,1.1553459139279647,109.3187477801117,55.83,15.0
2026-03-05 20:15:00,1.155260347324904,1.158974176457332,1.1552091967595015,1.1588725602077499,142.70874860292588,55.79,15.0
2026-03-05 20:30:00,1.1588735768985274,1.1596892376221661,1.1581535755319905,1.1583844550766642,134.58671680255677,55.89,15.0
2026-03-05 20:45:00,1.158425879644305,1.1591840760772512,1.1554506612299804,1.1556849110374028,98.63942093619552,55.61,15.0
2026-03-05 21:00:00,1.1555679166314041,1.1558940145733856,1.1534612639026876,1.1535263708138825,154.28201756439887,55.63,15.0
2026-03-05 21:15:00,1.1534624328938363,1.1537171981717196,1.1526950417813122,1.1531537098293994,151.92812850070547,55.56,15.0
2026-03-05 21:30:00,1.153166851902279,1.1535996910690927,1.151624413914305,1.1517792696840246,238.85593927610856,55.37,15.0
2026-03-05 21:45:00,1.1517667947858712,1.1519073369906814,1.150277789440943,1.1504400913462014,196.3914935728357,55.62,15.0
2026-03-05 22:00:00,1.150295473811402,1.1512105334133413,1.146694010014286,1.1468787281971158,292.1417054053454,55.68,15.0
2026-03-05 22:15:00,1.146924624191172,1.1491004361437296,1.1464246387982358,1.1489515453529744,225.13791411255195,55.79,15.0
2026-03-05 22:30:00,1.1490211464703453,1.1544795466428133,1.1477756713995348,1.1538171684918392,550.1486292359161,56.11,15.0
2026-03-05 22:45:00,1.154022763936867,1.1547322867028054,1.1465982959679466,1.1474307534348362,1774.0442809729902,55.91,15.0
2026-03-05 23:00:00,1.1474307456444444,1.1474308126013932,1.1462972231484063,1.1462974413157971,128.0429116876737,55.89,15.0
2026-03-06 16:30:00,1.1460676631550701,1.1482805039810622,1.1351937428609764,1.1352072000325562,94.2531820420449,54.45,15.0
2026-03-06 16:45:00,1.1350846889047117,1.1363484103383932,1.1194852120924859,1.1201963597935254,229.01142980147569,53.87,15.0
2026-03-06 17:00:00,1.120196749336726,1.127235609821432,1.1199782929808757,1.1266161370014527,254.85757928742305,54.01,15.0
2026-03-06 17:15:00,1.1265594099427898,1.1268617988141412,1.120032695485692,1.1214031842147978,243.4179747922605,54.12,15.0
2026-03-06 17:30:00,1.121281665463556,1.1238426118966123,1.121092894893741,1.1237728683766237,387.63982310576927,54.29,15.0
2026-03-06 17:45:00,1.1238261140729027,1.1239570915663915,1.119568792717807,1.1200755342367796,375.08308278545064,54.45,15.0
2026-03-06 18:00:00,1.1201200836588219,1.1203387845723805,1.1178824621776016,1.1180314216180243,59.51759940354465,54.42,15.0
2026-03-06 18:15:00,1.118064683646124,1.1184212435911012,1.117243212419467,1.1177138933901631,147.6670427725539,54.33,15.0
2026-03-06 18:30:00,1.1176570207331735,1.1183021672042603,1.1170305842777641,1.1174430745789172,82.59654980352802,54.36,15.0
2026-03-06 18:45:00,1.117385300585124,1.1178480374667374,1.1169414139389968,1.117384585101113,118.78810828730833,54.49,15.0
2026-03-06 19:00:00,1.117435107312736,1.1177216703765231,1.117036050686831,1.117046381597151,228.35117047316018,54.33,15.0
2026-03-06 19:15:00,1.1170239950374918,1.117117056987281,1.1157835891727663,1.116349410822871,110.64793821995089,54.38,15.0
2026-03-06 19:30:00,1.1162877064369208,1.116564684291948,1.1137105449393745,1.1141098623806052,184.19534549506932,54.0,15.0
2026-03-06 19:45:00,1.1140701686894368,1.1152307004100215,1.1137350217995956,1.115129544111602,97.42550241146931,54.07,15.0
2026-03-06 20:00:00,1.1151350298635105,1.11812943048682,1.1151041013278893,1.1177772660268213,59.90692290142753,54.26,15.0
2026-03-06 20:15:00,1.117800054189464,1.118545586307908,1.1141636934472836,1.1142434429671304,213.4659743230645,54.24,15.0
2026-03-06 20:30:00,1.1141592632998218,1.1162651422356296,1.1140622988775193,1.1158216718797815,280.0762030930185,54.21,15.0
2026-03-06 20:45:00,1.1158874198756674,1.1211777316081697,1.1158214066441516,1.1210048190176358,191.63611051082208,54.2,15.0
2026-03-06 21:00:00,1.1209663791878857,1.1211269608207193,1.118571732431191,1.1189558075535762,246.5242849104692,54.1,15.0
2026-03-06 21:15:00,1.1189999455632555,1.1194571424699105,1.1163594826235057,1.1167544958279692,194.8802523121727,54.02,15.0
2026-03-06 21:30:00,1.1165750110733195,1.1173459804955603,1.115543044594139,1.1155994017033741,139.77094466364147,53.98,15.0
2026-03-06 21:45:00,1.11563441260152,1.1158372214844852,1.1137943502572312,1.1138406449591405,112.43810660832345,54.06,15.0
2026-03-06 22:00:00,1.1138350648947628,1.1148749883047604,1.1136650580416196,1.1148047781750468,140.3567479501281,54.02,15.0
2026-03-06 22:15:00,1.114920845926994,1.1150678024916796,1.1122667589956379,1.1124418206398161,317.8414373728682,54.0,15.0
2026-03-06 22:30:00,1.1124652708308338,1.1124919242015021,1.1111828088701625,1.111888557197203,349.84870647261033,53.83,15.0
2026-03-06 22:45:00,1.112185397513338,1.1128662685446682,1.10924164367261,1.1098409777399934,1127.6440819454842,53.89,15.0
2026-03-06 23:00:00,1.109840924587352,1.1098411792317042,1.109397113993949,1.1093975011729968,66.46597467047097,53.89,15.0
2026-03-09 15:30:00,1.109317551057007,1.1103119716664982,1.107785115717729,1.1081761087414022,197.45270053036205,52.76,15.0
2026-03-09 15:45:00,1.1083614232708212,1.10962017344556,1.1032686504113567,1.1035508907448501,157.01386518739886,52.75,15.0
2026-03-09 16:00:00,1.1033505218691204,1.1041777995525237,1.0918677632726619,1.0928924917568832,143.3508161252702,52.74,15.0
2026-03-09 16:15:00,1.0928018946236449,1.0931609842473362,1.0828968563270835,1.0830890047734167,235.43253401543046,52.41,15.0
2026-03-09 16:30:00,1.0829527677709825,1.0829924462974103,1.081246123808386,1.081648324130928,194.14515884636427,52.92,15.0
2026-03-09 16:45:00,1.0818513856441176,1.0843207249567368,1.0805289629202748,1.0830580666249392,163.69109126063998,53.13,15.0
2026-03-09 17:00:00,1.0829618872874258,1.087395793859489,1.082711879527028,1.0873600011761122,109.23706490248891,53.25,15.0
2026-03-09 17:15:00,1.087336576433095,1.087406375001495,1.084238367469546,1.0846334839846987,120.08417869312922,53.33,15.0
2026-03-09 17:30:00,1.0845358996022283,1.0847209265169369,1.0821743507725237,1.082422718270378,151.05498366788916,53.14,15.0
2026-03-09 17:45:00,1.0825009184098344,1.0898554516514756,1.0817856675931095,1.0894047861547782,263.7040867074842,53.33,15.0
2026-03-09 18:00:00,1.0893417524051254,1.0909222165230608,1.0821022734280297,1.082243492745036,119.73173292156316,53.63,15.0
2026-03-09 18:15:00,1.082246177725365,1.082250379389559,1.0816715198975273,1.0818346611865086,188.61362374899886,53.7,15.0
2026-03-09 18:30:00,1.0818198345367909,1.0824135032533726,1.0803099502236442,1.0806012372750013,77.41030121558384,53.75,15.0
2026-03-09 18:45:00,1.08056688861607,1.081255542887236,1.0805292071571198,1.0810414327480584,177.59971873735597,53.72,15.0
2026-03-09 19:00:00,1.0810470938225791,1.0813177535098848,1.0793231511670474,1.0797493410784895,153.7122330299478,53.85,15.0
2026-03-09 19:15:00,1.0797713253284569,1.0798069724986266,1.0745987394304022,1.074692826720427,121.95417664966497,53.66,15.0
2026-03-09 19:30:00,1.0746765929008903,1.0781502916191408,1.074293670945341,1.0779102778066043,225.89667539669358,53.34,15.0
2026-03-09 19:45:00,1.0779099273787822,1.0835212104206788,1.0776396108415216,1.0834039810579792,170.8301786537118,53.56,15.0
2026-03-09 20:00:00,1.0834847420036762,1.0835443990236227,1.0831494235267958,1.0831899638101556,195.06474149337046,53.77,15.0
2026-03-09 20:15:00,1.083229195597984,1.083584929166369,1.0794546288060662,1.0795610419610213,264.86197334804797,54.43,15.0
2026-03-09 20:30:00,1.0795937594704044,1.0805665362765624,1.0759840167198484,1.0764511040098597,281.6896228618069,54.57,15.0
2026-03-09 20:45:00,1.0764615285026096,1.0825088735409225,1.0760549369635926,1.0823598495728781,464.44161491942896,54.6,15.0
2026-03-09 21:00:00,1.0822415886174124,1.0832182336991523,1.0748924957467976,1.0752256720581737,302.3775616868088,54.07,15.0
2026-03-09 21:15:00,1.0754735754477316,1.077681194489383,1.074918832320849,1.0773906762043077,414.72556292919296,54.87,15.0
2026-03-09 21:30:00,1.077459179332857,1.0781541195610702,1.0729013252860125,1.0733649023901841,202.94761192893495,54.75,15.0
2026-03-09 21:45:00,1.0731959499692787,1.073868972229737,1.0665991514567021,1.0666040716751342,1882.918037861613,54.86,15.0
2026-03-09 22:00:00,1.0666041559177026,1.0671186655376432,1.0666037615592074,1.0671185154376672,101.67757489682224,54.87,15.0
2026-03-10 15:30:00,1.0670825328290712,1.0868473979040356,1.0660459549071784,1.085232699710157,168.33237401946698,53.48,15.0
2026-03-10 15:45:00,1.0853972077508682,1.0957313675551494,1.0849967682676478,1.095679973926551,63.17554895982702,54.04,15.0
2026-03-10 16:00:00,1.0955748482399048,1.0982910430840045,1.0861051862608686,1.0863768626716406,262.7898100507192,53.55,15.0
2026-03-10 16:15:00,1.0864972204142833,1.0868551685735077,1.0791637594851051,1.0807603871015665,370.1747947612418,53.33,15.0
2026-03-10 16:30:00,1.0807069502750104,1.0847918291934995,1.0805610672091395,1.0843250345053639,130.2160526393948,53.56,15.0
2026-03-10 16:45:00,1.0844356722974937,1.0848186837166351,1.0825998893071984,1.0826451260044572,132.0139481845997,53.48,15.0
2026-03-10 17:00:00,1.0827336343874039,1.082829664566127,1.0775747460251066,1.077941378461403,166.96067812740344,53.79,15.0
2026-03-10 17:15:00,1.0778444362427702,1.0780460337098903,1.076627633162119,1.0767593688329973,228.85314489236526,53.98,15.0
2026-03-10 17:30:00,1.076620573328059,1.0768166916332926,1.0756890543628879,1.076138814054599,291.97556235536314,54.11,15.0
2026-03-10 17:45:00,1.0763232542290069,1.0764172557012046,1.0708208575024123,1.0712399169238291,195.7205271275682,53.98,15.0
2026-03-10 18:00:00,1.0713459867506072,1.0720744858628966,1.0702601918377792,1.0719564635589296,181.76194436723765,53.75,15.0
2026-03-10 18:15:00,1.0719477467826357,1.072592423638733,1.071784962512489,1.0725546217889679,158.95836852571406,53.74,15.0
2026-03-10 18:30:00,1.0724734828939773,1.0748026185560708,1.0717949589569844,1.07404053395568,171.52778457167636,53.79,15.0
2026-03-10 18:45:00,1.0740496309195795,1.0756384054758437,1.073712483660836,1.075398634266635,428.1223542876763,53.78,15.0
2026-03-10 19:00:00,1.0754017375035734,1.0789521114664082,1.075387519279149,1.0787755270956148,79.07646688456924,53.98,15.0
2026-03-10 19:15:00,1.0787201698128952,1.0794309482207118,1.0785021278919513,1.079270527110381,94.37166831017868,54.2,15.0
2026-03-10 19:30:00,1.0791218545275045,1.0796808410660728,1.0780113466500119,1.0781879548470956,157.35052369253077,53.86,15.0
2026-03-10 19:45:00,1.0780862199165737,1.0785054971938945,1.0716668747911673,1.0720120641540014,46.7125940616786,54.43,15.0
2026-03-10 20:00:00,1.071848628087698,1.0730152059923026,1.0646481945024993,1.0653280491089983,160.62851284699823,54.0,15.0
2026-03-10 20:15:00,1.0654559202738116,1.0663745280533063,1.0651546433767303,1.0659115522632947,323.46757860583557,53.75,15.0
2026-03-10 20:30:00,1.0660777965238795,1.0661281883474663,1.0655849194578453,1.0660084009705288,78.90112924708299,53.68,15.0
2026-03-10 20:45:00,1.0659330841403136,1.0677462826737034,1.0655891703804479,1.0671244988674822,397.21920909460704,53.66,15.0
2026-03-10 21:00:00,1.0671343261707835,1.0676470440262298,1.0649654622211446,1.065215569892619,144.5418836690148,53.66,15.0
2026-03-10 21:15:00,1.0652176643679834,1.0653838019498514,1.0626753392562358,1.0627332580368665,555.7291963291691,53.63,15.0
2026-03-10 21:30:00,1.0626261437291151,1.0652090906384688,1.062393026798879,1.0641368749834532,371.5837399201349,53.32,15.0
2026-03-10 21:45:00,1.0640815438920934,1.065014938423862,1.0552064740657061,1.0553881670234195,1500.796707333208,52.84,15.0
2026-03-10 22:00:00,1.0553879788450171,1.0558835103308806,1.0553876395714754,1.0558832059799188,415.1866197928832,52.82,15.0
2026-03-11 15:30:00,1.0560569400368491,1.0679069873463443,1.0555604033598407,1.0671867502093806,168.79431937531797,53.14,15.0
2026-03-11 15:45:00,1.0674079757779817,1.0694752583333753,1.0600094507202271,1.0603184063604556,661.5640984883106,52.26,15.0
2026-03-11 16:00:00,1.0604832390558547,1.069611032921967,1.0601500290810202,1.0690863074446222,298.2676399420507,52.7,15.0
2026-03-11 16:15:00,1.069221049137955,1.0728409027777344,1.0688658707164154,1.0723688148361463,319.95543474827366,52.7,15.0
2026-03-11 16:30:00,1.072183878616825,1.0737756830421925,1.071996101526089,1.0737605494482791,105.92788738483779,53.1,15.0
2026-03-11 16:45:00,1.0738335097372564,1.0738765535834374,1.0697501116284427,1.07004265995731,125.10838580247297,53.24,15.0
2026-03-11 17:00:00,1.0698914163267843,1.072086225413463,1.0612624219018976,1.0618631169898463,110.73703149321373,52.67,15.0
2026-03-11 17:15:00,1.0620105007741067,1.0621789874284464,1.058292629497557,1.0583393312332718,211.23012667945915,52.82,15.0
2026-03-11 17:30:00,1.0582869871580562,1.060215908271479,1.0581700652147297,1.059997948033342,99.94817985974717,52.84,15.0
2026-03-11 17:45:00,1.0600824147383963,1.0632311918385704,1.0597277931932092,1.0630176625815129,74.26938126280534,52.94,15.0
2026-03-11 18:00:00,1.0630028254411346,1.0636208175950377,1.0626577899917795,1.0627471990671693,57.107201705598776,52.91,15.0
2026-03-11 18:15:00,1.0626416864537829,1.0628138446227002,1.0609144642612705,1.0611669308218525,71.4751668521311,52.8,15.0
2026-03-11 18:30:00,1.0611287277992478,1.0612183495463205,1.059414485481397,1.059927565088791,133.86023635867934,52.88,15.0
2026-03-11 18:45:00,1.0598297151888838,1.0624532109860436,1.0595978989645733,1.0623910640191478,70.1814273358826,52.95,15.0
2026-03-11 19:00:00,1.0624311920094758,1.0625395049902497,1.0622596483273274,1.062420709490274,158.14669317029507,52.67,15.0
2026-03-11 19:15:00,1.062330900543547,1.0674050732066405,1.061750950963526,1.0666434045450286,119.141963898044,52.87,15.0
2026-03-11 19:30:00,1.0666055171499216,1.067325031550562,1.0666019702061476,1.066899760795677,177.5796918682753,52.85,15.0
2026-03-11 19:45:00,1.066899031949929,1.0705695364841237,1.066663778027416,1.07053942568699,80.36246572442097,53.0,15.0
2026-03-11 20:00:00,1.070590375101858,1.0729325851819056,1.0702780164252441,1.0728337076385572,173.66832275500118,52.98,15.0
2026-03-11 20:15:00,1.0729897016182839,1.0732946387459963,1.0707064898338656,1.071431688690692,109.93875227648878,53.19,15.0
2026-03-11 20:30:00,1.0714679771615414,1.0721576810348508,1.0687428647925976,1.068837129877019,100.54308715933941,53.22,15.0
2026-03-11 20:45:00,1.0689160136855977,1.0691752682338886,1.067580820197172,1.067791785970395,49.76494488090603,53.26,15.0
2026-03-11 21:00:00,1.0677142970097977,1.0695567489336242,1.0673679092999835,1.0693430030038078,157.7211182404896,53.15,15.0
2026-03-11 21:15:00,1.0693679797604665,1.0712995536836452,1.0692947177331023,1.0706634695602846,212.56461432144195,53.4,15.0
2026-03-11 21:30:00,1.0706626646348714,1.0717367663915973,1.0695397753108502,1.071626427782458,153.95097685024461,53.79,15.0
2026-03-11 21:45:00,1.0716932893792173,1.072188561736764,1.070716179942294,1.0707603034249198,637.0107198765502,53.63,15.0
2026-03-11 22:00:00,1.070760228049127,1.071037640206049,1.07076020465744,1.0710374176312094,156.7678452654925,53.62,15.0
2026-03-12 15:30:00,1.070351644346152,1.0785805198377232,1.0689510948163754,1.0766742158720697,274.1426408845374,53.54,15.0
2026-03-12 15:45:00,1.0767443761107514,1.0776597552439504,1.0754341287533569,1.0760700242838137,258.7045766379907,53.76,15.0
2026-03-12 16:00:00,1.0759788526729472,1.0805723893188481,1.0752433561542072,1.0803000988387588,262.05076197110895,53.42,15.0
2026-03-12 16:15:00,1.0801207873065484,1.0809195091889188,1.0609918021122766,1.0610720325082827,560.5222038374991,52.54,15.0
2026-03-12 16:30:00,1.0608167748455628,1.0623963553281837,1.0606680090256413,1.0619842723472803,115.390560966252,52.72,15.0
2026-03-12 16:45:00,1.0619743027775965,1.0622320637731002,1.0616627589588459,1.0617783476577969,27.59480490729528,52.94,15.0
2026-03-12 17:00:00,1.0622673123941904,1.062463584892759,1.0613538516602365,1.0616878540615677,183.9589841145102,52.47,15.0
2026-03-12 17:15:00,1.0616211882271713,1.0712126891480158,1.0610195850934414,1.0712061486545759,179.23615322269634,52.16,15.0
2026-03-12 17:30:00,1.0712782146876805,1.0716079742426532,1.0674108456267226,1.0679843542882903,413.0307458370153,51.83,15.0
2026-03-12 17:45:00,1.0681134600551139,1.0693568928536035,1.067093174247762,1.0693075001850672,50.728283717026194,51.73,15.0
2026-03-12 18:00:00,1.0694904303428676,1.0706546662488798,1.0651223294886067,1.0653364011011104,327.43908337876405,50.87,15.0
2026-03-12 18:15:00,1.0646048993907093,1.0649787808858455,1.0606884452819474,1.062298724140223,652.1266553270135,50.53,15.0
2026-03-12 18:30:00,1.0627012965094225,1.0645325880895842,1.058190186902378,1.0590103293170505,263.8732928580164,50.2,15.0
2026-03-12 18:45:00,1.0590787243872617,1.0664261207448866,1.0578056532752522,1.0660609791529612,217.58074805745693,50.59,15.0
2026-03-12 19:00:00,1.065901756433639,1.0659423552394753,1.0642505859480151,1.0651557789892396,483.6781963095654,50.44,15.0
2026-03-12 19:15:00,1.0651929692708275,1.0695300080632988,1.064672434087254,1.0686510847247686,186.38442613809076,50.74,15.0
2026-03-12 19:30:00,1.0686345817805216,1.0735457883196244,1.0680191172739277,1.0732176007904968,468.0125638310525,51.23,15.0
2026-03-12 19:45:00,1.0732548362086716,1.0766465524575615,1.0732510700634807,1.0761883905772374,206.47602708485195,51.22,15.0
2026-03-12 20:00:00,1.0761746034022537,1.0772013262683398,1.0760591475162238,1.0770977170378393,342.07771487660096,51.47,15.0
2026-03-12 20:15:00,1.077000454721614,1.0770824523369118,1.074253861876032,1.074685236384876,319.58144000475056,51.64,15.0
2026-03-12 20:30:00,1.0746523340926513,1.074808053797575,1.0746160114939731,1.0747882784440332,260.28493814082617,51.45,15.0
2026-03-12 20:45:00,1.0748143985128185,1.0770836720606851,1.0747789809965944,1.0767168525113415,197.64994919096202,51.38,15.0
2026-03-12 21:00:00,1.076669243678991,1.0775049126975549,1.0766009551684448,1.0771315318574546,367.0191730381375,51.65,15.0
2026-03-12 21:15:00,1.0771572136482082,1.078364759388726,1.0765804629181668,1.0782632509120276,279.60424341090726,51.75,15.0
2026-03-12 21:30:00,1.0784722323645857,1.079015456765913,1.0699997863040303,1.0702234333479754,370.0819695898412,51.5,15.0
2026-03-12 21:45:00,1.0700906256782863,1.0703842112314055,1.06726086700855,1.0686410122025265,2048.0332685156427,51.5,15.0
2026-03-12 22:00:00,1.068641044189466,1.0687459630426057,1.0686403967975198,1.0687450635214888,97.32700908901018,51.47,15.0
2026-03-13 15:30:00,1.06850903213057,1.0773705453342715,1.0658412935314936,1.0760875251846442,146.27110985362802,52.31,15.0
2026-03-13 15:45:00,1.076265041481858,1.0842066363602396,1.0745147627292393,1.083969990051909,321.9110075841592,51.85,15.0
2026-03-13 16:00:00,1.0840057307941473,1.0855410327777522,1.0749524616385686,1.0756982808599498,100.57189209798283,51.41,15.0
2026-03-13 16:15:00,1.0758508341457138,1.0762035928762645,1.0628816110415522,1.0629622450536917,367.6773743011558,51.16,15.0
2026-03-13 16:30:00,1.0629348456171521,1.0637187107120363,1.0622349400264786,1.0637150801514554,301.27415706094814,51.01,15.0
2026-03-13 16:45:00,1.0637798272219583,1.063930252639136,1.0614573527350613,1.0622238960762436,346.097329636678,50.8,15.0
2026-03-13 17:00:00,1.0621570997106586,1.0694598801412667,1.061734564317793,1.0690175797200667,161.68500990397487,51.16,15.0
2026-03-13 17:15:00,1.0689345051335772,1.073467348860488,1.0688919410023714,1.073225182162952,159.14411675209297,50.8,15.0
2026-03-13 17:30:00,1.073186993301713,1.0734729446040818,1.0678655803165937,1.0680758352487167,468.63507705882756,50.91,15.0
2026-03-13 17:45:00,1.0678747887312525,1.0682798071869815,1.0659854218044664,1.0663861912615265,173.15511881851688,51.0,15.0
2026-03-13 18:00:00,1.0664262623254066,1.0665939820041586,1.0606266283203634,1.0607638988277903,101.44691505100069,50.97,15.0
2026-03-13 18:15:00,1.060895425967808,1.0627440597218836,1.0606900857798265,1.062365598586039,112.71661930340491,50.96,15.0
2026-03-13 18:30:00,1.0622979396535555,1.063556643214831,1.0622154212979236,1.0630197941840074,113.9119485743302,50.88,15.0
2026-03-13 18:45:00,1.0632061041763037,1.0661236879659863,1.0624461004074226,1.0661166456119344,319.25586525457055,50.89,15.0
2026-03-13 19:00:00,1.066150835084814,1.069491327259524,1.0656907023460782,1.0690219300415211,69.29421818802875,50.78,15.0
2026-03-13 19:15:00,1.0690611796216614,1.0693292875142075,1.0685986178439715,1.0691032643751044,183.44836534222867,50.91,15.0
2026-03-13 19:30:00,1.0691798884447268,1.0714839059107732,1.0690795415718206,1.0712108643106693,157.75605568132912,50.91,15.0
2026-03-13 19:45:00,1.0711889858474757,1.0727039510149357,1.0709267170336076,1.072091023822117,56.896861873680365,50.68,15.0
2026-03-13 20:00:00,1.0721049759691421,1.0725807377187884,1.071820083625369,1.0723671890290374,96.33757496438439,50.9,15.0
2026-03-13 20:15:00,1.072488181822989,1.072555158621953,1.0706757534126825,1.0708278493218477,119.8330271814708,50.83,15.0
2026-03-13 20:30:00,1.0708079540340196,1.0723769078161187,1.0706624115518824,1.0722908071219448,102.17962389058258,50.98,15.0
2026-03-13 20:45:00,1.0722759410601017,1.076179752906581,1.0718842501929122,1.0759226143138094,340.7138734228274,51.03,15.0
2026-03-13 21:00:00,1.0759191877530392,1.0763098844281536,1.075726031618946,1.076235482118395,350.8769379125682,50.96,15.0
2026-03-13 21:15:00,1.0762166254425334,1.0772085015934607,1.0761370703507371,1.07709414228856,334.46446376423705,51.05,15.0
2026-03-13 21:30:00,1.077066766581342,1.0779689835628188,1.0770328426339792,1.0777890689679428,406.8875838846364,51.04,15.0
2026-03-13 21:45:00,1.0777212355099794,1.078054273690867,1.07736356209914,1.077544305984315,1335.2972298486918,50.86,15.0
2026-03-13 22:00:00,1.0775444697317196,1.0775451952448714,1.0774917566043394,1.0774923429966041,297.8842287353033,50.85,15.0
2026-03-16 15:30:00,1.0775470163974774,1.084086102169563,1.074936330615628,1.0834585675430892,213.43266694112106,51.77,15.0
2026-03-16 15:45:00,1.0835456806972599,1.0881928288523173,1.0821493692368245,1.086858088162443,100.46582276364623,52.03,15.0
2026-03-16 16:00:00,1.0865475902075368,1.089801573751646,1.0857613372895676,1.0893698490117412,149.13680721304158,51.32,15.0
2026-03-16 16:15:00,1.089344710198785,1.091492845483098,1.0884017769993604,1.091342948498123,109.74848015689,51.25,15.0
2026-03-16 16:30:00,1.091447014287081,1.0918319943002441,1.07597291748229,1.077264082430342,136.56323099041822,50.79,15.0
2026-03-16 16:45:00,1.0771930283768685,1.0826425980356837,1.0759682734203202,1.0819258329515802,186.79447936564395,50.36,15.0
2026-03-16 17:00:00,1.0817670285614038,1.0826955525512354,1.073903460248542,1.074630250274832,310.8827915977488,50.11,15.0
2026-03-16 17:15:00,1.0744700486542527,1.0770378421469664,1.073850432555351,1.076386910361329,252.15309366073237,49.97,15.0
2026-03-16 17:30:00,1.076464951965236,1.0783633049933472,1.0761890287502034,1.0779434149001539,178.85257034426374,50.14,15.0
2026-03-16 17:45:00,1.0778368289702172,1.0868536459033562,1.0768340643755776,1.0846148468265824,210.59286193246407,49.23,15.0
2026-03-16 18:00:00,1.084556969819845,1.0849763268884238,1.0836818419454917,1.083930635051968,174.35356753413149,49.25,15.0
2026-03-16 18:15:00,1.0837197880261218,1.0862722742111153,1.0832050485380131,1.0861413360374905,280.00141871844176,49.23,15.0
2026-03-16 18:30:00,1.0859859516336836,1.0864847394022772,1.0847463289459292,1.0850668907239485,307.26335311132374,49.23,15.0
2026-03-16 18:45:00,1.0850663397571652,1.0899408558731927,1.084943440402576,1.0897790246327395,283.6555573273615,48.96,15.0
2026-03-16 19:00:00,1.0896427146037548,1.0902570159476492,1.0837264326312908,1.084895812884285,376.8846129494341,49.1,15.0
2026-03-16 19:15:00,1.0850817267238098,1.0895520057582484,1.0850595285345697,1.0885658365434256,605.7902453322397,49.08,15.0
2026-03-16 19:30:00,1.0887979697342713,1.090282679580349,1.0886585145105387,1.0899363467732692,437.70631564070266,48.84,15.0
2026-03-16 19:45:00,1.089946157108284,1.0908330079488278,1.0898480687702619,1.0907216142620424,263.6185647926966,48.85,15.0
2026-03-16 20:00:00,1.0907136170888467,1.0935305775633524,1.090637771280374,1.0934172872652932,278.8074613230495,48.77,15.0
2026-03-16 20:15:00,1.0935066163316605,1.093718966398921,1.0924148372454687,1.0926491806261291,349.8225366183457,48.81,15.0
2026-03-16 20:30:00,1.0924650317053881,1.0929580782422696,1.0902724519219034,1.0909770366961886,231.1572809096832,49.12,15.0
2026-03-16 20:45:00,1.0909529965049996,1.0914898488148603,1.0848099779082974,1.0850872057505438,146.34452684104397,48.78,15.0
2026-03-16 21:00:00,1.084897562277647,1.085568179361577,1.0778018080709277,1.0778900504391977,220.43617806876205,48.7,15.0
2026-03-16 21:15:00,1.0777206958141006,1.0777657554374598,1.0758358473347303,1.0760609577614102,133.80561788435162,48.62,15.0
2026-03-16 21:30:00,1.0760007449628068,1.0764474230143612,1.0741471416147093,1.0748748005229103,595.7168374181433,48.25,15.0
2026-03-16 21:45:00,1.07484301499267,1.0773921020040798,1.0739732241674682,1.0773499776527307,648.8532378206537,48.81,15.0
2026-03-16 22:00:00,1.0773498696611175,1.07734990262282,1.0771911634187832,1.0771916380724376,154.28556364249013,48.81,15.0
2026-03-17 15:30:00,1.077095020416949,1.0780587021462258,1.0702828010288863,1.0705946660486965,192.9507454844994,50.33,15.0
2026-03-17 15:45:00,1.0705624883259879,1.0774859167953483,1.0692326734668227,1.0770903730447081,97.03701044825796,50.65,15.0
2026-03-17 16:00:00,1.077062455146359,1.0840018761119588,1.076894174342091,1.0833860523325074,143.7301986344484,50.54,15.0
2026-03-17 16:15:00,1.0832327810698055,1.0836601412095122,1.0831309411553975,1.0836109648923204,142.59810803404767,50.35,15.0
2026-03-17 16:30:00,1.0837627958987948,1.0844976461579958,1.0829692799915742,1.083375678342387,162.80389912733045,50.43,15.0
2026-03-17 16:45:00,1.0834071804082008,1.0855038427280344,1.0831435422309108,1.0853501518952513,79.14822443435561,50.49,15.0
2026-03-17 17:00:00,1.0853956844679624,1.085779583617444,1.0833656378310343,1.0842482386762382,121.34582010753641,50.38,15.0
2026-03-17 17:15:00,1.084334869979464,1.0845996996490979,1.0840801461655778,1.0843133941968486,92.94479073777644,50.53,15.0
2026-03-17 17:30:00,1.0843239745503757,1.0843911871480791,1.0792361686963874,1.0793878391717118,85.90841653159372,50.27,15.0
2026-03-17 17:45:00,1.0793235042665494,1.0824142847333915,1.0789509394661931,1.0820960843333511,154.10970490772473,50.48,15.0
2026-03-17 18:00:00,1.0820271075735965,1.0859331367057696,1.0817581160723182,1.0857450159702717,95.18501824977507,50.68,15.0
2026-03-17 18:15:00,1.0858530019788666,1.0935358433090427,1.0839790922438193,1.0931786480966241,151.01250679433113,51.04,15.0
2026-03-17 18:30:00,1.0931869875770621,1.0959605659394842,1.0929640121299595,1.0955185515886368,176.6761492113376,50.8,15.0
2026-03-17 18:45:00,1.0954970658828092,1.0966647200818505,1.0953773538814313,1.096488050794342,75.80423357087004,50.88,15.0
2026-03-17 19:00:00,1.096425717001982,1.0965297852427487,1.0932898975059475,1.0936467693427394,186.38681116426088,50.92,15.0
2026-03-17 19:15:00,1.093610961799812,1.0940081232715035,1.0935730827352377,1.0939337594637981,103.818397376599,50.84,15.0
2026-03-17 19:30:00,1.0939469872148802,1.094324052029946,1.0921920220753396,1.0924863803328058,179.95711328220648,50.76,15.0
2026-03-17 19:45:00,1.0925387581914996,1.0926629820727463,1.0923791060859578,1.09261961439388,104.28111495679686,50.81,15.0
2026-03-17 20:00:00,1.092650646942752,1.0927569854505008,1.0915348117653143,1.0916697642849524,118.94617369270989,50.75,15.0
2026-03-17 20:15:00,1.091621579493806,1.0930200762655635,1.0913925184097122,1.0928140150999073,365.1135363205352,51.08,15.0
2026-03-17 20:30:00,1.0927746698810825,1.0945043227302171,1.0925665730907579,1.0940283122390544,268.9318172730587,50.81,15.0
2026-03-17 20:45:00,1.0940070857234014,1.0940285614315846,1.0912964671563576,1.0913939741464465,82.19468990840967,51.05,15.0
2026-03-17 21:00:00,1.0914211899594972,1.0950786102777794,1.091345774707097,1.0946626272318127,144.4562569728266,51.01,15.0
2026-03-17 21:15:00,1.09480106529385,1.0951598993379759,1.094499996514257,1.094617395387726,175.33066684069615,51.15,15.0
2026-03-17 21:30:00,1.09465410469134,1.0949925879712266,1.090829772436879,1.090944094390552,306.9973777121343,50.7,15.0
2026-03-17 21:45:00,1.0910572874038118,1.0994961659920977,1.090877630564343,1.099484077990877,1668.3720236471063,51.03,15.0
2026-03-17 22:00:00,1.099484035728054,1.0994841131926427,1.0991493812115805,1.09914968827905,151.81481970769462,51.06,15.0
2026-03-18 15:30:00,1.098916152577705,1.1002381605000657,1.0914926779674372,1.0917561083459049,156.32102177340892,50.2,15.0
2026-03-18 15:45:00,1.0916178073004863,1.0954681660628116,1.0904253776442834,1.095422883528103,135.8685649087052,50.37,15.0
2026-03-18 16:00:00,1.0955942540042816,1.0975463739649804,1.092009016682876,1.0922028360792044,135.54062338997687,49.66,15.0
2026-03-18 16:15:00,1.0921653965078624,1.0948295063793607,1.0916283169260186,1.0945202758221386,344.60183570183545,49.8,15.0
2026-03-18 16:30:00,1.094555711819691,1.095876720363354,1.0941341898743124,1.0953917266896032,116.31274253746807,50.11,15.0
2026-03-18 16:45:00,1.0952605542533798,1.095621541943863,1.0921771257477517,1.092466291261613,93.66792641887567,50.38,15.0
2026-03-18 17:00:00,1.0924711490142858,1.0965669954260329,1.0920833914698087,1.0954520474119276,161.97970870460358,50.77,15.0
2026-03-18 17:15:00,1.0955184450876259,1.0956055828939815,1.0946189777189204,1.0951625884620713,226.26594861348812,50.76,15.0
2026-03-18 17:30:00,1.0951838608966131,1.0954474741874927,1.0950384398087873,1.095070233228614,87.07995096856183,50.75,15.0
2026-03-18 17:45:00,1.0950928853569974,1.0959638503387403,1.0947051501518696,1.0957154914821379,111.13087559979323,51.02,15.0
2026-03-18 18:00:00,1.0957017517458538,1.1017505012314275,1.0953741921793405,1.1017291620645542,129.4997007832382,50.84,15.0
2026-03-18 18:15:00,1.1016186388582014,1.1020383533631513,1.100138765702361,1.1003388669313645,124.28464442360367,50.77,15.0
2026-03-18 18:30:00,1.1002798256809596,1.1003180930000087,1.0989187517326684,1.0989616518539447,181.53311724164007,50.73,15.0
2026-03-18 18:45:00,1.0989901252456526,1.1002589588767724,1.0989624909793718,1.1002520073121795,51.38797690004005,50.82,15.0
2026-03-18 19:00:00,1.1002455803358007,1.1004299793911538,1.100184389183095,1.1002967817701352,108.73265578314341,50.89,15.0
2026-03-18 19:15:00,1.1003162179120423,1.1011394195746296,1.100124013839648,1.1009623178022294,111.1437897562289,50.91,15.0
2026-03-18 19:30:00,1.1009583548343698,1.1010277702082634,1.0996463870908366,1.0997336481867503,31.04645414915131,50.87,15.0
2026-03-18 19:45:00,1.0997026833630552,1.1004837100659723,1.0995766148227644,1.100348105775155,77.60058549689258,51.04,15.0
2026-03-18 20:00:00,1.1002350074619562,1.101120729312543,1.0996277507137069,1.1008262756158986,44.30064407181073,50.84,15.0
2026-03-18 20:15:00,1.1009810141026908,1.101408244618606,1.0953165732849879,1.0958331430286314,90.70926536920474,51.14,15.0
2026-03-18 20:30:00,1.0957425559807252,1.099480218002843,1.095408267582058,1.0990276419921974,169.13956112872597,51.0,15.0
2026-03-18 20:45:00,1.0990869463080863,1.099821323520355,1.0987819150917788,1.0997360659586217,116.63493349139323,50.91,15.0
2026-03-18 21:00:00,1.0996125906635899,1.1017287744028825,1.0994678679372718,1.1014543493471218,94.39411883746159,51.02,15.0
2026-03-18 21:15:00,1.1014540957086487,1.101477571661068,1.0991673314482653,1.0994656732201074,134.01209096925115,50.97,15.0
2026-03-18 21:30:00,1.0993370325876906,1.1005719658791173,1.0992317719609266,1.100375740243117,564.994394390907,50.62,15.0
2026-03-18 21:45:00,1.100457178688416,1.1082062500141447,1.100237958786027,1.1082055985790469,957.0910017468324,50.8,15.0
2026-03-18 22:00:00,1.1082055524246461,1.1082058803896622,1.1076087209392185,1.1076091738724447,203.2420006883459,50.81,15.0
2026-03-19 15:30:00,1.1084317251199347,1.1236023166735225,1.104625952969855,1.1223445167914565,461.88112046814285,51.54,15.0
2026-03-19 15:45:00,1.122229679999693,1.122391192952571,1.119598511446532,1.1201456067586726,158.25284230468372,51.43,15.0
2026-03-19 16:00:00,1.1201599572779912,1.1202220300730665,1.1134017450310942,1.1145325099850136,212.7644994510058,51.16,15.0
2026-03-19 16:15:00,1.114552707553514,1.1147302323131036,1.1085550771507329,1.1089157808991548,224.05520590457192,51.08,15.0
2026-03-19 16:30:00,1.1088477817569309,1.1092255796684243,1.1080613187504826,1.1090041797678791,78.14143016749082,51.22,15.0
2026-03-19 16:45:00,1.1091337276657682,1.1096050180654962,1.1090052242693536,1.1094814778871036,91.44988776496035,51.35,15.0
2026-03-19 17:00:00,1.109551410925438,1.1151258584199815,1.109496794506039,1.114752972831484,181.45107339796283,51.66,15.0
2026-03-19 17:15:00,1.114724154355336,1.1152172057246432,1.1145158566171052,1.114676588850384,160.25079972616518,51.53,15.0
2026-03-19 17:30:00,1.1146530271731288,1.116821372577762,1.1146496484515702,1.1167592933974442,266.3951548362217,51.65,15.0
2026-03-19 17:45:00,1.1167132322748825,1.1168872691837255,1.1155690331352026,1.1155828967697736,63.29058365482969,51.65,15.0
2026-03-19 18:00:00,1.1155261415831152,1.1163871706676318,1.1084107848420972,1.1094813087458946,172.31559363759254,51.17,15.0
2026-03-19 18:15:00,1.1094510085345546,1.10981341422042,1.1087424680055769,1.1088973120669972,121.24853205453681,51.43,15.0
2026-03-19 18:30:00,1.1089178957986578,1.1091146920001327,1.1041183624953,1.1042946539437497,48.46586907093416,51.47,15.0
2026-03-19 18:45:00,1.1041912482723226,1.104587931762307,1.0957133933664478,1.0957891095445722,97.7486625799158,51.26,15.0
2026-03-19 19:00:00,1.0957625646949118,1.0959625488423546,1.0917530340147754,1.0920745979054156,406.02456951494094,50.98,15.0
2026-03-19 19:15:00,1.09213789458501,1.0923865743525156,1.0911790013581149,1.0918058462096603,41.05416978396001,51.27,15.0
2026-03-19 19:30:00,1.0918006045434845,1.0935204068279785,1.0917003355070183,1.0933067359126458,165.12087479181108,51.34,15.0
2026-03-19 19:45:00,1.0932910839737713,1.0934430128025046,1.092372843737903,1.0927415277759616,125.81977255919533,51.36,15.0
2026-03-19 20:00:00,1.092643011493282,1.0940639986716596,1.0925386236375554,1.0939753822837588,129.03453307666166,51.19,15.0
2026-03-19 20:15:00,1.0939682809594093,1.0942118241036287,1.093917673908456,1.0940935730192711,247.54221559592497,51.08,15.0
2026-03-19 20:30:00,1.094074305871139,1.095980753474573,1.0939234611343303,1.0956189018111364,214.78986386406712,51.27,15.0
2026-03-19 20:45:00,1.0957376467682538,1.1003080086732497,1.095654899943694,1.1000314306925212,186.73092232574805,51.64,15.0
2026-03-19 21:00:00,1.0998733452659402,1.1100731975883513,1.0987339395636062,1.1080794685646143,377.8615567556049,52.22,15.0
2026-03-19 21:15:00,1.1079992600150326,1.1106881466909397,1.107238464710972,1.1105586737296962,362.0416644556795,51.94,15.0
2026-03-19 21:30:00,1.110612963088493,1.1115543856181571,1.1095893846465805,1.1098301133380972,489.0793981223413,51.89,15.0
2026-03-19 21:45:00,1.109913874437116,1.1099719224173692,1.107107791297871,1.108610066305048,721.4167602720948,51.58,15.0
2026-03-19 22:00:00,1.1086100230497709,1.108610566151209,1.108055540669877,1.1080555499788534,124.22258066805051,51.59,15.0
2026-03-20 15:30:00,1.107978005625459,1.108874242396239,1.1048512982553171,1.1051072819390628,104.87776795351884,51.38,15.0
2026-03-20 15:45:00,1.104995525886999,1.1057253743317752,1.1030185483573933,1.103392007767959,96.52254262715623,51.16,15.0
2026-03-20 16:00:00,1.1033106937243173,1.1034477557279536,1.1012831335801534,1.1014705476768827,50.540278424288765,51.24,15.0
2026-03-20 16:15:00,1.1014479199575744,1.1147169455674828,1.1007298827339602,1.1136522240503677,49.32292588540568,51.77,15.0
2026-03-20 16:30:00,1.1136887865501994,1.1138322649691643,1.1092397498675115,1.1093461166573113,119.729688644292,52.0,15.0
2026-03-20 16:45:00,1.1093204599504862,1.1136379892618231,1.1090888133345878,1.1136325318098537,54.63917512154476,51.89,15.0
2026-03-20 17:00:00,1.113568782694853,1.1139965087950494,1.1118568578375327,1.1121606613864425,52.23459351948894,52.15,15.0
2026-03-20 17:15:00,1.112066997926102,1.1125739018290393,1.1082492353583435,1.1090363911406036,109.58836148394741,51.72,15.0
2026-03-20 17:30:00,1.1089734412620533,1.1093509423883332,1.1087556009700041,1.108985744709831,100.47292885401149,51.79,15.0
2026-03-20 17:45:00,1.1089170699965814,1.109682143493429,1.1089141516745098,1.1096398839521686,56.351899294619486,51.78,15.0
2026-03-20 18:00:00,1.109650895556381,1.1098970439051579,1.1091579378604102,1.1093043879922413,81.1531026119285,51.68,15.0
2026-03-20 18:15:00,1.1093329495855349,1.1093974316397184,1.1070709642182013,1.1072319381128861,66.93776351598272,51.66,15.0
2026-03-20 18:30:00,1.1072708415243406,1.1088346322502183,1.1068255091464974,1.1087546740608705,57.22519306088778,51.62,15.0
2026-03-20 18:45:00,1.1088517342412159,1.1109766635759248,1.1087969100621773,1.1108686558449077,39.23643849783495,51.8,15.0
2026-03-20 19:00:00,1.1107824518312022,1.1181734012855007,1.110552911363146,1.1174725500051548,40.36860497824424,51.61,15.0
2026-03-20 19:15:00,1.1174392005468896,1.1179485441737582,1.1173933315651399,1.11776385655899,44.3516151645634,51.78,15.0
2026-03-20 19:30:00,1.1178723834895563,1.1180874688245523,1.113536651976325,1.1136051105733122,146.96582411743523,51.76,15.0
2026-03-20 19:45:00,1.1136397376660594,1.1138564335358436,1.113509034475213,1.1136146483888723,109.02408315788489,51.67,15.0
2026-03-20 20:00:00,1.11358859021236,1.1143442203184402,1.107957751870727,1.1081326975209622,76.26012935676036,51.44,15.0
2026-03-20 20:15:00,1.10823826264441,1.1083623452789493,1.1066958849650226,1.1067191645661336,115.63548037509008,51.26,15.0
2026-03-20 20:30:00,1.106771252190007,1.107085047141022,1.1065108889394368,1.1067496260706668,103.5306852385875,51.1,15.0
2026-03-20 20:45:00,1.106734008904626,1.1069367833882322,1.1064662028132441,1.1068488827153815,159.83685242955445,51.01,15.0
2026-03-20 21:00:00,1.106840949038302,1.106992613581438,1.1061108311000627,1.1061215764763803,115.26975986579437,51.1,15.0
2026-03-20 21:15:00,1.1060677768777425,1.1061794556391087,1.1027547743330341,1.102956770793527,62.60928001872369,51.13,15.0
2026-03-20 21:30:00,1.1029197086642497,1.1036842351148897,1.1027776665807862,1.103512562220333,269.89624062277557,50.96,15.0
2026-03-20 21:45:00,1.1034027410725153,1.103830649414718,1.1019035163123851,1.1022202780699053,782.2220235457462,51.49,15.0
2026-03-20 22:00:00,1.1022203345063986,1.1022205085237944,1.101715480527747,1.1017158771819195,136.13508528949424,51.48,15.0
2026-03-23 15:30:00,1.102370867870967,1.1034510980513483,1.0979000109948678,1.1007735873715387,182.84281410273223,52.54,15.0
2026-03-23 15:45:00,1.1005964429293127,1.1036157167032594,1.0997642743022056,1.1023106314629947,262.0951182231057,52.86,15.0
2026-03-23 16:00:00,1.1023640524759803,1.1024859944326313,1.1006869852044663,1.1015953984490003,271.5792786063375,52.69,15.0
2026-03-23 16:15:00,1.1015568354621936,1.1019029257902482,1.1005618811425637,1.1008394557506764,132.5552960468574,52.62,15.0
2026-03-23 16:30:00,1.1007214293238945,1.1017371973840728,1.1005807861194339,1.1012206402711755,52.11111634207016,52.35,15.0
2026-03-23 16:45:00,1.1012734919358063,1.1015616973039857,1.0935226846582973,1.0940900612269764,115.54719025393494,52.59,15.0
2026-03-23 17:00:00,1.0941359782822666,1.094516520813765,1.0940297131149233,1.0941705053126087,70.76560421012489,52.55,15.0
2026-03-23 17:15:00,1.0941201000020995,1.0953045197796323,1.0862493748609365,1.0863101294118742,99.03255799412128,52.25,15.0
2026-03-23 17:30:00,1.0862801883983275,1.095229039088974,1.0856987141836292,1.095219637845251,194.521985879521,52.12,15.0
2026-03-23 17:45:00,1.095071074264288,1.0958757557079264,1.091139545162359,1.0922162279313707,165.23629387671286,51.64,15.0
2026-03-23 18:00:00,1.0920460972195278,1.0923194248384283,1.0844048057195954,1.084500945405635,92.9060865189618,52.0,15.0
2026-03-23 18:15:00,1.0844705612712162,1.0846507257958031,1.0840360067193417,1.084135755720926,165.20654695540088,51.85,15.0
2026-03-23 18:30:00,1.084102210732842,1.0845302052260801,1.0774445819089027,1.077695833626174,235.66636049616903,52.16,15.0
2026-03-23 18:45:00,1.0777053196947177,1.0789697823998827,1.0776622766206716,1.0788217202081598,39.513703165277995,52.09,15.0
2026-03-23 19:00:00,1.078778037640415,1.0804221467610762,1.0786490242927123,1.0803294967250912,65.3698998512518,52.09,15.0
2026-03-23 19:15:00,1.080329924545255,1.0805151785934672,1.0801388848200104,1.080394323148863,108.9744813484522,52.03,15.0
2026-03-23 19:30:00,1.0803719849232012,1.081046073251645,1.079770004662645,1.0809030652490401,82.13013667196816,52.2,15.0
2026-03-23 19:45:00,1.0809248319674853,1.0827662829294056,1.0806995771398396,1.0827189408948932,35.25746022406065,52.31,15.0
2026-03-23 20:00:00,1.0828267519198649,1.0860146581910886,1.0824976280125775,1.0850354831191291,182.4683884918681,52.29,15.0
2026-03-23 20:15:00,1.0849823521728048,1.0856211949541343,1.0847997891047525,1.0849094923824365,149.43022660605482,52.29,15.0
2026-03-23 20:30:00,1.084868399365534,1.0862908191543237,1.084616585931646,1.0861231349860736,77.57642716489643,52.49,15.0
2026-03-23 20:45:00,1.0860979190390572,1.0871052836232515,1.08589845537213,1.08706782957881,65.83768262359617,52.49,15.0
2026-03-23 21:00:00,1.087030749762935,1.0871014403719474,1.086318167461512,1.0865887674815664,147.64421982745066,52.46,15.0
2026-03-23 21:15:00,1.086592836026041,1.0865929057689339,1.0841927732742818,1.0842712082287727,68.65032224894271,52.44,15.0
2026-03-23 21:30:00,1.0843267154632856,1.0844984203644028,1.0823050805250967,1.0827747445870923,269.12854290080077,52.31,15.0
2026-03-23 21:45:00,1.0826283124636602,1.0828679184878829,1.080621080420683,1.0807557180343135,701.6251911594996,52.01,15.0
2026-03-23 22:00:00,1.0807556812904944,1.0807562603337362,1.0807249181633114,1.080725198544967,88.20269340360738,52.0,15.0
2026-03-24 15:30:00,1.0809869470808786,1.089811659396319,1.0787492757861472,1.089344151797079,100.04552769187737,51.9,15.0
2026-03-24 15:45:00,1.0893304188259678,1.089824157038597,1.0881916378470304,1.0896279520188847,39.839897917229855,51.87,15.0
2026-03-24 16:00:00,1.0895065979735474,1.0908552650956105,1.0890443803085985,1.090785596683406,71.33983345720831,52.1,15.0
2026-03-24 16:15:00,1.0907760824382922,1.091359538335726,1.0889538618916212,1.0889539512084798,57.953491838028235,52.14,15.0
2026-03-24 16:30:00,1.0889871433116152,1.0902302038967249,1.08850678174885,1.0899708034057274,36.79380631306277,52.2,15.0
2026-03-24 16:45:00,1.0901171426692733,1.0904509564506366,1.0896422676606445,1.0902333960664905,174.76848205064,52.54,15.0
2026-03-24 17:00:00,1.090258374537243,1.0904725965892463,1.0894711491325428,1.0894992083458062,40.895604875101576,52.78,15.0
2026-03-24 17:15:00,1.0894626624787478,1.0894821259780123,1.0893314650031498,1.0893479162576616,109.32611222370517,52.75,15.0
2026-03-24 17:30:00,1.0893463399226229,1.0894577132613954,1.0892388538644906,1.0892647676290572,77.13232184637675,52.87,15.0
2026-03-24 17:45:00,1.0892831115412973,1.089461421581619,1.0881871551789106,1.088234473037109,168.75026591611015,52.76,15.0
2026-03-24 18:00:00,1.0882056787345953,1.0888101271222639,1.0831228277116562,1.084649114518387,58.471032890068,52.64,15.0
2026-03-24 18:15:00,1.0846441934495015,1.0863471692335824,1.0844582778260565,1.0861013012858676,45.97109404873955,52.76,15.0
2026-03-24 18:30:00,1.0861127985489145,1.0863480665263037,1.082205612714687,1.0823348812236042,27.175519457817504,52.69,15.0
2026-03-24 18:45:00,1.0823204879437016,1.0827744519402271,1.0808020704167691,1.080996762918911,37.683299219234,52.69,15.0
2026-03-24 19:00:00,1.0810391332493536,1.0851401341920945,1.0808532535273003,1.0850317883463534,59.393947947009714,52.39,15.0
2026-03-24 19:15:00,1.0850899912293728,1.0856012970165028,1.08287639038675,1.0829146911825862,29.35326811659038,52.48,15.0
2026-03-24 19:30:00,1.0829264461990515,1.0832141217317424,1.0828760595793123,1.0829500652533046,53.05308431846484,52.46,15.0
2026-03-24 19:45:00,1.0828699304249059,1.0835799026980248,1.0827798209662904,1.0832278168564449,50.62052554316351,52.46,15.0
2026-03-24 20:00:00,1.0832328999433558,1.0834024110123004,1.082340428429399,1.0826409118241864,57.80812031964173,52.34,15.0
2026-03-24 20:15:00,1.0825973458918794,1.0831584161352148,1.081242394195025,1.0814218777543072,189.33029827952484,52.43,15.0
2026-03-24 20:30:00,1.081270380366895,1.0814161005445022,1.077518483119764,1.0780628089948003,182.1060793572213,52.49,15.0
2026-03-24 20:45:00,1.0780693198375155,1.078814192432425,1.0779971096554803,1.0787388842299928,41.21097653762127,52.51,15.0
2026-03-24 21:00:00,1.078847065847422,1.0789689855721256,1.0767294753681644,1.0767542756348012,165.22480453760346,52.48,15.0
2026-03-24 21:15:00,1.0767839698006894,1.0783315650205862,1.0766240053748322,1.0782633848967025,176.18192758328576,52.48,15.0
2026-03-24 21:30:00,1.0782444802179167,1.0788300066829286,1.0778961650092374,1.0786838118045032,328.78205537197204,52.49,15.0
2026-03-24 21:45:00,1.0787113370309132,1.0791307913871753,1.0757883870629732,1.0760537685599314,858.2593946060289,52.4,15.0
2026-03-24 22:00:00,1.07605436588774,1.0762324947295034,1.0760381781412456,1.0762213563427039,140.90506698711184,52.43,15.0
2026-03-25 15:30:00,1.076104248903729,1.085121503394128,1.0758869231747683,1.0845363618745316,86.21367906846265,53.09,15.0
2026-03-25 15:45:00,1.0846347992191423,1.0855710319446907,1.0844167066282593,1.085378136585773,102.44674657612448,52.66,15.0
2026-03-25 16:00:00,1.0850450008156816,1.0856641174878778,1.0827786712405858,1.083102498911845,78.98443040237714,52.52,15.0
2026-03-25 16:15:00,1.0831757278361571,1.086247913240499,1.0825132344000536,1.0857159857137402,124.46207941305993,52.67,15.0
2026-03-25 16:30:00,1.0857984196626624,1.0867927003576394,1.0855632626712892,1.0861957374793785,59.92698498838447,52.89,15.0
2026-03-25 16:45:00,1.0861298060528917,1.086511816873213,1.083762955249071,1.0838325473148684,62.12738921006067,52.97,15.0
2026-03-25 17:00:00,1.0838237703189726,1.0840347247428048,1.0769937700410745,1.0770691239837684,239.7052725885307,52.27,15.0
2026-03-25 17:15:00,1.0769510214023665,1.077617965839175,1.0733897572581628,1.0737119208226935,220.50132365676347,52.49,15.0
2026-03-25 17:30:00,1.0736000875078149,1.0744268392597842,1.0718830484049624,1.0729668474988645,291.440289181789,52.32,15.0
2026-03-25 17:45:00,1.0730376669827602,1.0730650162187019,1.0687097943730328,1.0687677624286285,113.81355373412211,52.43,15.0
2026-03-25 18:00:00,1.0688077638623954,1.0726290191772032,1.068573684279585,1.072565930395395,52.11391713560259,52.56,15.0
2026-03-25 18:15:00,1.0725431560635617,1.0729143826092884,1.0711682816138741,1.0712172665491244,44.30291676474007,52.61,15.0
2026-03-25 18:30:00,1.0712761683577376,1.0713134847850891,1.0711066149756232,1.0712208582407472,56.48499627926568,52.67,15.0
2026-03-25 18:45:00,1.0712738183528296,1.081833797068366,1.0711508656968742,1.0808585162321154,72.67198224126868,52.91,15.0
2026-03-25 19:00:00,1.0808234397275622,1.0821760229797686,1.0807546283172242,1.0820575041954075,71.48685897466149,52.94,15.0
2026-03-25 19:15:00,1.0820859914715948,1.0821015725239533,1.0788281513689528,1.0790721190741992,45.59374666342695,52.85,15.0
2026-03-25 19:30:00,1.079106384644829,1.0792213628216263,1.0780944542250108,1.07810796924905,55.20251656525,52.86,15.0
2026-03-25 19:45:00,1.0780765794834357,1.078331775329646,1.0777180114474163,1.0782003354197802,21.5501535648057,52.62,15.0
2026-03-25 20:00:00,1.0781831573981473,1.0782809792773744,1.0776198954552618,1.0776598815055987,38.91437541038184,52.69,15.0
2026-03-25 20:15:00,1.0776326578176945,1.0780274884248469,1.0775762652073602,1.077905887017463,67.12390729042725,52.7,15.0
2026-03-25 20:30:00,1.0779498337715787,1.0781801099990438,1.0748039163279572,1.0750054531165678,91.42482135036569,52.73,15.0
2026-03-25 20:45:00,1.0750699874591372,1.0753607379309604,1.0736077054869153,1.0740430962280996,28.75585480325081,52.61,15.0
2026-03-25 21:00:00,1.0739979721747483,1.074188794125238,1.073049477676091,1.0732500045438906,47.31769015525616,52.52,15.0
2026-03-25 21:15:00,1.0731871017454286,1.0734916047055,1.0719833850831344,1.0724912720799509,142.2773169514032,52.43,15.0
2026-03-25 21:30:00,1.0723441093625679,1.0723464980451352,1.0713328442786618,1.0720920895122452,261.1881254358239,52.56,15.0
2026-03-25 21:45:00,1.0722060126312432,1.077189503009955,1.0716914097116312,1.0767513592682176,714.2310289456617,52.7,15.0
2026-03-25 22:00:00,1.076751395646068,1.076841890276683,1.0767506999987373,1.0768417515461843,151.72709001245744,52.69,15.0
2026-03-26 15:30:00,1.0766546330932467,1.0909275848529245,1.0760309000512716,1.0896607136907168,100.80063814964043,53.04,15.0
2026-03-26 15:45:00,1.0896409192307186,1.09384426885424,1.08933196483683,1.0936718469788365,153.00331776214634,53.4,15.0
2026-03-26 16:00:00,1.0935642243433952,1.0942579713839622,1.0877236605149692,1.0885036746180425,98.50601662487948,53.54,15.0
2026-03-26 16:15:00,1.088526232043212,1.088831728051108,1.0862712448244565,1.0864272708066227,129.17582409479775,53.44,15.0
2026-03-26 16:30:00,1.0866381579039481,1.0872845171715233,1.0773133597298608,1.0778617741424326,121.86078640454883,53.23,15.0
2026-03-26 16:45:00,1.0777917457908326,1.0782207386835818,1.0776362919114657,1.0777673705255064,68.42856781691708,53.35,15.0
2026-03-26 17:00:00,1.0778242963555458,1.078143594918784,1.0721201442121742,1.0723353587064375,191.0717651527242,53.23,15.0
2026-03-26 17:15:00,1.072329662898524,1.0728097086345803,1.065968511391904,1.0667805900724288,57.67983708164824,52.98,15.0
2026-03-26 17:30:00,1.066798470492419,1.0690697559208313,1.06675249399293,1.0690627736902822,60.49311610489205,52.92,15.0
2026-03-26 17:45:00,1.0691239832591277,1.0707132705893758,1.068958810785696,1.0705406335713818,122.38824285259932,52.8,15.0
2026-03-26 18:00:00,1.070620165304127,1.0709307431138477,1.0703427379657129,1.0707258421251222,158.81659954661347,52.91,15.0
2026-03-26 18:15:00,1.0707719801618099,1.0707770880369285,1.0705273792693863,1.0706259848680428,100.60685595016177,52.83,15.0
2026-03-26 18:30:00,1.0706543301875877,1.0709109639087089,1.0677058904501717,1.0678766085759779,77.70647685444527,52.73,15.0
2026-03-26 18:45:00,1.0678159409093329,1.0712767059495618,1.0677893688034397,1.0706165259517484,55.49149095551219,52.86,15.0
2026-03-26 19:00:00,1.0705943107116083,1.0729770573568795,1.0703919835812832,1.0729117204786387,35.17454521000025,52.75,15.0
2026-03-26 19:15:00,1.072876427205807,1.0729809314670198,1.0725365950944967,1.0726222007031387,100.76685428357807,52.73,15.0
2026-03-26 19:30:00,1.072685605966681,1.0730672032162993,1.07247102893233,1.0728479886921936,102.62571272855446,52.68,15.0
2026-03-26 19:45:00,1.072919230409807,1.0751330419696423,1.072882863410533,1.075044816278057,82.68949570416925,52.72,15.0
2026-03-26 20:00:00,1.0750470104738392,1.075850804779983,1.0747082187489374,1.074886734362628,67.16379745244357,52.49,15.0
2026-03-26 20:15:00,1.0748859124213785,1.0751440198655875,1.0714976202837452,1.071613614059715,108.87704854467785,52.55,15.0
2026-03-26 20:30:00,1.07155176850459,1.0743749652877324,1.0714788176963113,1.0742906014758757,129.4864784389339,52.65,15.0
2026-03-26 20:45:00,1.0743010265825383,1.0750228104622999,1.0742534637015626,1.0749125829958015,62.27455954611602,52.73,15.0
2026-03-26 21:00:00,1.0748778011785989,1.0765834252440039,1.0746007228804564,1.0761378880374661,122.12226617124337,52.54,15.0
2026-03-26 21:15:00,1.0761474219198681,1.0777726898739535,1.0753976059283772,1.0776854462464491,94.90836495295848,52.51,15.0
2026-03-26 21:30:00,1.0775840648062749,1.0814410600456479,1.0773946072017528,1.0808156722357656,116.28555492004543,52.64,15.0
2026-03-26 21:45:00,1.0806625287573095,1.0911504295256194,1.0804846597928472,1.0907097606735294,1309.1209615903945,52.7,15.0
2026-03-26 22:00:00,1.0907096708844621,1.0907096912372203,1.0905604604345904,1.0905605029076053,186.02421292992221,52.7,15.0
2026-03-27 15:30:00,1.091063734981114,1.093978411908814,1.0755543894124575,1.0789901633308132,90.7148687494386,51.87,15.0
2026-03-27 15:45:00,1.0789032253348032,1.0807976374055337,1.078711515764033,1.0803501870561218,67.20875488750644,51.75,15.0
2026-03-27 16:00:00,1.0806341862507054,1.0857986614429362,1.0799182547896062,1.0829536474802315,175.98222156380376,51.47,15.0
2026-03-27 16:15:00,1.0827823253279918,1.0835305956051011,1.0791924821113301,1.0793798233388057,132.70738102392193,51.51,15.0
2026-03-27 16:30:00,1.079455187637753,1.0796754704169873,1.0781981748577374,1.0783753155423044,46.92206517008918,51.31,15.0
2026-03-27 16:45:00,1.0783143009895793,1.078526792660408,1.0767219778871828,1.0769932456299303,65.43481265946102,51.34,15.0
2026-03-27 17:00:00,1.0769995673947734,1.0784781596300246,1.076884308035196,1.0778886646257873,139.6822879128801,51.14,15.0
2026-03-27 17:15:00,1.0778011648157246,1.0784353384088048,1.0776273997783679,1.0776733712005997,90.97957091627613,51.29,15.0
2026-03-27 17:30:00,1.0776969330562731,1.0778075844625916,1.0760920417233992,1.0764436900940733,81.44368331848995,51.13,15.0
2026-03-27 17:45:00,1.0764293111167982,1.0777940631550091,1.0761055685637952,1.0777825178568405,51.53713532678925,51.29,15.0
2026-03-27 18:00:00,1.0778243219016979,1.079655914258428,1.0776077590362694,1.0794928567752744,68.7650403370338,51.16,15.0
2026-03-27 18:15:00,1.07948947772523,1.0807998528215863,1.0788614037245061,1.0807223082206094,63.29135437271742,51.24,15.0
2026-03-27 18:30:00,1.0808726956453798,1.0818550912506815,1.0686841088525127,1.0690602780257585,122.06143064488754,51.02,15.0
2026-03-27 18:45:00,1.0690367331741812,1.0713909233485073,1.0687610122576587,1.0708143943636492,46.72727109343213,51.03,15.0
2026-03-27 19:00:00,1.0707947423004722,1.0711765206452812,1.070463305578699,1.0704692539169605,84.99777298119336,51.04,15.0
2026-03-27 19:15:00,1.0704618495446203,1.0727353071937828,1.070371461847717,1.0724317374671186,131.3508316847611,50.87,15.0
2026-03-27 19:30:00,1.0723946903881556,1.0733152828719452,1.0721303093299952,1.073099416181257,89.01415957849193,50.84,15.0
2026-03-27 19:45:00,1.0730787485368052,1.0734040571628183,1.072923332387511,1.0732193715552774,54.373347247470186,50.82,15.0
2026-03-27 20:00:00,1.0731353944396806,1.073832284120365,1.0729509946188223,1.0736251919951385,37.56367782789113,50.7,15.0
2026-03-27 20:15:00,1.073770971846347,1.0740902473746252,1.0715840939367176,1.0718971818087422,69.58027589072447,50.9,15.0
2026-03-27 20:30:00,1.0719121135223246,1.0762106874498674,1.0718305331518425,1.0760823218916085,158.01807816690388,51.06,15.0
2026-03-27 20:45:00,1.0760379357212408,1.077602284135438,1.075951603870703,1.0774299206440912,78.52460457654554,51.22,15.0
2026-03-27 21:00:00,1.0773731422887387,1.0776192173557906,1.0752035515381835,1.0752564689234005,170.77852766408054,50.96,15.0
2026-03-27 21:15:00,1.0752651724862754,1.0753277508561943,1.0723724675453743,1.0729328032835306,262.26778402084966,50.81,15.0
2026-03-27 21:30:00,1.0729415904115116,1.075055299561721,1.0724133838302043,1.074749144700707,201.90074944710716,50.73,15.0
2026-03-27 21:45:00,1.074788887816288,1.074989255745433,1.0740425922213361,1.0747223945214108,1108.1305296664948,50.93,15.0
2026-03-27 22:00:00,1.0747223049330574,1.0748362710283865,1.074722195224295,1.0748360372599433,101.46194127881837,50.95,15.0
2026-03-30 16:30:00,1.0748240492659349,1.0773118687407495,1.0743086099825694,1.0767358139225356,92.20981350712137,51.7,15.0
2026-03-30 16:45:00,1.076623376861683,1.093685070834021,1.0756548633322112,1.0929958678357614,74.49874530981555,51.84,15.0
2026-03-30 17:00:00,1.0930491439721186,1.0933090327183932,1.0925231173184573,1.092774324689159,109.55018226364332,51.73,15.0
2026-03-30 17:15:00,1.0930973559726975,1.0957203965611102,1.0922496336630843,1.0955750260051196,101.90554498464536,51.87,15.0
2026-03-30 17:30:00,1.0955734309930183,1.097773625440121,1.0955047288792836,1.0977682627902967,56.06163428501842,51.92,15.0
2026-03-30 17:45:00,1.0978149814510187,1.0982382088668243,1.0976342315119145,1.0976726460536734,92.90747585964134,52.09,15.0
2026-03-30 18:00:00,1.0976330085890709,1.0981432388346803,1.086478684363642,1.0872674761656942,159.45425391988252,51.84,15.0
2026-03-30 18:15:00,1.0872176442710477,1.0872813600101159,1.083210400394495,1.0834695211724001,64.04658879698556,51.97,15.0
2026-03-30 18:30:00,1.083370727985216,1.0840115421544207,1.0799890465426343,1.080109671840161,31.500407597288547,52.07,15.0
2026-03-30 18:45:00,1.0801039940641415,1.0801607291873137,1.0796953057597334,1.0799578653793125,224.9073172944835,52.15,15.0
2026-03-30 19:00:00,1.0800207826666317,1.0805664124558094,1.0799969822710034,1.080262937451306,141.39533983563288,52.12,15.0
2026-03-30 19:15:00,1.0802071339392767,1.0807587733796657,1.080136672290672,1.0803210588932077,76.0222679865566,52.05,15.0
2026-03-30 19:30:00,1.0803318339108439,1.0813293813214735,1.0802963304557354,1.0813126054766673,45.042509928879255,52.0,15.0
2026-03-30 19:45:00,1.0813374846750374,1.08135833412131,1.0805576780499935,1.08071456532553,67.63237092086771,51.98,15.0
2026-03-30 20:00:00,1.0807258327110243,1.0829120752489676,1.0805669453142268,1.0824548721866407,45.721028499291215,51.98,15.0
2026-03-30 20:15:00,1.08248499783004,1.0826430245547942,1.0780864023765533,1.0782854278377376,65.74262704762366,51.79,15.0
2026-03-30 20:30:00,1.0782783469855373,1.0782813670514086,1.0775273731839918,1.0780755607778845,227.4864330207877,51.87,15.0
2026-03-30 20:45:00,1.0781487284351856,1.078194423087275,1.0746945514625943,1.0747253351476846,165.0365091368435,51.78,15.0
2026-03-30 21:00:00,1.0747201713758685,1.07486483836164,1.071158681482558,1.0714666152900216,96.53651283421699,51.69,15.0
2026-03-30 21:15:00,1.0714794557207061,1.0716799594080977,1.0701828228407408,1.0702920096401867,38.56378782514312,51.77,15.0
2026-03-30 21:30:00,1.0702372454671292,1.0729977865726001,1.0701154998680025,1.0729099331118983,142.83142597872055,51.91,15.0
2026-03-30 21:45:00,1.0728773916311618,1.073137583895283,1.0728595569886452,1.073081583385038,124.73060453262521,52.02,15.0
2026-03-30 22:00:00,1.0731034360967968,1.0748281041081302,1.0725988921253973,1.0747314537451709,206.09337892477032,51.9,15.0
2026-03-30 22:15:00,1.074742209776733,1.0758748121415957,1.0747419160072562,1.0757569467028936,195.37919360971478,51.96,15.0
2026-03-30 22:30:00,1.0758038700583414,1.0775808372889182,1.0755014951936934,1.0774088303130989,391.74904617247194,52.0,15.0
2026-03-30 22:45:00,1.0773689465831668,1.0796949344841085,1.077086998207042,1.0796943780895432,521.2153467263122,52.05,15.0
2026-03-30 23:00:00,1.0796944857723967,1.0796945641650713,1.0796855875798976,1.0796857318865958,129.45351545602227,52.04,15.0
2026-03-31 16:30:00,1.0794246053700682,1.093816332019876,1.0789924792405117,1.0923431453704673,138.53615448213873,52.76,15.0
2026-03-31 16:45:00,1.0920827073641717,1.0990560044915498,1.0920292074515996,1.0989249041643512,32.78829224479436,53.1,15.0
2026-03-31 17:00:00,1.0987456284844808,1.1094189405249315,1.098677794531442,1.1083902053467547,86.09071959996317,52.64,15.0
2026-03-31 17:15:00,1.1084448477324922,1.1122246268110405,1.1079855028974277,1.1116723245915838,201.2424489281031,52.35,15.0
2026-03-31 17:30:00,1.111719454249392,1.111796820472502,1.1064684551991577,1.107566438741805,90.44762078358943,52.07,15.0
2026-03-31 17:45:00,1.1079366567475442,1.1086659856558787,1.0952913065411365,1.0956155697300614,521.7613318992655,51.6,15.0
2026-03-31 18:00:00,1.0955635382298734,1.1088614080069918,1.09553875409462,1.107255519088723,198.15080745088088,52.37,15.0
2026-03-31 18:15:00,1.1072926514017658,1.1075153985527708,1.1015900373320613,1.1020026552166298,102.96791211126829,52.16,15.0
2026-03-31 18:30:00,1.1019453242813058,1.1027267185538283,1.101263108149197,1.1025586614137763,247.9782327587833,51.66,15.0
2026-03-31 18:45:00,1.1025265110606548,1.1053622709429594,1.1024244917148973,1.105185058374421,166.95795655371,51.63,15.0
2026-03-31 19:00:00,1.1052096650509362,1.1054556066329027,1.1028761610226903,1.1030889740328573,178.0551136243794,51.78,15.0
2026-03-31 19:15:00,1.1030528542587,1.1032801257002307,1.1018553252458716,1.102680955556588,94.61575770483377,51.51,15.0
2026-03-31 19:30:00,1.1025405061830047,1.1036383795847236,1.075707311813716,1.0800809272666927,394.7882210816491,52.34,15.0
2026-03-31 19:45:00,1.0798909857873815,1.080205954082658,1.0729876008935721,1.073751595009492,133.04228633287588,52.09,15.0
2026-03-31 20:00:00,1.0736611850216369,1.0741965907040696,1.0734494777156496,1.0739761277766737,60.284716254024154,52.18,15.0
2026-03-31 20:15:00,1.074071323767643,1.0750610378123457,1.0738217662260663,1.0745982026191074,114.10465697472378,52.12,15.0
2026-03-31 20:30:00,1.074568427195717,1.0746302438227937,1.0725826266534364,1.072628160713344,63.77595027016573,52.23,15.0
2026-03-31 20:45:00,1.0726446399892704,1.0728763853232448,1.071507868476895,1.0719550658652308,35.65808021061469,52.28,15.0
2026-03-31 21:00:00,1.0719876423393466,1.0730414373262496,1.071922808540432,1.0723872344495553,86.57808263730408,52.37,15.0
2026-03-31 21:15:00,1.072261303609505,1.0722824081381541,1.0686719143354364,1.0689440613823091,206.44634264255765,52.11,15.0
2026-03-31 21:30:00,1.068994374074817,1.0693707396877088,1.0680240528996976,1.0684418453110973,55.753114166196525,52.05,15.0
2026-03-31 21:45:00,1.068465111225274,1.0685278349670784,1.0672480430717313,1.067315917401328,86.7385776598234,52.26,15.0
2026-03-31 22:00:00,1.0673185533621272,1.0694024302090472,1.067019534645376,1.0689902285386415,186.12272702307055,52.41,15.0
2026-03-31 22:15:00,1.0689035333314758,1.0691073174110242,1.0681109363970283,1.0681231206440935,427.29426297122933,52.53,15.0
2026-03-31 22:30:00,1.067854729071365,1.0717547639977119,1.0676852536387764,1.0716726806025036,227.71626329706467,52.66,15.0
2026-03-31 22:45:00,1.0717342633891513,1.0735756825250613,1.0680290468466729,1.0684875605871085,787.0022722044237,52.27,15.0
2026-03-31 23:00:00,1.0684946730551332,1.0692812950164932,1.0684777598922024,1.069259713107106,259.8705209673081,52.26,15.0
2026-04-01 16:30:00,1.0693804290817037,1.0818688588802639,1.0675822248636206,1.079771076441784,79.90947844394839,52.6,15.0
2026-04-01 16:45:00,1.0797879133425359,1.0805638068521461,1.0793405265680607,1.0795920031996409,101.19529521899655,52.91,15.0
2026-04-01 17:00:00,1.079586944998974,1.0797552563697101,1.0734513720946506,1.0742542831697561,236.2117481988662,53.19,15.0
2026-04-01 17:15:00,1.0741905384096913,1.0744858664272008,1.0734051249313075,1.073538986948899,190.32072371620438,53.41,15.0
2026-04-01 17:30:00,1.0734596767802316,1.0736416501177186,1.0698933550592395,1.070073441450721,219.83495994954296,53.76,15.0
2026-04-01 17:45:00,1.0699934345456619,1.0704108116235362,1.0679466491744618,1.0681997266100158,289.38318714134067,53.83,15.0
2026-04-01 18:00:00,1.0682402621988685,1.0688058854169864,1.0654684796077136,1.0654998076317037,405.60430571875645,53.75,15.0
2026-04-01 18:15:00,1.0655313409371863,1.0664777729622532,1.065291895453836,1.066307617704353,422.6023421495793,53.59,15.0
2026-04-01 18:30:00,1.0662191075417424,1.071461561250056,1.0661556691421532,1.071425991763957,164.28255008878196,53.68,15.0
2026-04-01 18:45:00,1.0714675210132667,1.073552162260408,1.07135763257426,1.0734485290320768,122.58538683501077,53.77,15.0
2026-04-01 19:00:00,1.0735423859233348,1.076314938671436,1.0733936025865785,1.0758855650304693,113.49211876847541,53.65,15.0
2026-04-01 19:15:00,1.0758268923647643,1.0759139264767683,1.0754106642853705,1.0755405157972198,100.4618185662287,53.64,15.0
2026-04-01 19:30:00,1.0755243235441743,1.0756391202258715,1.074480600355385,1.0752598486775657,239.38789798312715,53.55,15.0
2026-04-01 19:45:00,1.0752563991615283,1.0753571841030134,1.074538692727162,1.074808950115167,47.32299438871806,53.67,15.0
2026-04-01 20:00:00,1.0749137582621255,1.080585818721082,1.0745363968653896,1.080510267668553,43.291052799612864,53.86,15.0
2026-04-01 20:15:00,1.0805595502386882,1.0807488098807443,1.0789938886136896,1.0791681516074614,109.24733430764026,53.84,15.0
2026-04-01 20:30:00,1.079219039617725,1.0794733425807375,1.075058449384048,1.0752828465133228,185.12144096802746,54.0,15.0
2026-04-01 20:45:00,1.0753160031488587,1.0764186729451823,1.0753059069312125,1.0760314190001365,140.2751388334121,53.94,15.0
2026-04-01 21:00:00,1.076066517106347,1.0791596740492702,1.076037527409143,1.0787231569890665,165.03811570599183,53.9,15.0
2026-04-01 21:15:00,1.0787849990208997,1.0811465969304381,1.0780917033779736,1.0809775516912128,265.2936052264985,53.83,15.0
2026-04-01 21:30:00,1.0810007503342194,1.0815209204039944,1.079503628483701,1.0798499996837982,404.32910905964366,53.89,15.0
2026-04-01 21:45:00,1.0798499495828673,1.081487862683854,1.0798285219381756,1.0812151494651772,414.0965554131519,53.8,15.0
2026-04-01 22:00:00,1.0812067186836085,1.081664783404532,1.0792260372941236,1.079698634029097,169.4712467233866,53.66,15.0
2026-04-01 22:15:00,1.0796518181799066,1.0805664944000206,1.0794364244359678,1.0804952046317045,308.661433663362,53.73,15.0
2026-04-01 22:30:00,1.0805091147248318,1.0809935345627086,1.0782485022220916,1.078564068115532,291.6306605274045,53.5,15.0
2026-04-01 22:45:00,1.0785201060445821,1.079828750738172,1.0783987094647187,1.0794578717572652,856.4628394167559,53.48,15.0
2026-04-01 23:00:00,1.0794576119302335,1.0795951273068594,1.0794574841882167,1.0795949414433874,130.43029749438585,53.48,15.0
2026-04-02 16:30:00,1.079733112193779,1.0807444058465956,1.0746329875091958,1.0763334511300238,213.01439613970547,52.6,15.0
2026-04-02 16:45:00,1.076187493396547,1.0773150043057516,1.0747263077844604,1.0753226002503629,62.084415123628325,53.16,15.0
2026-04-02 17:00:00,1.075213568572561,1.0768189217785435,1.0730257371088163,1.0767687327567872,148.03559841719314,52.92,15.0
2026-04-02 17:15:00,1.0768216244631224,1.0784617209438014,1.0764986310021343,1.078388491214792,153.14481566538313,53.05,15.0
2026-04-02 17:30:00,1.0788986043836528,1.0837481086027083,1.0765918524185294,1.0793792843589276,247.3742310839068,53.64,15.0
2026-04-02 17:45:00,1.079611473823076,1.0796976698953165,1.0769664057290353,1.0772439388716148,131.67210472320113,53.79,15.0
2026-04-02 18:00:00,1.0772522156952224,1.0775228890159327,1.0723006610213954,1.0725850138527218,213.34298567870178,53.64,15.0
2026-04-02 18:15:00,1.0725213449096282,1.0736065448492709,1.072057865863077,1.072930943543948,154.60834211357394,53.6,15.0
2026-04-02 18:30:00,1.072778006841162,1.081857349195265,1.0719741908949796,1.0803260938909778,211.18723886131457,53.04,15.0
2026-04-02 18:45:00,1.080384635589098,1.0817844010156052,1.08003892707701,1.0814371658961424,414.17489800226434,53.08,15.0
2026-04-02 19:00:00,1.0816053017750253,1.0880956367038583,1.0814060943876107,1.0878622634410502,129.06054206559574,53.0,15.0
2026-04-02 19:15:00,1.0878691308965993,1.087935680791869,1.0843734392271516,1.084946354586087,267.89937080828673,52.99,15.0
2026-04-02 19:30:00,1.0850002078397991,1.0852511940048686,1.0836097121613242,1.0839021365527457,112.66813372235127,53.01,15.0
2026-04-02 19:45:00,1.0838676139894827,1.0858517759724633,1.0837201870555848,1.0857765180577466,106.29920048833242,53.04,15.0
2026-04-02 20:00:00,1.0856035570700013,1.0860008735116815,1.0837098345206393,1.0839417714673902,144.32223806166144,52.93,15.0
2026-04-02 20:15:00,1.083900381584807,1.0871850779435792,1.0838397625083922,1.0871840872387581,37.32591131738401,52.95,15.0
2026-04-02 20:30:00,1.0871618911801313,1.087325936780631,1.0868626173265872,1.0871104033036827,70.40526626588368,53.09,15.0
2026-04-02 20:45:00,1.0871248476376023,1.087276516547846,1.0850316201568841,1.0851817488672544,123.65188763564707,53.08,15.0
2026-04-02 21:00:00,1.0852736323583783,1.0854915117239061,1.0850818556795763,1.0854133770338807,47.92713536722717,53.16,15.0
2026-04-02 21:15:00,1.0854140303922608,1.0870161514429633,1.0852456698705564,1.0859841177900564,83.58792877953995,52.93,15.0
2026-04-02 21:30:00,1.0859780790618083,1.0869399405992461,1.0859290908072383,1.086711691196861,234.77066418047943,53.04,15.0
2026-04-02 21:45:00,1.0868024522596695,1.088720181394058,1.0867940558607951,1.0883734764790916,82.96020627247458,53.13,15.0
2026-04-02 22:00:00,1.0884089090440274,1.0903795621661472,1.0883270375218113,1.0902511755661068,60.55940568313848,53.19,15.0
2026-04-02 22:15:00,1.090279312345718,1.09127778087839,1.0900515736237886,1.0909321913030925,203.5526394906643,53.37,15.0
2026-04-02 22:30:00,1.0910721812487882,1.0929119750508665,1.0904708238530536,1.0924406654512897,226.3614755993185,53.25,15.0
2026-04-02 22:45:00,1.0922490024758387,1.0938648094562202,1.092119985519469,1.093640637700213,437.6812058183885,53.13,15.0
2026-04-02 23:00:00,1.093640613616592,1.0936408566638456,1.093462936923659,1.0934630884313108,62.39861932655592,53.13,15.0
2026-04-06 16:30:00,1.0934534697845155,1.0964063533499455,1.0922568451339882,1.0958610571094878,156.15108637503397,52.78,15.0
2026-04-06 16:45:00,1.0962138550570242,1.1042814569293338,1.0954277657657017,1.1039543530123146,156.00210518474708,52.84,15.0
2026-04-06 17:00:00,1.1040872656858436,1.105028716603906,1.099122924909258,1.099442147718699,203.4564655395817,53.02,15.0
2026-04-06 17:15:00,1.0995571716389019,1.1000767182922735,1.0968316164145886,1.0979509295818766,106.42421184693681,53.03,15.0
2026-04-06 17:30:00,1.0979043088897915,1.098146883191844,1.0960953289028113,1.0964862716550319,259.84582716835223,53.22,15.0
2026-04-06 17:45:00,1.096488835366127,1.0966438569487227,1.0948444018890109,1.094957996509883,64.57708639896161,53.28,15.0
2026-04-06 18:00:00,1.0950954838389542,1.0952171228147356,1.0915697976004466,1.0922807944039257,243.0552855932297,53.07,15.0
2026-04-06 18:15:00,1.092254416393742,1.0923989103446567,1.086859364301688,1.0870847101209182,128.0912187579939,53.0,15.0
2026-04-06 18:30:00,1.087087320337429,1.0894204296581007,1.0867746824061761,1.089274560772225,37.743613448446844,52.96,15.0
2026-04-06 18:45:00,1.0892573480474432,1.0895348614381695,1.0889533937686373,1.0889802189344684,83.46617501119546,53.0,15.0
2026-04-06 19:00:00,1.0889696447101491,1.0926183382391423,1.088926574640403,1.092588182029346,128.64606171948964,53.03,15.0
2026-04-06 19:15:00,1.0926105118557503,1.0931471665301535,1.0924619991747258,1.092992619115885,41.14889989568978,53.18,15.0
2026-04-06 19:30:00,1.0930791124710688,1.095005941687158,1.092761623879413,1.0947995514695803,34.53479471056712,53.24,15.0
2026-04-06 19:45:00,1.0947815990779115,1.0948609964285094,1.0945902102376854,1.0946439853085628,37.171943074908796,53.16,15.0
2026-04-06 20:00:00,1.0946300467841952,1.0982836249379349,1.0945604649729823,1.0979287071112975,41.71556688628652,53.04,15.0
2026-04-06 20:15:00,1.097816397067996,1.09910910108699,1.0977605698858026,1.0985209726125538,51.00362971940343,53.34,15.0
2026-04-06 20:30:00,1.0984401408306934,1.099993726877508,1.0979078008180816,1.0998450855240542,124.62694571692161,53.38,15.0
2026-04-06 20:45:00,1.0998651029483526,1.1015279048597648,1.0994301590241393,1.1012670021348359,64.35976861941907,53.25,15.0
2026-04-06 21:00:00,1.1012573924406384,1.101551144383296,1.1006076547659476,1.1009896939128243,62.850235645483174,53.22,15.0
2026-04-06 21:15:00,1.1010839027189339,1.101290079909424,1.0965174367771375,1.0970277154114962,45.08503052063027,53.4,15.0
2026-04-06 21:30:00,1.096997128937645,1.098524292847914,1.0966147181295063,1.0981800345001815,194.70537651302283,53.54,15.0
2026-04-06 21:45:00,1.0981635087424373,1.0982997783931128,1.096841392367254,1.0970625791050561,22.848358633963777,53.53,15.0
2026-04-06 22:00:00,1.0970586933720037,1.0974179865910032,1.0965643180551974,1.0971221056702856,161.32420460392058,53.51,15.0
2026-04-06 22:15:00,1.0970776385111218,1.0972675201970907,1.0969064378437816,1.0971953596266177,62.65663639385092,53.42,15.0
2026-04-06 22:30:00,1.097144492704875,1.1015455967533254,1.0966846613722532,1.1005993413476614,132.37430348564084,53.67,15.0
2026-04-06 22:45:00,1.1006958183838094,1.1016307683260032,1.098005830238468,1.0987382606133869,1160.0518402032842,53.82,15.0
2026-04-06 23:00:00,1.0987381238694065,1.09873854339762,1.0984309192670563,1.0984309331892936,126.46010153624007,53.8,15.0
2026-04-07 16:30:00,1.0988512817894218,1.102518613911672,1.09798021429484,1.1007412407045325,65.88874411479519,53.51,15.0
2026-04-07 16:45:00,1.1008159812840157,1.1014949896888464,1.0971565388671927,1.0974494466535658,66.79582415447115,53.45,15.0
2026-04-07 17:00:00,1.0974088826206914,1.0989399111143103,1.095908222634644,1.096242516791102,73.21665294501602,53.13,15.0
2026-04-07 17:15:00,1.096162029299683,1.1023872626950448,1.0955997056301012,1.1022803227041313,575.7169775950914,52.98,15.0
2026-04-07 17:30:00,1.1021113315320927,1.1027772296115361,1.0955728107176335,1.0958462844198018,43.071006390269375,52.66,15.0
2026-04-07 17:45:00,1.09597424769409,1.0966868187203005,1.0938927040162145,1.0945153491641444,88.4721373844164,52.95,15.0
2026-04-07 18:00:00,1.094539277748944,1.0947787295448403,1.0909389388034736,1.0912007866625009,129.27532241089273,52.79,15.0
2026-04-07 18:15:00,1.0911313019062536,1.0977571046766994,1.0904052609329609,1.0972718232387801,218.70972836831473,52.98,15.0
2026-04-07 18:30:00,1.0973147209665106,1.0974369592724882,1.0920362732173996,1.0925166525987675,41.202669075326874,53.2,15.0
2026-04-07 18:45:00,1.0925157328027215,1.092587444693742,1.0860963634105176,1.0861134534974335,68.20583630532968,53.3,15.0
2026-04-07 19:00:00,1.085908404716782,1.1006142476651697,1.0844817552009711,1.0994744095475255,331.8176500005805,53.27,15.0
2026-04-07 19:15:00,1.0994570747034873,1.1032967374915859,1.0993264052197427,1.1032403268279696,97.19906049572157,53.41,15.0
2026-04-07 19:30:00,1.1032502199295773,1.1034737961773518,1.0990547187308792,1.0992447038110478,34.542469373271594,53.43,15.0
2026-04-07 19:45:00,1.0993631334935843,1.1003181238023476,1.099118770323502,1.1002291695336988,31.34560721406585,53.66,15.0
2026-04-07 20:00:00,1.10020545313282,1.1002059819059338,1.098728144782723,1.0987695075175639,45.2991034873528,53.67,15.0
2026-04-07 20:15:00,1.0987434520729549,1.1003680274904282,1.098710897525141,1.1002025761106806,70.20715540267744,53.74,15.0
2026-04-07 20:30:00,1.1002637172585061,1.1018147004030114,1.098967035141554,1.1016671357760008,118.41462258344184,54.01,15.0
2026-04-07 20:45:00,1.10163471591992,1.1043091486500525,1.101421636914843,1.1042321012190186,26.059742982586812,53.82,15.0
2026-04-07 21:00:00,1.104226197659378,1.1045375003284101,1.1041450842443379,1.1042397744534544,48.93584192482505,53.73,15.0
2026-04-07 21:15:00,1.1042795452033247,1.1047267256691684,1.1042512117575418,1.1042816952764245,38.31149481074755,53.78,15.0
2026-04-07 21:30:00,1.104288435874036,1.10444793185879,1.1031693172625032,1.1032450118498205,60.319665839908716,53.61,15.0
2026-04-07 21:45:00,1.1032179583104704,1.1050393271732912,1.1029116367224256,1.104844491679874,63.00312513016091,53.59,15.0
2026-04-07 22:00:00,1.104780044997121,1.10505941824911,1.1004589094294543,1.100693184017676,97.86853231658368,53.51,15.0
2026-04-07 22:15:00,1.1005547614500024,1.1006381555987017,1.0945236434828067,1.0952952863531475,306.7546500916285,53.82,15.0
2026-04-07 22:30:00,1.0952673359390064,1.0956149144555019,1.09504128660333,1.0952279662603184,118.25629537777262,53.76,15.0
2026-04-07 22:45:00,1.0952541622859318,1.0967176663545732,1.0952253942033745,1.0961802401778011,1062.055860719872,53.84,15.0
2026-04-07 23:00:00,1.0961802658924942,1.0961806732886132,1.0959654226922813,1.0959656834897564,148.2616952405069,53.83,15.0
2026-04-08 16:30:00,1.0960934762637704,1.1131389135107315,1.0950716995072738,1.1124898825333058,85.12692645454456,55.81,15.0
2026-04-08 16:45:00,1.1126829319523643,1.1161730914439403,1.1064696058516117,1.1085500155142705,305.9190325763891,55.14,15.0
2026-04-08 17:00:00,1.108522892609093,1.1198032170363774,1.10770583654175,1.1183370569826803,234.90587807717623,54.76,15.0
2026-04-08 17:15:00,1.1182965525742303,1.1197351771262467,1.1180416666277704,1.119416635597878,290.82704170743426,54.78,15.0
2026-04-08 17:30:00,1.119048262938798,1.1209107366361264,1.1164540162199894,1.117093147645458,341.92524834291874,54.41,15.0
2026-04-08 17:45:00,1.1171304905179311,1.1184553902017929,1.1166124967628375,1.1178889696157357,271.8503641429859,54.04,15.0
2026-04-08 18:00:00,1.117949640685084,1.1185373020000942,1.1170375021306773,1.1171921241993517,156.83874122627356,54.03,15.0
2026-04-08 18:15:00,1.1170100125302727,1.12301917269844,1.1168785787873137,1.1217216571622668,134.6201479110141,54.57,15.0
2026-04-08 18:30:00,1.1216593107818342,1.1283598646008446,1.1215618752565129,1.1281114373835042,81.29894672093361,54.73,15.0
2026-04-08 18:45:00,1.1282178821833266,1.1284888036288794,1.1261101933175275,1.12612100787218,66.24891810181465,54.81,15.0
2026-04-08 19:00:00,1.12610891520832,1.126280943976216,1.1229614726973054,1.1231504840317112,70.57769099885446,54.66,15.0
2026-04-08 19:15:00,1.1231197195073617,1.123338876629972,1.1211461883122138,1.1213131556201035,96.20140215119393,54.63,15.0
2026-04-08 19:30:00,1.1213162509289878,1.1215251745342592,1.1201134680604508,1.1201951818367184,60.84476100173656,54.55,15.0
2026-04-08 19:45:00,1.1200905517827728,1.1207117621589218,1.1196504987021145,1.1206907394358407,91.30292891653554,54.46,15.0
2026-04-08 20:00:00,1.120775856854885,1.1234631959795913,1.1202966554641356,1.122991239817881,107.32746753283767,54.56,15.0
2026-04-08 20:15:00,1.1230338103945385,1.1230499715235354,1.1194243692441972,1.1198781664526474,40.98469506785186,54.63,15.0
2026-04-08 20:30:00,1.11982809120416,1.1201438044529863,1.1182998903928854,1.118449606436532,120.34172123596362,54.81,15.0
2026-04-08 20:45:00,1.1186463422653345,1.1245392196179707,1.1177367355559722,1.1241870627184352,138.59844280457457,55.45,15.0
2026-04-08 21:00:00,1.1242934823661823,1.12430770061936,1.1227786646982458,1.1232792525399866,191.2425151777563,55.29,15.0
2026-04-08 21:15:00,1.123281250928214,1.1254659823397917,1.1229273830156123,1.1249174554161094,118.34198830639902,55.06,15.0
2026-04-08 21:30:00,1.124879466608332,1.1253761257481987,1.1209544601923056,1.1212577074705203,45.20684353516972,54.73,15.0
2026-04-08 21:45:00,1.121261647284469,1.1233791628826442,1.1210810425899267,1.122956600729757,128.36752159860842,54.57,15.0
2026-04-08 22:00:00,1.122973907433734,1.1234455623497883,1.1228487729804226,1.1232167831200148,59.864537319819256,54.66,15.0
2026-04-08 22:15:00,1.1231948042282203,1.1237619056689172,1.1215425437724253,1.121872860266091,259.8062158272711,54.82,15.0
2026-04-08 22:30:00,1.121873252448853,1.1261477769942643,1.1217756033263346,1.125871188833147,328.37383576548956,54.94,15.0
2026-04-08 22:45:00,1.1259083581213887,1.1263756317774516,1.121118586811035,1.1211902358837624,889.4181725916179,55.21,15.0
2026-04-08 23:00:00,1.121190231395164,1.1211905480697981,1.120599355693054,1.1205998868787557,64.88094633147716,55.21,15.0
2026-04-09 16:30:00,1.1203722263217974,1.1249021528407457,1.119541621666142,1.1241469514316762,60.0848131212472,54.56,15.0
2026-04-09 16:45:00,1.1233702176893448,1.1257640091095598,1.119876765575512,1.1226642204255306,173.72049599251469,54.25,15.0
2026-04-09 17:00:00,1.1227709707510882,1.1256048150223037,1.1218012407216098,1.1237809669147034,156.30199074019254,54.31,15.0
2026-04-09 17:15:00,1.123726434337828,1.123849204943125,1.1188804932319378,1.1193788667446019,187.35705493992202,54.34,15.0
2026-04-09 17:30:00,1.119439441942865,1.1200410849548161,1.116368163565599,1.1164387318958142,98.25951222566158,54.29,15.0
2026-04-09 17:45:00,1.1165322311005335,1.1173051478063958,1.1153612547612395,1.1156713209139246,141.41247725087874,54.41,15.0
2026-04-09 18:00:00,1.1157462643767504,1.1161071437616137,1.1154910450262447,1.1156611116871102,184.11324955739167,54.58,15.0
2026-04-09 18:15:00,1.115629526662205,1.115758152681951,1.1147560231556275,1.1149629049165122,84.73462214762598,54.47,15.0
2026-04-09 18:30:00,1.1151566649068567,1.1155431494347565,1.1100642166037447,1.1119680665333251,326.15802259175666,54.9,15.0
2026-04-09 18:45:00,1.112055495639419,1.1157005946874718,1.1118530882669322,1.1156818983382095,282.28570949725446,55.51,15.0
2026-04-09 19:00:00,1.1157444343378238,1.1161035759207685,1.1109491858117868,1.1111077089679078,80.91229140056232,55.62,15.0
2026-04-09 19:15:00,1.1111211201486797,1.1153425937960924,1.1108385613573872,1.1150410713442904,238.89672095978284,55.75,15.0
2026-04-09 19:30:00,1.1151234171316449,1.1156207321437905,1.1101800411371645,1.1108656591996833,210.76633386505074,56.01,15.0
2026-04-09 19:45:00,1.1107731154436304,1.110830834653905,1.1103093718380472,1.1104214395731586,298.77476739152394,55.95,15.0
2026-04-09 20:00:00,1.110384145877837,1.1110993802662967,1.1102707416413264,1.11098893764601,129.91570742380762,56.03,15.0
2026-04-09 20:15:00,1.1110298025476881,1.1117352719329037,1.1091253330528457,1.1094164747160933,117.80145117860908,55.93,15.0
2026-04-09 20:30:00,1.109430491194921,1.10958036929481,1.1085802395536255,1.1087113631476078,174.75537950941788,55.87,15.0
2026-04-09 20:45:00,1.1087213874941282,1.1087388256784525,1.1078565466968475,1.108179068246963,37.24915012832318,55.87,15.0
2026-04-09 21:00:00,1.1082450564257609,1.108411067080212,1.1058117613691443,1.1061282248297837,131.8998923278579,55.83,15.0
2026-04-09 21:15:00,1.1060953697530311,1.1080806454150252,1.1058755620990497,1.1079117481789729,119.976431318145,55.89,15.0
2026-04-09 21:30:00,1.107868348453564,1.1081621091961205,1.1056545897118812,1.1058419294520596,87.84277554288735,55.68,15.0
2026-04-09 21:45:00,1.1058802337218512,1.1092931366214531,1.1058360555433535,1.1088908355053924,220.97115899395936,55.7,15.0
2026-04-09 22:00:00,1.1088930749983543,1.1092467900559524,1.107260544697805,1.1079448609793392,486.33395063557043,55.86,15.0
2026-04-09 22:15:00,1.1079739974995577,1.1090163359287917,1.1078531488494523,1.108597678264428,275.5721183083259,55.85,15.0
2026-04-09 22:30:00,1.1086026228509127,1.109544218088646,1.101252233995603,1.1014969385778575,339.181323195384,55.61,15.0
2026-04-09 22:45:00,1.1015367422374813,1.1085214635708425,1.101069839633073,1.1085080976824708,1071.8747991885486,55.58,15.0
2026-04-09 23:00:00,1.1085080570115766,1.1085083285820847,1.1081703700922194,1.1081707975318975,190.8103382869589,55.57,15.0
2026-04-10 16:30:00,1.1082398380161849,1.1089895026348322,1.0972893268708532,1.0979111581903174,80.55483287079204,55.96,15.0
2026-04-10 16:45:00,1.0980188451108241,1.098779658216955,1.0928437708291978,1.093439930516213,68.83733959676815,55.59,15.0
2026-04-10 17:00:00,1.0933561598293149,1.0947954063333276,1.0929689290466444,1.0946692218975917,42.97950772183451,55.85,15.0
2026-04-10 17:15:00,1.0946076519335264,1.0991596048336607,1.0942841162682295,1.0990536654452627,89.52119340020224,55.88,15.0
2026-04-10 17:30:00,1.0991090534161656,1.102187904757767,1.0987868316006921,1.1019348044317074,69.92613309566087,55.53,15.0
2026-04-10 17:45:00,1.1020130004773747,1.1031756120930891,1.1019630209581472,1.1030337960212597,61.7624080420964,55.42,15.0
2026-04-10 18:00:00,1.103101339060492,1.1033645631393405,1.1000673425283283,1.1000895771898789,36.907788081571645,55.55,15.0
2026-04-10 18:15:00,1.1000653338735369,1.1001874773733784,1.0972790753733324,1.097303226204295,46.504347825115495,55.51,15.0
2026-04-10 18:30:00,1.0972497926405107,1.0975429677096924,1.0948910642724203,1.0950296666991344,141.81925913547354,55.32,15.0
2026-04-10 18:45:00,1.0950022434886333,1.0973647736047798,1.0946890130115696,1.0969038083710712,114.99563222645621,55.17,15.0
2026-04-10 19:00:00,1.0968171380485334,1.099437023162762,1.0964469369689331,1.0991506206126156,16.56537954709482,55.28,15.0
2026-04-10 19:15:00,1.0991918173733215,1.0994196652214585,1.097383663056501,1.097677414155597,82.30229822049112,55.34,15.0
2026-04-10 19:30:00,1.0977029610789077,1.0999359818044465,1.097349148556644,1.0998389328808904,79.41179800165739,55.36,15.0
2026-04-10 19:45:00,1.0998308500020384,1.0998612950405333,1.0996424192949863,1.099711279022353,68.8497508762153,55.35,15.0
2026-04-10 20:00:00,1.0997856921661395,1.1015849581038495,1.0995102554832488,1.1012564875706892,36.32352312653413,55.27,15.0
2026-04-10 20:15:00,1.1012413000224675,1.1037384484183483,1.101166153155673,1.10368078934042,74.56610485813906,55.24,15.0
2026-04-10 20:30:00,1.1036378558412843,1.103856699029404,1.1026440710463015,1.1027450509671972,69.42329599722966,55.3,15.0
2026-04-10 20:45:00,1.1027573466743597,1.1045057643469243,1.1026774198389329,1.1043055235428791,47.219068475317215,55.34,15.0
2026-04-10 21:00:00,1.1043848087231396,1.1072203589132332,1.1041463476955193,1.1070404282109163,99.78722204798545,55.12,15.0
2026-04-10 21:15:00,1.1070178742503696,1.107433508714372,1.1060233615697979,1.1063880804220807,61.007356462110096,55.26,15.0
2026-04-10 21:30:00,1.1064091026407945,1.106481606607271,1.1047779529122432,1.104860826921449,59.059324028389746,55.2,15.0
2026-04-10 21:45:00,1.1048549844836437,1.105800908165257,1.104822268139553,1.1056525781198747,93.13555048110825,55.31,15.0
2026-04-10 22:00:00,1.1056129696517634,1.1058238486169734,1.1052416592972105,1.105334270697844,112.96172663719221,55.36,15.0
2026-04-10 22:15:00,1.1054021520553303,1.1055595562665261,1.1032460773094652,1.1033947503901258,87.19155817865334,55.49,15.0
2026-04-10 22:30:00,1.1033591709772432,1.1036395599293667,1.1017567681575238,1.1018173264959967,149.65109414747133,55.53,15.0
2026-04-10 22:45:00,1.101839934812932,1.1042247990560359,1.1017404841123506,1.1040349210254543,933.4656398895005,55.57,15.0
2026-04-10 23:00:00,1.1040349420516973,1.1040352566251435,1.1037122700349729,1.1037124015468167,175.72576373276874,55.54,15.0
2026-04-13 16:30:00,1.1036367025714375,1.1048049381068445,1.098903744893883,1.0992511607115167,105.67371359141954,55.44,15.0
2026-04-13 16:45:00,1.099503435150892,1.1145215188851614,1.0964984693314173,1.1127866809526865,85.9825240909963,56.36,15.0
2026-04-13 17:00:00,1.112725593496499,1.1144229186671288,1.1121967616828219,1.1142474691136106,136.24598621432708,56.17,15.0
2026-04-13 17:15:00,1.1142255580868752,1.1142407136790582,1.11261573115095,1.112671444409213,67.76386502047926,56.15,15.0
2026-04-13 17:30:00,1.1126932792688395,1.1179384839925681,1.112440921888586,1.1179129416912303,164.47911354930906,55.9,15.0
2026-04-13 17:45:00,1.1178519368561957,1.1226316625671524,1.1173537723554288,1.1224672839437548,63.753794698017856,56.02,15.0
2026-04-13 18:00:00,1.1224289276722428,1.12243459898905,1.1201058286477616,1.1201884999249256,166.34030081685813,55.8,15.0
2026-04-13 18:15:00,1.12008997271657,1.1213706372959227,1.119723599054775,1.120960433072992,123.28054887775373,55.77,15.0
2026-04-13 18:30:00,1.1209009659525906,1.121134427338883,1.1207201535540903,1.1207579771358487,59.4793161011182,55.81,15.0
2026-04-13 18:45:00,1.1207028127250722,1.122055020430013,1.120399972080205,1.1219608126828209,132.0128943266082,55.88,15.0
2026-04-13 19:00:00,1.121858967013861,1.1226280504884354,1.1129413199987783,1.1135279324109368,184.63431056558036,56.4,15.0
2026-04-13 19:15:00,1.113414336401193,1.1180229943427347,1.1133012590862015,1.1176015045319034,279.6893604860041,56.82,15.0
2026-04-13 19:30:00,1.1176467848392009,1.1187523325896314,1.117601946708447,1.1183469477431554,187.34807619172102,56.88,15.0
2026-04-13 19:45:00,1.1184562543788503,1.1187347385264683,1.1162781694277764,1.1169323648999077,206.0702811556768,57.08,15.0
2026-04-13 20:00:00,1.117057302775083,1.1175513971228284,1.1155473562989613,1.1156281379525803,190.25366802789068,57.02,15.0
2026-04-13 20:15:00,1.1156029341146771,1.11802375955972,1.1154259730384732,1.118006526912674,96.78383502591774,57.13,15.0
2026-04-13 20:30:00,1.1179745050783976,1.1180283783190137,1.117722817044793,1.1179348825774926,199.4248189719971,57.16,15.0
2026-04-13 20:45:00,1.1179425571672958,1.119045244744265,1.1177566229310043,1.1188504458344681,59.06741458514515,57.24,15.0
2026-04-13 21:00:00,1.1188824822902392,1.1197369855075177,1.1188330663149129,1.1195530513530716,87.3446013062933,57.45,15.0
2026-04-13 21:15:00,1.119604712504337,1.1196899701611063,1.1186414028337366,1.1187970613365767,134.99622930372757,57.46,15.0
2026-04-13 21:30:00,1.11873027698527,1.1188841664704272,1.1169919186306922,1.1169986628990005,103.40102598521459,57.56,15.0
2026-04-13 21:45:00,1.1170122256022261,1.117170243385693,1.1151042494965617,1.1151591808099353,205.70252783707727,57.38,15.0
2026-04-13 22:00:00,1.1152153770146558,1.1154373136491154,1.1138026263540517,1.1140492419914818,218.21883317741631,57.23,15.0
2026-04-13 22:15:00,1.1140065793074296,1.1145236221099613,1.1125137754092305,1.1130541855318654,319.04585096854146,57.42,15.0
2026-04-13 22:30:00,1.113027902741285,1.1132060647483273,1.112854014213052,1.1130161816789943,262.0208798654844,57.46,15.0
2026-04-13 22:45:00,1.11306942179895,1.1133357764158138,1.1114252699647846,1.1115515956037398,921.4425146225365,57.54,15.0
2026-04-13 23:00:00,1.1115515610486004,1.1115518164653324,1.1112935080824662,1.1112939266113768,186.68789059698335,57.53,15.0
2026-04-14 16:30:00,1.1113892936194743,1.1520477310162776,1.1074368257462346,1.1506879551641813,98.343779309081,59.02,15.0
2026-04-14 16:45:00,1.1506245158613202,1.1517967475160307,1.1454959380363505,1.1455186836867854,35.10897822928193,58.74,15.0
2026-04-14 17:00:00,1.1454077355970884,1.1460304481958523,1.1392154560688685,1.1399478292945866,61.36135541715808,58.98,15.0
2026-04-14 17:15:00,1.1399665596198767,1.1472331825143434,1.1385916152743605,1.1467105114535805,277.20100251557386,59.57,15.0
2026-04-14 17:30:00,1.1467058965321664,1.1487874781690057,1.146155923769954,1.1487292014291537,511.97866461013035,59.66,15.0
2026-04-14 17:45:00,1.1486380917448777,1.1556237924533967,1.1485252206798375,1.1546738832375951,272.145282519887,60.01,15.0
2026-04-14 18:00:00,1.1545252056354316,1.1558198145417369,1.1543761861269595,1.1554858365178164,107.55411447718888,60.06,15.0
2026-04-14 18:15:00,1.1554935440950787,1.1605185360623473,1.155061748115828,1.1598707058262687,147.4777792970803,60.31,15.0
2026-04-14 18:30:00,1.1598206878514492,1.160373743700764,1.1533065557385573,1.1538292033994522,105.87505786631044,60.2,15.0
2026-04-14 18:45:00,1.1537543288720586,1.1538634261919196,1.1524196325442684,1.1527065920561261,24.955835157201214,60.15,15.0
2026-04-14 19:00:00,1.1526491559532603,1.152652004712026,1.147029498856807,1.1470811710387356,80.5529772035076,60.0,15.0
2026-04-14 19:15:00,1.1470836787273944,1.1471050662847964,1.1433456566292026,1.1437131612779714,104.89216654218482,60.01,15.0
2026-04-14 19:30:00,1.1437101227389563,1.1469434029664127,1.1435361943317108,1.1466781860027995,269.0689149681043,59.89,15.0
2026-04-14 19:45:00,1.1466004339611515,1.1467315376305625,1.139086378555154,1.1393158770994833,388.0904390086477,59.69,15.0
2026-04-14 20:00:00,1.1393027205068857,1.1398988819155227,1.1358036183111009,1.1359854033931998,104.58276047864167,59.58,15.0
2026-04-14 20:15:00,1.1359297658403726,1.147138461260353,1.1354407957126957,1.1468926739091747,196.04554069640346,59.55,15.0
2026-04-14 20:30:00,1.1469101066951257,1.1469958695023912,1.1456225789030594,1.1458233080289508,86.76194513774473,59.52,15.0
2026-04-14 20:45:00,1.145908961371609,1.1459276694293876,1.1418038275774711,1.14182691171147,147.97430788923648,59.34,15.0
2026-04-14 21:00:00,1.14178227791085,1.1423299468731472,1.1396522955212345,1.139688160825159,104.58592039810672,59.27,15.0
2026-04-14 21:15:00,1.1397129881311143,1.1407197451207096,1.1346982867269755,1.1351193377354176,138.02931476883828,58.99,15.0
2026-04-14 21:30:00,1.1351636794248232,1.1360634217152488,1.1346558192924925,1.1347487797952407,144.48141295098452,58.97,15.0
2026-04-14 21:45:00,1.1347152010719976,1.1358425418730853,1.1343525337799725,1.1356663011781714,140.3856780957975,58.99,15.0
2026-04-14 22:00:00,1.1355884476276898,1.1359244331844929,1.134086533999018,1.1342309952816383,123.0348180614392,58.8,15.0
2026-04-14 22:15:00,1.1343264632521253,1.1370913843799968,1.13425927513655,1.1369417296979738,296.52459350643977,58.48,15.0
2026-04-14 22:30:00,1.1370061616426055,1.1371060889342413,1.1338543166315715,1.1345181071890755,353.9639370821918,58.52,15.0
2026-04-14 22:45:00,1.134513859613349,1.141773731920009,1.1338434210893586,1.1416277097679843,1258.2872488937787,58.65,15.0
2026-04-14 23:00:00,1.1416276900303681,1.1416279477517925,1.1409112810219564,1.1409114886747629,167.99703016302146,58.66,15.0
2026-04-15 16:30:00,1.1408405981074758,1.1443137558802443,1.1406005707690032,1.1438259384450282,245.1246939968535,59.12,15.0
2026-04-15 16:45:00,1.1439168905091648,1.144013267962406,1.1414301443332997,1.1429755868597036,48.56653107105449,59.22,15.0
2026-04-15 17:00:00,1.142950121925775,1.145406261909351,1.142580674238519,1.14514567727555,75.55766590261064,59.36,15.0
2026-04-15 17:15:00,1.1451683727593334,1.1480246171956512,1.144176901077203,1.1478551533948036,54.44701780727454,59.51,15.0
2026-04-15 17:30:00,1.147768998634842,1.1480290988446664,1.1443763313682878,1.1447440967245592,36.09199937740242,59.42,15.0
2026-04-15 17:45:00,1.144788560870203,1.1450516154982098,1.1433982201287265,1.1436587872874264,52.15817988376159,59.29,15.0
2026-04-15 18:00:00,1.1434975629461233,1.143772411913936,1.1402945660195425,1.1405503296954271,121.5670386691803,59.26,15.0
2026-04-15 18:15:00,1.140590600371076,1.1406052193572775,1.1375217319758115,1.1375341707137907,63.98043577231124,59.37,15.0
2026-04-15 18:30:00,1.1375227491745163,1.137669375803441,1.1359616647671402,1.1360811921740903,38.587456980261805,59.11,15.0
2026-04-15 18:45:00,1.1360861188654103,1.1382113623222458,1.1359783399621974,1.1377965439069637,139.7214475812336,59.11,15.0
2026-04-15 19:00:00,1.1377959631948018,1.1379388018022791,1.1376345151108864,1.1378545978742585,43.68845047029619,59.07,15.0
2026-04-15 19:15:00,1.1378206885966415,1.1394739629246662,1.1374832624296598,1.139419435878189,75.48512914535577,58.96,15.0
2026-04-15 19:30:00,1.1394230331875963,1.139464177323265,1.1367763365692034,1.1371334254813066,38.41696758663722,58.8,15.0
2026-04-15 19:45:00,1.137092978262397,1.1372746192563568,1.135464334441331,1.135560725158831,74.11815926423354,58.76,15.0
2026-04-15 20:00:00,1.1355091988982373,1.136862040119916,1.1354793396131646,1.1362035620386182,40.2316417880361,58.6,15.0
2026-04-15 20:15:00,1.1361654951669755,1.1406605969091963,1.1356083985352112,1.140486504122311,47.0722378921249,58.79,15.0
2026-04-15 20:30:00,1.1405261568921246,1.1421032281790864,1.140463577565832,1.1420923190460188,21.91748222367066,58.81,15.0
2026-04-15 20:45:00,1.142048259618447,1.1422324161681847,1.140022456263031,1.1403594573512854,37.29862619304366,58.71,15.0
2026-04-15 21:00:00,1.140454092491173,1.1404797017342436,1.1396580040851523,1.140006596355146,40.68876211639972,58.69,15.0
2026-04-15 21:15:00,1.1400528599631652,1.141020716837856,1.139773807056469,1.1408419941339625,45.07289985206721,58.72,15.0
2026-04-15 21:30:00,1.140832015523878,1.1408875844459385,1.1385412853122148,1.1388540697535812,83.18134896030051,58.66,15.0
2026-04-15 21:45:00,1.1388334832302631,1.1390296123874224,1.138313093197444,1.138328361025241,78.31481397190767,58.68,15.0
2026-04-15 22:00:00,1.138313807143176,1.1383444092045538,1.1374259180352677,1.137585501733096,93.92968309066056,58.65,15.0
2026-04-15 22:15:00,1.137549433093855,1.1378475205388257,1.1358626528681253,1.1359716199314944,147.93385450091975,58.51,15.0
2026-04-15 22:30:00,1.135785659701398,1.1388180158436054,1.13530396585495,1.1386084469540563,217.8324030639383,58.48,15.0
2026-04-15 22:45:00,1.1388471562941573,1.1389085571981359,1.1362449913319979,1.1368783531167186,318.36431710842606,58.5,15.0
2026-04-15 23:00:00,1.1368784643000125,1.1368786134081135,1.1361774626915306,1.1361776610141667,163.46393438361335,58.49,15.0
2026-04-16 16:30:00,1.1354908926781253,1.1432243264308404,1.1347678390026286,1.1428532133906413,143.05556826417575,57.43,15.0
2026-04-16 16:45:00,1.143271049299406,1.1439113037199056,1.1424069175965594,1.1429209121762378,214.4557649956844,57.71,15.0
2026-04-16 17:00:00,1.1429455882424446,1.146293416914747,1.1426294935316295,1.1461749503880867,118.14264480050245,57.67,15.0
2026-04-16 17:15:00,1.1460546015061497,1.1463898246313489,1.139051960363173,1.1398588113519226,149.32842186900132,57.79,15.0
2026-04-16 17:30:00,1.1400500420606001,1.1405982531655763,1.1345032825304273,1.1348289276300156,158.48114541367084,57.53,15.0
2026-04-16 17:45:00,1.1347661526076436,1.1354255839756089,1.1307775783312088,1.1311530255680893,44.32571657593678,57.37,15.0
2026-04-16 18:00:00,1.1312177726193011,1.1482645643718317,1.1302653435265189,1.148261900404249,357.12330323577635,57.57,15.0
2026-04-16 18:15:00,1.1482081960897554,1.1491381532551652,1.1466979373384294,1.1470568872333038,195.591271110818,57.81,15.0
2026-04-16 18:30:00,1.1471221017720674,1.1480415475897494,1.144187010990591,1.1443947827381806,248.42297559516942,57.71,15.0
2026-04-16 18:45:00,1.1443441863709316,1.1444117166210928,1.1435532176095116,1.143818284003095,53.47331525943105,57.61,15.0
2026-04-16 19:00:00,1.1438566647448396,1.1440786339211855,1.138488133400223,1.1385075289451663,29.46258240331192,57.55,15.0
2026-04-16 19:15:00,1.1384428463484477,1.139160133117481,1.1382371047253224,1.1389043276734119,38.91454063579799,57.83,15.0
2026-04-16 19:30:00,1.1389484378927075,1.1391687485736783,1.1371689830274259,1.1373465243290004,92.82734024401337,57.75,15.0
2026-04-16 19:45:00,1.1373280222665045,1.137722920536938,1.134693365041775,1.1350383940965871,95.07922994811736,57.86,15.0
2026-04-16 20:00:00,1.1351306056965418,1.1454882141471925,1.1341987779712945,1.1452726848868549,329.20271676698167,57.52,15.0
2026-04-16 20:15:00,1.1452468143867676,1.1453018273033275,1.1435990559656481,1.1439024767824464,61.30149464367123,57.53,15.0
2026-04-16 20:30:00,1.1439236356814295,1.143945286449452,1.1436504346097802,1.1437060175658091,65.57261832524304,57.6,15.0
2026-04-16 20:45:00,1.1436942101924221,1.1439627429346562,1.1391833066879333,1.1392638374819744,67.48359447807258,57.51,15.0
2026-04-16 21:00:00,1.139209471311544,1.1408214631028848,1.1389215186686645,1.1407683641100175,103.73574751164384,57.63,15.0
2026-04-16 21:15:00,1.1407455079057964,1.1408949163055961,1.1407189779267801,1.1407701779360158,124.43597405236308,57.53,15.0
2026-04-16 21:30:00,1.1407355839685944,1.1421196543737704,1.14055038884173,1.1420016908265647,66.73101455490263,57.65,15.0
2026-04-16 21:45:00,1.141987180924195,1.142027815951571,1.1377357452482437,1.1377388816927017,57.14531265704532,57.55,15.0
2026-04-16 22:00:00,1.1374730608595096,1.1391365614024505,1.1296788259533346,1.1303400148015237,638.0977814362401,57.04,15.0
2026-04-16 22:15:00,1.1302480836614521,1.133603244320885,1.1299110350970734,1.1332382495503723,251.42192499806285,57.31,15.0
2026-04-16 22:30:00,1.1332730860375184,1.1337147153063925,1.127467043453674,1.1283235482763925,202.1124701504488,57.02,15.0
2026-04-16 22:45:00,1.1283180433469462,1.1296885687504366,1.1282116510774374,1.1296510836149443,317.23357855069554,57.35,15.0
2026-04-16 23:00:00,1.1296511291109421,1.129651284901237,1.1290917183183828,1.1290918276551452,126.24888807071827,57.36,15.0
2026-04-17 16:30:00,1.1290003670129767,1.135227928048597,1.1267260508565056,1.1345665235672941,255.32042956877677,58.48,15.0
2026-04-17 16:45:00,1.1345223180564417,1.1395468121463055,1.13269173354072,1.138691785189825,100.64027971297253,59.26,15.0
2026-04-17 17:00:00,1.1386322570339906,1.1386853089900295,1.1368224949909786,1.1374947865762808,225.93853131758684,59.42,15.0
2026-04-17 17:15:00,1.1375387475373624,1.1397877670979981,1.137285282019413,1.1396141322464775,203.1519756201758,59.45,15.0
2026-04-17 17:30:00,1.1396498316905672,1.142423218693024,1.1383472588853292,1.140578316714608,40.76774144542309,59.88,15.0
2026-04-17 17:45:00,1.1405093556503998,1.1405443750947206,1.1343489234200397,1.1344368469011055,97.55073936763482,59.57,15.0
2026-04-17 18:00:00,1.134436108807508,1.1345562703121812,1.1290445631321755,1.1297772051539572,55.529474366785905,59.5,15.0
2026-04-17 18:15:00,1.1297177706737036,1.1303442537082597,1.128624591894491,1.1286766113433462,79.65804816976504,59.4,15.0
2026-04-17 18:30:00,1.12875452113033,1.1300039611202932,1.1285387929807327,1.1295870762863378,50.87084122421397,59.31,15.0
2026-04-17 18:45:00,1.1296091996105677,1.1324252917487734,1.1293715720733821,1.1317568787750085,64.93073210975312,59.55,15.0
2026-04-17 19:00:00,1.1317797729894488,1.1334606266966827,1.131777905189883,1.133315493620538,162.59339289011854,59.68,15.0
2026-04-17 19:15:00,1.1335102249705824,1.1340875173517673,1.1180046393752536,1.1185145672094015,70.38638698371662,59.27,15.0
2026-04-17 19:30:00,1.1184943604217374,1.11853939097287,1.1180050241203883,1.1182960932518198,64.58190718207501,59.31,15.0
2026-04-17 19:45:00,1.1183224654158417,1.1184206285194371,1.1161178392544329,1.1161571503263958,38.96289050524531,59.38,15.0
2026-04-17 20:00:00,1.1163251026242493,1.1202842518684455,1.1159014314344697,1.1194977923587175,62.84027154953041,59.25,15.0
2026-04-17 20:15:00,1.1196758181984454,1.1210881126144603,1.1195399288990697,1.1209293421227828,56.28957421538304,59.15,15.0
2026-04-17 20:30:00,1.120919876777617,1.120984305812896,1.1190051052956635,1.119218684887915,69.90025878638285,59.02,15.0
2026-04-17 20:45:00,1.1191511990309613,1.119168664986476,1.1141073516699214,1.1142252248335716,111.04650248274449,59.15,15.0
2026-04-17 21:00:00,1.114246531779792,1.1147164754771461,1.114149388638356,1.1144552316383087,77.31499617547593,59.02,15.0
2026-04-17 21:15:00,1.114511576866718,1.114615211173294,1.1137431536784885,1.1138706065153723,81.24917170874998,59.27,15.0
2026-04-17 21:30:00,1.1138738228651277,1.1140729705414352,1.1123915473659927,1.1124657544168095,89.15521809289635,59.3,15.0
2026-04-17 21:45:00,1.1124310714160859,1.1151669843172722,1.1124296890028713,1.1151566248539715,70.98375788584542,59.23,15.0
2026-04-17 22:00:00,1.1152363047720895,1.1154655143674648,1.1148670446484736,1.1151653711827967,148.43015993104552,59.17,15.0
2026-04-17 22:15:00,1.1151271199522461,1.116041664336279,1.1150749431603617,1.1157236403779929,123.12433592376641,59.21,15.0
2026-04-17 22:30:00,1.115659373577115,1.117364908682013,1.1152744085726272,1.1168796780993258,187.74158091869592,59.28,15.0
2026-04-17 22:45:00,1.11703741446852,1.1188164204666475,1.1168141235624325,1.1185260460102537,1067.058646118516,59.23,15.0
2026-04-17 23:00:00,1.118525898346846,1.1185260435429263,1.1182818033801796,1.1182818359528512,109.2521654584748,59.23,15.0
2026-04-20 16:30:00,1.1177502021383343,1.1464323780095167,1.117425803471199,1.1457161082143124,157.7521349089838,59.33,15.0
2026-04-20 16:45:00,1.1459312733070601,1.1462531440446282,1.1425663391752892,1.1425811877576406,97.19253973717952,59.95,15.0
2026-04-20 17:00:00,1.1426995074196171,1.1461062135381428,1.1419790602544768,1.1452373322897322,95.11075451409509,60.1,15.0
2026-04-20 17:15:00,1.145304218390487,1.145405408871627,1.135970802224991,1.1364201635486257,97.58955890770845,59.98,15.0
2026-04-20 17:30:00,1.136513771617652,1.1375924950185576,1.1364418480402494,1.1367685605268725,196.44285410780085,59.71,15.0
2026-04-20 17:45:00,1.1368767333515528,1.144589971485059,1.1368303327599754,1.1444362529063807,96.70906475185097,59.9,15.0
2026-04-20 18:00:00,1.1444138284134429,1.1444400472371639,1.1418328802135096,1.1419560797980592,78.55491303738086,59.81,15.0
2026-04-20 18:15:00,1.1419516704584651,1.147236240316834,1.1415685382295246,1.1469271227490485,106.2884946565505,59.86,15.0
2026-04-20 18:30:00,1.146951551618537,1.1472910118479245,1.1440988531367067,1.1442488238422281,91.11946089825771,59.98,15.0
2026-04-20 18:45:00,1.1442449224696594,1.144647460954533,1.141088803374094,1.1416317106399008,119.85627569319108,60.25,15.0
2026-04-20 19:00:00,1.1417539725426293,1.1445601861001244,1.141188159282236,1.144508065224418,71.42879043067123,59.88,15.0
2026-04-20 19:15:00,1.144459452416761,1.1445533846203426,1.1422088296947468,1.1424798591354501,54.69129402554584,59.76,15.0
2026-04-20 19:30:00,1.142454816345158,1.1424600542206915,1.1419868284782095,1.1420799045377263,126.8556402799706,59.84,15.0
2026-04-20 19:45:00,1.1420512299924583,1.1423349376083969,1.1419330169850466,1.1420149119109857,113.34670787979923,59.91,15.0
2026-04-20 20:00:00,1.141974450041975,1.1420045371825989,1.1411782297274309,1.1416696448526706,91.84801834549314,60.11,15.0
2026-04-20 20:15:00,1.1416222949936714,1.1447725760785181,1.1413607757740238,1.1446451737833907,131.55555980239922,60.34,15.0
2026-04-20 20:30:00,1.1446567551144105,1.1447762237030352,1.1430033633625414,1.1430091734426437,299.18868128075695,60.23,15.0
2026-04-20 20:45:00,1.1430389048943361,1.1433690012128606,1.1387861000189166,1.1390272114636624,48.25419237489045,60.38,15.0
2026-04-20 21:00:00,1.1390089978617526,1.139098268358093,1.137933446148196,1.1381469889718596,111.17334795709849,60.34,15.0
2026-04-20 21:15:00,1.1382348460826284,1.138359017086186,1.1330147910228916,1.1336497700375365,165.91027441448472,60.16,15.0
2026-04-20 21:30:00,1.13363976774059,1.1341584282099657,1.1326382108407533,1.132827560558362,168.81211146744172,60.34,15.0
2026-04-20 21:45:00,1.1328904693919415,1.1329816866293596,1.1313647122703168,1.1316796119545542,98.496646063632,60.39,15.0
2026-04-20 22:00:00,1.1317237583938162,1.1322047839243197,1.1289009199530953,1.1292260804097394,236.7505583053394,60.5,15.0
2026-04-20 22:15:00,1.1292615182732617,1.1296424919557744,1.1276575209810182,1.1281403933648217,82.85779919605616,60.54,15.0
2026-04-20 22:30:00,1.128207304917409,1.1296169519234005,1.1277216664798981,1.12944321330326,304.89040041667704,60.53,15.0
2026-04-20 22:45:00,1.1293133492642085,1.1310495073138602,1.1291875488922918,1.1309991513181417,1360.6458837606237,60.59,15.0
2026-04-20 23:00:00,1.1309991525529237,1.1309991945471645,1.130563436104237,1.1305639065792583,328.3334642204158,60.58,15.0
2026-04-21 16:30:00,1.1304123954872332,1.1423979633439116,1.1286418078070886,1.140682835909186,211.79713758368672,61.23,15.0
2026-04-21 16:45:00,1.140537254901924,1.1488699419994362,1.139423994920869,1.1484489047100679,142.75264482568124,62.01,15.0
2026-04-21 17:00:00,1.1484820687456887,1.1489971862887602,1.1482196866404553,1.1488976422789343,231.78807957669906,62.12,15.0
2026-04-21 17:15:00,1.1487774252802847,1.1492036241733763,1.1434377159822184,1.144095341043788,195.23113727609248,62.04,15.0
2026-04-21 17:30:00,1.1442630146116393,1.144283742661856,1.1415996097134873,1.1416243561717978,108.43685979453235,61.82,15.0
2026-04-21 17:45:00,1.1417094686074556,1.1432612897472565,1.1383733505299183,1.1392200501168794,115.5227491032516,60.99,15.0
2026-04-21 18:00:00,1.1392534933872382,1.1452053844178665,1.1389949102078283,1.1449210999339865,124.34463846285497,60.86,15.0
2026-04-21 18:15:00,1.1449559352995424,1.1459556755821856,1.1368395559029827,1.137265958227014,87.72602885451023,60.35,15.0
2026-04-21 18:30:00,1.1373061235819533,1.1381962373255707,1.1366625456731165,1.1378854079406555,107.23490573215905,60.43,15.0
2026-04-21 18:45:00,1.1378285799770917,1.1379370171809107,1.134011007493409,1.1340719261934298,149.31081738004772,60.11,15.0
2026-04-21 19:00:00,1.1341980824142772,1.1347212393443837,1.1285385769745735,1.1291077167225867,99.20244210834167,60.28,15.0
2026-04-21 19:15:00,1.1290938551206096,1.1304613214485002,1.128565221952866,1.1303915349905174,131.3753900754013,60.22,15.0
2026-04-21 19:30:00,1.130533003375423,1.1305478414207395,1.1246948861579258,1.124823275134697,73.61407310233844,59.84,15.0
2026-04-21 19:45:00,1.1247540159852425,1.1247686799031726,1.1213673518233782,1.1216971576323909,43.93312944603857,59.94,15.0
2026-04-21 20:00:00,1.1216785410734118,1.1216859286139738,1.1157685432785467,1.1158383863133745,231.91920638929975,60.05,15.0
2026-04-21 20:15:00,1.1157083152642224,1.11641877350588,1.1125410199889407,1.1128440376720607,198.2764750941373,59.98,15.0
2026-04-21 20:30:00,1.112755781715315,1.113018633639351,1.110622904268775,1.111294770026426,142.78594609877746,60.16,15.0
2026-04-21 20:45:00,1.1113280121646543,1.1115875144061342,1.1031394767440292,1.1033026050216466,212.55383853002718,60.46,15.0
2026-04-21 21:00:00,1.103262707884954,1.107478348468067,1.103015315860312,1.1070467876248542,90.8297892061719,60.14,15.0
2026-04-21 21:15:00,1.107026913063423,1.1072385688584703,1.1063741639105185,1.1067629598200617,178.29321701906142,60.01,15.0
2026-04-21 21:30:00,1.1067102525207353,1.1069305082342498,1.1050523761160018,1.1051523706345854,99.73923133467544,59.98,15.0
2026-04-21 21:45:00,1.1051888814011372,1.1053666052085973,1.1040110147434343,1.1049667263082854,216.905272911893,60.37,15.0
2026-04-21 22:00:00,1.1049666875033983,1.1059428201057433,1.1049149107746992,1.1058999261647606,122.38167330604695,60.3,15.0
2026-04-21 22:15:00,1.105757042789357,1.105861957968037,1.1035956627343135,1.1044990319805297,119.7872944879657,60.62,15.0
2026-04-21 22:30:00,1.1045949656882899,1.1246273362682042,1.1028925212100424,1.1220822310957932,247.68066769337358,59.84,15.0
2026-04-21 22:45:00,1.1218815392357644,1.1275537626257957,1.121691168898218,1.1273688806672961,1453.919375176941,59.66,15.0
2026-04-21 23:00:00,1.1273688691712833,1.127369495995886,1.127013356944618,1.1270136545263005,132.36545981878507,59.67,15.0
2026-04-22 16:30:00,1.1267965568441953,1.1384678345696977,1.1259515077178384,1.1373333066954283,175.9900741188072,59.75,15.0
2026-04-22 16:45:00,1.1371131815543012,1.1465015871971234,1.1369542852984043,1.1461436040581046,21.169210570437446,59.92,15.0
2026-04-22 17:00:00,1.145945974805112,1.1464885551597326,1.1432076268663243,1.1436726343722619,68.3950927977364,59.66,15.0
2026-04-22 17:15:00,1.1436400257205108,1.145331091328202,1.1432302094199884,1.1449539800176673,71.81322684588903,59.56,15.0
2026-04-22 17:30:00,1.1450389930277327,1.1482427464199672,1.1449287232522565,1.1474394807892554,244.52805689751938,59.07,15.0
2026-04-22 17:45:00,1.147717730807144,1.1525210523564093,1.1472414026587427,1.1523466470417976,42.120905226514914,59.04,15.0
2026-04-22 18:00:00,1.1523111986607062,1.1528147176178927,1.1501214522106347,1.1502171768570209,116.39928581894847,58.83,15.0
2026-04-22 18:15:00,1.1501594907603265,1.1503000502663452,1.1420572609741146,1.1432386573694708,131.80403079550865,58.91,15.0
2026-04-22 18:30:00,1.143251077281277,1.1474103225571863,1.1430729269949087,1.147081056288032,33.04402484033183,58.59,15.0
2026-04-22 18:45:00,1.1470645774506194,1.1476015758440898,1.142863128367046,1.1432091087834693,33.25796855571184,58.53,15.0
2026-04-22 19:00:00,1.1431726892986285,1.1435226245705599,1.140043007901935,1.1401962145991593,48.51235180423099,58.53,15.0
2026-04-22 19:15:00,1.1401864909910178,1.141881120995287,1.139916739305331,1.1414369682469456,34.211449140542875,58.37,15.0
2026-04-22 19:30:00,1.1413340965709184,1.141811621292083,1.1409727213249081,1.1411350710450687,52.22549507493165,58.35,15.0
2026-04-22 19:45:00,1.1410346897466797,1.1410567260866606,1.1401312566416038,1.1401382593634337,32.965874215841,58.39,15.0
2026-04-22 20:00:00,1.1403150323394697,1.140931223465624,1.1393770170512936,1.1398005176987531,80.60502601869453,58.43,15.0
2026-04-22 20:15:00,1.1397758624508725,1.1403628131039396,1.1373558150421275,1.1377691695249033,44.24838455849474,58.08,15.0
2026-04-22 20:30:00,1.1377316702704392,1.1381482354995442,1.1343376879219345,1.1345871016920546,79.71049303810597,58.19,15.0
2026-04-22 20:45:00,1.1346956519100864,1.1347532519388641,1.1287653772458255,1.128989467846399,114.88998617742516,58.16,15.0
2026-04-22 21:00:00,1.1290186432747986,1.1290249453037577,1.1280607174341581,1.1280980134605023,48.27227581912033,58.21,15.0
2026-04-22 21:15:00,1.1281148868465625,1.1281268228387022,1.1243238326027576,1.1244411986646634,39.93151360885725,58.19,15.0
2026-04-22 21:30:00,1.1244158679678637,1.1245801904921437,1.1237036429493712,1.1238952055459877,50.96547382704701,58.22,15.0
2026-04-22 21:45:00,1.1239084225730736,1.1239599627361871,1.1233171515466824,1.1235377177168122,26.091259586477793,58.31,15.0
2026-04-22 22:00:00,1.1235090573824633,1.1235844419732464,1.1223150763791356,1.1224856665671255,73.61752599524402,58.29,15.0
2026-04-22 22:15:00,1.1226097049784278,1.1226930505905868,1.1187476935540077,1.118797992095931,138.30956220543055,58.49,15.0
2026-04-22 22:30:00,1.1188285112225764,1.1192572184504543,1.1151168712123705,1.1152452502146446,119.21554374372167,58.62,15.0
2026-04-22 22:45:00,1.1151838352911434,1.1155183736983982,1.1132078448822962,1.1140878926687747,895.2993363616929,58.56,15.0
2026-04-22 23:00:00,1.1140879090915512,1.1140880781534368,1.113953028075514,1.113953069589214,190.41247140793692,58.58,15.0
2026-04-23 16:30:00,1.115119432773432,1.1169409593903379,1.0961118034916357,1.09908736148749,491.06146044140957,53.67,15.0
2026-04-23 16:45:00,1.0993263609178199,1.1010034274218723,1.0820850605886267,1.086346214290635,434.9189937451995,52.75,15.0
2026-04-23 17:00:00,1.0862822112783592,1.0869210303683563,1.0856098154829703,1.085751920680248,311.70455544720687,52.89,15.0
2026-04-23 17:15:00,1.0857750049353228,1.086156165200783,1.0767594786450667,1.0771309609783855,591.2434426302109,52.82,15.0
2026-04-23 17:30:00,1.0774361213257289,1.078182869618081,1.0749690449277356,1.0753219686382134,223.2950543145739,53.44,15.0
2026-04-23 17:45:00,1.0750352263012313,1.0763975649380932,1.0611051756066785,1.0616773637208883,422.36794221731435,52.9,15.0
2026-04-23 18:00:00,1.0616818786632496,1.0640383069572577,1.0613189103373588,1.063878381301941,120.73231613490856,52.85,15.0
2026-04-23 18:15:00,1.0637508228419597,1.0672432535460081,1.0634014807191912,1.0671846735579136,252.47198320650875,52.6,15.0
2026-04-23 18:30:00,1.0673532612580354,1.0689361363914238,1.0671786503499032,1.0683457403292624,196.2005277569989,52.3,15.0
2026-04-23 18:45:00,1.068263116455693,1.068704521114292,1.064432002644144,1.0648186322446838,351.60718905332726,52.34,15.0
2026-04-23 19:00:00,1.064847577429333,1.0651789670041785,1.0622723458337524,1.0628888190733357,121.38386675109804,52.24,15.0
2026-04-23 19:15:00,1.0629324860795868,1.063351619717151,1.0606279432274017,1.0611852479545076,177.81810106086053,52.47,15.0
2026-04-23 19:30:00,1.0612582109882431,1.0614548618347606,1.0612566159749457,1.0613977366699925,105.30452048767884,52.45,15.0
2026-04-23 19:45:00,1.0615319423491054,1.0665544555487918,1.061370437191498,1.066270488309921,255.75947034845456,52.54,15.0
2026-04-23 20:00:00,1.066396886074243,1.0678535493755432,1.0660005024704968,1.067039266540697,256.4590481773625,51.92,15.0
2026-04-23 20:15:00,1.0669927955742617,1.0675038409146556,1.0638159908822877,1.0647934859220427,59.9769379902426,51.41,15.0
2026-04-23 20:30:00,1.0646180699951209,1.0648455074786507,1.0533805029137773,1.0545554307579381,170.72702557460016,51.28,15.0
2026-04-23 20:45:00,1.0546857091557713,1.0558536248306247,1.0407370334153956,1.0412693956165051,79.76157901324936,51.75,15.0
2026-04-23 21:00:00,1.0412634821241864,1.0427842568795762,1.0406862146049005,1.0425519261224465,80.56135499911453,51.81,15.0
2026-04-23 21:15:00,1.0424516660405498,1.0491646416573122,1.0424054185583094,1.0489640119484196,299.27768549165603,52.15,15.0
2026-04-23 21:30:00,1.048522829634833,1.0504452600229157,1.0484329344258971,1.0503732526967817,375.6863715512129,51.87,15.0
2026-04-23 21:45:00,1.0502692215212366,1.0507680056058348,1.0474878893169408,1.0481427285276903,190.45452223482923,51.94,15.0
2026-04-23 22:00:00,1.048183914417791,1.0488589437044176,1.0408494479934596,1.0409535448646474,326.7070415980685,51.98,15.0
2026-04-23 22:15:00,1.0409172543248044,1.0410989330233862,1.0395371596616914,1.0400786980861727,214.6979456110907,51.91,15.0
2026-04-23 22:30:00,1.0400672889611249,1.0461636070020899,1.0383526351249144,1.0439420064339107,326.63439919325145,51.49,15.0
2026-04-23 22:45:00,1.0442105844535132,1.0460748187098283,1.0373001011747214,1.0380962128071705,1945.2295261666184,52.23,15.0
2026-04-23 23:00:00,1.038096190245225,1.038852701583672,1.0380958018030266,1.0388523306671713,273.65587217437644,52.2,15.0
2026-04-24 16:30:00,1.038792882269702,1.0555587277632021,1.0383271089592594,1.0541875077187195,280.28545129630635,52.92,15.0
2026-04-24 16:45:00,1.0542731372073015,1.0735488515243636,1.0534925930195416,1.0732321085101124,355.44726118676675,53.31,15.0
2026-04-24 17:00:00,1.07321023404584,1.0742931684511137,1.0716874767808195,1.072040923891939,317.38122224315424,53.8,15.0
2026-04-24 17:15:00,1.072191534424838,1.0787095529546742,1.0721315979470647,1.0785184076841177,232.57738381172388,54.02,15.0
2026-04-24 17:30:00,1.078446879573102,1.079522005729806,1.078219500586167,1.079409775341537,239.07177148507563,54.1,15.0
2026-04-24 17:45:00,1.079510958677868,1.081465840656924,1.0794375263144518,1.080974145819041,206.43770627351307,54.04,15.0
2026-04-24 18:00:00,1.081005661020965,1.0822084057136887,1.0808746305608872,1.0821810909248777,226.45152990525517,53.93,15.0
2026-04-24 18:15:00,1.0821435516502458,1.08224711895819,1.0795692944652153,1.079589137139114,64.75493353567967,53.94,15.0
2026-04-24 18:30:00,1.0794582681511689,1.0813312469798562,1.0782129037054982,1.0812481410051478,313.74459833790735,54.44,15.0
2026-04-24 18:45:00,1.0812266893701439,1.0864201400164841,1.0812012999874834,1.085851619894789,69.69506621093596,54.53,15.0
2026-04-24 19:00:00,1.0858961677678423,1.0859264697325735,1.0846652674744308,1.0847926479658798,69.07442994156888,54.54,15.0
2026-04-24 19:15:00,1.0847882460333131,1.084881277161263,1.0841277961910005,1.084544414633546,103.01012775255406,54.6,15.0
2026-04-24 19:30:00,1.0845209514494372,1.084582512462194,1.0840683883124866,1.0842654134938676,107.78926551477323,54.68,15.0
2026-04-24 19:45:00,1.0842700047535807,1.0843030178589415,1.0829249332204591,1.08299897153754,151.9509072878399,54.64,15.0
2026-04-24 20:00:00,1.0829238085022228,1.0831084732393677,1.0828553112907007,1.0829526021111076,253.43893716374143,54.46,15.0
2026-04-24 20:15:00,1.0829362109808558,1.0834799027759068,1.0818111472698302,1.0818350646133497,51.99573751628,54.59,15.0
2026-04-24 20:30:00,1.0818798096596407,1.081895173339119,1.0808459315829364,1.080877218635252,53.773140580662286,54.63,15.0
2026-04-24 20:45:00,1.0809185020403789,1.0826883790226327,1.0806370696738903,1.0826413100172954,117.04856335952002,54.58,15.0
2026-04-24 21:00:00,1.0826225245295449,1.082742905214822,1.0807292265668056,1.0807548713456225,100.36064918538081,54.64,15.0
2026-04-24 21:15:00,1.0808546687946898,1.0811238714548836,1.079959325517836,1.0800404027971362,121.14994952286746,54.43,15.0
2026-04-24 21:30:00,1.0800469893506912,1.0848724057189971,1.079551503081615,1.0846472773332227,68.66282557988728,54.57,15.0
2026-04-24 21:45:00,1.0846145533515266,1.0846742805057166,1.0826110553638337,1.0828354238063573,143.29914638087146,54.37,15.0
2026-04-24 22:00:00,1.08285271652301,1.0835038521345757,1.082131803339449,1.0824263504719007,92.02417167527982,54.2,15.0
2026-04-24 22:15:00,1.0824068429709,1.0839276000318772,1.0821652173655443,1.0834992033321342,237.30600946241952,54.19,15.0
2026-04-24 22:30:00,1.0834427022488116,1.085577441465041,1.0828798754168332,1.0851668878160363,292.21752514189393,54.07,15.0
2026-04-24 22:45:00,1.0852234864611308,1.086348185473585,1.081089403311543,1.0820385210539143,1280.8041897949136,54.19,15.0
2026-04-24 23:00:00,1.0820384998517745,1.082164144051686,1.082038304356287,1.0821636120173725,175.58272625208812,54.19,15.0
2026-04-27 16:30:00,1.081599075474501,1.0834506271911295,1.0760757004604344,1.0776244452033317,159.01319853218965,54.79,15.0
2026-04-27 16:45:00,1.0776576526148771,1.0816837509625448,1.0774267123488468,1.0809566251463512,81.19900566098386,54.72,15.0
2026-04-27 17:00:00,1.0808347789032573,1.082287258627753,1.0777386221129528,1.0777941547077916,100.16388261090003,55.01,15.0
2026-04-27 17:15:00,1.0777498606449407,1.0788810311902495,1.0775563826929633,1.0780348836760836,105.87475765319198,55.0,15.0
2026-04-27 17:30:00,1.0779891109323656,1.0786662982584594,1.077043097156,1.0771215783035835,58.902470883968704,55.06,15.0
2026-04-27 17:45:00,1.0770394184494685,1.0774707659705312,1.076394106702105,1.0773811080259719,36.08393488714991,54.96,15.0
2026-04-27 18:00:00,1.0775623886481256,1.0783015126246591,1.0756015528914449,1.0760382963245216,92.74720302536862,54.74,15.0
2026-04-27 18:15:00,1.0760873965850517,1.076261900600001,1.0699745601888082,1.0705822640034217,279.95690150930636,54.83,15.0
2026-04-27 18:30:00,1.0705589562743876,1.0709445468281,1.0653625673908969,1.0656564603623495,42.4495903242596,54.65,15.0
2026-04-27 18:45:00,1.0656439787245549,1.0658025021901743,1.062007197770098,1.0628595394650755,141.99095657637346,54.7,15.0
2026-04-27 19:00:00,1.0628659929475333,1.0637150835373885,1.0626383811196514,1.063606736217437,131.09131471600648,54.7,15.0
2026-04-27 19:15:00,1.0635359231020935,1.0639904699020637,1.0622839793612182,1.0625599086351798,40.710552505146545,54.68,15.0
2026-04-27 19:30:00,1.0627363394990081,1.0633843154011295,1.060742182622981,1.0610941371324534,308.94715373078867,54.68,15.0
2026-04-27 19:45:00,1.061133480137704,1.0616198748225558,1.0607470089228397,1.0615451074889195,56.654185874655994,54.71,15.0
2026-04-27 20:00:00,1.061570785315837,1.0621749713146882,1.0614356008587629,1.0620211068629901,55.95665410136588,54.77,15.0
2026-04-27 20:15:00,1.0620161062389726,1.06212638912105,1.0604503597385424,1.0606192974172264,77.47755113739186,54.93,15.0
2026-04-27 20:30:00,1.0606356481690111,1.061112512724587,1.0579765109161923,1.0583913758161665,102.56895516478552,54.65,15.0
2026-04-27 20:45:00,1.0584160072970188,1.058425651278009,1.0566276003454549,1.0568480491957704,19.629834480114127,54.6,15.0
2026-04-27 21:00:00,1.0568757755623026,1.0571903607791047,1.0555204443913317,1.055571785936648,97.28491925278577,54.53,15.0
2026-04-27 21:15:00,1.0557089193043259,1.056113050382785,1.0521592447231576,1.0525124586825636,54.15542047242889,54.77,15.0
2026-04-27 21:30:00,1.0525583728385652,1.0525834958419094,1.0520044102773651,1.0523610788801752,113.82839582584438,54.77,15.0
2026-04-27 21:45:00,1.0523698299773616,1.0542820891602005,1.0522369555577287,1.0538711418074946,66.91941571558023,54.85,15.0
2026-04-27 22:00:00,1.0538769744288379,1.0545030627811858,1.0537028411903309,1.054373588641604,74.76609577012118,55.04,15.0
2026-04-27 22:15:00,1.054405102438031,1.0544694220383615,1.0515032657986554,1.051989363724956,149.76525193890657,55.25,15.0
2026-04-27 22:30:00,1.0518833401540857,1.0522825628560941,1.0517326160859473,1.0520402001425249,115.07097061161653,55.2,15.0
2026-04-27 22:45:00,1.0520423465170632,1.0534498826556886,1.0511485944378227,1.0527841968554328,810.5568143017581,55.12,15.0
2026-04-27 23:00:00,1.0527842819479747,1.0535275156288495,1.052784120607977,1.053527132806959,134.06238870856598,55.11,15.0
2026-04-28 16:30:00,1.053532094388526,1.0555652044916237,1.0231738531463075,1.0267917352148135,125.76122164783435,54.06,15.0
2026-04-28 16:45:00,1.026771938206639,1.026978834198788,1.0219514741286335,1.0219989089476238,63.065272578267674,53.71,15.0
2026-04-28 17:00:00,1.022078717330483,1.0221647987133438,1.0092562128092528,1.0105189873442186,162.90245083406336,54.2,15.0
2026-04-28 17:15:00,1.0107005424178466,1.0148999200909425,1.0097208579950512,1.0137130569425705,163.25671643522873,53.8,15.0
2026-04-28 17:30:00,1.0137686894623832,1.0178414269837202,1.0132405182044197,1.0178348317106407,83.85731889563633,53.79,15.0
2026-04-28 17:45:00,1.0178060528069113,1.0178232976728114,1.0176001030808703,1.017737717797495,126.07693305043802,53.62,15.0
2026-04-28 18:00:00,1.0178508531630508,1.0199088937443113,1.0174884225500318,1.0195359078284512,161.32940440232233,53.66,15.0
2026-04-28 18:15:00,1.0195120086178255,1.0195304922646222,1.0148930252528956,1.0149508391987254,184.59178508573578,53.42,15.0
2026-04-28 18:30:00,1.0149549413672116,1.0165864078832216,1.0144207829187568,1.0159551629433023,122.23213176529657,53.41,15.0
2026-04-28 18:45:00,1.0160274015124493,1.0175168954155682,1.0157433843342505,1.0170861928165988,125.27610200108002,53.47,15.0
2026-04-28 19:00:00,1.0170228636638214,1.0182685241485756,1.0165949139427592,1.0181298798893028,98.37230890782119,53.4,15.0
2026-04-28 19:15:00,1.0181315878711583,1.018217882996779,1.0156882334563664,1.015896153988128,58.91863338443658,53.4,15.0
2026-04-28 19:30:00,1.0156293613828238,1.0164310512649055,1.0144210576958945,1.014785779734607,100.77343158683753,53.13,15.0
2026-04-28 19:45:00,1.01480166205337,1.0148591278525443,1.0139819532734373,1.014068926561601,153.67152061576832,53.16,15.0
2026-04-28 20:00:00,1.0140790373846118,1.01618052312592,1.0140569215734383,1.0155678860562816,75.73370272845182,53.16,15.0
2026-04-28 20:15:00,1.0154680728832537,1.016213170546431,1.0149651968231612,1.0153713290159354,134.67361962110473,53.41,15.0
2026-04-28 20:30:00,1.0153587444459886,1.0206745859546793,1.0146610975076376,1.0200230455221648,118.91560714382223,53.65,15.0
2026-04-28 20:45:00,1.020049515940302,1.023344719627042,1.0198007306127388,1.0232253325828213,87.95755014985073,53.6,15.0
2026-04-28 21:00:00,1.0232389515536309,1.0241496760524564,1.0231412623244767,1.0240797733261697,188.38338317739803,53.6,15.0
2026-04-28 21:15:00,1.024078521618143,1.0255212480535634,1.0237080542711399,1.0254034731293857,134.76418302358988,53.46,15.0
2026-04-28 21:30:00,1.0253568869540353,1.029903016660001,1.0250548561503663,1.029672801229271,84.51301366118147,53.4,15.0
2026-04-28 21:45:00,1.0297048472551378,1.0346871918638103,1.0296151220465375,1.0344415977831212,158.23354373985995,53.48,15.0
2026-04-28 22:00:00,1.0343806277074568,1.0346552851131094,1.0319275364058094,1.0322660072516778,109.48765292070743,53.49,15.0
2026-04-28 22:15:00,1.0322957952200524,1.0338536454069918,1.0322734762840973,1.033639884096059,253.40841113636662,53.45,15.0
2026-04-28 22:30:00,1.033619357350247,1.03653083305092,1.033329066643763,1.0362002978951446,207.54116618770854,53.58,15.0
2026-04-28 22:45:00,1.0361982875510842,1.0375801465125243,1.036105568353205,1.0373758282245022,436.7621083128517,53.51,15.0
2026-04-28 23:00:00,1.0373756568419488,1.0383560889756012,1.0373754915213909,1.0383557360913207,189.54130765954125,53.51,15.0
2026-04-29 16:30:00,1.0384665903444026,1.0386114193663631,1.0217015959154556,1.023196127253636,140.22721718296367,53.01,15.0
2026-04-29 16:45:00,1.0232366315987251,1.035086234146623,1.0226316709660204,1.0342901341904749,184.96761492440325,53.0,15.0
2026-04-29 17:00:00,1.0344019052343312,1.0350435826947426,1.0323773387455073,1.0335248756223052,76.19199046717048,53.11,15.0
2026-04-29 17:15:00,1.033524169827278,1.036090687778238,1.0328013406673278,1.0358642712019752,24.03935073762356,52.95,15.0
2026-04-29 17:30:00,1.0357574698585112,1.0358116956666865,1.0351278025086752,1.0352746899927654,123.86209031660854,52.58,15.0
2026-04-29 17:45:00,1.0353091551405509,1.0359701655912519,1.0343056033252938,1.0345445110863085,33.29387953660184,52.3,15.0
2026-04-29 18:00:00,1.034640024338,1.034851650332174,1.033729353658718,1.0343758801776601,58.6160160215643,52.28,15.0
2026-04-29 18:15:00,1.0344919349379056,1.0392430719546681,1.0344720825081002,1.0390582742155439,48.17701701248743,52.05,15.0
2026-04-29 18:30:00,1.039071374177488,1.0423931287238535,1.0388833922354512,1.0420756150981971,134.3132313435841,51.83,15.0
2026-04-29 18:45:00,1.0419723633458136,1.0455061251910556,1.0417030340907145,1.0453226229988997,321.3169934173688,51.74,15.0
2026-04-29 19:00:00,1.0453697308244791,1.0473353386170474,1.0453414571321564,1.0472140083215666,25.062372540578824,51.7,15.0
2026-04-29 19:15:00,1.0472121234615686,1.0502088259358136,1.0470616362461367,1.0501948817839852,14.772272584517818,51.7,15.0
2026-04-29 19:30:00,1.0502439279801397,1.0575861350301645,1.0502153432780534,1.0572209420236656,42.02088868312964,51.77,15.0
2026-04-29 19:45:00,1.0572249909394014,1.0572471342721184,1.0543682115931667,1.0544558040267706,51.018356084402754,51.63,15.0
2026-04-29 20:00:00,1.0545433473781611,1.0547976374712398,1.0537297234148197,1.0542701337623064,105.87217723016013,51.59,15.0
2026-04-29 20:15:00,1.0542468794462394,1.054497509963681,1.0540806911643674,1.0543097094549938,61.51541536523897,51.66,15.0
2026-04-29 20:30:00,1.0544725544962341,1.058299028462924,1.0543571114525845,1.0582898949566282,104.36293138921,51.51,15.0
2026-04-29 20:45:00,1.0582372147980794,1.0602265755724223,1.0581410210605864,1.0596860902906036,84.11155702531059,51.56,15.0
2026-04-29 21:00:00,1.0595814964444945,1.0614835884522544,1.059518520890214,1.0608815765329767,163.88423882600813,51.14,15.0
2026-04-29 21:15:00,1.060891622081787,1.062587680615623,1.0604046774830735,1.0623148060367724,145.8636512859347,51.26,15.0
2026-04-29 21:30:00,1.0623371456805248,1.0667109153320515,1.0621089787665892,1.0664861796575564,154.01932468920748,51.14,15.0
2026-04-29 21:45:00,1.0666012777025682,1.0670029259937204,1.0663752077435427,1.0666559344943687,47.30516187623196,51.34,15.0
2026-04-29 22:00:00,1.0665827100296292,1.0811971987285722,1.0663324036575708,1.081039479637615,117.96348021387635,51.67,15.0
2026-04-29 22:15:00,1.0810490012916185,1.0811287228460849,1.0756314764496884,1.0756388184548673,67.38825193457667,51.54,15.0
2026-04-29 22:30:00,1.0758002520253687,1.0759024651376006,1.0719021898638734,1.072170057391803,243.80242493527294,51.84,15.0
2026-04-29 22:45:00,1.072131893220195,1.0737086836812715,1.0720794122829629,1.0736167896939477,482.91308739802014,51.97,15.0
2026-04-29 23:00:00,1.073616783768423,1.0736857503193693,1.0736163993370027,1.0736855069744424,221.98194926793332,51.95,15.0
2026-04-30 16:30:00,1.073629785764331,1.0738407018151626,1.0677865883467008,1.0708194601549987,79.97862625705454,52.75,15.0
2026-04-30 16:45:00,1.0707243723870772,1.076072683010909,1.07018876673564,1.0752962126289587,64.25608636384236,52.68,15.0
2026-04-30 17:00:00,1.0753985421498464,1.081021993772152,1.0747218988707232,1.0804721350038404,80.6500064062266,53.02,15.0
2026-04-30 17:15:00,1.0801661279199495,1.0813201809607345,1.0665406794943522,1.0667918186969427,115.78455172259004,53.65,15.0
2026-04-30 17:30:00,1.0667679912856527,1.066791804187428,1.0654422925762357,1.0656393282914016,124.37110305996116,53.97,15.0
2026-04-30 17:45:00,1.0655892482058265,1.0678491019187188,1.065391124877547,1.0677081320000064,226.75586881621373,54.0,15.0
2026-04-30 18:00:00,1.0677704625271949,1.0698849291434545,1.0673171500242329,1.0697188251353982,140.32401213822814,53.96,15.0
2026-04-30 18:15:00,1.0696456111436008,1.0830434531314241,1.0694792049603326,1.0829366233782205,118.23363073605717,54.13,15.0
2026-04-30 18:30:00,1.0829393669837026,1.0830393486510408,1.0812891552839115,1.0817494424515852,143.9947581790172,54.25,15.0
2026-04-30 18:45:00,1.081688452193268,1.0831319792273333,1.0808316664897104,1.0820609527201273,215.17082853185383,54.69,15.0
2026-04-30 19:00:00,1.0820934113004526,1.082751961866098,1.0816566815395923,1.0817433332307447,164.02146989079904,54.67,15.0
2026-04-30 19:15:00,1.0817622371847277,1.0839320957469654,1.0814623593018526,1.0835586671867568,173.15175261788875,54.64,15.0
2026-04-30 19:30:00,1.0835280227479633,1.0837482221389148,1.0825724103377463,1.0825747604713334,151.43441965968296,54.6,15.0
2026-04-30 19:45:00,1.0825730601018002,1.0866640697715493,1.0825029801356763,1.0860909904221046,89.74813581434142,54.65,15.0
2026-04-30 20:00:00,1.086091329908787,1.087302612939436,1.0854633875794604,1.0871300040750396,79.00423812692637,54.55,15.0
2026-04-30 20:15:00,1.0872003805450132,1.0880286863216946,1.0869278302646712,1.0877665049397789,91.35120363719837,54.62,15.0
2026-04-30 20:30:00,1.0877447706552719,1.088080396225412,1.086354551291157,1.0865785903574632,131.67586670017656,54.66,15.0
2026-04-30 20:45:00,1.0866370176494518,1.0867303546858709,1.0861520780021026,1.0863009051518548,73.46299040399887,54.62,15.0
2026-04-30 21:00:00,1.0863891182156344,1.09450544125226,1.0861152132895056,1.0943233248238602,106.8459197568216,54.92,15.0
2026-04-30 21:15:00,1.0942836760727694,1.097312833904082,1.0940735472045249,1.0969218712556397,441.352312692923,55.13,15.0
2026-04-30 21:30:00,1.0970795318906659,1.1013443430818877,1.0962308457503276,1.1010990911594705,470.4602139157669,55.5,15.0
2026-04-30 21:45:00,1.1010987925554279,1.1032486464319822,1.1007148347218816,1.103117494906313,449.92132311579144,55.35,15.0
2026-04-30 22:00:00,1.1028479717701392,1.1034511409865768,1.096148059470615,1.0964992299131229,596.4899772639452,55.74,15.0
2026-04-30 22:15:00,1.096332621747473,1.097569863103065,1.0913023046659929,1.0919060661680866,612.0440630161754,55.88,15.0
2026-04-30 22:30:00,1.091816536985629,1.1002714118621413,1.09169138959532,1.0987687497247454,349.80156498862726,55.38,15.0
2026-04-30 22:45:00,1.0989082676476696,1.0990416475742133,1.0981630223028434,1.0987089059049886,2337.993055364825,55.31,15.0
2026-04-30 23:00:00,1.0987089405218713,1.09870924143437,1.098614721566778,1.0986149418348334,257.2248764830521,55.32,15.0
2026-05-01 16:30:00,1.0982915051367248,1.124480160127897,1.097836718607312,1.1216884604604214,60.2116115206711,53.88,15.0
2026-05-01 16:45:00,1.1216516033436994,1.1255544954538788,1.120634977630986,1.1250469749795091,94.41154859546539,54.29,15.0
2026-05-01 17:00:00,1.1254439333603095,1.138950245044831,1.1246861773908614,1.1379995274319974,237.81345744398197,54.81,15.0
2026-05-01 17:15:00,1.1381338299911474,1.1384482239140439,1.1363747593372417,1.1365538545540002,119.77146335753618,55.05,15.0
2026-05-01 17:30:00,1.1365993591354886,1.1371672672928808,1.1349014322633402,1.1353792444444346,84.16646205787697,55.2,15.0
2026-05-01 17:45:00,1.1353846858682581,1.1354167734679197,1.126682957085909,1.1270636507070766,137.0592632813686,54.8,15.0
2026-05-01 18:00:00,1.1270388190376015,1.1279841603816365,1.1268083483174238,1.1278957560468024,160.82986169177272,54.93,15.0
2026-05-01 18:15:00,1.127893663847333,1.127905933041096,1.1250965504188097,1.1251321287156062,164.1017135263867,54.93,15.0
2026-05-01 18:30:00,1.1251068521897334,1.1251171044358357,1.1221829625944861,1.1225079648322023,248.40250290338486,55.25,15.0
2026-05-01 18:45:00,1.122562927696902,1.123646847631954,1.1223710377549412,1.1234722074029797,61.96136619198108,55.26,15.0
2026-05-01 19:00:00,1.12342697576909,1.123472380965418,1.1223964875777186,1.1225069244449952,62.83278364871724,55.2,15.0
2026-05-01 19:15:00,1.1224693711291776,1.1225199560785089,1.1214862404111101,1.1215704988775594,41.70701655328031,55.23,15.0
2026-05-01 19:30:00,1.1215789428754466,1.1220980705984154,1.1187727042424334,1.1190178600203573,59.28499244067103,55.03,15.0
2026-05-01 19:45:00,1.1190684445298364,1.119591225200901,1.1171152582625594,1.1173901975999423,98.29486096098825,55.19,15.0
2026-05-01 20:00:00,1.1174294047774973,1.117714652479318,1.1157530681374983,1.1161436889940362,55.954067232712134,55.27,15.0
2026-05-01 20:15:00,1.116215455600457,1.116394015744868,1.1157613741031909,1.1158214861548856,68.19136187281329,55.44,15.0
2026-05-01 20:30:00,1.1158437590077392,1.116035666843344,1.115156309310177,1.1153215317699083,54.960057066932464,55.4,15.0
2026-05-01 20:45:00,1.1152793653561803,1.1157382726280995,1.1137130827912451,1.1141645571173147,97.3888216830225,55.52,15.0
2026-05-01 21:00:00,1.1141152536699437,1.114702376285564,1.108342637858651,1.109540326411887,89.3588181734622,55.26,15.0
2026-05-01 21:15:00,1.109589111002592,1.1123973369325197,1.1093919567451818,1.1121380463500967,77.58642840595952,55.25,15.0
2026-05-01 21:30:00,1.112173991076524,1.1129901832125664,1.1120510880843875,1.112871611965277,199.24581545380616,55.32,15.0
2026-05-01 21:45:00,1.1128885741108512,1.1134749972979876,1.112708906926268,1.113383689424251,206.84543116165017,55.18,15.0
2026-05-01 22:00:00,1.113321313364731,1.1180348121238144,1.112948168460845,1.1176773851218584,216.5912674817242,55.46,15.0
2026-05-01 22:15:00,1.1176185836267372,1.1177765140159293,1.1173100351607288,1.117437754507588,171.10693487388235,55.61,15.0
2026-05-01 22:30:00,1.1173443129555416,1.118133799999077,1.106116138826366,1.1064928637614302,364.10639447876946,55.17,15.0
2026-05-01 22:45:00,1.1064250530283932,1.1077877888091956,1.1060596023352565,1.1073912659012424,1198.7301570755278,55.04,15.0
2026-05-01 23:00:00,1.1073912645235915,1.1073916276569118,1.1069984016715808,1.1069984686007341,279.74409233143047,55.02,15.0
2026-05-04 16:30:00,1.1072738677179246,1.1131874657273149,1.1072679565912105,1.1125343897266438,44.49976197720181,54.52,15.0
2026-05-04 16:45:00,1.112481077786508,1.1139290581869907,1.1087593059690342,1.109199158079171,80.10516167485872,54.32,15.0
2026-05-04 17:00:00,1.109079720493713,1.1093287720561653,1.0989832064434317,1.0997954379094312,230.85337462062452,54.68,15.0
2026-05-04 17:15:00,1.0997291297920417,1.1063752497006387,1.0993438008460397,1.1060302854476387,88.25413178147241,55.05,15.0
2026-05-04 17:30:00,1.106029538639212,1.1061041251876165,1.1056962782238882,1.1057333321528346,39.762245815950074,54.9,15.0
2026-05-04 17:45:00,1.1059122931431047,1.1089924266693545,1.1054224477924421,1.1087591029351498,72.36783064516892,54.64,15.0
2026-05-04 18:00:00,1.108625619434463,1.1092380602977716,1.1078669610195633,1.1091454813886643,67.10343696842799,54.85,15.0
2026-05-04 18:15:00,1.1092388552040473,1.1125034311146795,1.1089559802571158,1.1122764428404859,71.87757642220063,54.57,15.0
2026-05-04 18:30:00,1.1123203638323342,1.1129574638644926,1.1100492145257332,1.1106307022639137,140.17344913014975,54.41,15.0
2026-05-04 18:45:00,1.1106347520404638,1.1106553051604928,1.1102646608200497,1.1102682225637528,66.25834857324729,54.33,15.0
2026-05-04 19:00:00,1.1102632940548471,1.1112427260595517,1.109219534101441,1.1110588991779191,112.9188972596296,54.21,15.0
2026-05-04 19:15:00,1.1111127012484785,1.115426160961939,1.1109502061694216,1.1150073478018925,85.73280899417654,54.33,15.0
2026-05-04 19:30:00,1.115041332535046,1.1154512016090583,1.1148978654895267,1.1152831633918874,84.02861467017705,54.29,15.0
2026-05-04 19:45:00,1.115315756006684,1.115759039292742,1.1108965559227908,1.1113772616413813,236.47684280618918,54.34,15.0
2026-05-04 20:00:00,1.1113104380021745,1.1118076287745642,1.111269659225954,1.1117871380537716,87.99370058510405,54.33,15.0
2026-05-04 20:15:00,1.1118616820749732,1.1141888185794628,1.1111950188408677,1.113462648168464,202.31465840122766,54.64,15.0
2026-05-04 20:30:00,1.1133641357785322,1.1136282032056715,1.1126859384474914,1.1132515600048647,208.20905977174382,54.76,15.0
2026-05-04 20:45:00,1.1131982419981505,1.113459797997188,1.1106685079563936,1.1108401851194212,91.78707121747841,54.58,15.0
2026-05-04 21:00:00,1.110934518349249,1.111129117647983,1.1087540168152579,1.1087823187930244,300.920392571936,54.65,15.0
2026-05-04 21:15:00,1.1086600186955606,1.109898322407953,1.1085393409915298,1.1095348425989087,96.12560238999302,54.65,15.0
2026-05-04 21:30:00,1.1095794075159298,1.1095947935550756,1.108693849198035,1.1090161956249678,127.49750451240111,54.9,15.0
2026-05-04 21:45:00,1.109004599175866,1.1091975944033454,1.1089692921051686,1.1089752519587872,148.07319469558038,54.87,15.0
2026-05-04 22:00:00,1.1089230995185886,1.1093577645292407,1.107822863226163,1.1079198697081452,149.12500235608445,54.78,15.0
2026-05-04 22:15:00,1.1078448049459388,1.1078933626810255,1.106832193431778,1.1070466269573298,235.60114447414472,54.57,15.0
2026-05-04 22:30:00,1.1070151712051568,1.1070731135713114,1.1056936708053926,1.1058917665563175,359.8306738397808,54.69,15.0
2026-05-04 22:45:00,1.1059029093521635,1.1065369348528664,1.1056826256517276,1.106204571741287,506.7536793130381,54.75,15.0
2026-05-04 23:00:00,1.1062045987074032,1.106204910745529,1.1058473650731993,1.1058476573973957,171.91318166161372,54.74,15.0
2026-05-05 16:30:00,1.1050892481339987,1.107352458296688,1.0898292241369287,1.0916287692040343,245.49361870936514,55.31,15.0
2026-05-05 16:45:00,1.09154200853357,1.0921820549029484,1.0878278726526187,1.088862925866043,190.48352022917004,54.58,15.0
2026-05-05 17:00:00,1.0887494252314625,1.1067329740860457,1.0872178887395996,1.105991053108581,336.3246521263397,55.44,15.0
2026-05-05 17:15:00,1.1057600515161616,1.1074186514198157,1.1053683242426193,1.1071615590311468,265.2021943376107,55.78,15.0
2026-05-05 17:30:00,1.1072200255816067,1.1075876634149227,1.1068600576419643,1.107335951432273,72.77047152726,55.73,15.0
2026-05-05 17:45:00,1.1074270165976765,1.1080586594132629,1.105234605782609,1.105468213017034,326.83913842478495,56.08,15.0
2026-05-05 18:00:00,1.1054433663378074,1.1056184164445562,1.1052337187984482,1.105331610978674,101.87764383554381,56.11,15.0
2026-05-05 18:15:00,1.1054244697699622,1.1065808503579373,1.097797048190426,1.09826156908485,210.05621387161085,55.68,15.0
2026-05-05 18:30:00,1.0982913420235285,1.1022351609653627,1.0982039258226672,1.101881262596451,178.496809317643,55.53,15.0
2026-05-05 18:45:00,1.1019239138109025,1.1025128607842172,1.1000137932825798,1.1008355758331174,125.91314954834822,55.78,15.0
2026-05-05 19:00:00,1.1008783729272644,1.1020146397733275,1.100662145140525,1.1018248327209959,87.69363264110756,55.73,15.0
2026-05-05 19:15:00,1.101893769205702,1.1025941462606397,1.1018607382973922,1.102447573272494,61.961600901135625,55.92,15.0
2026-05-05 19:30:00,1.102329538351263,1.1024177720510795,1.096859839717988,1.0973060524832028,118.9507271465809,55.68,15.0
2026-05-05 19:45:00,1.0972652183615863,1.0975669879447723,1.0952430748309196,1.0955335955609746,179.41130515968823,55.74,15.0
2026-05-05 20:00:00,1.0955617538035582,1.0982330956990762,1.0953957635015223,1.0977661415409992,444.8610147327579,55.96,15.0
2026-05-05 20:15:00,1.0977557315530853,1.0982784520088715,1.0977215078457407,1.0978330885168692,305.6262797626358,56.14,15.0
2026-05-05 20:30:00,1.0977853613918243,1.098172629795936,1.097029235979313,1.0973203143456791,383.33533331377646,56.27,15.0
2026-05-05 20:45:00,1.0973659936649551,1.0975018911477632,1.0970907496172029,1.0972295705706132,142.21163827503793,56.27,15.0
2026-05-05 21:00:00,1.0970347142915562,1.107221265813255,1.0960585751503742,1.1058586534548116,541.2014852839893,56.64,15.0
2026-05-05 21:15:00,1.1059062592905473,1.1060829340103102,1.1049230053601777,1.1053100428357918,118.10319780329623,56.63,15.0
2026-05-05 21:30:00,1.1053866599018216,1.1080402055201033,1.1048049633375565,1.108012163393078,154.9377230891668,56.36,15.0
2026-05-05 21:45:00,1.1080108934905686,1.113581732507497,1.1077428896610515,1.1129810197756875,355.92430204022526,56.81,15.0
2026-05-05 22:00:00,1.1128732185123746,1.1175285129943227,1.1126691147154253,1.1174667482627552,210.47846510856934,56.71,15.0
2026-05-05 22:15:00,1.1173484564582554,1.1197030335341953,1.1171068170591345,1.1185833012087913,593.2555098319879,56.74,15.0
2026-05-05 22:30:00,1.1186176063031932,1.1187270954017918,1.118172800591322,1.118293152399818,319.06192084497195,56.64,15.0
2026-05-05 22:45:00,1.1182517836950705,1.118344991428282,1.1141320640857262,1.1143628243271761,1809.3494446146794,56.68,15.0
2026-05-05 23:00:00,1.1143628707318831,1.1143631695366205,1.1140206526033247,1.1140209905754233,334.2693140395025,56.68,15.0
2026-05-06 16:30:00,1.114418668664481,1.1208860424417408,1.0886558241454838,1.1015639809514362,950.7125048993015,50.72,15.0
2026-05-06 16:45:00,1.1017553806561766,1.1052410620573037,1.0924999379872329,1.0936828482704624,323.3215755117261,51.15,15.0
2026-05-06 17:00:00,1.093212306689916,1.0986236298858267,1.0920781222624418,1.0955694801425437,486.66411351864895,52.27,15.0
2026-05-06 17:15:00,1.0959490968913541,1.0963467449978388,1.0902253987127444,1.0906867676571455,875.9592791391802,52.19,15.0
2026-05-06 17:30:00,1.0904981762104082,1.09788463013327,1.090369278829959,1.095344868562618,1364.2473807321114,51.95,15.0
2026-05-06 17:45:00,1.0950697906359446,1.095302201889087,1.0818443317250468,1.0823180649792135,1062.2546294929668,50.78,15.0
2026-05-06 18:00:00,1.0818163813882617,1.0907095501458672,1.0816682926868526,1.0894215875615019,1531.8900872177687,50.46,15.0
2026-05-06 18:15:00,1.0900617758506803,1.099859583389727,1.0897553962394768,1.0968054966176028,637.9078449529999,49.7,15.0
2026-05-06 18:30:00,1.0970070744609135,1.0988476296636531,1.0725158979633218,1.075202912742725,399.7129647353664,49.14,15.0
2026-05-06 18:45:00,1.0750524056671298,1.0937235325657844,1.074440473938893,1.0929486859913198,994.7676384174889,48.2,15.0
2026-05-06 19:00:00,1.0929324396980276,1.0937383047514253,1.0896442547577456,1.0896739331915188,1302.9806983002081,47.92,15.0
2026-05-06 19:15:00,1.0898621071694132,1.0906973490730554,1.084160983650206,1.0842651520648716,580.7965931465343,47.25,15.0
2026-05-06 19:30:00,1.0842424662149437,1.0848339147281085,1.0769229398635118,1.0775898753797988,762.9005558325476,47.84,15.0
2026-05-06 19:45:00,1.0777758916406746,1.0815275631539587,1.0777664385776808,1.0808584057220127,767.2106682483256,47.7,15.0
2026-05-06 20:00:00,1.080836920505249,1.0811909589129745,1.0759520412254797,1.0759889286540945,596.8959129473503,47.92,15.0
2026-05-06 20:15:00,1.076069982025587,1.077525038530268,1.0651949191588324,1.0660142672382003,366.74037454682673,47.68,15.0
2026-05-06 20:30:00,1.066060755079029,1.066760919374698,1.0515346156941576,1.0521154058489088,498.3496182609903,47.34,15.0
2026-05-06 20:45:00,1.0519119560289845,1.0527533288020787,1.040814373757899,1.0422436683827194,481.65582986962204,47.53,15.0
2026-05-06 21:00:00,1.042164236348658,1.050992431600637,1.0419344804074953,1.0506757275611078,274.1485782726353,47.13,15.0
2026-05-06 21:15:00,1.0506929377674956,1.0521300318193818,1.0430886523643117,1.0439205826095752,950.8979846728475,46.92,15.0
2026-05-06 21:30:00,1.0440161152930236,1.045835772607841,1.0189948753197788,1.0233751452194757,800.2978336733273,45.93,15.0
2026-05-06 21:45:00,1.0232648334684358,1.0247656143247612,1.0059252335453637,1.007464357382057,1047.1342236498635,45.72,15.0
2026-05-06 22:00:00,1.0074617311532914,1.0168831494039943,1.0062257108048762,1.0142525708564682,2240.4981460959543,46.85,15.0
2026-05-06 22:15:00,1.013962329801108,1.0252538880356177,1.0122723888030474,1.0192567352367397,2718.5309298370935,46.5,15.0
2026-05-06 22:30:00,1.0196266453369922,1.0198871436944281,1.007318778365965,1.0085967131664308,2212.4350049220416,46.48,15.0
2026-05-06 22:45:00,1.0082899042289184,1.008588856393829,1.0006582885968913,1.002720773550009,6222.441541510538,47.4,15.0
2026-05-06 23:00:00,1.0027207429495668,1.0039946839573912,1.0027204106388339,1.0039941401155352,210.7994909809923,47.41,15.0
2026-05-07 16:30:00,1.004258720974297,1.0055901300486343,0.9989842504132808,1.0008475913494603,357.77157376645295,47.3,15.0
2026-05-07 16:45:00,1.0021942420440046,1.0332999364551267,1.0019376726311278,1.0299006882063093,601.4936231948755,48.69,15.0
2026-05-07 17:00:00,1.029835737487557,1.043563699241655,1.0290645884742553,1.042902862525536,741.8463204975632,49.34,15.0
2026-05-07 17:15:00,1.0426881003718256,1.0434172858813926,1.0352540540487312,1.035362482534015,845.1306939654888,48.77,15.0
2026-05-07 17:30:00,1.035411996362163,1.0466290538430965,1.0351420557784545,1.0462383937789936,631.2375142486344,48.67,15.0
2026-05-07 17:45:00,1.0465461338542466,1.0498592282655785,1.0460843471013401,1.0494124402553795,479.66966900499125,48.51,15.0
2026-05-07 18:00:00,1.049495142158023,1.0495805444000004,1.0462618800694978,1.046439451314856,202.02077312696798,48.3,15.0
2026-05-07 18:15:00,1.0465426207605006,1.051624960273909,1.04595212997788,1.0511937056601492,239.8345142026169,48.63,15.0
2026-05-07 18:30:00,1.051165947901804,1.0517226151755015,1.0480146365653535,1.0480246645381195,191.7031030702125,48.4,15.0
2026-05-07 18:45:00,1.047948490963435,1.0540902700952053,1.0473457800147534,1.0537103709983442,164.6515075218155,48.64,15.0
2026-05-07 19:00:00,1.053601509771632,1.0570698725258887,1.0523741873569972,1.0566718603849807,233.24186487013776,49.0,15.0
2026-05-07 19:15:00,1.0564105400372534,1.0564971253423925,1.0504608661477717,1.0505958775880258,390.7966922159468,49.43,15.0
2026-05-07 19:30:00,1.0504564255197528,1.0576708575569493,1.0495825518332815,1.0572535701319443,319.3085751057827,49.39,15.0
2026-05-07 19:45:00,1.057110523726249,1.0626172316034659,1.0563906835204016,1.0623686789101867,459.0569864884179,48.88,15.0
2026-05-07 20:00:00,1.0625996471098997,1.0704417280586012,1.061944874541549,1.068755899153397,513.3467964596296,49.62,15.0
2026-05-07 20:15:00,1.068622815827298,1.0689807264220959,1.0595322366123654,1.0598763127802073,721.4128256815317,49.67,15.0
2026-05-07 20:30:00,1.0599058271741206,1.0599290241001507,1.0569573298775388,1.0570285169393712,628.6148831851133,49.51,15.0
2026-05-07 20:45:00,1.0572046009249492,1.0582803689706637,1.056249683211069,1.0570751481026726,376.32411310893775,50.07,15.0
2026-05-07 21:00:00,1.0570759617552727,1.0600128009635956,1.0569363057189403,1.0597676786600745,231.64157235551795,50.1,15.0
2026-05-07 21:15:00,1.059714524065598,1.0605993424604383,1.0541386576464333,1.0541946399493258,152.16519612948662,50.25,15.0
2026-05-07 21:30:00,1.053974039333136,1.0618512229318815,1.0534242504876319,1.0616430635454426,339.5682331709952,50.53,15.0
2026-05-07 21:45:00,1.0615669552261984,1.0618699549131492,1.0561468467759223,1.0570053718470627,611.1599385415326,50.36,15.0
2026-05-07 22:00:00,1.0571393871022667,1.0580793565819346,1.0454982144820801,1.0458680743119033,461.75701872352136,49.51,15.0
2026-05-07 22:15:00,1.0458539198821046,1.0587858575746998,1.044782014985516,1.0581128127244082,411.33798664812184,50.02,15.0
2026-05-07 22:30:00,1.0580866128659336,1.0608761279668941,1.0578498321166085,1.0602929232950933,646.6254296059049,49.94,15.0
2026-05-07 22:45:00,1.0606833778366482,1.0616752097741518,1.0457062695655148,1.0457760388464368,4079.395717845877,50.91,15.0
2026-05-07 23:00:00,1.0457760024866747,1.0464013325894228,1.0457756695609435,1.0464005854080534,210.6478520673077,50.91,15.0
2026-05-08 16:30:00,1.0475066245190017,1.051578236136654,1.034413853644269,1.035671026385265,684.2780227211367,48.48,15.0
2026-05-08 16:45:00,1.0356208420652497,1.0470990384748624,1.034505368994648,1.0462990506908951,261.65171971499797,48.37,15.0
2026-05-08 17:00:00,1.0461280585160566,1.0489530501188,1.045190984970053,1.0481596744128354,484.1474389329484,48.4,15.0
2026-05-08 17:15:00,1.0486003115177835,1.0500183759409278,1.0370860190695024,1.0375281849575233,471.7596216840237,47.99,15.0
2026-05-08 17:30:00,1.0373835415730597,1.0419243054641825,1.036245853182516,1.0412253850546793,321.0977993291365,48.64,15.0
2026-05-08 17:45:00,1.0412823813927137,1.0461980781316929,1.0411868775882285,1.045253549585602,220.41403947182923,48.3,15.0
2026-05-08 18:00:00,1.0452894801732544,1.0461961796019774,1.0378453611547265,1.0390472100074113,178.27129127551387,48.66,15.0
2026-05-08 18:15:00,1.039026663934386,1.0392476201385767,1.0344496929407623,1.0346803787919114,266.09082451121833,48.66,15.0
2026-05-08 18:30:00,1.034643110402412,1.0348296423136754,1.0321083683559362,1.03315403037118,465.43016191216225,48.36,15.0
2026-05-08 18:45:00,1.0332174676852521,1.0352170292981373,1.0321299391000878,1.034919523570918,581.7249278614203,48.71,15.0
2026-05-08 19:00:00,1.0349201517869455,1.0362761570024404,1.0348115556749444,1.0360770023789445,91.83756749074752,48.62,15.0
2026-05-08 19:15:00,1.036383253406435,1.03706275890271,1.0359101239746873,1.0360395437511682,122.03618370859905,49.22,15.0
2026-05-08 19:30:00,1.0361225022204898,1.037118674577731,1.0358393322666095,1.0364729909113344,194.42848150125639,49.53,15.0
2026-05-08 19:45:00,1.036571133958688,1.0424102630212475,1.0362238682836875,1.0419857955035756,288.62502324382575,49.58,15.0
2026-05-08 20:00:00,1.0420079825736512,1.0425563798324016,1.0416691090289585,1.0423446244081431,193.06856663188006,49.75,15.0
2026-05-08 20:15:00,1.0422686967129062,1.0448789675417751,1.0419809877550548,1.0442704399384275,409.8893666824551,49.88,15.0
2026-05-08 20:30:00,1.0442435439610103,1.0462871422180682,1.044182910708694,1.0459271857138892,239.11319419363323,49.75,15.0
2026-05-08 20:45:00,1.045864152556555,1.0464213430682523,1.045744272279708,1.045985882173343,505.74121892576295,49.48,15.0
2026-05-08 21:00:00,1.046009171360983,1.0469573397774332,1.0458435939456194,1.0463834704220327,143.1934242987433,49.61,15.0
2026-05-08 21:15:00,1.0463417137896798,1.0528118702643032,1.0450047016076272,1.0520139160692323,325.618303710237,49.4,15.0
2026-05-08 21:30:00,1.0516154496044534,1.0586710022406407,1.0509791184400545,1.0583577060451814,344.95019667759664,48.89,15.0
2026-05-08 21:45:00,1.0585684817205443,1.0592544111177453,1.0529095891072109,1.0538067441902617,194.71851231617904,48.23,15.0
2026-05-08 22:00:00,1.0536075356217824,1.0597953059052039,1.0518871584020577,1.0596020207224037,446.1835959219993,48.24,15.0
2026-05-08 22:15:00,1.0594237173288483,1.0662077328484802,1.0592974369187065,1.0654432709840322,492.94823344533324,48.48,15.0
2026-05-08 22:30:00,1.0654535502589968,1.0655783420311251,1.0594327261897092,1.0594580717755262,495.26089144410264,48.36,15.0
2026-05-08 22:45:00,1.0595163715770497,1.0599235560989464,1.0576790385665613,1.05845499172386,1425.6129900638487,48.37,15.0
2026-05-08 23:00:00,1.0584511907535121,1.0586928456449254,1.0584496469549802,1.0586893283442813,226.93229847546147,48.36,15.0
2026-05-11 16:30:00,1.0587118559951245,1.0703709268726662,1.0577058675277267,1.0671344621603243,118.6939173233446,48.02,15.0
2026-05-11 16:45:00,1.067044480029536,1.0781450453258115,1.0657258977875919,1.0779012908204486,110.17682819089563,48.62,15.0
2026-05-11 17:00:00,1.0779721914370108,1.080903655619224,1.0777429692025224,1.0808761887727043,68.4422578495947,48.48,15.0
2026-05-11 17:15:00,1.0809170623961468,1.081184859994051,1.078188562118922,1.0784521379275085,51.98216772636897,48.75,15.0
2026-05-11 17:30:00,1.0785263490644976,1.0787391608460775,1.0508338711319125,1.0548386587983454,164.7511101618136,48.4,15.0
2026-05-11 17:45:00,1.054705237230347,1.0629786282469529,1.052818372915971,1.0615379659996207,243.69472146859306,47.91,15.0
2026-05-11 18:00:00,1.0615096865572051,1.0625761316214108,1.061108628183367,1.062277537579582,107.24257319777274,48.0,15.0
2026-05-11 18:15:00,1.062160191486186,1.0623387956233097,1.0589895470913728,1.0591191163268991,78.82456493962611,47.85,15.0
2026-05-11 18:30:00,1.0592811019744472,1.0595590321572006,1.0522201947866545,1.0525263022124005,312.47431710032185,47.68,15.0
2026-05-11 18:45:00,1.0526853160402916,1.0533955202535061,1.0502034639056086,1.05127591240239,176.52445329264236,47.71,15.0
2026-05-11 19:00:00,1.0512747619219749,1.0515504829153386,1.04984241885047,1.0498694047376356,279.3579045647804,47.73,15.0
2026-05-11 19:15:00,1.0498268178216152,1.0541494522894201,1.0497294107863988,1.0540249244724256,183.63406724981326,48.15,15.0
2026-05-11 19:30:00,1.053999948077496,1.0557056510064304,1.0534845446234793,1.05522383664245,186.62841640679179,48.31,15.0
2026-05-11 19:45:00,1.0548720033605714,1.0559657229314348,1.0541904579737738,1.0550406799812502,109.73755981045069,47.84,15.0
2026-05-11 20:00:00,1.055041338382558,1.0610009995992458,1.0546201933221138,1.0605848403281146,129.3121234187973,48.06,15.0
2026-05-11 20:15:00,1.06064717489536,1.0607262336574304,1.0583873400264185,1.0588587443995807,167.02699169524413,48.04,15.0
2026-05-11 20:30:00,1.0587642470323322,1.059379284353001,1.0584681420272213,1.0591800182286513,99.56579307329194,48.18,15.0
2026-05-11 20:45:00,1.0591133116177531,1.0591493007437531,1.0561882907452111,1.0563455515607105,118.86154287072215,48.09,15.0
2026-05-11 21:00:00,1.056352937833188,1.057776246977201,1.0561273960595574,1.0574753709672564,316.9967437344037,47.9,15.0
2026-05-11 21:15:00,1.0575162887933376,1.0584185493203653,1.0575102323498131,1.0582968412017064,156.0270543933453,47.88,15.0
2026-05-11 21:30:00,1.058294026587781,1.0583331652898107,1.0566766377393904,1.0567675857266532,177.62485800245489,47.78,15.0
2026-05-11 21:45:00,1.0567341512822164,1.057973320598307,1.0565731152797893,1.0577579596320807,170.88013847189657,47.71,15.0
2026-05-11 22:00:00,1.057785178387447,1.0586106989505712,1.0567356746932783,1.0569910724042237,248.43202984426745,47.42,15.0
2026-05-11 22:15:00,1.0570248116614163,1.059986078388444,1.056170226889227,1.0598157971057776,300.2744703434958,47.47,15.0
2026-05-11 22:30:00,1.0597650202932054,1.0601127309408638,1.0567970335142374,1.0572499292777202,194.4375543527869,47.42,15.0
2026-05-11 22:45:00,1.0573077878926254,1.0582824442883416,1.0570098468247362,1.0577438982589873,1116.0409539278062,47.42,15.0
2026-05-11 23:00:00,1.0577438275337907,1.0578857820276129,1.057743743801354,1.057885481709079,137.32990656967993,47.42,15.0
2026-05-12 16:30:00,1.057872256831907,1.0580378291596277,1.0529442522252046,1.053828287199682,196.95033270252267,47.89,15.0
2026-05-12 16:45:00,1.0539450374090653,1.0567055186144068,1.052999230182458,1.0565573955722356,47.67173234217834,48.16,15.0
2026-05-12 17:00:00,1.0566094796424965,1.0621046685271103,1.056248562568076,1.0619061546640605,95.82577581027583,48.13,15.0
2026-05-12 17:15:00,1.06175327447632,1.0675163278583892,1.0615818912690025,1.0674185830225142,63.8013454729416,48.03,15.0
2026-05-12 17:30:00,1.0673896671514385,1.0676330401655538,1.0661355000065431,1.0662529440537722,29.137562747276142,48.3,15.0
2026-05-12 17:45:00,1.066417197355516,1.0664557623496487,1.063106232226894,1.063905883968588,106.72068902102839,47.94,15.0
2026-05-12 18:00:00,1.0638443368780743,1.0639741996691605,1.0624034250870087,1.0624435847962583,114.27677440310686,48.02,15.0
2026-05-12 18:15:00,1.062572747081502,1.0629195986016993,1.0602826648287025,1.0603711071628117,159.35434774012,48.23,15.0
2026-05-12 18:30:00,1.0603784994969134,1.060701323788193,1.0580399560080533,1.0580944015014688,88.69858586332663,48.19,15.0
2026-05-12 18:45:00,1.0580002744574666,1.0614037393456812,1.0575166488551113,1.0611888909215486,79.18304010457437,47.97,15.0
2026-05-12 19:00:00,1.061249862718942,1.0633912388137938,1.061149636957537,1.0627956347255463,44.879721377902165,47.87,15.0
2026-05-12 19:15:00,1.0627782544783522,1.0629016690622903,1.0588329048280007,1.0592263065695862,150.76296132633408,47.98,15.0
2026-05-12 19:30:00,1.0591633927869224,1.0599381097152598,1.0516669920173851,1.0523331054441274,74.52519643790849,48.14,15.0
2026-05-12 19:45:00,1.0522614534879409,1.0531274770722614,1.051851157120288,1.0530941097440238,86.98515813882126,48.11,15.0
2026-05-12 20:00:00,1.0530115016093902,1.0538512399899034,1.0472848887067654,1.0480655623441657,96.48818403360747,47.76,15.0
2026-05-12 20:15:00,1.048256209288342,1.058187173824941,1.047015192326937,1.0571274647359663,742.4235538517411,47.35,15.0
2026-05-12 20:30:00,1.0570324689413224,1.057200753061364,1.0525571902086919,1.0526621222779935,239.98485117851922,47.44,15.0
2026-05-12 20:45:00,1.0525567098094402,1.0530126790222942,1.0488811807067808,1.0498383173775154,137.92111002371118,47.38,15.0
2026-05-12 21:00:00,1.0498450086009439,1.049883393338704,1.0496250442073656,1.049630237784176,65.23833997785398,47.39,15.0
2026-05-12 21:15:00,1.0493900928447326,1.0507377938809463,1.0484723256882857,1.0506317789754667,150.49248889545095,47.69,15.0
2026-05-12 21:30:00,1.050701908641071,1.0507756938765793,1.0483255645011733,1.0483581180168613,143.53088065721965,47.76,15.0
2026-05-12 21:45:00,1.0483863175328387,1.0557614053769795,1.0478611144581815,1.0553095163089612,171.34836085717924,47.64,15.0
2026-05-12 22:00:00,1.0553214510261195,1.0553652934207016,1.0548933399045055,1.0549403967751037,152.6270186412815,47.66,15.0
2026-05-12 22:15:00,1.0548368895801599,1.054893528197566,1.0521731525423228,1.0522516727030866,273.5092851395375,47.58,15.0
2026-05-12 22:30:00,1.0523511492773157,1.0526230467209061,1.0512582699191242,1.0517591014225602,253.37223979347274,47.54,15.0
2026-05-12 22:45:00,1.051743221181409,1.0519561900827616,1.049770587533018,1.0500532646203662,696.7188248130524,47.43,15.0
2026-05-12 23:00:00,1.050053167517553,1.0503074500782086,1.050052634636992,1.0503073344241225,264.43551552788404,47.42,15.0
2026-05-13 16:30:00,1.0507165399659653,1.0516244043326273,1.046987268762132,1.0494946335095463,732.9818258871361,46.0,15.0
2026-05-13 16:45:00,1.0493810087208308,1.051256272275365,1.0489375308975244,1.0501809724746922,391.3177378702432,45.79,15.0
2026-05-13 17:00:00,1.050525982388785,1.0514508991666527,1.0480086903199182,1.0483322974923674,308.04671802552065,45.99,15.0
2026-05-13 17:15:00,1.0484360420542103,1.0509246779787806,1.0468383036655942,1.0496409507049755,343.5967283461702,45.37,15.0
2026-05-13 17:30:00,1.0495962909184289,1.0504791878322637,1.0473294865813407,1.0479621600356264,312.5010326230221,45.27,15.0
2026-05-13 17:45:00,1.0480311566170368,1.0557368017632047,1.0472859175544014,1.0554947551845641,183.244662346102,44.92,15.0
2026-05-13 18:00:00,1.0555013322675801,1.0594345222187267,1.0551462148660753,1.0586217820965775,362.38251207000934,44.96,15.0
2026-05-13 18:15:00,1.0586261042173755,1.0597577553429451,1.0585155347116695,1.0596569539133516,205.6588949488235,44.82,15.0
2026-05-13 18:30:00,1.059512156999226,1.060074983075876,1.0526009597709773,1.0531322858281296,202.56462457220812,44.59,15.0
2026-05-13 18:45:00,1.0532054583413129,1.0532975984994923,1.0509801119906617,1.051105171373133,153.9204808446909,44.71,15.0
2026-05-13 19:00:00,1.0508132256099358,1.0511108396216005,1.0500150375419952,1.050159228592601,282.7605706493414,44.8,15.0
2026-05-13 19:15:00,1.050181879741537,1.052748389053307,1.0501403295833356,1.0525241676460837,175.78642933945363,44.82,15.0
2026-05-13 19:30:00,1.0525240214419043,1.0526473700191303,1.0521739235221321,1.052349518932428,181.80810098097345,44.71,15.0
2026-05-13 19:45:00,1.052320625490303,1.0528153712700918,1.0494176656774719,1.0496143162015146,115.18862371537631,44.72,15.0
2026-05-13 20:00:00,1.049510184092683,1.0499397322474546,1.049297178075163,1.0499144569395877,87.63625490389023,44.56,15.0
2026-05-13 20:15:00,1.0499423451630863,1.050238734020286,1.0421432840726983,1.0425154184596466,126.80411496304468,44.27,15.0
2026-05-13 20:30:00,1.042543395323892,1.0479364729835574,1.042421214659638,1.0478166410935024,107.58837225047449,44.37,15.0
2026-05-13 20:45:00,1.047863726288301,1.0481361392723585,1.0469103697510331,1.0469171028691062,163.37763507769475,44.3,15.0
2026-05-13 21:00:00,1.0468267486009737,1.050237228818772,1.046701904461133,1.0498905832564425,105.21870838668708,44.2,15.0
2026-05-13 21:15:00,1.049585584384279,1.0575551024097072,1.0487017602685862,1.0558254686253803,305.34871388256664,44.34,15.0
2026-05-13 21:30:00,1.0558449840465767,1.0560615758610459,1.0551571834317643,1.0552077410673386,268.16510057941565,44.25,15.0
2026-05-13 21:45:00,1.0552390296340344,1.055826204866044,1.0551536819341507,1.055691675041457,105.6825864817551,44.5,15.0
2026-05-13 22:00:00,1.0557293875307927,1.05574587728917,1.0546813710140988,1.0548894490776464,399.93716023414214,44.47,15.0
2026-05-13 22:15:00,1.0548034162130644,1.0553588221945438,1.0545429333119862,1.0549732687947815,679.45527709205,44.45,15.0
2026-05-13 22:30:00,1.055218595358541,1.0556964172777157,1.0511795578634262,1.051621519568263,767.2864315523683,44.91,15.0
2026-05-13 22:45:00,1.0516690310206152,1.0520684289598803,1.0474510367210395,1.0483012707789767,1076.251095304333,44.9,15.0
2026-05-13 23:00:00,1.0483013523584293,1.048412038905071,1.0483007407871665,1.0484118096246624,149.16156225473622,44.89,15.0
2026-05-14 16:30:00,1.04845100313711,1.0697164810019832,1.0471274590954722,1.069065717180158,239.71224804821074,44.89,15.0
2026-05-14 16:45:00,1.0690961433970871,1.069538481145165,1.0677993509393577,1.0684132279484535,176.04228435232167,45.16,15.0
2026-05-14 17:00:00,1.0684567030189487,1.0687666447727107,1.067942271561258,1.0681920259683018,273.9205157074288,45.34,15.0
2026-05-14 17:15:00,1.068287900338126,1.0693320027243354,1.0678137529074114,1.0690041576085543,287.7913398123709,45.1,15.0
2026-05-14 17:30:00,1.068985234850981,1.0691450433638494,1.067140587789293,1.0677089754166016,100.19760986504173,45.09,15.0
2026-05-14 17:45:00,1.0676727046326093,1.0686113285871603,1.0666637835833606,1.0670672736452953,203.79913641914496,45.25,15.0
2026-05-14 18:00:00,1.0670036849416937,1.0690885621830473,1.066513146018804,1.0686348241546728,290.71324119372395,45.48,15.0
2026-05-14 18:15:00,1.0686648567359334,1.0693089370639075,1.0656220409674344,1.0670261136571138,419.9835981590712,45.4,15.0
2026-05-14 18:30:00,1.0669757567734408,1.0676671399275264,1.063562241518,1.0639150854370434,184.212831423907,45.76,15.0
2026-05-14 18:45:00,1.0639148846375817,1.0680677190470338,1.0632385984175448,1.0678490125428417,414.1263217906186,45.5,15.0
2026-05-14 19:00:00,1.0678825328466703,1.067925094292977,1.0582564586478045,1.0583115169475308,382.46072984895096,45.04,15.0
2026-05-14 19:15:00,1.05826646710527,1.06035963652174,1.058086677986541,1.0599067798516673,128.82027251087163,45.05,15.0
2026-05-14 19:30:00,1.059904935963902,1.0600973742361697,1.0589451978371285,1.0589783370906944,118.78599603959945,45.05,15.0
2026-05-14 19:45:00,1.0589465727059677,1.059273150062778,1.0579500798225583,1.0581847128197792,174.04448385624937,44.96,15.0
2026-05-14 20:00:00,1.0581835310441936,1.0588240686132129,1.0576534377072384,1.0582728781115842,209.7192296191411,44.94,15.0
2026-05-14 20:15:00,1.0581389483233001,1.0581443211089796,1.0555385765515386,1.0558234042269208,78.14026801009946,44.78,15.0
2026-05-14 20:30:00,1.0560278417883777,1.0576049324129644,1.0548905750394524,1.0557058931274508,330.5522887028951,44.45,15.0
2026-05-14 20:45:00,1.0557943061392001,1.0563621133194925,1.0480584385894196,1.048321442720699,226.7980235235181,44.45,15.0
2026-05-14 21:00:00,1.0483051766611087,1.048609759740778,1.0457129866642105,1.0466084630326071,307.53563355910984,44.81,15.0
2026-05-14 21:15:00,1.0466728094001387,1.0471402699613135,1.0452530942101343,1.0456296877270612,306.53395166607305,44.77,15.0
2026-05-14 21:30:00,1.0456806971880204,1.045928201196895,1.0419676564297922,1.042507364909339,281.74228427254786,44.62,15.0
2026-05-14 21:45:00,1.042268634201107,1.0423222872978342,1.0372856826660166,1.038213043261528,387.97152970042356,44.58,15.0
2026-05-14 22:00:00,1.0383061611658324,1.0432970218809245,1.03730493616709,1.0421353791712094,286.9813125534151,44.94,15.0
2026-05-14 22:15:00,1.0421382693891537,1.0425041892443692,1.0415716619467996,1.0416519658970562,199.91623805211518,44.88,15.0
2026-05-14 22:30:00,1.0416272633045969,1.042701030927898,1.0411424346886407,1.0421764494913999,586.6029969778613,44.8,15.0
2026-05-14 22:45:00,1.0421737455615796,1.0421835245632367,1.0416284133244904,1.0419458908494799,785.0774762423414,44.74,15.0
2026-05-14 23:00:00,1.041945966925531,1.042213119508431,1.041945687223512,1.0422125267243385,138.6986668379895,44.74,15.0
2026-05-15 16:30:00,1.0422723194487094,1.0494087687660405,1.042229061868853,1.0488568959464266,201.8007341432181,45.04,15.0
2026-05-15 16:45:00,1.0489209271076525,1.0504387703904106,1.0405672100984753,1.0424284596962194,293.082032265648,45.21,15.0
2026-05-15 17:00:00,1.0422972667608843,1.042704396431558,1.0409001676174672,1.0425152504518422,243.34460637494732,45.07,15.0
2026-05-15 17:15:00,1.0426519396182146,1.0427854178814198,1.04016288718195,1.040618282903475,219.19562285574122,45.28,15.0
2026-05-15 17:30:00,1.0406476548420913,1.0417671509876523,1.02906236583844,1.0292060860056775,244.7796214993392,44.91,15.0
2026-05-15 17:45:00,1.0291693470905998,1.0292816607536168,1.0260591866132878,1.0266901261062151,175.41362218870614,45.05,15.0
2026-05-15 18:00:00,1.0264886391312231,1.0272313039110337,1.02608434957197,1.026597111886857,390.4792866803455,45.0,15.0
2026-05-15 18:15:00,1.0266533717278108,1.0269296676977586,1.0253778530207966,1.025895004585434,409.29461730790035,44.77,15.0
2026-05-15 18:30:00,1.0259524642539042,1.026064942981576,1.0206158209162817,1.0209387935717265,456.90797022265536,44.56,15.0
2026-05-15 18:45:00,1.0208794395549943,1.0245591465785522,1.0205913640887387,1.0244529350898552,277.1420972154773,44.71,15.0
2026-05-15 19:00:00,1.0244575737286832,1.0258497512108775,1.0244212808617637,1.0257220352201257,336.0137367170344,44.68,15.0
2026-05-15 19:15:00,1.0256820275506007,1.0262092260467137,1.024215166909171,1.0245873307827793,447.0142595677537,44.66,15.0
2026-05-15 19:30:00,1.0245288352613116,1.0251087575212483,1.0245187645035807,1.024989639307401,191.7871359032709,44.68,15.0
2026-05-15 19:45:00,1.0249320152209027,1.0250890610961316,1.0210775361300155,1.021160782650719,303.2423927793601,44.52,15.0
2026-05-15 20:00:00,1.0211622365209836,1.024641576215747,1.0210634546310349,1.0245577137917035,430.42444201564297,44.42,15.0
2026-05-15 20:15:00,1.0245610190840095,1.0248060207637397,1.0209520953267621,1.0218455280298855,240.64395713413703,44.36,15.0
2026-05-15 20:30:00,1.021861082800832,1.0218791427863703,1.0202242487287174,1.0207302778559377,236.19364623623775,44.33,15.0
2026-05-15 20:45:00,1.020721000229313,1.0210968145842347,1.0197901177812054,1.019952063898094,127.59710912929948,44.23,15.0
2026-05-15 21:00:00,1.0200756821414718,1.0201953835210325,1.0189172748855715,1.019175108669619,545.613835190439,44.01,15.0
2026-05-15 21:15:00,1.0191571435453877,1.021070758627374,1.0186765112304446,1.0207224285160386,414.1911854316677,43.92,15.0
2026-05-15 21:30:00,1.020701492155238,1.020904935008765,1.020330940242762,1.0205749687438717,321.7317692851584,43.87,15.0
2026-05-15 21:45:00,1.0205742906714848,1.0228810687001046,1.0201139077564643,1.0226174663641665,391.17076627763106,43.75,15.0
2026-05-15 22:00:00,1.0227260046465911,1.0233627780164816,1.0221403215234757,1.0230687482787735,240.02248220750423,43.61,15.0
2026-05-15 22:15:00,1.0231583080135715,1.025469626413583,1.0231275188968711,1.0251481977542594,903.0887012573421,43.71,15.0
2026-05-15 22:30:00,1.0251022578921007,1.0258989817253472,1.0139202094128634,1.0145723100531103,773.2183613495763,43.39,15.0
2026-05-15 22:45:00,1.0146165026939724,1.0158305906460297,1.0139878479194495,1.0152642749791538,1459.1951718878672,43.31,15.0
2026-05-15 23:00:00,1.0152642134737673,1.01592927930743,1.0152638390878979,1.0159291633487049,305.4518276665136,43.3,15.0
2026-05-18 16:30:00,1.015614373654509,1.0233511758339726,1.0138530089722124,1.0229812683521926,369.7129525788888,43.79,15.0
2026-05-18 16:45:00,1.0228765445785717,1.0276238590750186,1.0213874355476393,1.027206171371055,374.3723231445198,44.59,15.0
2026-05-18 17:00:00,1.0272156859770956,1.0277586143496105,1.0267107434415632,1.0275057568083956,353.8397038746998,44.42,15.0
2026-05-18 17:15:00,1.0274806846091562,1.0322773053645211,1.0271100962364976,1.031711851001445,379.15488617631627,44.8,15.0
2026-05-18 17:30:00,1.0318741696624958,1.0393899192688822,1.031366444739731,1.0389387675143844,138.3106350978066,44.51,15.0
2026-05-18 17:45:00,1.0389956121771002,1.0513847379931465,1.0389205844755671,1.0512118124563938,165.82493217643085,44.75,15.0
2026-05-18 18:00:00,1.051349897953471,1.0522281268543308,1.0483958077074407,1.0490311127842595,280.5181365221355,44.14,15.0
2026-05-18 18:15:00,1.0490114176553917,1.0492357038909197,1.0486577368421588,1.0487294991263185,139.8280695963257,44.34,15.0
2026-05-18 18:30:00,1.0487063296101478,1.0524270551618848,1.048518734525212,1.0518998707491853,173.56004099714008,44.49,15.0
2026-05-18 18:45:00,1.0519205588391145,1.051958062994796,1.0463277175234031,1.0469049748116974,130.1379506740905,44.4,15.0
2026-05-18 19:00:00,1.0468083007890407,1.0470475963777937,1.0453048160379794,1.0457136443189383,100.02555178558676,44.51,15.0
2026-05-18 19:15:00,1.0457660056486056,1.0458761966181513,1.0422831966764208,1.0428227611005514,130.31955833948174,44.3,15.0
2026-05-18 19:30:00,1.0429638975647932,1.0478015542719274,1.042615306379274,1.0472547484657597,194.69784214680436,44.16,15.0
2026-05-18 19:45:00,1.047271216841137,1.047508412493605,1.0467233574839159,1.046819766249388,320.0313897382669,44.15,15.0
2026-05-18 20:00:00,1.0468652515276446,1.046891469446737,1.0447864773011692,1.0449383060516528,174.99613753737685,44.11,15.0
2026-05-18 20:15:00,1.0450413422562974,1.047132360883506,1.044739150999753,1.0469433858758428,304.2209273385123,44.23,15.0
2026-05-18 20:30:00,1.0468877679416697,1.0516123963422896,1.0460821096899309,1.0512238308783681,437.80424614645807,44.54,15.0
2026-05-18 20:45:00,1.051154773845847,1.05349000343152,1.0508792864287757,1.0534480834515831,216.1249573814964,44.57,15.0
2026-05-18 21:00:00,1.053377729673017,1.0538998433381934,1.0521527609056238,1.052286858557305,122.99807692244049,44.45,15.0
2026-05-18 21:15:00,1.0522647410872317,1.0526022757182902,1.0508768166557498,1.051226085269414,159.62712325985387,44.47,15.0
2026-05-18 21:30:00,1.051260077031947,1.0514464926484737,1.0489900375102346,1.0492556930521335,84.79272194824041,44.45,15.0
2026-05-18 21:45:00,1.0492251391459513,1.0535802494627964,1.0491618243833885,1.053098516817359,199.3142469678764,44.48,15.0
2026-05-18 22:00:00,1.0531430708187075,1.0534217896148639,1.0429435654778496,1.0429803105764461,496.61359863061074,44.3,15.0
2026-05-18 22:15:00,1.0429428980574678,1.0430035125593478,1.0416209724735053,1.0419242195661371,426.09960632892427,44.35,15.0
2026-05-18 22:30:00,1.041923160265788,1.042743361628958,1.0387481143984878,1.0388117212435475,937.2153010512731,44.25,15.0
2026-05-18 22:45:00,1.0388148646285125,1.0469472375820412,1.0382695855624957,1.046932968777347,1031.4982789330768,44.44,15.0
2026-05-18 23:00:00,1.0469330098539678,1.0470403347224457,1.0469326966630081,1.0470395875236829,220.1960763598436,44.43,15.0
2026-05-19 16:30:00,1.0470051280408084,1.070642891593385,1.043017435567124,1.0677634953442796,941.603373944115,45.79,15.0
2026-05-19 16:45:00,1.067878719435803,1.0727257163493484,1.0668625989857419,1.0725667646887374,809.7317541959065,45.94,15.0
2026-05-19 17:00:00,1.0728163655219467,1.072922693452004,1.067209044117792,1.0674373849968584,375.23682674637274,46.17,15.0
2026-05-19 17:15:00,1.067258341042326,1.071563324025735,1.0666632641377378,1.0714489037596673,426.6447965906363,46.0,15.0
2026-05-19 17:30:00,1.0714933105127995,1.0729945513849806,1.0714865061610312,1.072925453333003,473.5249466340455,45.9,15.0
2026-05-19 17:45:00,1.0727492815361712,1.0743798901503911,1.072422792255979,1.0742643253887374,256.8222000147877,46.07,15.0
2026-05-19 18:00:00,1.074274921480954,1.074481132992042,1.0700543505574838,1.0703674450565106,230.71548554466438,45.89,15.0
2026-05-19 18:15:00,1.070282641977524,1.0716256195394667,1.0632019130371828,1.063358355159502,334.43676373470805,45.56,15.0
2026-05-19 18:30:00,1.0633649596643788,1.0639209949335935,1.0606047088555817,1.0607038644641755,279.3341202265829,45.62,15.0
2026-05-19 18:45:00,1.0606904724503037,1.0611219848627618,1.0605980300890914,1.0610907551135333,285.2025469286286,45.53,15.0
2026-05-19 19:00:00,1.061126689707413,1.0649434718575403,1.0610719695255255,1.0646620904183055,213.99602530023304,45.62,15.0
2026-05-19 19:15:00,1.064683842723896,1.0647527314324168,1.0636133680389135,1.0637641297071327,180.49602713080782,45.5,15.0
2026-05-19 19:30:00,1.0638174695469977,1.0639733895587473,1.0588340054132956,1.0588716683189794,39.443602842929366,45.42,15.0
2026-05-19 19:45:00,1.058795666708454,1.060835879805067,1.0586359362810531,1.0604340875121139,150.70790113841778,45.62,15.0
2026-05-19 20:00:00,1.0603538051803338,1.0606561419880391,1.057764414531701,1.0579971012380431,102.81053091941698,45.74,15.0
2026-05-19 20:15:00,1.0580187608038423,1.0583711834651726,1.0560813447564419,1.0564381256145527,235.1229327436553,46.04,15.0
2026-05-19 20:30:00,1.0563308224374808,1.0667567251300645,1.0561809480030255,1.065252615347152,214.2921299171601,45.96,15.0
2026-05-19 20:45:00,1.065308592808073,1.0653106632238265,1.0636704035319458,1.063941004581352,175.1601110309197,45.97,15.0
2026-05-19 21:00:00,1.063961005388672,1.0644165642405954,1.0635885647326873,1.0636520210686744,95.01147865538094,45.83,15.0
2026-05-19 21:15:00,1.0637514201826477,1.0638605042584872,1.062655173541776,1.0627335980520203,171.62046965431568,45.84,15.0
2026-05-19 21:30:00,1.062800752109752,1.0639442494891147,1.06276627006897,1.0637499298247872,298.88053331957155,45.92,15.0
2026-05-19 21:45:00,1.063685836648052,1.0640024127038608,1.0618938563485179,1.0623235493998764,271.9793274148662,45.64,15.0
2026-05-19 22:00:00,1.0623134112412564,1.0681850105427295,1.0619495807694197,1.067677550821573,233.38255192667685,45.6,15.0
2026-05-19 22:15:00,1.0676095101265215,1.0685917195487866,1.0674289451401549,1.0683826772979574,258.24777507583934,45.6,15.0
2026-05-19 22:30:00,1.068382080572286,1.0685613550945987,1.0653934154498157,1.0654117960848237,583.5097380763466,45.45,15.0
2026-05-19 22:45:00,1.0655277514164063,1.0683264433053468,1.064876167940089,1.0680051909157935,1897.986436602139,45.48,15.0
2026-05-19 23:00:00,1.0680051299294584,1.0680052770298532,1.0677633418369767,1.067763498396552,140.02078701479712,45.47,15.0
2026-05-20 16:30:00,1.0675833976682563,1.0931702727671018,1.0661016388777766,1.0891417160290982,318.0284775138755,45.13,15.0
2026-05-20 16:45:00,1.0890397089839026,1.0939858417042867,1.0882697139014623,1.0938790974810237,106.3514296868748,45.3,15.0
2026-05-20 17:00:00,1.0935365605750185,1.102158569182749,1.0935146397942712,1.1018863448621627,313.69715463257717,45.0,15.0
2026-05-20 17:15:00,1.1018631931225509,1.1020322081755092,1.0930123875977649,1.0939247759729185,223.12293648112475,44.99,15.0
2026-05-20 17:30:00,1.0938280769695532,1.0940455351649105,1.088694772701206,1.0891453232743695,230.1488950205865,45.08,15.0
2026-05-20 17:45:00,1.088978569767377,1.0988667044932932,1.0883849499742597,1.0987771282703043,155.94962343834473,45.55,15.0
2026-05-20 18:00:00,1.0988736565556054,1.1001291296567537,1.0985378122295266,1.0996638181154588,224.49870610934497,45.38,15.0
2026-05-20 18:15:00,1.0998225441977323,1.1037665442433038,1.0995386454352398,1.1031253963753418,299.97529257029436,45.74,15.0
2026-05-20 18:30:00,1.1029827226670206,1.1031498458705393,1.1022012834060095,1.1027079234031427,192.39955506712622,45.74,15.0
2026-05-20 18:45:00,1.102666598545204,1.1038322155711104,1.1020639272989097,1.103488805774657,122.48000014469366,45.58,15.0
2026-05-20 19:00:00,1.103195095469782,1.1032026725504258,1.0990627705273799,1.0993512357386401,94.71220138770029,45.85,15.0
2026-05-20 19:15:00,1.099409910877826,1.1007734806847906,1.0988135244834931,1.1007527044031742,250.60571205589557,45.69,15.0
2026-05-20 19:30:00,1.1009309634772002,1.1015867357429694,1.0972068923935099,1.0982751150381689,87.68384434918862,45.82,15.0
2026-05-20 19:45:00,1.0981516204540984,1.0986996402304088,1.0981119116683726,1.098389718431886,61.32108555693854,45.93,15.0
2026-05-20 20:00:00,1.098393202074748,1.0984529069196807,1.0948377883801401,1.0948432074393275,160.70536826250904,45.98,15.0
2026-05-20 20:15:00,1.0949554519036417,1.0953485670968588,1.0935678750975224,1.0941300484307679,88.10394615859146,46.05,15.0
2026-05-20 20:30:00,1.0940811492238178,1.0941712090629396,1.0935530679117433,1.0938443120149512,349.2718495640027,46.04,15.0
2026-05-20 20:45:00,1.0938318018173696,1.0942131136927233,1.0937591738247698,1.0939781975440588,143.39536749720156,46.04,15.0
2026-05-20 21:00:00,1.0940771153773057,1.0943834510335215,1.0927971975221882,1.092877458249263,263.6529780665718,46.09,15.0
2026-05-20 21:15:00,1.0928937739376259,1.0933894681204175,1.089159112028894,1.0894509896185547,184.55282781597782,46.13,15.0
2026-05-20 21:30:00,1.089449454087694,1.089763573306893,1.089381874176107,1.0894661935732408,117.53591237223992,46.12,15.0
2026-05-20 21:45:00,1.0894676701243093,1.0896393131010427,1.0887668533432302,1.0887809364734793,118.24576843841615,46.15,15.0
2026-05-20 22:00:00,1.0888491845272552,1.088937335379362,1.0872597520685996,1.0873874365367016,228.85358686020098,46.29,15.0
2026-05-20 22:15:00,1.087394749388095,1.090746427056905,1.0871092746197761,1.0903833094088577,329.2671154029281,46.39,15.0
2026-05-20 22:30:00,1.0904342580123851,1.0937589718049172,1.0897106414641016,1.09364310160643,282.2387386516945,46.76,15.0
2026-05-20 22:45:00,1.0935315884681012,1.0937163109890513,1.0903505395219006,1.090638398298354,1796.7798001747253,46.71,15.0
2026-05-20 23:00:00,1.0906384191212617,1.0906387277758167,1.090031653244887,1.0900319141911512,206.2023616442604,46.7,15.0
2026-05-21 16:30:00,1.0895843048092029,1.0902827591445732,1.0630213068368208,1.0637634926903026,149.69115821985503,45.52,15.0
2026-05-21 16:45:00,1.0641672122610282,1.0678559419745617,1.0637124719795548,1.0664683892079752,38.16980836211015,46.24,15.0
2026-05-21 17:00:00,1.0664854024459538,1.0709001474354598,1.066224560905822,1.070528509079991,131.2743056408887,46.38,15.0
2026-05-21 17:15:00,1.0705153890379857,1.071861643782031,1.069596972921682,1.0718471034402597,192.01122932525428,46.51,15.0
2026-05-21 17:30:00,1.0718452543201955,1.0724176487483612,1.0712414918245654,1.0713670128683683,78.58678779041547,46.45,15.0
2026-05-21 17:45:00,1.0713101959331526,1.0722362670901904,1.0712675014775577,1.0720371620828544,103.65925694858015,46.68,15.0
2026-05-21 18:00:00,1.072003693229285,1.0724864436090735,1.0682281793372876,1.068537240349162,164.16172917317732,46.65,15.0
2026-05-21 18:15:00,1.0686078129275796,1.0701994714856122,1.0685979052464405,1.0701096162897914,219.96665633750516,46.72,15.0
2026-05-21 18:30:00,1.070066311025084,1.0737766277590841,1.0697031762029696,1.073487901018821,181.50729627564152,46.72,15.0
2026-05-21 18:45:00,1.0734373615480315,1.0758351311895002,1.0734020738770886,1.075509309492091,217.0151570390813,46.7,15.0
2026-05-21 19:00:00,1.0755342972815407,1.0760440259596926,1.0752763423372995,1.0759695157251254,144.4125678070286,46.63,15.0
2026-05-21 19:15:00,1.0759504757051808,1.0763290181811038,1.0714638274369976,1.071585918453098,410.5103635931268,46.43,15.0
2026-05-21 19:30:00,1.0716087307317934,1.0719370765276843,1.0706061956500779,1.0706931665455623,98.63218266765911,46.57,15.0
2026-05-21 19:45:00,1.0707776864489114,1.071077191219788,1.0707292953487384,1.0708627666756667,282.7814324269955,46.56,15.0
2026-05-21 20:00:00,1.0708958714959311,1.0709161626550152,1.069215986479284,1.0695074981510684,222.40920592919434,46.8,15.0
2026-05-21 20:15:00,1.0692842413701342,1.0696727581412044,1.0595669028544414,1.06056863113447,563.1308140565008,47.05,15.0
2026-05-21 20:30:00,1.0606273510565472,1.0606660710922664,1.058382368504302,1.0584880410760293,124.83485787629262,47.15,15.0
2026-05-21 20:45:00,1.0584513286506732,1.058767625150189,1.057165533527666,1.0574455715196507,374.0559444163182,47.25,15.0
2026-05-21 21:00:00,1.057408890044371,1.0597703676560464,1.0572703195679307,1.059564550022348,151.31086377934247,47.25,15.0
2026-05-21 21:15:00,1.0595641029127318,1.061196229213503,1.0594675979144232,1.060918095678944,214.58351815724816,47.33,15.0
2026-05-21 21:30:00,1.0608973302543194,1.0609267375237996,1.057363534696546,1.0576548447317515,229.7404921584343,47.24,15.0
2026-05-21 21:45:00,1.0576307762647028,1.0577713739878967,1.0572695220427464,1.0574674482889077,223.23107188564418,47.05,15.0
2026-05-21 22:00:00,1.0574496499645387,1.0602481893672724,1.057024565232077,1.0599367504303103,237.8843657154218,47.21,15.0
2026-05-21 22:15:00,1.0599584663267152,1.0625446425583995,1.0596344458242364,1.062413337963165,416.1011539958417,47.21,15.0
2026-05-21 22:30:00,1.0623305881685197,1.0643285948828214,1.0621997091301474,1.0637622735211643,155.3030447986762,47.26,15.0
2026-05-21 22:45:00,1.0636939333789233,1.0655149061674776,1.063550934514234,1.0654344222377785,961.070920433236,47.37,15.0
2026-05-21 23:00:00,1.065430556830443,1.0654575201735816,1.065305956156957,1.0653090049120069,69.45071560482997,47.37,15.0
2026-05-22 16:30:00,1.0655956303790075,1.0680308013021045,1.0653377894768348,1.0674228788755635,201.9660277366542,47.76,15.0
2026-05-22 16:45:00,1.0674531794436728,1.0711321824148325,1.0673221456530253,1.0711014059160784,250.7932189508755,47.67,15.0
2026-05-22 17:00:00,1.0711160168444596,1.071132939692658,1.0661160537207968,1.0665619688585037,236.09827962200148,47.58,15.0
2026-05-22 17:15:00,1.066514973003536,1.0681791746390012,1.066056760650898,1.0675560594739082,917.0285551158437,47.26,15.0
2026-05-22 17:30:00,1.067616219576414,1.0678671072374204,1.0661631761619754,1.0661710580219554,169.66414317274203,47.37,15.0
2026-05-22 17:45:00,1.0662013094796876,1.0662443885277737,1.0605123247300685,1.061145437324641,73.11218573974715,47.34,15.0
2026-05-22 18:00:00,1.0611522566289455,1.0611646018849368,1.0591835544790615,1.059859545541031,147.83525405115583,47.27,15.0
2026-05-22 18:15:00,1.059888850750181,1.0608168339148454,1.0598386666120991,1.0607393627694004,91.42600134120337,47.47,15.0
2026-05-22 18:30:00,1.0606255811720635,1.0633826514860047,1.0602770418577896,1.0633171604307137,179.81305332547234,47.46,15.0
2026-05-22 18:45:00,1.063209440640866,1.0680641254863483,1.0624712377302825,1.067828222804718,108.46305448236659,47.63,15.0
2026-05-22 19:00:00,1.0677377657209894,1.0681686428087263,1.0673841052685553,1.0679746888638106,122.1839522158071,47.65,15.0
2026-05-22 19:15:00,1.067941960661599,1.068945180166935,1.0678047615669333,1.0688557892735386,46.39174831487945,47.86,15.0
2026-05-22 19:30:00,1.0688559428032245,1.0689646985221073,1.0682534628824458,1.0683005253943667,49.567990846893736,47.97,15.0
2026-05-22 19:45:00,1.0682724146889226,1.068368039886297,1.0663206475645692,1.0663714430196736,71.36391579527032,47.89,15.0
2026-05-22 20:00:00,1.0663612944309675,1.0664542078401613,1.065824315365317,1.0658546393459694,141.47164803407688,47.75,15.0
2026-05-22 20:15:00,1.065776239209278,1.0661726911895955,1.062611561984146,1.0633516304063768,157.36026094627857,48.13,15.0
2026-05-22 20:30:00,1.0634182420951865,1.0641729292915867,1.063380684630012,1.0639487226235518,88.75560508324527,48.04,15.0
2026-05-22 20:45:00,1.0639553265279296,1.0640466356132199,1.0629659391722956,1.0629944382002876,74.82079123216343,48.02,15.0
2026-05-22 21:00:00,1.0629797983521792,1.0671347445398858,1.062901058374524,1.0668223395101868,190.42227725400355,48.02,15.0
2026-05-22 21:15:00,1.0669234573077873,1.0694447013646657,1.0668951559499256,1.0692556429280975,419.67255929554153,48.01,15.0
2026-05-22 21:30:00,1.0692563230967354,1.0724113171785998,1.0691881396836773,1.0722241815802733,329.21764855699473,47.89,15.0
2026-05-22 21:45:00,1.0721539712344192,1.079776662771711,1.0714630057478063,1.078974523117447,320.81671766661566,48.13,15.0
2026-05-22 22:00:00,1.0789578246234706,1.0792074108118548,1.0762859493163912,1.0765435918580974,259.55487324174186,48.17,15.0
2026-05-22 22:15:00,1.0766183459905818,1.0807816926097726,1.0765098050820159,1.0804022242051627,443.09300262958715,48.14,15.0
2026-05-22 22:30:00,1.080350669276649,1.0804710619008013,1.079641149510291,1.0797614608642734,276.00290840037854,48.14,15.0
2026-05-22 22:45:00,1.0797497439887715,1.0809532365100216,1.0794909149566505,1.08085477912757,1592.5309039015617,48.23,15.0
2026-05-22 23:00:00,1.0808547173830367,1.0808550767226777,1.080515339864395,1.080516006516348,174.89451778595947,48.21,15.0
2026-05-26 16:30:00,1.0804935822917454,1.1042117485664524,1.0794992028085628,1.103811532416989,192.11206216686656,47.2,15.0
2026-05-26 16:45:00,1.1036500454044555,1.1138134309993806,1.103086130042653,1.1121990236064385,94.24601449715328,47.63,15.0
2026-05-26 17:00:00,1.1121239425260554,1.1172992201019305,1.112033515034939,1.1168340055772386,157.55824178850773,48.09,15.0
2026-05-26 17:15:00,1.1168000162898006,1.1174581989327779,1.1165026019105637,1.1173787796775876,84.34779269391451,48.09,15.0
2026-05-26 17:30:00,1.1173795449941366,1.120285988057501,1.1172584109794506,1.1199192134573273,111.82808779036351,48.36,15.0
2026-05-26 17:45:00,1.119953746879475,1.1209779416736851,1.1197059603234931,1.1209485081505581,126.88567906042334,48.39,15.0
2026-05-26 18:00:00,1.1208138243556343,1.1211244804287397,1.1146327415935806,1.1149141377091314,81.51179869645125,48.12,15.0
2026-05-26 18:15:00,1.1149900975540623,1.115127341810665,1.1104380938635772,1.1108007763549441,90.03893260759804,48.0,15.0
2026-05-26 18:30:00,1.1108341151934231,1.1112508745173997,1.1071341021867436,1.1072770804940983,83.55040052394958,47.95,15.0
2026-05-26 18:45:00,1.107304647078983,1.1074533581073347,1.103953901017217,1.1040229086959108,57.12457219639827,47.89,15.0
2026-05-26 19:00:00,1.1039892968770557,1.1044270210924318,1.1038521624597615,1.1042645340092663,167.10147625397641,47.9,15.0
2026-05-26 19:15:00,1.1043947114009904,1.1079467114786568,1.1043869169255733,1.1076316412668692,293.8966135397209,48.25,15.0
2026-05-26 19:30:00,1.1076323196265336,1.1083690498371361,1.107625811705699,1.1080523962889193,34.054540639963804,48.27,15.0
2026-05-26 19:45:00,1.1080450864944682,1.1082756078152645,1.1062499877019758,1.1063807983177163,49.108307505278226,48.25,15.0
2026-05-26 20:00:00,1.1062930293513153,1.106522663996941,1.1055651056904172,1.1057998519142804,130.18621386051936,48.4,15.0
2026-05-26 20:15:00,1.1058175511239845,1.1059322245697414,1.1051414309655538,1.1053037395596825,98.40650635980218,48.38,15.0
2026-05-26 20:30:00,1.1053560585411477,1.1055320574229932,1.1028591637920964,1.1034114470243748,28.9407894013516,48.38,15.0
2026-05-26 20:45:00,1.1034127306160524,1.103493130297845,1.1024643123335103,1.1027489129172392,52.51359822152647,48.41,15.0
2026-05-26 21:00:00,1.1027314009365632,1.1027720548659155,1.0991425692295518,1.0994099919799922,162.43434708081534,48.35,15.0
2026-05-26 21:15:00,1.0992674435471292,1.100445410541184,1.0990863663964985,1.1001378249188032,300.76688743651926,48.38,15.0
2026-05-26 21:30:00,1.1001198914985884,1.100194518569847,1.0966965668431217,1.0969466713396783,95.50722435429505,48.39,15.0
2026-05-26 21:45:00,1.097002270109616,1.098533297643772,1.0969886518840286,1.0984896289257986,226.1458787796794,48.48,15.0
2026-05-26 22:00:00,1.0985367551923662,1.0986460221660919,1.09598516187679,1.0970717101230776,404.70490355509537,48.14,15.0
2026-05-26 22:15:00,1.0970940083343745,1.0972986822624975,1.0945135045604393,1.0948396842215578,118.71279370414993,48.13,15.0
2026-05-26 22:30:00,1.0947670387592148,1.0951964627988204,1.0933807677588214,1.093671705848354,785.0739824336123,48.25,15.0
2026-05-26 22:45:00,1.0938894420749388,1.09526097920155,1.0922504311899381,1.092894478531232,1450.0696616651128,47.97,15.0
2026-05-26 23:00:00,1.092894504239204,1.092894782531385,1.0923617163342643,1.0923617396948662,236.74742266767723,47.97,15.0
2026-05-27 16:30:00,1.0924219734175746,1.095059887945563,1.0916044232179372,1.0938181250841152,269.1924256240234,49.01,15.0
2026-05-27 16:45:00,1.0937440633263702,1.1031625180919808,1.0928058868358876,1.1014072054258983,233.23640365939076,48.68,15.0
2026-05-27 17:00:00,1.1013505567106525,1.1036974892176927,1.10053353429472,1.1030187170281895,258.6851026400249,48.77,15.0
2026-05-27 17:15:00,1.1030173386937565,1.1034755594095886,1.0994407418207472,1.099750147439163,101.33676357175351,48.71,15.0
2026-05-27 17:30:00,1.0995329633433861,1.0997114310100675,1.0836556058843247,1.0837631783845398,207.793745679871,48.16,15.0
2026-05-27 17:45:00,1.083867983183076,1.0846260196201007,1.0829509703326436,1.0837154973091911,94.10753070008032,47.96,15.0
2026-05-27 18:00:00,1.083757835111594,1.0840569117362646,1.0823724917342756,1.0832732629359065,260.72640283170887,47.63,15.0
2026-05-27 18:15:00,1.0832249142655697,1.086098284784592,1.082582133626655,1.0858181657722699,81.03444522082542,47.54,15.0
2026-05-27 18:30:00,1.0859302255319387,1.0900728253859913,1.085489796221428,1.089815401957667,211.36405688456603,47.69,15.0
2026-05-27 18:45:00,1.0898749291153724,1.090187521585176,1.0857395489153119,1.085915182139057,146.66196783717612,47.5,15.0
2026-05-27 19:00:00,1.0860807101783092,1.0929378931781422,1.0854532375721941,1.0922942266755038,72.58674276173608,47.27,15.0
2026-05-27 19:15:00,1.0923477782225641,1.0926351952384636,1.0889149969240393,1.0889320043215809,78.45240244285547,47.36,15.0
2026-05-27 19:30:00,1.0888784271001632,1.0902420029931017,1.0888771381164735,1.0901650432823005,106.44502965197707,47.37,15.0
2026-05-27 19:45:00,1.0900584311106798,1.0935505851326004,1.0900398504877677,1.0934030791167568,49.38143189703865,47.51,15.0
2026-05-27 20:00:00,1.093410025332176,1.0934278049147943,1.0929593044472,1.0932807795653143,81.91120478047517,47.66,15.0
2026-05-27 20:15:00,1.0933876161800689,1.0937846430186338,1.09316711368047,1.0936546497657618,56.30153479161283,47.43,15.0
2026-05-27 20:30:00,1.0936431014070322,1.0965351442639322,1.0933217459945916,1.0963150394512033,43.98123794614607,47.42,15.0
2026-05-27 20:45:00,1.0964043476299665,1.0991938275414561,1.0962240402812296,1.0988627618601672,139.16091964306156,47.29,15.0
2026-05-27 21:00:00,1.098846851817973,1.0991303739816403,1.098052451161014,1.098124019667351,93.7863651751623,47.28,15.0
2026-05-27 21:15:00,1.0980144659539235,1.0982797788390266,1.0978815948693377,1.0982663569962894,71.30691719727648,47.34,15.0
2026-05-27 21:30:00,1.0983034112921384,1.09942892103342,1.0981507093720366,1.0991813764981055,247.67236194167322,47.4,15.0
2026-05-27 21:45:00,1.099208071872588,1.0994868899173627,1.0963406408863237,1.0963591710107514,81.03337162417326,47.47,15.0
2026-05-27 22:00:00,1.0963830404938033,1.098601803482154,1.0960730449137015,1.0985348831274595,181.81000840512638,47.51,15.0
2026-05-27 22:15:00,1.0986053916492162,1.1004323896267822,1.0984203822376781,1.100337236118323,159.21056145017477,47.56,15.0
2026-05-27 22:30:00,1.1004813522238184,1.1005348894968008,1.0996195458052305,1.099837716685763,344.44662484990675,47.7,15.0
2026-05-27 22:45:00,1.0998743244801594,1.1006710104504875,1.0954095439567306,1.0961176957381507,1144.9269589187124,48.1,15.0
2026-05-27 23:00:00,1.09611772088339,1.0961179480730405,1.0955038795778385,1.0955040906343925,213.5016771343301,48.09,15.0
2026-05-28 16:30:00,1.095419899287738,1.0954269251021422,1.0598620676115065,1.0604265305730034,125.76489699747589,49.6,15.0
2026-05-28 16:45:00,1.0602749213577014,1.0671059553485591,1.059976351290373,1.0667221112752194,235.3599309709391,49.63,15.0
2026-05-28 17:00:00,1.0666835740599145,1.0780638813061225,1.0655596574843345,1.077390692929233,240.41846283323903,49.86,15.0
2026-05-28 17:15:00,1.0775142377573346,1.0800514111372226,1.0769131496650697,1.0790675536967678,437.6818491806349,49.68,15.0
2026-05-28 17:30:00,1.0789748596242237,1.0797627497679756,1.071418094810028,1.0729348578051956,50.99812347506851,49.98,15.0
2026-05-28 17:45:00,1.0730093976972435,1.073363334084267,1.0714155867576618,1.072275975727859,103.30796418862617,49.98,15.0
2026-05-28 18:00:00,1.0724034013186763,1.0750961800168939,1.0722307689818957,1.0743727586695273,59.35327617381414,50.25,15.0
2026-05-28 18:15:00,1.0742992417697492,1.0746270183477573,1.0682627814338368,1.0688259358376602,230.915777154816,50.44,15.0
2026-05-28 18:30:00,1.0687937226247737,1.0702035192253434,1.0687003934941688,1.0701286965369805,103.68860093702317,50.63,15.0
2026-05-28 18:45:00,1.070172876879246,1.0704489048355996,1.0684267055504115,1.0686572409553956,204.65010531886284,50.61,15.0
2026-05-28 19:00:00,1.0685871586900946,1.0686591323783254,1.0665334223480631,1.0671050641071522,139.81494719211625,50.74,15.0
2026-05-28 19:15:00,1.0670270041766452,1.0672864513099618,1.0639591515894693,1.0642392268414103,187.66456777841287,50.7,15.0
2026-05-28 19:30:00,1.0642282787269226,1.0643208438902079,1.0621627758357155,1.062227581767608,248.47759867589656,50.79,15.0
2026-05-28 19:45:00,1.062228994455085,1.0622553793070415,1.0604156272213983,1.0605015756111573,28.36176664241929,50.79,15.0
2026-05-28 20:00:00,1.0604999890486069,1.0610845156439996,1.0600453981591091,1.0601669580158264,86.71103019939937,50.94,15.0
2026-05-28 20:15:00,1.0602970167043706,1.0629126684914711,1.060129641225006,1.062866396876497,143.8046291071522,51.06,15.0
2026-05-28 20:30:00,1.0628637260144957,1.0629183191069287,1.062610644604371,1.0627190400578412,106.71497128469957,51.03,15.0
2026-05-28 20:45:00,1.0627343319779525,1.0629017326867485,1.0626987226040372,1.0628299700973634,64.0623450583711,50.94,15.0
2026-05-28 21:00:00,1.0628319024879804,1.0657671814699383,1.062734299118053,1.0657250374409317,202.89358187964046,50.98,15.0
2026-05-28 21:15:00,1.0657387284093847,1.0657982795628227,1.0649683021067937,1.0654001750770496,63.44407245569983,51.07,15.0
2026-05-28 21:30:00,1.0653545280157917,1.0665252518388477,1.0650565600516009,1.066495378051013,221.04166500976245,51.09,15.0
2026-05-28 21:45:00,1.0664249294290145,1.068030958726804,1.066411970658146,1.0679309044202598,101.32250009934444,51.08,15.0
2026-05-28 22:00:00,1.0678382555468808,1.0678760064744501,1.0619509002161336,1.0620646895909374,276.2747314880103,50.99,15.0
2026-05-28 22:15:00,1.0620528994388223,1.0677865202934966,1.061954413384465,1.0677130634487988,235.01725620107104,51.02,15.0
2026-05-28 22:30:00,1.067793646838771,1.0688334661001455,1.062825014896714,1.063229571394058,289.74497537567504,50.75,15.0
2026-05-28 22:45:00,1.0632698316384135,1.067011966226987,1.0631418401838615,1.0662758800923602,1001.1094126841053,50.83,15.0
2026-05-28 23:00:00,1.0662760055832474,1.066515817655532,1.066275817728032,1.066515416990076,108.95912467029055,50.84,15.0
2026-05-29 16:30:00,1.0663138069277223,1.0677089470034573,1.0603025271031503,1.0603560660637028,135.84081982907466,51.0,15.0
2026-05-29 16:45:00,1.059991985313986,1.0656200331473846,1.0598012343268224,1.0642081374164565,340.66447501422465,50.75,15.0
2026-05-29 17:00:00,1.0642738033918402,1.0686567497768449,1.0641999044999795,1.068424001315858,119.20702151159722,51.09,15.0
2026-05-29 17:15:00,1.0682902502448384,1.0789569456408334,1.0677982324499415,1.0784950441599364,258.3418420988818,51.22,15.0
2026-05-29 17:30:00,1.078479049369403,1.078642719393393,1.0779410405296612,1.0786349023264783,110.19788276450575,51.48,15.0
2026-05-29 17:45:00,1.078589819740942,1.0786808034875608,1.0773175300534266,1.077389657678246,94.22632504112718,51.42,15.0
2026-05-29 18:00:00,1.0773136482840402,1.0777971745199297,1.0729229076814528,1.0729284820002187,117.85614789358895,51.38,15.0
2026-05-29 18:15:00,1.072836511944933,1.0805284434133893,1.0728209356285352,1.0802784438666322,40.11463658887777,51.64,15.0
2026-05-29 18:30:00,1.0803244867040893,1.0808469173585666,1.0798565700385976,1.0799177095039703,116.83180347069516,51.67,15.0
2026-05-29 18:45:00,1.0798186042413491,1.0829916864225033,1.0797529564313746,1.0826878228605774,67.35015217259965,51.65,15.0
2026-05-29 19:00:00,1.0826380116314047,1.0850868467396977,1.0825772729595629,1.084508745962038,90.33643899838528,51.75,15.0
2026-05-29 19:15:00,1.0845342722847777,1.0846640552718287,1.0830571884336857,1.0835097968357772,98.75679836129028,51.75,15.0
2026-05-29 19:30:00,1.0835714835099708,1.084140047075349,1.083253471371729,1.0841379738804409,74.71336305830425,51.86,15.0
2026-05-29 19:45:00,1.0841782000954825,1.0841845660361351,1.0820640949302474,1.0822526787863025,136.22237256991343,51.76,15.0
2026-05-29 20:00:00,1.0822496247206201,1.0823765347037413,1.082098408679345,1.0821142762311113,42.18151634190224,51.84,15.0
2026-05-29 20:15:00,1.082123418858414,1.0829233252071775,1.0819809710148116,1.082879977634186,43.963024719094044,52.09,15.0
2026-05-29 20:30:00,1.0829459102901928,1.0830981265684656,1.0822864765402544,1.082850644594009,180.01292795850816,51.88,15.0
2026-05-29 20:45:00,1.0828349628512521,1.0849801557719085,1.0822458922477454,1.0845960724133958,266.3089757161124,51.78,15.0
2026-05-29 21:00:00,1.0845623692027269,1.0848986993220455,1.0828194794667378,1.0833779066567437,333.6123940700034,51.76,15.0
2026-05-29 21:15:00,1.0833649294945256,1.0835312983586316,1.081188476888967,1.081400601830682,291.7943145403583,51.8,15.0
2026-05-29 21:30:00,1.0813824186646923,1.081560699796704,1.078446928444009,1.0787707094462538,232.06167204432026,51.64,15.0
2026-05-29 21:45:00,1.0787693679115393,1.0789886463106206,1.0778963250137303,1.0778967814257951,303.3980618703947,51.55,15.0
2026-05-29 22:00:00,1.0778787717518912,1.077946602093565,1.0775962244309298,1.077740551036191,115.13949047715101,51.38,15.0
2026-05-29 22:15:00,1.0777155122999553,1.0784404394795977,1.077251773632707,1.0784246017888768,192.22926698728526,51.62,15.0
2026-05-29 22:30:00,1.0783509036739027,1.080961138775977,1.0778712050590844,1.0805715830922105,292.3547455570148,51.48,15.0
2026-05-29 22:45:00,1.0805791910082962,1.0838241969206388,1.0804812619347248,1.083549919436503,1374.3617890563419,51.69,15.0
2026-05-29 23:00:00,1.0835473797118786,1.0835784031232074,1.0835229973740061,1.0835242556381683,213.97060414241412,51.68,15.0
2026-06-01 16:30:00,1.083763767899789,1.0856622651151575,1.077986539207247,1.0791130426717284,126.68054082818372,51.07,15.0
2026-06-01 16:45:00,1.0789409623403463,1.082128584200651,1.077930191297422,1.081954482513678,173.49974031963063,50.94,15.0
2026-06-01 17:00:00,1.0820530132837411,1.085785558363496,1.0819542057301026,1.0857049495544733,272.77299179292913,51.04,15.0
2026-06-01 17:15:00,1.085900629268311,1.0861909224377486,1.079322322240806,1.0798215763828551,210.25188898070888,50.74,15.0
2026-06-01 17:30:00,1.0797214133766555,1.0831546606459794,1.079074337668716,1.083139356743053,107.3553078926112,51.11,15.0
2026-06-01 17:45:00,1.0830375936093444,1.083147094426744,1.080952255607331,1.0818462519212295,116.57475781757549,50.94,15.0
2026-06-01 18:00:00,1.0819972411418572,1.0821487335014743,1.067642746306912,1.0684156471199484,148.67372762885228,51.33,15.0
2026-06-01 18:15:00,1.0683791597525214,1.0696935564104675,1.0679254347752503,1.0696092962921593,90.71364030928501,51.44,15.0
2026-06-01 18:30:00,1.0696728831837137,1.0733862176386624,1.0695372673303782,1.073291587597696,52.79033911355773,51.63,15.0
2026-06-01 18:45:00,1.0733362818116123,1.0735118268798804,1.0728662543878191,1.073106714981245,105.29264162933188,51.41,15.0
2026-06-01 19:00:00,1.0730996497934193,1.0740159690519093,1.0728476642537168,1.0736972384328929,106.85453934789453,51.52,15.0
2026-06-01 19:15:00,1.073742342660679,1.0786995794174,1.0732301830691242,1.0784086789196345,82.61210473628685,51.25,15.0
2026-06-01 19:30:00,1.0784015741682627,1.0825156151747763,1.0781140476637765,1.0823272573581992,96.98143929384315,51.23,15.0
2026-06-01 19:45:00,1.0824480803501833,1.0825586164918841,1.0799589643909757,1.0802429565746199,185.9470568551973,51.24,15.0
2026-06-01 20:00:00,1.0801927475416573,1.080386547576382,1.0799508537554485,1.080384151297725,58.990830518698004,51.18,15.0
2026-06-01 20:15:00,1.0803745370034585,1.0806479457190574,1.079752399615429,1.0798758780669064,57.95836126800971,51.37,15.0
2026-06-01 20:30:00,1.079915553016873,1.0826719101429363,1.079617501684259,1.0826451126270127,187.41015085944102,51.49,15.0
2026-06-01 20:45:00,1.0826716794806999,1.0853872729431842,1.0822057608449311,1.0853683838738128,122.64834549784648,51.6,15.0
2026-06-01 21:00:00,1.0853729869953905,1.0879430674297468,1.0852837596102014,1.0879424808100941,63.00128717894448,51.79,15.0
2026-06-01 21:15:00,1.0879588425257167,1.0880160069550326,1.08151609207817,1.0816605081468447,196.07723536358526,51.54,15.0
2026-06-01 21:30:00,1.0816657060929589,1.0822839775241648,1.0780935058645178,1.0782882568068894,138.51617235620654,51.4,15.0
2026-06-01 21:45:00,1.0785169721954824,1.0844896015418601,1.07751158150166,1.084165246358904,268.92883973930935,51.11,15.0
2026-06-01 22:00:00,1.0842194636005276,1.0845752457758393,1.0822148622327818,1.0822696329270136,237.11728198758672,50.72,15.0
2026-06-01 22:15:00,1.0823335713680795,1.0824712549841555,1.0731843495763396,1.0732093621311394,174.0180008718787,50.95,15.0
2026-06-01 22:30:00,1.0731986740080701,1.0769149538013563,1.07300760826614,1.0766843871656997,190.6578032812197,50.87,15.0
2026-06-01 22:45:00,1.0766133660607065,1.0798887806155812,1.076202376717457,1.079692363008879,740.6960254380951,50.81,15.0
2026-06-01 23:00:00,1.0796923415795168,1.0796937385877534,1.0795632700934306,1.0795634407490557,249.94455358972826,50.79,15.0
