time,Open,High,Low,Close,Volume,SPY_Close,VIX_Close
2025-06-09 16:30:00,49.57,49.74,49.19,49.19,82,49.19,15.0
2025-06-09 16:45:00,49.26,49.37,49.08,49.16,74,49.16,15.0
2025-06-09 17:00:00,49.17,49.39,48.95,49.28,81,49.28,15.0
2025-06-09 17:15:00,49.33,49.49,49.32,49.33,144,49.33,15.0
2025-06-09 17:30:00,49.34,49.51,49.19,49.19,129,49.19,15.0
2025-06-09 17:45:00,49.23,49.45,49.21,49.45,125,49.45,15.0
2025-06-09 18:00:00,49.42,49.87,49.41,49.83,152,49.83,15.0
2025-06-09 18:15:00,49.82,49.82,49.66,49.8,71,49.8,15.0
2025-06-09 18:30:00,49.81,49.87,49.73,49.8,47,49.8,15.0
2025-06-09 18:45:00,49.81,49.9,49.75,49.76,52,49.76,15.0
2025-06-09 19:00:00,49.77,49.86,49.74,49.76,47,49.76,15.0
2025-06-09 19:15:00,49.73,49.87,49.73,49.84,88,49.84,15.0
2025-06-09 19:30:00,49.83,49.85,49.71,49.83,98,49.83,15.0
2025-06-09 19:45:00,49.87,50.17,49.87,50.06,117,50.06,15.0
2025-06-09 20:00:00,50.09,50.26,50.05,50.24,87,50.24,15.0
2025-06-09 20:15:00,50.27,50.46,50.21,50.35,148,50.35,15.0
2025-06-09 20:30:00,50.34,50.55,50.32,50.55,64,50.55,15.0
2025-06-09 20:45:00,50.52,50.56,50.44,50.44,83,50.44,15.0
2025-06-09 21:00:00,50.43,50.43,50.04,50.11,144,50.11,15.0
2025-06-09 21:15:00,50.12,50.32,50.12,50.31,115,50.31,15.0
2025-06-09 21:30:00,50.29,50.32,50.24,50.24,87,50.24,15.0
2025-06-09 21:45:00,50.26,50.29,50.19,50.28,103,50.28,15.0
2025-06-09 22:00:00,50.26,50.27,50.05,50.1,179,50.1,15.0
2025-06-09 22:15:00,50.13,50.14,50.02,50.1,204,50.1,15.0
2025-06-09 22:30:00,50.09,50.14,49.94,49.94,251,49.94,15.0
2025-06-09 22:45:00,49.93,50.06,49.85,49.88,1301,49.88,15.0
2025-06-09 23:00:00,49.88,49.88,49.88,49.88,189,49.88,15.0
2025-06-10 16:30:00,50.52,51.49,49.95,50.05,147,50.05,15.0
2025-06-10 16:45:00,50.04,50.51,49.96,50.51,157,50.51,15.0
2025-06-10 17:00:00,50.49,50.66,50.24,50.39,1156,50.39,15.0
2025-06-10 17:15:00,50.43,50.9,50.22,50.77,1209,50.77,15.0
2025-06-10 17:30:00,50.79,50.98,50.73,50.87,193,50.87,15.0
2025-06-10 17:45:00,50.9,51.17,50.85,51.15,171,51.15,15.0
2025-06-10 18:00:00,51.13,51.47,50.95,51.08,387,51.08,15.0
2025-06-10 18:15:00,51.05,51.53,50.97,51.51,237,51.51,15.0
2025-06-10 18:30:00,51.51,51.68,51.24,51.32,297,51.32,15.0
2025-06-10 18:45:00,51.31,51.36,51.13,51.32,148,51.32,15.0
2025-06-10 19:00:00,51.32,51.49,51.2,51.27,215,51.27,15.0
2025-06-10 19:15:00,51.27,51.27,50.98,51.24,111,51.24,15.0
2025-06-10 19:30:00,51.25,51.37,51.22,51.24,106,51.24,15.0
2025-06-10 19:45:00,51.22,51.34,51.21,51.31,117,51.31,15.0
2025-06-10 20:00:00,51.31,51.33,51.12,51.28,121,51.28,15.0
2025-06-10 20:15:00,51.28,51.36,51.25,51.34,83,51.34,15.0
2025-06-10 20:30:00,51.34,51.36,51.14,51.18,93,51.18,15.0
2025-06-10 20:45:00,51.18,51.18,51.03,51.03,81,51.03,15.0
2025-06-10 21:00:00,51.02,51.02,50.76,50.86,112,50.86,15.0
2025-06-10 21:15:00,50.88,50.92,50.75,50.76,115,50.76,15.0
2025-06-10 21:30:00,50.75,50.83,50.64,50.7,143,50.7,15.0
2025-06-10 21:45:00,50.71,51.01,50.7,50.94,155,50.94,15.0
2025-06-10 22:00:00,50.95,51.03,50.82,50.91,136,50.91,15.0
2025-06-10 22:15:00,50.91,51.02,50.85,50.93,171,50.93,15.0
2025-06-10 22:30:00,50.94,50.96,50.83,50.91,256,50.91,15.0
2025-06-10 22:45:00,50.91,51.45,50.91,51.39,1310,51.39,15.0
2025-06-10 23:00:00,51.4,51.4,51.4,51.4,140,51.4,15.0
2025-06-11 16:30:00,51.61,52.66,51.47,52.57,519,52.57,15.0
2025-06-11 16:45:00,52.57,52.6,51.78,52.16,385,52.16,15.0
2025-06-11 17:00:00,52.26,52.61,51.96,52.52,396,52.52,15.0
2025-06-11 17:15:00,52.51,52.81,52.45,52.69,475,52.69,15.0
2025-06-11 17:30:00,52.68,52.81,52.5,52.62,256,52.62,15.0
2025-06-11 17:45:00,52.63,52.82,52.5,52.59,249,52.59,15.0
2025-06-11 18:00:00,52.6,52.67,52.5,52.58,193,52.58,15.0
2025-06-11 18:15:00,52.59,52.59,52.48,52.51,302,52.51,15.0
2025-06-11 18:30:00,52.51,52.63,52.48,52.62,144,52.62,15.0
2025-06-11 18:45:00,52.63,52.68,52.46,52.46,204,52.46,15.0
2025-06-11 19:00:00,52.48,52.51,52.17,52.24,349,52.24,15.0
2025-06-11 19:15:00,52.32,52.34,52.14,52.29,157,52.29,15.0
2025-06-11 19:30:00,52.29,52.42,52.2,52.26,213,52.26,15.0
2025-06-11 19:45:00,52.29,52.4,52.09,52.09,147,52.09,15.0
2025-06-11 20:00:00,52.12,52.17,51.95,51.98,197,51.98,15.0
2025-06-11 20:15:00,51.94,52.03,51.78,51.83,348,51.83,15.0
2025-06-11 20:30:00,51.83,51.95,51.65,51.68,433,51.68,15.0
2025-06-11 20:45:00,51.66,51.88,51.62,51.84,186,51.84,15.0
2025-06-11 21:00:00,51.85,51.92,51.33,51.33,132,51.33,15.0
2025-06-11 21:15:00,51.23,51.41,51.14,51.35,104,51.35,15.0
2025-06-11 21:30:00,51.3,51.54,51.19,51.54,96,51.54,15.0
2025-06-11 21:45:00,51.5,51.55,51.31,51.38,102,51.38,15.0
2025-06-11 22:00:00,51.38,51.5,51.31,51.43,153,51.43,15.0
2025-06-11 22:15:00,51.43,51.65,51.43,51.55,153,51.55,15.0
2025-06-11 22:30:00,51.53,51.6,51.45,51.52,372,51.52,15.0
2025-06-11 22:45:00,51.53,51.66,51.42,51.55,912,51.55,15.0
2025-06-11 23:00:00,51.54,51.54,51.54,51.54,182,51.54,15.0
2025-06-12 16:30:00,51.1,51.27,50.5,50.99,184,50.99,15.0
2025-06-12 16:45:00,50.93,51.25,50.93,51.21,51,51.21,15.0
2025-06-12 17:00:00,51.17,51.27,51.03,51.05,163,51.05,15.0
2025-06-12 17:15:00,51.05,51.7,51.04,51.68,198,51.68,15.0
2025-06-12 17:30:00,51.73,51.92,51.62,51.8,274,51.8,15.0
2025-06-12 17:45:00,51.8,52.12,51.8,52.0,224,52.0,15.0
2025-06-12 18:00:00,51.98,52.2,51.78,51.82,155,51.82,15.0
2025-06-12 18:15:00,51.82,51.82,51.45,51.54,83,51.54,15.0
2025-06-12 18:30:00,51.54,51.57,51.38,51.39,146,51.39,15.0
2025-06-12 18:45:00,51.38,51.39,51.25,51.38,73,51.38,15.0
2025-06-12 19:00:00,51.41,51.5,51.35,51.36,115,51.36,15.0
2025-06-12 19:15:00,51.37,51.42,51.23,51.37,97,51.37,15.0
2025-06-12 19:30:00,51.36,51.61,51.27,51.59,100,51.59,15.0
2025-06-12 19:45:00,51.61,51.85,51.61,51.72,134,51.72,15.0
2025-06-12 20:00:00,51.72,51.9,51.72,51.78,126,51.78,15.0
2025-06-12 20:15:00,51.77,51.85,51.7,51.72,100,51.72,15.0
2025-06-12 20:30:00,51.72,51.86,51.72,51.83,106,51.83,15.0
2025-06-12 20:45:00,51.82,51.84,51.67,51.67,94,51.67,15.0
2025-06-12 21:00:00,51.67,51.72,51.49,51.53,82,51.53,15.0
2025-06-12 21:15:00,51.55,51.58,51.35,51.45,102,51.45,15.0
2025-06-12 21:30:00,51.47,51.63,51.45,51.6,87,51.6,15.0
2025-06-12 21:45:00,51.6,51.68,51.53,51.59,91,51.59,15.0
2025-06-12 22:00:00,51.56,51.7,51.52,51.52,156,51.52,15.0
2025-06-12 22:15:00,51.54,51.61,51.33,51.48,321,51.48,15.0
2025-06-12 22:30:00,51.48,51.55,51.46,51.53,418,51.53,15.0
2025-06-12 22:45:00,51.53,51.67,51.37,51.55,1321,51.55,15.0
2025-06-12 23:00:00,51.53,51.53,51.53,51.53,251,51.53,15.0
2025-06-13 16:30:00,50.49,51.35,50.3,51.0,133,51.0,15.0
2025-06-13 16:45:00,51.0,51.02,50.67,50.67,134,50.67,15.0
2025-06-13 17:00:00,50.7,50.99,50.63,50.92,102,50.92,15.0
2025-06-13 17:15:00,50.87,50.9,50.61,50.67,121,50.67,15.0
2025-06-13 17:30:00,50.75,50.81,50.56,50.56,113,50.56,15.0
2025-06-13 17:45:00,50.56,50.83,50.42,50.82,161,50.82,15.0
2025-06-13 18:00:00,50.79,50.96,50.69,50.78,189,50.78,15.0
2025-06-13 18:15:00,50.81,50.94,50.77,50.89,104,50.89,15.0
2025-06-13 18:30:00,50.89,51.0,50.87,51.0,112,51.0,15.0
2025-06-13 18:45:00,50.98,51.15,50.93,51.1,83,51.1,15.0
2025-06-13 19:00:00,51.13,51.21,51.03,51.19,147,51.19,15.0
2025-06-13 19:15:00,51.17,51.25,51.15,51.23,100,51.23,15.0
2025-06-13 19:30:00,51.22,51.32,51.22,51.26,74,51.26,15.0
2025-06-13 19:45:00,51.24,51.27,51.06,51.27,103,51.27,15.0
2025-06-13 20:00:00,51.28,51.31,51.08,51.14,68,51.14,15.0
2025-06-13 20:15:00,51.1,51.2,50.96,50.96,96,50.96,15.0
2025-06-13 20:30:00,50.98,51.08,50.94,50.99,172,50.99,15.0
2025-06-13 20:45:00,51.02,51.12,50.96,51.1,128,51.1,15.0
2025-06-13 21:00:00,51.1,51.18,50.76,50.82,266,50.82,15.0
2025-06-13 21:15:00,50.82,50.85,50.6,50.63,170,50.63,15.0
2025-06-13 21:30:00,50.62,50.72,50.4,50.5,250,50.5,15.0
2025-06-13 21:45:00,50.5,50.63,50.41,50.59,152,50.59,15.0
2025-06-13 22:00:00,50.59,50.72,50.48,50.66,341,50.66,15.0
2025-06-13 22:15:00,50.65,50.66,50.45,50.5,293,50.5,15.0
2025-06-13 22:30:00,50.52,50.68,50.46,50.55,256,50.55,15.0
2025-06-13 22:45:00,50.53,50.57,50.3,50.53,917,50.53,15.0
2025-06-13 23:00:00,50.52,50.52,50.52,50.52,206,50.52,15.0
2025-06-16 16:30:00,50.62,50.98,49.72,50.4,93,50.4,15.0
2025-06-16 16:45:00,50.27,50.96,50.27,50.72,101,50.72,15.0
2025-06-16 17:00:00,50.73,50.78,50.54,50.66,52,50.66,15.0
2025-06-16 17:15:00,50.71,51.02,50.68,51.0,68,51.0,15.0
2025-06-16 17:30:00,51.02,51.21,51.0,51.15,154,51.15,15.0
2025-06-16 17:45:00,51.14,51.48,51.12,51.29,120,51.29,15.0
2025-06-16 18:00:00,51.31,51.31,50.81,50.95,177,50.95,15.0
2025-06-16 18:15:00,50.95,51.07,50.91,51.0,127,51.0,15.0
2025-06-16 18:30:00,51.04,51.15,50.91,51.09,87,51.09,15.0
2025-06-16 18:45:00,51.08,51.17,50.95,51.11,77,51.11,15.0
2025-06-16 19:00:00,51.14,51.33,51.12,51.33,50,51.33,15.0
2025-06-16 19:15:00,51.34,51.52,51.33,51.39,60,51.39,15.0
2025-06-16 19:30:00,51.4,51.45,51.37,51.38,35,51.38,15.0
2025-06-16 19:45:00,51.34,51.43,51.32,51.32,42,51.32,15.0
2025-06-16 20:00:00,51.32,51.38,51.3,51.34,68,51.34,15.0
2025-06-16 20:15:00,51.36,51.59,51.33,51.59,74,51.59,15.0
2025-06-16 20:30:00,51.59,51.59,51.48,51.52,63,51.52,15.0
2025-06-16 20:45:00,51.54,51.56,51.22,51.24,86,51.24,15.0
2025-06-16 21:00:00,51.23,51.29,51.16,51.19,93,51.19,15.0
2025-06-16 21:15:00,51.19,51.19,50.98,51.01,76,51.01,15.0
2025-06-16 21:30:00,51.04,51.06,51.0,51.05,100,51.05,15.0
2025-06-16 21:45:00,51.07,51.31,51.07,51.3,218,51.3,15.0
2025-06-16 22:00:00,51.31,51.41,51.29,51.31,355,51.31,15.0
2025-06-16 22:15:00,51.29,51.34,51.2,51.23,164,51.23,15.0
2025-06-16 22:30:00,51.22,51.31,51.2,51.31,191,51.31,15.0
2025-06-16 22:45:00,51.32,51.66,51.32,51.63,953,51.63,15.0
2025-06-16 23:00:00,51.63,51.63,51.63,51.63,171,51.63,15.0
2025-06-17 16:30:00,50.9,51.2,50.48,50.85,66,50.85,15.0
2025-06-17 16:45:00,50.85,50.97,50.47,50.88,184,50.88,15.0
2025-06-17 17:00:00,50.88,51.1,50.78,50.96,161,50.96,15.0
2025-06-17 17:15:00,50.92,51.02,50.71,50.99,136,50.99,15.0
2025-06-17 17:30:00,51.02,51.08,50.92,50.98,254,50.98,15.0
2025-06-17 17:45:00,50.97,51.24,50.97,51.1,312,51.1,15.0
2025-06-17 18:00:00,51.09,51.14,50.93,50.96,252,50.96,15.0
2025-06-17 18:15:00,50.94,50.97,50.45,50.6,482,50.6,15.0
2025-06-17 18:30:00,50.6,50.6,50.31,50.4,294,50.4,15.0
2025-06-17 18:45:00,50.35,50.46,50.26,50.39,176,50.39,15.0
2025-06-17 19:00:00,50.41,50.67,50.4,50.67,221,50.67,15.0
2025-06-17 19:15:00,50.68,50.79,50.67,50.69,152,50.69,15.0
2025-06-17 19:30:00,50.7,50.84,50.61,50.65,288,50.65,15.0
2025-06-17 19:45:00,50.66,50.7,50.39,50.42,252,50.42,15.0
2025-06-17 20:00:00,50.39,50.44,50.08,50.16,323,50.16,15.0
2025-06-17 20:15:00,50.14,50.24,50.04,50.08,123,50.08,15.0
2025-06-17 20:30:00,50.04,50.27,49.98,49.99,102,49.99,15.0
2025-06-17 20:45:00,49.99,50.04,49.85,49.87,206,49.87,15.0
2025-06-17 21:00:00,49.88,49.88,49.63,49.7,187,49.7,15.0
2025-06-17 21:15:00,49.69,49.73,49.42,49.55,229,49.55,15.0
2025-06-17 21:30:00,49.54,49.6,49.39,49.4,188,49.4,15.0
2025-06-17 21:45:00,49.41,49.48,49.3,49.33,215,49.33,15.0
2025-06-17 22:00:00,49.34,49.38,49.1,49.28,344,49.28,15.0
2025-06-17 22:15:00,49.26,49.57,49.16,49.36,266,49.36,15.0
2025-06-17 22:30:00,49.34,49.55,49.31,49.33,296,49.33,15.0
2025-06-17 22:45:00,49.36,49.64,49.32,49.5,918,49.5,15.0
2025-06-17 23:00:00,49.5,49.5,49.5,49.5,164,49.5,15.0
2025-06-18 16:30:00,49.58,49.66,49.05,49.22,67,49.22,15.0
2025-06-18 16:45:00,49.16,49.65,49.16,49.45,47,49.45,15.0
2025-06-18 17:00:00,49.38,49.51,49.18,49.51,114,49.51,15.0
2025-06-18 17:15:00,49.47,49.77,49.37,49.73,212,49.73,15.0
2025-06-18 17:30:00,49.76,49.86,49.68,49.78,253,49.78,15.0
2025-06-18 17:45:00,49.74,49.92,49.71,49.76,133,49.76,15.0
2025-06-18 18:00:00,49.83,49.95,49.81,49.93,57,49.93,15.0
2025-06-18 18:15:00,49.91,50.01,49.78,49.94,80,49.94,15.0
2025-06-18 18:30:00,49.97,50.03,49.83,50.0,93,50.0,15.0
2025-06-18 18:45:00,50.01,50.14,49.94,49.96,193,49.96,15.0
2025-06-18 19:00:00,50.0,50.31,50.0,50.26,47,50.26,15.0
2025-06-18 19:15:00,50.29,50.32,50.15,50.26,101,50.26,15.0
2025-06-18 19:30:00,50.21,50.28,50.1,50.22,82,50.22,15.0
2025-06-18 19:45:00,50.24,50.27,50.15,50.27,60,50.27,15.0
2025-06-18 20:00:00,50.22,50.23,50.11,50.15,45,50.15,15.0
2025-06-18 20:15:00,50.15,50.22,50.13,50.14,69,50.14,15.0
2025-06-18 20:30:00,50.14,50.16,49.88,50.06,112,50.06,15.0
2025-06-18 20:45:00,50.06,50.25,50.06,50.14,86,50.14,15.0
2025-06-18 21:00:00,50.19,50.39,49.86,50.01,83,50.01,15.0
2025-06-18 21:15:00,50.0,50.12,49.97,50.07,111,50.07,15.0
2025-06-18 21:30:00,50.07,50.42,50.05,50.36,204,50.36,15.0
2025-06-18 21:45:00,50.34,50.35,49.86,49.87,163,49.87,15.0
2025-06-18 22:00:00,49.87,50.34,49.84,50.33,246,50.33,15.0
2025-06-18 22:15:00,50.3,50.35,50.0,50.0,232,50.0,15.0
2025-06-18 22:30:00,50.02,50.27,49.99,50.26,392,50.26,15.0
2025-06-18 22:45:00,50.28,50.3,50.09,50.1,1164,50.1,15.0
2025-06-18 23:00:00,50.13,50.13,50.13,50.13,137,50.13,15.0
2025-06-20 16:30:00,50.33,50.46,49.72,50.4,193,50.4,15.0
2025-06-20 16:45:00,50.35,50.54,50.11,50.36,104,50.36,15.0
2025-06-20 17:00:00,50.39,50.48,50.18,50.24,47,50.24,15.0
2025-06-20 17:15:00,50.16,50.32,50.04,50.2,75,50.2,15.0
2025-06-20 17:30:00,50.2,50.23,50.04,50.17,66,50.17,15.0
2025-06-20 17:45:00,50.14,50.18,50.0,50.15,108,50.15,15.0
2025-06-20 18:00:00,50.14,50.2,50.04,50.18,78,50.18,15.0
2025-06-20 18:15:00,50.14,50.29,50.14,50.22,26,50.22,15.0
2025-06-20 18:30:00,50.24,50.36,50.22,50.34,45,50.34,15.0
2025-06-20 18:45:00,50.36,50.42,50.19,50.2,30,50.2,15.0
2025-06-20 19:00:00,50.14,50.27,50.13,50.17,30,50.17,15.0
2025-06-20 19:15:00,50.17,50.21,50.13,50.18,27,50.18,15.0
2025-06-20 19:30:00,50.24,50.26,50.17,50.21,14,50.21,15.0
2025-06-20 19:45:00,50.17,50.3,50.14,50.22,37,50.22,15.0
2025-06-20 20:00:00,50.22,50.32,50.22,50.23,56,50.23,15.0
2025-06-20 20:15:00,50.22,50.27,50.07,50.07,64,50.07,15.0
2025-06-20 20:30:00,50.07,50.08,49.94,49.94,97,49.94,15.0
2025-06-20 20:45:00,49.93,49.97,49.85,49.87,28,49.87,15.0
2025-06-20 21:00:00,49.83,49.95,49.8,49.92,33,49.92,15.0
2025-06-20 21:15:00,49.91,50.11,49.91,50.03,38,50.03,15.0
2025-06-20 21:30:00,50.03,50.17,49.99,50.03,59,50.03,15.0
2025-06-20 21:45:00,50.0,50.02,49.83,49.86,157,49.86,15.0
2025-06-20 22:00:00,49.86,49.97,49.85,49.94,111,49.94,15.0
2025-06-20 22:15:00,49.95,50.05,49.92,50.0,144,50.0,15.0
2025-06-20 22:30:00,50.01,50.06,49.98,50.01,201,50.01,15.0
2025-06-20 22:45:00,49.99,50.11,49.86,49.87,1077,49.87,15.0
2025-06-20 23:00:00,49.89,49.89,49.89,49.89,191,49.89,15.0
2025-06-23 16:30:00,49.52,49.76,49.05,49.05,125,49.05,15.0
2025-06-23 16:45:00,48.99,49.43,48.91,49.27,83,49.27,15.0
2025-06-23 17:00:00,49.39,49.92,49.37,49.92,214,49.92,15.0
2025-06-23 17:15:00,49.94,49.96,49.5,49.58,108,49.58,15.0
2025-06-23 17:30:00,49.58,49.66,49.33,49.42,53,49.42,15.0
2025-06-23 17:45:00,49.48,49.5,49.15,49.15,55,49.15,15.0
2025-06-23 18:00:00,49.21,49.36,49.17,49.25,27,49.25,15.0
2025-06-23 18:15:00,49.22,49.27,49.07,49.09,66,49.09,15.0
2025-06-23 18:30:00,49.13,49.13,48.88,48.94,67,48.94,15.0
2025-06-23 18:45:00,48.91,49.07,48.87,49.04,75,49.04,15.0
2025-06-23 19:00:00,49.04,49.04,48.88,49.03,99,49.03,15.0
2025-06-23 19:15:00,49.02,49.05,48.7,48.74,102,48.74,15.0
2025-06-23 19:30:00,48.74,48.88,48.46,48.88,73,48.88,15.0
2025-06-23 19:45:00,48.88,48.93,48.66,48.66,48,48.66,15.0
2025-06-23 20:00:00,48.67,48.85,48.67,48.81,104,48.81,15.0
2025-06-23 20:15:00,48.85,49.15,48.79,49.1,115,49.1,15.0
2025-06-23 20:30:00,49.14,49.23,49.08,49.12,72,49.12,15.0
2025-06-23 20:45:00,49.16,49.21,49.08,49.18,69,49.18,15.0
2025-06-23 21:00:00,49.19,49.28,49.17,49.26,93,49.26,15.0
2025-06-23 21:15:00,49.27,49.36,49.26,49.29,56,49.29,15.0
2025-06-23 21:30:00,49.31,49.33,49.12,49.23,94,49.23,15.0
2025-06-23 21:45:00,49.25,49.26,49.09,49.2,131,49.2,15.0
2025-06-23 22:00:00,49.22,49.33,49.22,49.22,87,49.22,15.0
2025-06-23 22:15:00,49.24,49.37,49.24,49.34,108,49.34,15.0
2025-06-23 22:30:00,49.34,49.35,49.18,49.21,159,49.21,15.0
2025-06-23 22:45:00,49.21,49.39,49.14,49.3,757,49.3,15.0
2025-06-23 23:00:00,49.3,49.3,49.3,49.3,178,49.3,15.0
2025-06-24 16:30:00,50.1,50.17,49.43,49.91,206,49.91,15.0
2025-06-24 16:45:00,49.89,50.18,49.7,49.7,117,49.7,15.0
2025-06-24 17:00:00,49.69,50.0,49.63,49.99,166,49.99,15.0
2025-06-24 17:15:00,49.95,50.0,49.88,49.94,40,49.94,15.0
2025-06-24 17:30:00,49.87,50.07,49.87,49.88,77,49.88,15.0
2025-06-24 17:45:00,49.87,50.19,49.87,50.08,170,50.08,15.0
2025-06-24 18:00:00,50.08,50.25,50.0,50.07,187,50.07,15.0
2025-06-24 18:15:00,50.0,50.08,49.96,50.0,81,50.0,15.0
2025-06-24 18:30:00,50.01,50.01,49.91,49.97,57,49.97,15.0
2025-06-24 18:45:00,50.0,50.02,49.93,49.96,44,49.96,15.0
2025-06-24 19:00:00,50.0,50.12,50.0,50.05,50,50.05,15.0
2025-06-24 19:15:00,50.03,50.04,49.78,49.82,45,49.82,15.0
2025-06-24 19:30:00,49.82,49.83,49.73,49.75,55,49.75,15.0
2025-06-24 19:45:00,49.76,49.93,49.75,49.89,49,49.89,15.0
2025-06-24 20:00:00,49.89,49.94,49.82,49.85,47,49.85,15.0
2025-06-24 20:15:00,49.84,49.93,49.83,49.86,45,49.86,15.0
2025-06-24 20:30:00,49.79,49.8,49.54,49.59,103,49.59,15.0
2025-06-24 20:45:00,49.56,49.8,49.54,49.78,73,49.78,15.0
2025-06-24 21:00:00,49.81,49.96,49.81,49.95,84,49.95,15.0
2025-06-24 21:15:00,49.94,49.97,49.89,49.92,55,49.92,15.0
2025-06-24 21:30:00,49.93,49.96,49.86,49.96,55,49.96,15.0
2025-06-24 21:45:00,49.96,50.07,49.95,50.05,107,50.05,15.0
2025-06-24 22:00:00,50.06,50.07,49.97,49.97,133,49.97,15.0
2025-06-24 22:15:00,49.97,50.12,49.96,50.12,173,50.12,15.0
2025-06-24 22:30:00,50.13,50.21,50.09,50.2,268,50.2,15.0
2025-06-24 22:45:00,50.19,50.25,49.97,49.99,741,49.99,15.0
2025-06-24 23:00:00,50.0,50.0,50.0,50.0,157,50.0,15.0
2025-06-25 16:30:00,49.83,49.83,49.34,49.34,70,49.34,15.0
2025-06-25 16:45:00,49.43,49.78,49.27,49.55,200,49.55,15.0
2025-06-25 17:00:00,49.63,49.68,49.47,49.57,555,49.57,15.0
2025-06-25 17:15:00,49.58,49.63,49.37,49.4,179,49.4,15.0
2025-06-25 17:30:00,49.42,49.6,49.4,49.58,195,49.58,15.0
2025-06-25 17:45:00,49.54,49.71,49.54,49.62,159,49.62,15.0
2025-06-25 18:00:00,49.61,49.61,49.49,49.53,106,49.53,15.0
2025-06-25 18:15:00,49.53,49.63,49.48,49.58,116,49.58,15.0
2025-06-25 18:30:00,49.53,49.73,49.52,49.73,111,49.73,15.0
2025-06-25 18:45:00,49.73,49.93,49.68,49.93,70,49.93,15.0
2025-06-25 19:00:00,49.94,50.04,49.87,50.03,40,50.03,15.0
2025-06-25 19:15:00,49.99,50.01,49.86,49.87,44,49.87,15.0
2025-06-25 19:30:00,49.89,50.0,49.88,49.97,62,49.97,15.0
2025-06-25 19:45:00,49.97,50.07,49.92,49.92,134,49.92,15.0
2025-06-25 20:00:00,49.96,49.98,49.82,49.96,94,49.96,15.0
2025-06-25 20:15:00,49.96,50.1,49.92,50.08,42,50.08,15.0
2025-06-25 20:30:00,50.08,50.08,49.96,50.02,65,50.02,15.0
2025-06-25 20:45:00,50.02,50.11,50.02,50.02,35,50.02,15.0
2025-06-25 21:00:00,50.05,50.18,50.02,50.16,38,50.16,15.0
2025-06-25 21:15:00,50.15,50.21,50.14,50.17,74,50.17,15.0
2025-06-25 21:30:00,50.17,50.26,50.17,50.23,57,50.23,15.0
2025-06-25 21:45:00,50.22,52.64,50.21,52.56,1914,52.56,15.0
2025-06-25 22:00:00,52.54,53.27,52.04,52.2,2077,52.2,15.0
2025-06-25 22:15:00,52.18,52.29,51.68,51.84,621,51.84,15.0
2025-06-25 22:30:00,51.82,52.11,51.65,52.01,600,52.01,15.0
2025-06-25 22:45:00,52.04,52.08,51.68,51.9,1571,51.9,15.0
2025-06-25 23:00:00,51.89,51.89,51.88,51.88,188,51.88,15.0
2025-06-26 16:30:00,51.48,52.33,50.6,51.92,365,51.92,15.0
2025-06-26 16:45:00,52.08,52.32,51.94,52.18,116,52.18,15.0
2025-06-26 17:00:00,52.19,52.78,52.19,52.58,313,52.58,15.0
2025-06-26 17:15:00,52.58,53.02,52.53,52.93,320,52.93,15.0
2025-06-26 17:30:00,52.98,53.35,52.86,53.34,242,53.34,15.0
2025-06-26 17:45:00,53.36,53.41,53.11,53.32,217,53.32,15.0
2025-06-26 18:00:00,53.31,53.33,52.69,52.84,210,52.84,15.0
2025-06-26 18:15:00,52.82,53.02,52.73,52.85,294,52.85,15.0
2025-06-26 18:30:00,52.83,52.96,52.73,52.77,138,52.77,15.0
2025-06-26 18:45:00,52.78,52.87,52.69,52.75,138,52.75,15.0
2025-06-26 19:00:00,52.79,52.86,52.68,52.74,157,52.74,15.0
2025-06-26 19:15:00,52.71,52.87,52.7,52.77,140,52.77,15.0
2025-06-26 19:30:00,52.76,53.05,52.74,53.02,150,53.02,15.0
2025-06-26 19:45:00,53.02,53.03,52.75,52.76,247,52.76,15.0
2025-06-26 20:00:00,52.78,52.92,52.6,52.74,129,52.74,15.0
2025-06-26 20:15:00,52.73,52.78,52.56,52.56,163,52.56,15.0
2025-06-26 20:30:00,52.57,52.69,52.53,52.63,213,52.63,15.0
2025-06-26 20:45:00,52.62,52.62,52.41,52.42,146,52.42,15.0
2025-06-26 21:00:00,52.42,52.55,52.39,52.4,75,52.4,15.0
2025-06-26 21:15:00,52.36,52.58,52.36,52.51,190,52.51,15.0
2025-06-26 21:30:00,52.51,52.69,52.51,52.67,122,52.67,15.0
2025-06-26 21:45:00,52.68,52.82,52.54,52.66,255,52.66,15.0
2025-06-26 22:00:00,52.68,52.68,52.51,52.58,326,52.58,15.0
2025-06-26 22:15:00,52.57,52.66,52.53,52.55,144,52.55,15.0
2025-06-26 22:30:00,52.55,52.62,52.36,52.53,290,52.53,15.0
2025-06-26 22:45:00,52.53,52.89,52.51,52.82,1485,52.82,15.0
2025-06-26 23:00:00,52.8,52.8,52.8,52.8,193,52.8,15.0
2025-06-27 16:30:00,53.0,53.0,51.8,52.49,373,52.49,15.0
2025-06-27 16:45:00,52.46,52.5,52.24,52.24,167,52.24,15.0
2025-06-27 17:00:00,52.16,52.33,51.79,51.79,109,51.79,15.0
2025-06-27 17:15:00,51.86,52.01,51.58,51.62,160,51.62,15.0
2025-06-27 17:30:00,51.62,51.91,51.56,51.71,262,51.71,15.0
2025-06-27 17:45:00,51.71,51.89,51.66,51.84,193,51.84,15.0
2025-06-27 18:00:00,51.84,51.98,51.74,51.86,180,51.86,15.0
2025-06-27 18:15:00,51.86,51.86,51.62,51.62,166,51.62,15.0
2025-06-27 18:30:00,51.62,52.03,51.55,51.93,242,51.93,15.0
2025-06-27 18:45:00,51.89,51.95,51.82,51.95,250,51.95,15.0
2025-06-27 19:00:00,51.96,52.07,51.84,51.98,263,51.98,15.0
2025-06-27 19:15:00,51.98,52.14,51.82,52.09,141,52.09,15.0
2025-06-27 19:30:00,52.08,52.12,51.95,51.95,153,51.95,15.0
2025-06-27 19:45:00,51.95,51.96,51.73,51.77,170,51.77,15.0
2025-06-27 20:00:00,51.77,51.81,51.39,51.58,172,51.58,15.0
2025-06-27 20:15:00,51.57,51.64,51.56,51.62,128,51.62,15.0
2025-06-27 20:30:00,51.64,51.67,51.51,51.51,147,51.51,15.0
2025-06-27 20:45:00,51.49,51.58,51.27,51.58,112,51.58,15.0
2025-06-27 21:00:00,51.56,51.63,51.48,51.48,118,51.48,15.0
2025-06-27 21:15:00,51.51,51.52,51.28,51.28,110,51.28,15.0
2025-06-27 21:30:00,51.27,51.38,51.13,51.23,231,51.23,15.0
2025-06-27 21:45:00,51.21,51.29,51.1,51.27,553,51.27,15.0
2025-06-27 22:00:00,51.27,51.32,51.12,51.26,241,51.26,15.0
2025-06-27 22:15:00,51.26,51.49,51.26,51.47,406,51.47,15.0
2025-06-27 22:30:00,51.47,51.54,51.32,51.5,487,51.5,15.0
2025-06-27 22:45:00,51.5,51.93,51.46,51.85,1107,51.85,15.0
2025-06-27 23:00:00,51.84,51.84,51.84,51.84,236,51.84,15.0
2025-06-30 16:30:00,52.01,52.13,51.22,52.03,70,52.03,15.0
2025-06-30 16:45:00,52.03,52.03,51.47,51.53,66,51.53,15.0
2025-06-30 17:00:00,51.57,51.77,51.39,51.77,75,51.77,15.0
2025-06-30 17:15:00,51.73,51.92,51.73,51.82,93,51.82,15.0
2025-06-30 17:30:00,51.79,51.86,51.67,51.74,48,51.74,15.0
2025-06-30 17:45:00,51.71,51.78,51.66,51.74,37,51.74,15.0
2025-06-30 18:00:00,51.74,52.03,51.74,51.89,57,51.89,15.0
2025-06-30 18:15:00,51.88,51.91,51.48,51.48,42,51.48,15.0
2025-06-30 18:30:00,51.53,51.66,51.25,51.28,37,51.28,15.0
2025-06-30 18:45:00,51.3,51.43,51.18,51.19,31,51.19,15.0
2025-06-30 19:00:00,51.22,51.39,51.09,51.2,104,51.2,15.0
2025-06-30 19:15:00,51.21,51.26,51.0,51.01,76,51.01,15.0
2025-06-30 19:30:00,51.01,51.02,50.9,50.95,70,50.95,15.0
2025-06-30 19:45:00,50.95,51.06,50.94,50.95,66,50.95,15.0
2025-06-30 20:00:00,50.99,51.05,50.88,50.89,64,50.89,15.0
2025-06-30 20:15:00,50.9,51.02,50.85,50.98,83,50.98,15.0
2025-06-30 20:30:00,50.98,51.01,50.79,50.95,49,50.95,15.0
2025-06-30 20:45:00,50.98,51.15,50.96,51.04,85,51.04,15.0
2025-06-30 21:00:00,51.0,51.14,51.0,51.09,65,51.09,15.0
2025-06-30 21:15:00,51.11,51.16,51.07,51.11,59,51.11,15.0
2025-06-30 21:30:00,51.11,51.12,50.96,51.05,68,51.05,15.0
2025-06-30 21:45:00,51.05,51.19,51.03,51.19,58,51.19,15.0
2025-06-30 22:00:00,51.2,51.27,51.19,51.23,57,51.23,15.0
2025-06-30 22:15:00,51.21,51.34,51.14,51.32,112,51.32,15.0
2025-06-30 22:30:00,51.32,51.37,51.2,51.29,120,51.29,15.0
2025-06-30 22:45:00,51.3,51.69,51.3,51.45,747,51.45,15.0
2025-06-30 23:00:00,51.45,51.45,51.45,51.45,173,51.45,15.0
2025-07-01 16:30:00,50.69,51.63,50.15,50.35,381,50.35,15.0
2025-07-01 16:45:00,50.35,50.57,49.89,50.33,256,50.33,15.0
2025-07-01 17:00:00,50.3,50.9,50.29,50.84,393,50.84,15.0
2025-07-01 17:15:00,50.88,51.33,50.78,51.32,299,51.32,15.0
2025-07-01 17:30:00,51.28,51.82,51.26,51.72,168,51.72,15.0
2025-07-01 17:45:00,51.72,51.73,51.45,51.59,101,51.59,15.0
2025-07-01 18:00:00,51.59,52.34,51.59,52.34,175,52.34,15.0
2025-07-01 18:15:00,52.38,52.72,52.23,52.72,166,52.72,15.0
2025-07-01 18:30:00,52.67,53.02,52.59,52.97,140,52.97,15.0
2025-07-01 18:45:00,53.03,53.56,52.98,53.56,207,53.56,15.0
2025-07-01 19:00:00,53.57,53.76,53.24,53.71,238,53.71,15.0
2025-07-01 19:15:00,53.75,53.91,53.42,53.42,316,53.42,15.0
2025-07-01 19:30:00,53.39,53.39,52.61,52.61,263,52.61,15.0
2025-07-01 19:45:00,52.64,52.68,51.96,52.1,242,52.1,15.0
2025-07-01 20:00:00,52.09,52.13,51.77,51.91,221,51.91,15.0
2025-07-01 20:15:00,51.91,52.16,51.82,52.06,142,52.06,15.0
2025-07-01 20:30:00,52.06,52.28,52.02,52.04,135,52.04,15.0
2025-07-01 20:45:00,52.05,52.09,51.92,51.96,156,51.96,15.0
2025-07-01 21:00:00,51.96,52.15,51.82,52.1,185,52.1,15.0
2025-07-01 21:15:00,52.11,52.14,51.85,51.9,159,51.9,15.0
2025-07-01 21:30:00,51.88,51.97,51.82,51.93,132,51.93,15.0
2025-07-01 21:45:00,51.92,52.06,51.85,51.85,165,51.85,15.0
2025-07-01 22:00:00,51.85,51.94,51.74,51.8,159,51.8,15.0
2025-07-01 22:15:00,51.83,52.0,51.77,51.98,287,51.98,15.0
2025-07-01 22:30:00,51.99,52.03,51.88,52.03,328,52.03,15.0
2025-07-01 22:45:00,52.04,52.09,51.93,52.08,1092,52.08,15.0
2025-07-01 23:00:00,52.08,52.08,52.08,52.08,103,52.08,15.0
2025-07-02 16:30:00,52.16,52.24,51.56,51.95,237,51.95,15.0
2025-07-02 16:45:00,52.01,52.23,51.96,52.19,100,52.19,15.0
2025-07-02 17:00:00,52.17,52.4,51.97,52.09,220,52.09,15.0
2025-07-02 17:15:00,51.98,52.41,51.97,52.39,70,52.39,15.0
2025-07-02 17:30:00,52.33,52.57,52.24,52.41,82,52.41,15.0
2025-07-02 17:45:00,52.41,52.44,52.14,52.23,53,52.23,15.0
2025-07-02 18:00:00,52.29,52.54,52.21,52.54,67,52.54,15.0
2025-07-02 18:15:00,52.6,52.9,52.54,52.88,62,52.88,15.0
2025-07-02 18:30:00,52.86,53.05,52.8,53.05,59,53.05,15.0
2025-07-02 18:45:00,52.95,53.0,52.69,52.78,55,52.78,15.0
2025-07-02 19:00:00,52.79,52.79,52.66,52.73,48,52.73,15.0
2025-07-02 19:15:00,52.71,52.75,52.52,52.52,45,52.52,15.0
2025-07-02 19:30:00,52.57,52.58,52.44,52.49,62,52.49,15.0
2025-07-02 19:45:00,52.48,52.59,52.39,52.43,99,52.43,15.0
2025-07-02 20:00:00,52.44,52.49,52.31,52.44,40,52.44,15.0
2025-07-02 20:15:00,52.5,52.67,52.49,52.67,52,52.67,15.0
2025-07-02 20:30:00,52.66,52.66,52.5,52.5,41,52.5,15.0
2025-07-02 20:45:00,52.51,52.65,52.5,52.63,59,52.63,15.0
2025-07-02 21:00:00,52.63,53.01,52.63,52.95,110,52.95,15.0
2025-07-02 21:15:00,53.0,53.02,52.88,52.88,48,52.88,15.0
2025-07-02 21:30:00,52.89,52.96,52.87,52.94,52,52.94,15.0
2025-07-02 21:45:00,52.93,53.01,52.87,52.99,191,52.99,15.0
2025-07-02 22:00:00,53.01,53.18,52.99,53.17,365,53.17,15.0
2025-07-02 22:15:00,53.19,53.2,52.81,52.94,732,52.94,15.0
2025-07-02 22:30:00,52.92,53.06,52.82,52.91,634,52.91,15.0
2025-07-02 22:45:00,52.94,53.23,52.9,53.21,1575,53.21,15.0
2025-07-02 23:00:00,53.18,53.18,53.18,53.18,155,53.18,15.0
2025-07-03 16:30:00,53.31,53.62,52.84,53.06,97,53.06,15.0
2025-07-03 16:45:00,53.04,53.47,53.01,53.21,198,53.21,15.0
2025-07-03 17:00:00,53.2,53.31,52.88,53.07,165,53.07,15.0
2025-07-03 17:15:00,53.0,53.0,52.82,53.0,148,53.0,15.0
2025-07-03 17:30:00,53.03,53.03,52.69,52.98,148,52.98,15.0
2025-07-03 17:45:00,53.0,53.05,52.9,52.99,38,52.99,15.0
2025-07-03 18:00:00,53.03,53.07,52.95,53.03,84,53.03,15.0
2025-07-03 18:15:00,53.02,53.14,52.97,53.02,50,53.02,15.0
2025-07-03 18:30:00,53.02,53.17,52.99,53.17,34,53.17,15.0
2025-07-03 18:45:00,53.14,53.22,53.11,53.12,92,53.12,15.0
2025-07-03 19:00:00,53.12,53.26,53.08,53.17,126,53.17,15.0
2025-07-03 19:15:00,53.16,53.31,53.15,53.3,93,53.3,15.0
2025-07-03 19:30:00,53.33,53.53,53.33,53.41,193,53.41,15.0
2025-07-03 19:45:00,53.41,53.41,53.11,53.13,444,53.13,15.0
2025-07-03 20:00:00,53.14,53.14,53.14,53.14,114,53.14,15.0
2025-07-07 16:30:00,52.68,52.8,51.76,52.36,298,52.36,15.0
2025-07-07 16:45:00,52.14,52.47,52.01,52.43,207,52.43,15.0
2025-07-07 17:00:00,52.44,52.7,52.42,52.67,308,52.67,15.0
2025-07-07 17:15:00,52.66,52.73,52.42,52.46,275,52.46,15.0
2025-07-07 17:30:00,52.49,52.53,52.05,52.16,254,52.16,15.0
2025-07-07 17:45:00,52.14,52.22,51.9,51.93,175,51.93,15.0
2025-07-07 18:00:00,51.93,52.05,51.72,51.78,123,51.78,15.0
2025-07-07 18:15:00,51.77,51.77,51.46,51.47,68,51.47,15.0
2025-07-07 18:30:00,51.44,51.6,51.4,51.6,99,51.6,15.0
2025-07-07 18:45:00,51.58,51.67,51.47,51.65,84,51.65,15.0
2025-07-07 19:00:00,51.68,51.93,51.68,51.76,65,51.76,15.0
2025-07-07 19:15:00,51.72,51.77,51.4,51.64,116,51.64,15.0
2025-07-07 19:30:00,51.63,51.68,51.52,51.6,77,51.6,15.0
2025-07-07 19:45:00,51.65,51.71,51.48,51.48,78,51.48,15.0
2025-07-07 20:00:00,51.5,51.59,51.35,51.43,129,51.43,15.0
2025-07-07 20:15:00,51.49,51.56,51.39,51.5,97,51.5,15.0
2025-07-07 20:30:00,51.49,51.59,51.33,51.46,98,51.46,15.0
2025-07-07 20:45:00,51.51,51.51,51.41,51.5,42,51.5,15.0
2025-07-07 21:00:00,51.5,51.5,51.31,51.34,72,51.34,15.0
2025-07-07 21:15:00,51.39,51.41,50.97,51.0,150,51.0,15.0
2025-07-07 21:30:00,50.99,51.18,50.97,51.17,114,51.17,15.0
2025-07-07 21:45:00,51.17,51.42,51.14,51.41,173,51.41,15.0
2025-07-07 22:00:00,51.4,51.47,51.22,51.26,209,51.26,15.0
2025-07-07 22:15:00,51.25,51.29,51.0,51.08,280,51.08,15.0
2025-07-07 22:30:00,51.08,51.22,51.02,51.06,346,51.06,15.0
2025-07-07 22:45:00,51.06,51.59,51.06,51.54,1182,51.54,15.0
2025-07-07 23:00:00,51.53,51.53,51.53,51.53,116,51.53,15.0
2025-07-08 16:30:00,51.68,52.08,51.39,51.66,168,51.66,15.0
2025-07-08 16:45:00,51.58,51.73,51.37,51.37,214,51.37,15.0
2025-07-08 17:00:00,51.37,51.53,51.29,51.44,173,51.44,15.0
2025-07-08 17:15:00,51.51,52.27,51.51,52.18,188,52.18,15.0
2025-07-08 17:30:00,52.17,52.97,52.17,52.82,267,52.82,15.0
2025-07-08 17:45:00,52.76,53.12,52.63,53.04,135,53.04,15.0
2025-07-08 18:00:00,53.11,53.43,53.06,53.33,85,53.33,15.0
2025-07-08 18:15:00,53.26,53.34,52.42,52.57,174,52.57,15.0
2025-07-08 18:30:00,52.57,52.8,52.54,52.68,106,52.68,15.0
2025-07-08 18:45:00,52.67,53.0,52.63,52.87,86,52.87,15.0
2025-07-08 19:00:00,52.87,52.95,52.71,52.89,152,52.89,15.0
2025-07-08 19:15:00,52.93,53.21,52.9,53.21,51,53.21,15.0
2025-07-08 19:30:00,53.18,53.23,53.04,53.07,77,53.07,15.0
2025-07-08 19:45:00,53.03,53.05,52.66,52.8,149,52.8,15.0
2025-07-08 20:00:00,52.75,52.92,52.48,52.62,163,52.62,15.0
2025-07-08 20:15:00,52.62,52.74,52.45,52.64,107,52.64,15.0
2025-07-08 20:30:00,52.67,52.77,52.47,52.51,73,52.51,15.0
2025-07-08 20:45:00,52.49,52.69,52.49,52.62,66,52.62,15.0
2025-07-08 21:00:00,52.63,52.8,52.59,52.79,68,52.79,15.0
2025-07-08 21:15:00,52.83,53.09,52.83,52.88,129,52.88,15.0
2025-07-08 21:30:00,52.89,52.89,52.73,52.82,72,52.82,15.0
2025-07-08 21:45:00,52.8,52.92,52.72,52.87,129,52.87,15.0
2025-07-08 22:00:00,52.89,52.95,52.7,52.7,129,52.7,15.0
2025-07-08 22:15:00,52.69,52.73,52.52,52.73,133,52.73,15.0
2025-07-08 22:30:00,52.72,52.82,52.69,52.75,183,52.75,15.0
2025-07-08 22:45:00,52.75,52.82,52.58,52.68,782,52.68,15.0
2025-07-08 23:00:00,52.68,52.68,52.68,52.68,182,52.68,15.0
2025-07-09 16:30:00,52.91,53.48,52.8,53.18,210,53.18,15.0
2025-07-09 16:45:00,53.08,53.39,52.93,53.26,179,53.26,15.0
2025-07-09 17:00:00,53.32,53.61,53.23,53.28,175,53.28,15.0
2025-07-09 17:15:00,53.24,53.3,52.91,53.09,464,53.09,15.0
2025-07-09 17:30:00,53.06,53.1,52.5,52.5,236,52.5,15.0
2025-07-09 17:45:00,52.46,52.52,52.06,52.24,105,52.24,15.0
2025-07-09 18:00:00,52.24,52.4,51.83,51.93,96,51.93,15.0
2025-07-09 18:15:00,51.93,52.12,51.85,52.06,100,52.06,15.0
2025-07-09 18:30:00,52.04,52.25,52.03,52.24,55,52.24,15.0
2025-07-09 18:45:00,52.22,52.27,52.01,52.11,58,52.11,15.0
2025-07-09 19:00:00,52.1,52.21,52.09,52.14,71,52.14,15.0
2025-07-09 19:15:00,52.1,52.15,52.01,52.01,48,52.01,15.0
2025-07-09 19:30:00,52.02,52.22,52.02,52.16,45,52.16,15.0
2025-07-09 19:45:00,52.14,52.14,52.0,52.0,99,52.0,15.0
2025-07-09 20:00:00,52.02,52.22,52.02,52.19,79,52.19,15.0
2025-07-09 20:15:00,52.2,52.42,52.05,52.37,228,52.37,15.0
2025-07-09 20:30:00,52.39,52.39,52.21,52.38,43,52.38,15.0
2025-07-09 20:45:00,52.4,52.61,52.4,52.55,48,52.55,15.0
2025-07-09 21:00:00,52.58,52.71,52.54,52.6,59,52.6,15.0
2025-07-09 21:15:00,52.6,52.6,52.23,52.38,108,52.38,15.0
2025-07-09 21:30:00,52.33,52.41,52.32,52.35,76,52.35,15.0
2025-07-09 21:45:00,52.36,52.5,52.35,52.5,68,52.5,15.0
2025-07-09 22:00:00,52.48,52.55,52.34,52.43,87,52.43,15.0
2025-07-09 22:15:00,52.43,52.65,52.35,52.65,296,52.65,15.0
2025-07-09 22:30:00,52.65,52.68,52.56,52.64,186,52.64,15.0
2025-07-09 22:45:00,52.64,52.72,52.57,52.59,650,52.59,15.0
2025-07-09 23:00:00,52.59,52.59,52.59,52.59,192,52.59,15.0
2025-07-10 16:30:00,52.67,52.96,52.34,52.96,51,52.96,15.0
2025-07-10 16:45:00,52.87,53.28,52.85,53.27,34,53.27,15.0
2025-07-10 17:00:00,53.26,53.98,53.26,53.86,107,53.86,15.0
2025-07-10 17:15:00,53.94,54.28,53.91,54.24,128,54.24,15.0
2025-07-10 17:30:00,54.3,54.84,54.28,54.76,80,54.76,15.0
2025-07-10 17:45:00,54.72,54.72,54.25,54.52,85,54.52,15.0
2025-07-10 18:00:00,54.52,55.28,54.52,55.22,149,55.22,15.0
2025-07-10 18:15:00,55.25,55.4,54.91,55.21,227,55.21,15.0
2025-07-10 18:30:00,55.18,55.22,54.92,55.11,86,55.11,15.0
2025-07-10 18:45:00,55.15,55.15,54.86,54.87,99,54.87,15.0
2025-07-10 19:00:00,54.8,54.93,54.72,54.81,98,54.81,15.0
2025-07-10 19:15:00,54.84,54.91,54.76,54.91,70,54.91,15.0
2025-07-10 19:30:00,54.92,55.06,54.92,54.93,78,54.93,15.0
2025-07-10 19:45:00,54.97,54.98,54.8,54.93,125,54.93,15.0
2025-07-10 20:00:00,54.95,55.09,54.91,55.06,89,55.06,15.0
2025-07-10 20:15:00,55.06,55.37,55.05,55.34,122,55.34,15.0
2025-07-10 20:30:00,55.35,55.41,55.27,55.34,101,55.34,15.0
2025-07-10 20:45:00,55.34,55.34,55.18,55.28,106,55.28,15.0
2025-07-10 21:00:00,55.28,55.37,55.19,55.29,272,55.29,15.0
2025-07-10 21:15:00,55.28,55.52,55.28,55.43,204,55.43,15.0
2025-07-10 21:30:00,55.45,55.5,55.18,55.32,374,55.32,15.0
2025-07-10 21:45:00,55.31,55.34,55.03,55.19,286,55.19,15.0
2025-07-10 22:00:00,55.18,55.25,55.08,55.12,292,55.12,15.0
2025-07-10 22:15:00,55.14,55.25,54.72,54.75,300,54.75,15.0
2025-07-10 22:30:00,54.76,54.9,54.64,54.78,308,54.78,15.0
2025-07-10 22:45:00,54.73,54.76,54.28,54.41,900,54.41,15.0
2025-07-10 23:00:00,54.41,54.41,54.41,54.41,154,54.41,15.0
2025-07-11 16:30:00,53.68,53.82,53.43,53.66,56,53.66,15.0
2025-07-11 16:45:00,53.67,53.97,53.58,53.77,83,53.77,15.0
2025-07-11 17:00:00,53.91,54.05,53.65,53.9,58,53.9,15.0
2025-07-11 17:15:00,53.81,54.23,53.76,54.22,75,54.22,15.0
2025-07-11 17:30:00,54.21,54.38,54.05,54.12,127,54.12,15.0
2025-07-11 17:45:00,54.11,54.11,53.78,53.91,95,53.91,15.0
2025-07-11 18:00:00,53.89,53.94,53.69,53.88,72,53.88,15.0
2025-07-11 18:15:00,53.75,53.86,53.62,53.74,50,53.74,15.0
2025-07-11 18:30:00,53.73,53.87,53.7,53.85,32,53.85,15.0
2025-07-11 18:45:00,53.85,53.87,53.67,53.73,58,53.73,15.0
2025-07-11 19:00:00,53.78,53.81,53.61,53.66,46,53.66,15.0
2025-07-11 19:15:00,53.7,53.74,53.62,53.68,34,53.68,15.0
2025-07-11 19:30:00,53.66,53.7,53.62,53.68,22,53.68,15.0
2025-07-11 19:45:00,53.69,53.95,53.69,53.87,39,53.87,15.0
2025-07-11 20:00:00,53.77,54.03,53.77,54.02,32,54.02,15.0
2025-07-11 20:15:00,53.98,53.98,53.86,53.91,27,53.91,15.0
2025-07-11 20:30:00,53.92,54.18,53.91,53.96,69,53.96,15.0
2025-07-11 20:45:00,53.95,54.07,53.73,53.98,99,53.98,15.0
2025-07-11 21:00:00,53.99,54.03,53.85,53.89,116,53.89,15.0
2025-07-11 21:15:00,53.88,53.94,53.8,53.8,40,53.8,15.0
2025-07-11 21:30:00,53.81,54.29,53.81,54.29,129,54.29,15.0
2025-07-11 21:45:00,54.25,54.46,54.14,54.17,164,54.17,15.0
2025-07-11 22:00:00,54.2,54.2,53.89,54.19,112,54.19,15.0
2025-07-11 22:15:00,54.19,54.35,54.17,54.29,131,54.29,15.0
2025-07-11 22:30:00,54.21,54.22,54.05,54.11,197,54.11,15.0
2025-07-11 22:45:00,54.12,54.3,54.1,54.14,626,54.14,15.0
2025-07-11 23:00:00,54.14,54.14,54.14,54.14,105,54.14,15.0
2025-07-14 16:30:00,53.67,53.67,52.29,52.72,151,52.72,15.0
2025-07-14 16:45:00,52.88,53.18,52.77,52.77,122,52.77,15.0
2025-07-14 17:00:00,52.74,52.77,52.43,52.65,104,52.65,15.0
2025-07-14 17:15:00,52.69,52.91,52.51,52.55,38,52.55,15.0
2025-07-14 17:30:00,52.6,52.93,52.55,52.78,65,52.78,15.0
2025-07-14 17:45:00,52.79,52.79,52.58,52.64,35,52.64,15.0
2025-07-14 18:00:00,52.62,52.94,52.45,52.64,162,52.64,15.0
2025-07-14 18:15:00,52.6,52.7,52.29,52.68,78,52.68,15.0
2025-07-14 18:30:00,52.67,53.23,52.66,53.23,150,53.23,15.0
2025-07-14 18:45:00,53.21,53.21,52.99,53.08,75,53.08,15.0
2025-07-14 19:00:00,53.09,53.33,53.05,53.18,71,53.18,15.0
2025-07-14 19:15:00,53.18,53.22,53.08,53.08,86,53.08,15.0
2025-07-14 19:30:00,53.08,53.23,53.05,53.19,104,53.19,15.0
2025-07-14 19:45:00,53.21,53.35,53.19,53.24,90,53.24,15.0
2025-07-14 20:00:00,53.26,53.39,53.23,53.35,87,53.35,15.0
2025-07-14 20:15:00,53.36,53.36,53.1,53.15,79,53.15,15.0
2025-07-14 20:30:00,53.19,53.24,53.13,53.14,67,53.14,15.0
2025-07-14 20:45:00,53.14,53.24,53.01,53.07,98,53.07,15.0
2025-07-14 21:00:00,53.11,53.34,53.09,53.16,72,53.16,15.0
2025-07-14 21:15:00,53.18,53.25,53.14,53.17,73,53.17,15.0
2025-07-14 21:30:00,53.22,53.32,53.19,53.26,98,53.26,15.0
2025-07-14 21:45:00,53.23,53.26,53.14,53.21,88,53.21,15.0
2025-07-14 22:00:00,53.19,53.29,53.19,53.24,135,53.24,15.0
2025-07-14 22:15:00,53.23,53.24,53.06,53.2,160,53.2,15.0
2025-07-14 22:30:00,53.19,53.19,52.84,52.85,200,52.85,15.0
2025-07-14 22:45:00,52.86,52.96,52.6,52.62,974,52.62,15.0
2025-07-14 23:00:00,52.62,52.62,52.62,52.62,219,52.62,15.0
2025-07-15 16:30:00,52.99,53.35,52.49,52.56,65,52.56,15.0
2025-07-15 16:45:00,52.5,52.65,52.42,52.54,70,52.54,15.0
2025-07-15 17:00:00,52.6,52.93,52.6,52.92,85,52.92,15.0
2025-07-15 17:15:00,52.92,53.03,51.9,51.9,165,51.9,15.0
2025-07-15 17:30:00,51.93,52.26,51.9,52.17,144,52.17,15.0
2025-07-15 17:45:00,52.12,52.17,51.86,52.05,122,52.05,15.0
2025-07-15 18:00:00,52.14,52.27,51.86,51.89,101,51.89,15.0
2025-07-15 18:15:00,51.83,52.17,51.81,52.12,88,52.12,15.0
2025-07-15 18:30:00,52.08,52.16,51.94,52.06,66,52.06,15.0
2025-07-15 18:45:00,52.1,52.1,51.83,51.97,83,51.97,15.0
2025-07-15 19:00:00,51.95,52.16,51.85,51.89,146,51.89,15.0
2025-07-15 19:15:00,51.92,51.93,51.77,51.78,87,51.78,15.0
2025-07-15 19:30:00,51.78,52.04,51.74,52.04,56,52.04,15.0
2025-07-15 19:45:00,52.08,52.16,51.86,51.86,67,51.86,15.0
2025-07-15 20:00:00,51.93,52.01,51.86,51.94,48,51.94,15.0
2025-07-15 20:15:00,51.93,51.99,51.79,51.89,75,51.89,15.0
2025-07-15 20:30:00,51.95,52.07,51.88,51.92,81,51.92,15.0
2025-07-15 20:45:00,51.93,52.06,51.89,51.96,72,51.96,15.0
2025-07-15 21:00:00,51.93,52.04,51.87,51.93,95,51.93,15.0
2025-07-15 21:15:00,51.97,51.97,51.55,51.56,203,51.56,15.0
2025-07-15 21:30:00,51.56,51.67,51.54,51.57,168,51.57,15.0
2025-07-15 21:45:00,51.57,51.63,51.46,51.48,187,51.48,15.0
2025-07-15 22:00:00,51.44,51.64,51.44,51.49,231,51.49,15.0
2025-07-15 22:15:00,51.46,51.64,51.41,51.41,209,51.41,15.0
2025-07-15 22:30:00,51.43,51.49,51.27,51.35,272,51.35,15.0
2025-07-15 22:45:00,51.35,51.56,51.32,51.41,668,51.41,15.0
2025-07-15 23:00:00,51.42,51.42,51.42,51.42,127,51.42,15.0
2025-07-16 16:30:00,51.98,52.05,51.72,51.72,34,51.72,15.0
2025-07-16 16:45:00,51.55,51.63,51.43,51.49,51,51.49,15.0
2025-07-16 17:00:00,51.48,51.48,51.08,51.15,75,51.15,15.0
2025-07-16 17:15:00,51.13,51.45,51.12,51.23,77,51.23,15.0
2025-07-16 17:30:00,51.23,51.31,51.02,51.31,34,51.31,15.0
2025-07-16 17:45:00,51.32,51.6,51.15,51.15,161,51.15,15.0
2025-07-16 18:00:00,51.21,51.34,51.17,51.28,41,51.28,15.0
2025-07-16 18:15:00,51.23,51.28,50.77,51.06,256,51.06,15.0
2025-07-16 18:30:00,51.0,51.04,50.72,50.98,76,50.98,15.0
2025-07-16 18:45:00,51.0,51.48,50.97,51.35,50,51.35,15.0
2025-07-16 19:00:00,51.41,51.43,51.04,51.04,64,51.04,15.0
2025-07-16 19:15:00,51.07,51.18,51.02,51.18,23,51.18,15.0
2025-07-16 19:30:00,51.17,51.23,51.08,51.1,54,51.1,15.0
2025-07-16 19:45:00,51.1,51.32,51.01,51.29,112,51.29,15.0
2025-07-16 20:00:00,51.32,51.33,51.23,51.32,18,51.32,15.0
2025-07-16 20:15:00,51.29,51.34,51.23,51.24,31,51.24,15.0
2025-07-16 20:30:00,51.2,51.38,51.15,51.25,36,51.25,15.0
2025-07-16 20:45:00,51.22,51.35,51.22,51.33,31,51.33,15.0
2025-07-16 21:00:00,51.3,51.47,51.29,51.33,46,51.33,15.0
2025-07-16 21:15:00,51.36,51.91,51.28,51.86,268,51.86,15.0
2025-07-16 21:30:00,51.82,51.88,51.79,51.81,51,51.81,15.0
2025-07-16 21:45:00,51.83,51.97,51.69,51.89,78,51.89,15.0
2025-07-16 22:00:00,51.88,51.92,51.73,51.83,89,51.83,15.0
2025-07-16 22:15:00,51.82,51.96,51.81,51.96,129,51.96,15.0
2025-07-16 22:30:00,51.96,52.04,51.86,51.94,157,51.94,15.0
2025-07-16 22:45:00,51.94,51.96,51.77,51.8,420,51.8,15.0
2025-07-16 23:00:00,51.79,51.79,51.79,51.79,126,51.79,15.0
2025-07-17 16:30:00,51.92,52.46,51.92,52.23,43,52.23,15.0
2025-07-17 16:45:00,52.17,52.23,51.75,51.87,22,51.87,15.0
2025-07-17 17:00:00,51.88,51.98,51.8,51.9,43,51.9,15.0
2025-07-17 17:15:00,51.9,51.93,51.66,51.85,40,51.85,15.0
2025-07-17 17:30:00,51.96,52.02,51.79,51.9,22,51.9,15.0
2025-07-17 17:45:00,51.9,52.37,51.9,52.25,89,52.25,15.0
2025-07-17 18:00:00,52.25,52.37,52.1,52.17,97,52.17,15.0
2025-07-17 18:15:00,52.15,52.24,51.97,52.2,35,52.2,15.0
2025-07-17 18:30:00,52.19,52.33,52.16,52.24,25,52.24,15.0
2025-07-17 18:45:00,52.23,52.44,52.12,52.38,75,52.38,15.0
2025-07-17 19:00:00,52.36,52.39,52.22,52.24,145,52.24,15.0
2025-07-17 19:15:00,52.25,52.32,52.14,52.32,254,52.32,15.0
2025-07-17 19:30:00,52.34,52.61,52.34,52.61,95,52.61,15.0
2025-07-17 19:45:00,52.58,52.73,52.54,52.72,31,52.72,15.0
2025-07-17 20:00:00,52.72,52.86,52.7,52.83,137,52.83,15.0
2025-07-17 20:15:00,52.84,52.91,52.72,52.91,76,52.91,15.0
2025-07-17 20:30:00,52.87,53.1,52.79,53.06,87,53.06,15.0
2025-07-17 20:45:00,53.02,53.14,52.94,52.99,60,52.99,15.0
2025-07-17 21:00:00,52.96,53.02,52.85,52.95,102,52.95,15.0
2025-07-17 21:15:00,52.92,52.99,52.83,52.95,41,52.95,15.0
2025-07-17 21:30:00,52.98,52.98,52.88,52.93,61,52.93,15.0
2025-07-17 21:45:00,52.93,53.01,52.9,52.96,53,52.96,15.0
2025-07-17 22:00:00,52.98,53.1,52.89,53.09,86,53.09,15.0
2025-07-17 22:15:00,53.08,53.1,52.98,53.05,119,53.05,15.0
2025-07-17 22:30:00,53.07,53.1,53.01,53.03,129,53.03,15.0
2025-07-17 22:45:00,53.04,53.33,53.03,53.31,842,53.31,15.0
2025-07-17 23:00:00,53.29,53.29,53.29,53.29,157,53.29,15.0
2025-07-18 16:30:00,53.71,53.89,52.9,52.9,136,52.9,15.0
2025-07-18 16:45:00,52.95,53.04,52.62,52.67,115,52.67,15.0
2025-07-18 17:00:00,52.76,52.9,52.68,52.87,61,52.87,15.0
2025-07-18 17:15:00,52.9,52.93,52.53,52.56,234,52.56,15.0
2025-07-18 17:30:00,52.56,52.82,52.34,52.34,81,52.34,15.0
2025-07-18 17:45:00,52.34,52.77,52.31,52.52,262,52.52,15.0
2025-07-18 18:00:00,52.52,52.69,52.52,52.55,106,52.55,15.0
2025-07-18 18:15:00,52.55,52.62,52.44,52.62,93,52.62,15.0
2025-07-18 18:30:00,52.61,52.62,52.25,52.25,79,52.25,15.0
2025-07-18 18:45:00,52.25,52.67,52.15,52.61,54,52.61,15.0
2025-07-18 19:00:00,52.63,52.65,52.35,52.38,43,52.38,15.0
2025-07-18 19:15:00,52.35,52.38,52.0,52.1,39,52.1,15.0
2025-07-18 19:30:00,52.06,52.12,51.95,51.95,38,51.95,15.0
2025-07-18 19:45:00,51.94,52.35,51.94,52.07,183,52.07,15.0
2025-07-18 20:00:00,51.97,52.29,51.91,52.25,24,52.25,15.0
2025-07-18 20:15:00,52.25,52.26,51.99,52.13,203,52.13,15.0
2025-07-18 20:30:00,52.11,52.26,52.11,52.12,126,52.12,15.0
2025-07-18 20:45:00,52.1,52.1,51.88,52.0,79,52.0,15.0
2025-07-18 21:00:00,52.01,52.02,51.83,51.87,46,51.87,15.0
2025-07-18 21:15:00,51.85,52.07,51.8,51.89,122,51.89,15.0
2025-07-18 21:30:00,51.93,52.08,51.93,52.06,132,52.06,15.0
2025-07-18 21:45:00,52.09,52.28,52.04,52.23,78,52.23,15.0
2025-07-18 22:00:00,52.18,52.3,52.14,52.27,46,52.27,15.0
2025-07-18 22:15:00,52.3,52.32,52.16,52.24,242,52.24,15.0
2025-07-18 22:30:00,52.25,52.27,51.98,52.02,212,52.02,15.0
2025-07-18 22:45:00,52.03,52.13,51.74,52.03,1057,52.03,15.0
2025-07-18 23:00:00,52.02,52.02,52.02,52.02,196,52.02,15.0
2025-07-21 16:30:00,51.64,51.96,49.71,50.62,727,50.62,15.0
2025-07-21 16:45:00,50.63,51.13,50.41,50.87,604,50.87,15.0
2025-07-21 17:00:00,51.03,51.36,50.53,50.88,121,50.88,15.0
2025-07-21 17:15:00,50.84,51.29,50.81,51.16,102,51.16,15.0
2025-07-21 17:30:00,51.07,51.2,50.76,50.91,87,50.91,15.0
2025-07-21 17:45:00,50.87,51.09,50.86,51.07,88,51.07,15.0
2025-07-21 18:00:00,51.03,51.07,50.75,50.81,166,50.81,15.0
2025-07-21 18:15:00,50.74,50.81,50.67,50.72,67,50.72,15.0
2025-07-21 18:30:00,50.73,50.86,50.71,50.81,99,50.81,15.0
2025-07-21 18:45:00,50.77,50.81,50.42,50.45,223,50.45,15.0
2025-07-21 19:00:00,50.48,50.54,50.25,50.38,192,50.38,15.0
2025-07-21 19:15:00,50.39,50.58,50.23,50.24,132,50.24,15.0
2025-07-21 19:30:00,50.24,50.42,50.24,50.38,76,50.38,15.0
2025-07-21 19:45:00,50.39,50.57,50.37,50.46,201,50.46,15.0
2025-07-21 20:00:00,50.46,50.51,50.27,50.48,147,50.48,15.0
2025-07-21 20:15:00,50.5,50.64,50.46,50.62,118,50.62,15.0
2025-07-21 20:30:00,50.62,50.8,50.59,50.74,164,50.74,15.0
2025-07-21 20:45:00,50.75,50.82,50.65,50.66,203,50.66,15.0
2025-07-21 21:00:00,50.68,50.88,50.59,50.76,122,50.76,15.0
2025-07-21 21:15:00,50.73,50.93,50.63,50.88,259,50.88,15.0
2025-07-21 21:30:00,50.88,50.95,50.81,50.82,210,50.82,15.0
2025-07-21 21:45:00,50.83,50.83,50.4,50.41,194,50.41,15.0
2025-07-21 22:00:00,50.42,50.44,49.99,50.08,222,50.08,15.0
2025-07-21 22:15:00,50.12,50.26,50.08,50.15,312,50.15,15.0
2025-07-21 22:30:00,50.15,50.23,49.99,50.06,267,50.06,15.0
2025-07-21 22:45:00,50.04,50.47,50.0,50.26,1374,50.26,15.0
2025-07-21 23:00:00,50.27,50.27,50.27,50.27,125,50.27,15.0
2025-07-22 16:30:00,50.93,53.39,50.68,53.05,332,53.05,15.0
2025-07-22 16:45:00,52.98,53.56,52.88,53.31,221,53.31,15.0
2025-07-22 17:00:00,53.35,53.55,52.56,52.67,159,52.67,15.0
2025-07-22 17:15:00,52.74,52.95,52.53,52.55,376,52.55,15.0
2025-07-22 17:30:00,52.48,52.51,51.98,52.09,125,52.09,15.0
2025-07-22 17:45:00,52.04,52.45,51.97,52.38,154,52.38,15.0
2025-07-22 18:00:00,52.35,52.38,52.06,52.32,175,52.32,15.0
2025-07-22 18:15:00,52.29,52.68,52.2,52.64,137,52.64,15.0
2025-07-22 18:30:00,52.58,52.69,52.37,52.48,93,52.48,15.0
2025-07-22 18:45:00,52.49,52.64,52.4,52.45,86,52.45,15.0
2025-07-22 19:00:00,52.45,52.66,52.39,52.64,65,52.64,15.0
2025-07-22 19:15:00,52.61,52.7,52.54,52.54,69,52.54,15.0
2025-07-22 19:30:00,52.56,52.65,52.37,52.44,107,52.44,15.0
2025-07-22 19:45:00,52.48,52.73,52.44,52.6,109,52.6,15.0
2025-07-22 20:00:00,52.53,52.69,52.48,52.65,132,52.65,15.0
2025-07-22 20:15:00,52.66,52.74,52.42,52.74,211,52.74,15.0
2025-07-22 20:30:00,52.73,52.74,52.6,52.66,116,52.66,15.0
2025-07-22 20:45:00,52.67,52.7,52.41,52.43,152,52.43,15.0
2025-07-22 21:00:00,52.46,52.59,52.4,52.46,99,52.46,15.0
2025-07-22 21:15:00,52.46,52.64,52.44,52.62,89,52.62,15.0
2025-07-22 21:30:00,52.6,52.83,52.6,52.76,119,52.76,15.0
2025-07-22 21:45:00,52.76,52.94,52.74,52.87,114,52.87,15.0
2025-07-22 22:00:00,52.84,53.04,52.81,53.02,134,53.02,15.0
2025-07-22 22:15:00,53.01,53.18,52.98,53.14,144,53.14,15.0
2025-07-22 22:30:00,53.13,53.3,53.01,53.27,190,53.27,15.0
2025-07-22 22:45:00,53.29,53.37,53.11,53.11,617,53.11,15.0
2025-07-22 23:00:00,53.12,53.12,53.12,53.12,170,53.12,15.0
2025-07-23 16:30:00,55.62,55.99,54.95,55.0,469,55.0,15.0
2025-07-23 16:45:00,54.96,55.0,54.09,54.68,281,54.68,15.0
2025-07-23 17:00:00,54.85,55.21,54.85,55.08,270,55.08,15.0
2025-07-23 17:15:00,55.06,55.65,54.97,55.35,179,55.35,15.0
2025-07-23 17:30:00,55.36,55.38,55.17,55.28,112,55.28,15.0
2025-07-23 17:45:00,55.27,55.66,55.27,55.43,128,55.43,15.0
2025-07-23 18:00:00,55.5,55.51,55.24,55.32,141,55.32,15.0
2025-07-23 18:15:00,55.36,55.37,54.89,54.97,118,54.97,15.0
2025-07-23 18:30:00,54.96,55.11,54.87,55.1,152,55.1,15.0
2025-07-23 18:45:00,55.11,55.43,55.04,55.35,231,55.35,15.0
2025-07-23 19:00:00,55.35,55.42,55.25,55.32,111,55.32,15.0
2025-07-23 19:15:00,55.32,55.55,55.2,55.53,92,55.53,15.0
2025-07-23 19:30:00,55.55,55.55,55.15,55.18,76,55.18,15.0
2025-07-23 19:45:00,55.22,55.26,55.06,55.09,146,55.09,15.0
2025-07-23 20:00:00,55.09,55.48,55.09,55.31,174,55.31,15.0
2025-07-23 20:15:00,55.26,55.72,55.26,55.68,184,55.68,15.0
2025-07-23 20:30:00,55.69,55.79,55.58,55.75,169,55.75,15.0
2025-07-23 20:45:00,55.77,55.89,55.41,55.41,283,55.41,15.0
2025-07-23 21:00:00,55.45,55.53,55.31,55.33,158,55.33,15.0
2025-07-23 21:15:00,55.33,55.38,55.27,55.34,241,55.34,15.0
2025-07-23 21:30:00,55.33,55.38,55.03,55.14,312,55.14,15.0
2025-07-23 21:45:00,55.14,55.42,55.12,55.18,286,55.18,15.0
2025-07-23 22:00:00,55.18,55.59,55.18,55.56,447,55.56,15.0
2025-07-23 22:15:00,55.52,55.66,55.43,55.58,621,55.58,15.0
2025-07-23 22:30:00,55.59,55.75,55.51,55.56,395,55.56,15.0
2025-07-23 22:45:00,55.56,55.64,55.27,55.31,1714,55.31,15.0
2025-07-23 23:00:00,55.31,55.31,55.31,55.31,186,55.31,15.0
2025-07-24 16:30:00,55.31,56.41,54.81,56.01,299,56.01,15.0
2025-07-24 16:45:00,55.99,57.0,55.99,56.85,521,56.85,15.0
2025-07-24 17:00:00,56.79,58.09,56.78,58.0,663,58.0,15.0
2025-07-24 17:15:00,58.03,58.52,57.74,58.22,671,58.22,15.0
2025-07-24 17:30:00,58.17,58.51,58.0,58.22,380,58.22,15.0
2025-07-24 17:45:00,58.17,58.22,57.68,57.88,397,57.88,15.0
2025-07-24 18:00:00,57.85,57.97,57.41,57.93,489,57.93,15.0
2025-07-24 18:15:00,57.92,57.99,57.66,57.89,511,57.89,15.0
2025-07-24 18:30:00,57.88,58.19,57.86,58.02,799,58.02,15.0
2025-07-24 18:45:00,58.05,58.16,57.84,58.05,410,58.05,15.0
2025-07-24 19:00:00,58.09,58.23,57.92,58.07,175,58.07,15.0
2025-07-24 19:15:00,58.07,58.32,57.94,58.06,230,58.06,15.0
2025-07-24 19:30:00,58.02,58.08,57.74,57.74,361,57.74,15.0
2025-07-24 19:45:00,57.74,57.87,57.56,57.62,170,57.62,15.0
2025-07-24 20:00:00,57.6,57.97,57.59,57.95,198,57.95,15.0
2025-07-24 20:15:00,57.99,58.29,57.88,58.16,515,58.16,15.0
2025-07-24 20:30:00,58.16,58.31,57.92,57.96,362,57.96,15.0
2025-07-24 20:45:00,57.95,58.22,57.86,58.21,394,58.21,15.0
2025-07-24 21:00:00,58.21,58.47,58.19,58.31,266,58.31,15.0
2025-07-24 21:15:00,58.35,58.53,58.28,58.36,646,58.36,15.0
2025-07-24 21:30:00,58.33,58.42,57.87,57.87,280,57.87,15.0
2025-07-24 21:45:00,57.95,58.13,57.8,58.11,257,58.11,15.0
2025-07-24 22:00:00,58.09,58.27,57.95,57.96,659,57.96,15.0
2025-07-24 22:15:00,57.97,58.43,57.97,58.42,547,58.42,15.0
2025-07-24 22:30:00,58.42,58.42,58.13,58.41,977,58.41,15.0
2025-07-24 22:45:00,58.38,58.66,58.31,58.46,2159,58.46,15.0
2025-07-24 23:00:00,58.47,58.47,58.47,58.47,123,58.47,15.0
2025-07-25 16:30:00,58.86,58.91,58.02,58.36,215,58.36,15.0
2025-07-25 16:45:00,58.31,58.4,57.96,58.16,257,58.16,15.0
2025-07-25 17:00:00,58.12,58.13,57.78,57.83,300,57.83,15.0
2025-07-25 17:15:00,57.83,58.24,57.83,57.98,320,57.98,15.0
2025-07-25 17:30:00,57.99,58.27,57.76,58.25,187,58.25,15.0
2025-07-25 17:45:00,58.28,58.56,58.18,58.18,284,58.18,15.0
2025-07-25 18:00:00,58.17,58.51,58.17,58.41,134,58.41,15.0
2025-07-25 18:15:00,58.4,58.8,58.39,58.68,226,58.68,15.0
2025-07-25 18:30:00,58.65,58.69,58.54,58.64,101,58.64,15.0
2025-07-25 18:45:00,58.69,58.77,58.62,58.71,309,58.71,15.0
2025-07-25 19:00:00,58.7,58.8,58.48,58.58,583,58.58,15.0
2025-07-25 19:15:00,58.56,58.58,58.32,58.56,174,58.56,15.0
2025-07-25 19:30:00,58.56,58.75,58.53,58.68,150,58.68,15.0
2025-07-25 19:45:00,58.65,58.66,58.48,58.6,181,58.6,15.0
2025-07-25 20:00:00,58.59,58.81,58.59,58.76,88,58.76,15.0
2025-07-25 20:15:00,58.74,58.87,58.62,58.82,197,58.82,15.0
2025-07-25 20:30:00,58.88,58.93,58.84,58.87,112,58.87,15.0
2025-07-25 20:45:00,58.9,59.03,58.83,58.93,144,58.93,15.0
2025-07-25 21:00:00,58.93,59.11,58.93,59.07,167,59.07,15.0
2025-07-25 21:15:00,59.05,59.14,59.03,59.08,109,59.08,15.0
2025-07-25 21:30:00,59.09,59.14,59.02,59.09,224,59.09,15.0
2025-07-25 21:45:00,59.09,59.24,59.08,59.17,168,59.17,15.0
2025-07-25 22:00:00,59.17,59.38,59.17,59.29,261,59.29,15.0
2025-07-25 22:15:00,59.28,59.39,59.24,59.38,374,59.38,15.0
2025-07-25 22:30:00,59.38,59.5,59.34,59.4,683,59.4,15.0
2025-07-25 22:45:00,59.39,59.39,58.76,58.77,1494,58.77,15.0
2025-07-25 23:00:00,58.78,58.78,58.78,58.78,128,58.78,15.0
2025-07-28 16:30:00,58.67,59.17,58.35,58.68,260,58.68,15.0
2025-07-28 16:45:00,58.58,58.95,58.36,58.57,106,58.57,15.0
2025-07-28 17:00:00,58.5,59.05,58.47,58.95,345,58.95,15.0
2025-07-28 17:15:00,58.91,59.02,58.73,58.81,450,58.81,15.0
2025-07-28 17:30:00,58.83,58.94,58.65,58.7,148,58.7,15.0
2025-07-28 17:45:00,58.63,59.13,58.62,59.04,167,59.04,15.0
2025-07-28 18:00:00,59.09,59.31,58.98,59.27,152,59.27,15.0
2025-07-28 18:15:00,59.31,59.41,59.16,59.41,278,59.41,15.0
2025-07-28 18:30:00,59.42,59.54,59.34,59.48,268,59.48,15.0
2025-07-28 18:45:00,59.51,59.72,59.47,59.57,166,59.57,15.0
2025-07-28 19:00:00,59.6,59.92,59.49,59.91,113,59.91,15.0
2025-07-28 19:15:00,59.88,59.99,59.68,59.74,264,59.74,15.0
2025-07-28 19:30:00,59.79,59.86,59.72,59.72,101,59.72,15.0
2025-07-28 19:45:00,59.7,59.71,59.56,59.56,75,59.56,15.0
2025-07-28 20:00:00,59.6,59.94,59.6,59.91,137,59.91,15.0
2025-07-28 20:15:00,59.91,59.92,59.71,59.75,240,59.75,15.0
2025-07-28 20:30:00,59.77,59.86,59.76,59.76,79,59.76,15.0
2025-07-28 20:45:00,59.73,59.9,59.72,59.86,166,59.86,15.0
2025-07-28 21:00:00,59.84,59.88,59.59,59.76,372,59.76,15.0
2025-07-28 21:15:00,59.73,59.95,59.73,59.87,176,59.87,15.0
2025-07-28 21:30:00,59.86,60.05,59.86,59.99,228,59.99,15.0
2025-07-28 21:45:00,59.99,59.99,59.81,59.81,295,59.81,15.0
2025-07-28 22:00:00,59.83,59.84,59.15,59.35,618,59.35,15.0
2025-07-28 22:15:00,59.35,59.38,59.16,59.3,457,59.3,15.0
2025-07-28 22:30:00,59.3,59.33,58.83,59.01,580,59.01,15.0
2025-07-28 22:45:00,58.99,59.07,58.55,58.55,2374,58.55,15.0
2025-07-28 23:00:00,58.55,58.55,58.55,58.55,316,58.55,15.0
2025-07-29 16:30:00,58.45,58.54,57.96,58.33,163,58.33,15.0
2025-07-29 16:45:00,58.32,58.8,58.25,58.65,167,58.65,15.0
2025-07-29 17:00:00,58.65,58.94,58.57,58.76,212,58.76,15.0
2025-07-29 17:15:00,58.74,58.8,58.39,58.44,123,58.44,15.0
2025-07-29 17:30:00,58.41,58.62,58.28,58.47,200,58.47,15.0
2025-07-29 17:45:00,58.5,58.63,58.23,58.24,110,58.24,15.0
2025-07-29 18:00:00,58.27,58.35,58.2,58.24,95,58.24,15.0
2025-07-29 18:15:00,58.27,58.29,57.81,57.87,123,57.87,15.0
2025-07-29 18:30:00,57.92,57.98,57.64,57.66,188,57.66,15.0
2025-07-29 18:45:00,57.73,57.85,57.47,57.82,406,57.82,15.0
2025-07-29 19:00:00,57.81,57.81,57.55,57.62,113,57.62,15.0
2025-07-29 19:15:00,57.64,57.65,57.44,57.63,85,57.63,15.0
2025-07-29 19:30:00,57.66,57.75,57.51,57.75,95,57.75,15.0
2025-07-29 19:45:00,57.75,57.87,57.71,57.84,70,57.84,15.0
2025-07-29 20:00:00,57.83,58.12,57.83,58.11,206,58.11,15.0
2025-07-29 20:15:00,58.12,58.17,58.02,58.16,150,58.16,15.0
2025-07-29 20:30:00,58.17,58.25,57.85,57.93,139,57.93,15.0
2025-07-29 20:45:00,57.89,58.0,57.82,57.91,203,57.91,15.0
2025-07-29 21:00:00,57.89,58.01,57.86,57.94,81,57.94,15.0
2025-07-29 21:15:00,57.97,58.0,57.86,57.92,65,57.92,15.0
2025-07-29 21:30:00,57.95,58.13,57.93,58.1,90,58.1,15.0
2025-07-29 21:45:00,58.09,58.2,58.07,58.17,189,58.17,15.0
2025-07-29 22:00:00,58.17,58.42,58.16,58.31,352,58.31,15.0
2025-07-29 22:15:00,58.34,58.37,58.16,58.19,273,58.19,15.0
2025-07-29 22:30:00,58.18,58.22,57.84,57.9,381,57.9,15.0
2025-07-29 22:45:00,57.89,57.93,57.75,57.87,1089,57.87,15.0
2025-07-29 23:00:00,57.87,57.87,57.87,57.87,204,57.87,15.0
2025-07-30 16:30:00,58.2,58.38,57.43,57.68,126,57.68,15.0
2025-07-30 16:45:00,57.68,57.84,57.51,57.84,80,57.84,15.0
2025-07-30 17:00:00,57.79,57.91,57.34,57.41,146,57.41,15.0
2025-07-30 17:15:00,57.46,57.87,57.45,57.63,117,57.63,15.0
2025-07-30 17:30:00,57.6,57.73,57.48,57.6,140,57.6,15.0
2025-07-30 17:45:00,57.58,57.64,57.51,57.6,123,57.6,15.0
2025-07-30 18:00:00,57.6,57.7,57.58,57.7,94,57.7,15.0
2025-07-30 18:15:00,57.75,57.79,57.63,57.63,140,57.63,15.0
2025-07-30 18:30:00,57.65,57.75,57.6,57.64,136,57.64,15.0
2025-07-30 18:45:00,57.6,57.64,57.44,57.59,154,57.59,15.0
2025-07-30 19:00:00,57.57,57.77,57.57,57.77,80,57.77,15.0
2025-07-30 19:15:00,57.78,57.9,57.78,57.87,91,57.87,15.0
2025-07-30 19:30:00,57.87,57.94,57.87,57.93,61,57.93,15.0
2025-07-30 19:45:00,57.93,57.99,57.81,57.81,76,57.81,15.0
2025-07-30 20:00:00,57.81,58.03,57.81,57.99,67,57.99,15.0
2025-07-30 20:15:00,57.98,57.98,57.89,57.97,65,57.97,15.0
2025-07-30 20:30:00,57.98,58.25,57.98,58.24,78,58.24,15.0
2025-07-30 20:45:00,58.24,58.28,58.01,58.1,121,58.1,15.0
2025-07-30 21:00:00,58.09,58.16,57.82,57.87,144,57.87,15.0
2025-07-30 21:15:00,57.87,57.93,57.75,57.92,136,57.92,15.0
2025-07-30 21:30:00,57.92,58.17,57.71,57.92,236,57.92,15.0
2025-07-30 21:45:00,57.9,57.96,57.4,57.4,239,57.4,15.0
2025-07-30 22:00:00,57.39,57.5,57.23,57.44,261,57.44,15.0
2025-07-30 22:15:00,57.46,57.47,57.15,57.23,237,57.23,15.0
2025-07-30 22:30:00,57.28,57.38,57.1,57.17,304,57.17,15.0
2025-07-30 22:45:00,57.17,57.78,57.17,57.71,1400,57.71,15.0
2025-07-30 23:00:00,57.71,57.71,57.71,57.71,124,57.71,15.0
2025-07-31 16:30:00,56.73,57.08,56.26,56.36,209,56.36,15.0
2025-07-31 16:45:00,56.46,57.62,56.37,57.61,493,57.61,15.0
2025-07-31 17:00:00,57.59,57.74,57.22,57.28,358,57.28,15.0
2025-07-31 17:15:00,57.27,57.4,56.97,57.06,292,57.06,15.0
2025-07-31 17:30:00,57.02,57.2,56.84,57.1,161,57.1,15.0
2025-07-31 17:45:00,57.2,57.24,56.75,56.82,167,56.82,15.0
2025-07-31 18:00:00,56.82,57.05,56.54,56.57,205,56.57,15.0
2025-07-31 18:15:00,56.61,56.75,56.4,56.43,116,56.43,15.0
2025-07-31 18:30:00,56.32,56.52,56.31,56.41,59,56.41,15.0
2025-07-31 18:45:00,56.43,56.51,56.3,56.36,199,56.36,15.0
2025-07-31 19:00:00,56.36,56.63,56.36,56.59,159,56.59,15.0
2025-07-31 19:15:00,56.58,56.78,56.58,56.7,183,56.7,15.0
2025-07-31 19:30:00,56.7,56.86,56.66,56.68,220,56.68,15.0
2025-07-31 19:45:00,56.72,56.75,56.6,56.73,160,56.73,15.0
2025-07-31 20:00:00,56.73,56.87,56.7,56.8,110,56.8,15.0
2025-07-31 20:15:00,56.78,56.88,56.23,56.25,151,56.25,15.0
2025-07-31 20:30:00,56.26,56.29,56.0,56.06,172,56.06,15.0
2025-07-31 20:45:00,56.06,56.09,55.7,55.77,375,55.77,15.0
2025-07-31 21:00:00,55.74,55.92,55.55,55.7,216,55.7,15.0
2025-07-31 21:15:00,55.65,56.01,55.45,55.99,133,55.99,15.0
2025-07-31 21:30:00,55.99,56.06,55.79,55.84,175,55.84,15.0
2025-07-31 21:45:00,55.84,55.99,55.64,55.64,147,55.64,15.0
2025-07-31 22:00:00,55.65,55.79,55.37,55.38,150,55.38,15.0
2025-07-31 22:15:00,55.38,55.42,55.16,55.25,553,55.25,15.0
2025-07-31 22:30:00,55.26,55.3,54.86,54.9,358,54.9,15.0
2025-07-31 22:45:00,54.91,55.06,54.62,54.72,1308,54.72,15.0
2025-07-31 23:00:00,54.73,54.73,54.73,54.73,187,54.73,15.0
2025-08-01 16:30:00,53.92,54.3,53.29,53.72,471,53.72,15.0
2025-08-01 16:45:00,53.71,54.24,53.63,53.77,221,53.77,15.0
2025-08-01 17:00:00,53.77,53.77,53.08,53.36,333,53.36,15.0
2025-08-01 17:15:00,53.37,53.46,52.99,53.21,266,53.21,15.0
2025-08-01 17:30:00,53.21,53.36,53.09,53.09,335,53.09,15.0
2025-08-01 17:45:00,53.1,53.52,53.1,53.37,372,53.37,15.0
2025-08-01 18:00:00,53.34,53.92,53.23,53.76,118,53.76,15.0
2025-08-01 18:15:00,53.76,54.04,53.72,53.99,187,53.99,15.0
2025-08-01 18:30:00,53.97,54.39,53.86,54.36,197,54.36,15.0
2025-08-01 18:45:00,54.43,54.57,54.35,54.54,97,54.54,15.0
2025-08-01 19:00:00,54.56,54.77,54.56,54.77,152,54.77,15.0
2025-08-01 19:15:00,54.82,54.85,54.71,54.78,113,54.78,15.0
2025-08-01 19:30:00,54.8,54.85,54.53,54.62,117,54.62,15.0
2025-08-01 19:45:00,54.65,54.67,54.37,54.4,98,54.4,15.0
2025-08-01 20:00:00,54.41,54.59,54.37,54.51,91,54.51,15.0
2025-08-01 20:15:00,54.53,54.73,54.46,54.67,108,54.67,15.0
2025-08-01 20:30:00,54.65,54.72,54.39,54.41,128,54.41,15.0
2025-08-01 20:45:00,54.42,54.49,54.3,54.35,189,54.35,15.0
2025-08-01 21:00:00,54.36,54.51,54.33,54.46,138,54.46,15.0
2025-08-01 21:15:00,54.46,54.79,54.38,54.76,143,54.76,15.0
2025-08-01 21:30:00,54.74,55.07,54.71,55.06,155,55.06,15.0
2025-08-01 21:45:00,55.08,55.08,54.73,54.75,176,54.75,15.0
2025-08-01 22:00:00,54.74,54.77,54.62,54.72,194,54.72,15.0
2025-08-01 22:15:00,54.75,54.82,54.57,54.62,274,54.62,15.0
2025-08-01 22:30:00,54.62,54.77,54.53,54.71,243,54.71,15.0
2025-08-01 22:45:00,54.71,54.94,54.69,54.9,846,54.9,15.0
2025-08-01 23:00:00,54.89,54.89,54.89,54.89,188,54.89,15.0
2025-08-13 16:30:00,53.18,53.61,52.92,53.41,63,53.41,15.0
2025-08-13 16:45:00,53.39,53.91,53.31,53.62,111,53.62,15.0
2025-08-13 17:00:00,53.62,53.95,53.22,53.62,151,53.62,15.0
2025-08-13 17:15:00,53.63,53.78,53.59,53.71,120,53.71,15.0
2025-08-13 17:30:00,53.73,54.0,53.57,54.0,94,54.0,15.0
2025-08-13 17:45:00,53.97,54.1,53.87,53.88,122,53.88,15.0
2025-08-13 18:00:00,53.94,54.37,53.94,54.33,40,54.33,15.0
2025-08-13 18:15:00,54.39,54.64,54.34,54.58,101,54.58,15.0
2025-08-13 18:30:00,54.67,54.8,54.58,54.71,116,54.71,15.0
2025-08-13 18:45:00,54.73,54.73,54.28,54.41,147,54.41,15.0
2025-08-13 19:00:00,54.41,54.58,54.3,54.45,107,54.45,15.0
2025-08-13 19:15:00,54.44,54.51,54.36,54.39,71,54.39,15.0
2025-08-13 19:30:00,54.42,54.51,54.32,54.46,88,54.46,15.0
2025-08-13 19:45:00,54.49,54.62,54.45,54.45,126,54.45,15.0
2025-08-13 20:00:00,54.44,54.54,54.15,54.15,76,54.15,15.0
2025-08-13 20:15:00,54.15,54.2,54.05,54.12,123,54.12,15.0
2025-08-13 20:30:00,54.13,54.18,53.92,53.99,172,53.99,15.0
2025-08-13 20:45:00,54.0,54.05,53.69,53.71,391,53.71,15.0
2025-08-13 21:00:00,53.71,54.12,53.71,54.1,58,54.1,15.0
2025-08-13 21:15:00,54.1,54.17,54.06,54.1,103,54.1,15.0
2025-08-13 21:30:00,54.1,54.21,53.97,54.01,155,54.01,15.0
2025-08-13 21:45:00,54.04,54.15,54.02,54.08,96,54.08,15.0
2025-08-13 22:00:00,54.05,54.44,54.05,54.31,198,54.31,15.0
2025-08-13 22:15:00,54.32,54.4,54.27,54.38,146,54.38,15.0
2025-08-13 22:30:00,54.38,54.62,54.35,54.59,289,54.59,15.0
2025-08-13 22:45:00,54.6,54.83,54.58,54.72,660,54.72,15.0
2025-08-13 23:00:00,54.71,54.71,54.71,54.71,199,54.71,15.0
2025-08-14 16:30:00,53.86,54.17,53.34,53.34,98,53.34,15.0
2025-08-14 16:45:00,53.69,53.9,53.51,53.9,22,53.9,15.0
2025-08-14 17:00:00,53.85,54.01,53.67,53.7,130,53.7,15.0
2025-08-14 17:15:00,53.7,53.85,53.49,53.77,99,53.77,15.0
2025-08-14 17:30:00,53.77,53.97,53.74,53.79,113,53.79,15.0
2025-08-14 17:45:00,53.8,53.91,53.74,53.83,42,53.83,15.0
2025-08-14 18:00:00,53.76,53.86,53.66,53.74,92,53.74,15.0
2025-08-14 18:15:00,53.74,53.79,53.61,53.63,117,53.63,15.0
2025-08-14 18:30:00,53.68,53.87,53.67,53.69,68,53.69,15.0
2025-08-14 18:45:00,53.69,53.78,53.64,53.75,59,53.75,15.0
2025-08-14 19:00:00,53.75,53.81,53.48,53.52,80,53.52,15.0
2025-08-14 19:15:00,53.48,53.62,53.43,53.47,60,53.47,15.0
2025-08-14 19:30:00,53.49,53.51,53.35,53.44,66,53.44,15.0
2025-08-14 19:45:00,53.49,53.54,53.44,53.47,66,53.47,15.0
2025-08-14 20:00:00,53.48,53.49,53.3,53.3,57,53.3,15.0
2025-08-14 20:15:00,53.28,53.38,53.22,53.26,62,53.26,15.0
2025-08-14 20:30:00,53.26,53.32,53.23,53.25,49,53.25,15.0
2025-08-14 20:45:00,53.26,53.55,53.26,53.54,68,53.54,15.0
2025-08-14 21:00:00,53.56,53.58,53.49,53.5,53,53.5,15.0
2025-08-14 21:15:00,53.47,53.62,53.38,53.56,166,53.56,15.0
2025-08-14 21:30:00,53.54,53.69,53.5,53.67,91,53.67,15.0
2025-08-14 21:45:00,53.66,53.67,53.6,53.61,78,53.61,15.0
2025-08-14 22:00:00,53.6,53.91,53.59,53.8,256,53.8,15.0
2025-08-14 22:15:00,53.8,53.86,53.69,53.7,233,53.7,15.0
2025-08-14 22:30:00,53.7,53.74,53.61,53.69,224,53.69,15.0
2025-08-14 22:45:00,53.69,53.9,53.56,53.75,910,53.75,15.0
2025-08-14 23:00:00,53.74,53.74,53.74,53.74,220,53.74,15.0
2025-08-15 16:30:00,54.33,54.33,54.02,54.21,96,54.21,15.0
2025-08-15 16:45:00,54.21,54.38,54.04,54.04,53,54.04,15.0
2025-08-15 17:00:00,54.13,54.16,53.78,53.81,76,53.81,15.0
2025-08-15 17:15:00,53.81,53.92,53.67,53.88,57,53.88,15.0
2025-08-15 17:30:00,53.85,54.0,53.81,53.92,67,53.92,15.0
2025-08-15 17:45:00,53.96,54.0,53.79,53.87,103,53.87,15.0
2025-08-15 18:00:00,53.87,54.0,53.83,53.85,79,53.85,15.0
2025-08-15 18:15:00,53.85,53.95,53.62,53.62,132,53.62,15.0
2025-08-15 18:30:00,53.64,53.75,53.47,53.54,89,53.54,15.0
2025-08-15 18:45:00,53.53,53.64,53.45,53.45,92,53.45,15.0
2025-08-15 19:00:00,53.48,53.58,53.39,53.56,64,53.56,15.0
2025-08-15 19:15:00,53.57,53.66,53.53,53.58,47,53.58,15.0
2025-08-15 19:30:00,53.58,53.77,53.58,53.74,38,53.74,15.0
2025-08-15 19:45:00,53.74,53.75,53.66,53.72,70,53.72,15.0
2025-08-15 20:00:00,53.7,53.8,53.7,53.73,80,53.73,15.0
2025-08-15 20:15:00,53.73,53.81,53.68,53.79,59,53.79,15.0
2025-08-15 20:30:00,53.78,53.86,53.77,53.82,89,53.82,15.0
2025-08-15 20:45:00,53.84,53.97,53.84,53.93,52,53.93,15.0
2025-08-15 21:00:00,53.92,53.93,53.8,53.92,82,53.92,15.0
2025-08-15 21:15:00,53.93,53.98,53.9,53.94,36,53.94,15.0
2025-08-15 21:30:00,53.92,53.95,53.84,53.89,82,53.89,15.0
2025-08-15 21:45:00,53.89,53.93,53.81,53.86,61,53.86,15.0
2025-08-15 22:00:00,53.87,53.89,53.77,53.84,87,53.84,15.0
2025-08-15 22:15:00,53.81,53.83,53.68,53.7,107,53.7,15.0
2025-08-15 22:30:00,53.7,53.72,53.62,53.68,205,53.68,15.0
2025-08-15 22:45:00,53.68,53.74,53.51,53.58,775,53.58,15.0
2025-08-15 23:00:00,53.6,53.6,53.6,53.6,122,53.6,15.0
2025-08-18 16:30:00,53.43,53.72,53.29,53.72,66,53.72,15.0
2025-08-18 16:45:00,53.76,53.99,53.67,53.87,97,53.87,15.0
2025-08-18 17:00:00,53.87,53.96,53.73,53.81,95,53.81,15.0
2025-08-18 17:15:00,53.82,53.82,53.61,53.61,75,53.61,15.0
2025-08-18 17:30:00,53.59,53.82,53.59,53.7,98,53.7,15.0
2025-08-18 17:45:00,53.7,53.89,53.69,53.78,153,53.78,15.0
2025-08-18 18:00:00,53.78,53.85,53.74,53.77,76,53.77,15.0
2025-08-18 18:15:00,53.76,53.88,53.75,53.85,108,53.85,15.0
2025-08-18 18:30:00,53.84,54.1,53.81,54.02,238,54.02,15.0
2025-08-18 18:45:00,54.02,54.02,53.77,53.78,75,53.78,15.0
2025-08-18 19:00:00,53.76,53.83,53.63,53.77,107,53.77,15.0
2025-08-18 19:15:00,53.78,53.81,53.65,53.67,99,53.67,15.0
2025-08-18 19:30:00,53.69,53.86,53.67,53.86,171,53.86,15.0
2025-08-18 19:45:00,53.83,53.99,53.83,53.9,73,53.9,15.0
2025-08-18 20:00:00,53.91,54.1,53.82,54.08,191,54.08,15.0
2025-08-18 20:15:00,54.07,54.14,53.99,54.06,145,54.06,15.0
2025-08-18 20:30:00,54.04,54.08,53.78,53.79,129,53.79,15.0
2025-08-18 20:45:00,53.81,53.82,53.74,53.82,62,53.82,15.0
2025-08-18 21:00:00,53.77,53.78,53.65,53.72,107,53.72,15.0
2025-08-18 21:15:00,53.69,53.73,53.62,53.66,62,53.66,15.0
2025-08-18 21:30:00,53.68,53.76,53.59,53.64,50,53.64,15.0
2025-08-18 21:45:00,53.64,53.7,53.63,53.68,66,53.68,15.0
2025-08-18 22:00:00,53.69,53.69,53.48,53.48,97,53.48,15.0
2025-08-18 22:15:00,53.51,53.56,53.47,53.48,90,53.48,15.0
2025-08-18 22:30:00,53.47,53.47,53.25,53.25,267,53.25,15.0
2025-08-18 22:45:00,53.25,53.32,53.07,53.3,964,53.3,15.0
2025-08-18 23:00:00,53.29,53.29,53.29,53.29,111,53.29,15.0
2025-08-19 16:30:00,53.33,53.99,53.33,53.99,89,53.99,15.0
2025-08-19 16:45:00,53.98,54.18,53.91,53.94,62,53.94,15.0
2025-08-19 17:00:00,53.91,54.18,53.77,54.12,79,54.12,15.0
2025-08-19 17:15:00,54.09,54.74,54.09,54.65,170,54.65,15.0
2025-08-19 17:30:00,54.63,54.92,54.59,54.59,173,54.59,15.0
2025-08-19 17:45:00,54.54,54.54,54.29,54.31,108,54.31,15.0
2025-08-19 18:00:00,54.32,54.59,54.17,54.5,100,54.5,15.0
2025-08-19 18:15:00,54.47,54.59,54.42,54.46,105,54.46,15.0
2025-08-19 18:30:00,54.44,54.58,54.35,54.39,74,54.39,15.0
2025-08-19 18:45:00,54.39,54.4,54.19,54.28,90,54.28,15.0
2025-08-19 19:00:00,54.3,54.39,54.26,54.37,47,54.37,15.0
2025-08-19 19:15:00,54.36,54.49,54.32,54.37,80,54.37,15.0
2025-08-19 19:30:00,54.36,54.54,54.36,54.51,88,54.51,15.0
2025-08-19 19:45:00,54.5,54.56,54.42,54.51,85,54.51,15.0
2025-08-19 20:00:00,54.49,54.53,54.4,54.5,104,54.5,15.0
2025-08-19 20:15:00,54.49,54.55,54.46,54.48,49,54.48,15.0
2025-08-19 20:30:00,54.5,54.59,54.44,54.56,100,54.56,15.0
2025-08-19 20:45:00,54.53,54.56,54.41,54.43,93,54.43,15.0
2025-08-19 21:00:00,54.4,54.42,54.27,54.34,124,54.34,15.0
2025-08-19 21:15:00,54.35,54.4,54.27,54.29,121,54.29,15.0
2025-08-19 21:30:00,54.28,54.47,54.28,54.45,132,54.45,15.0
2025-08-19 21:45:00,54.5,54.53,54.46,54.51,74,54.51,15.0
2025-08-19 22:00:00,54.52,54.64,54.49,54.61,156,54.61,15.0
2025-08-19 22:15:00,54.59,54.69,54.55,54.61,369,54.61,15.0
2025-08-19 22:30:00,54.61,54.68,54.54,54.58,451,54.58,15.0
2025-08-19 22:45:00,54.57,54.91,54.57,54.89,1183,54.89,15.0
2025-08-19 23:00:00,54.87,54.87,54.87,54.87,263,54.87,15.0
2025-08-20 16:30:00,54.68,54.8,54.29,54.68,226,54.68,15.0
2025-08-20 16:45:00,54.73,54.95,54.65,54.7,208,54.7,15.0
2025-08-20 17:00:00,54.75,54.84,54.32,54.32,212,54.32,15.0
2025-08-20 17:15:00,54.39,54.41,54.18,54.2,194,54.2,15.0
2025-08-20 17:30:00,54.16,54.39,54.09,54.12,268,54.12,15.0
2025-08-20 17:45:00,54.09,54.2,54.05,54.17,92,54.17,15.0
2025-08-20 18:00:00,54.22,54.32,54.1,54.32,88,54.32,15.0
2025-08-20 18:15:00,54.35,54.57,54.35,54.5,134,54.5,15.0
2025-08-20 18:30:00,54.5,54.54,54.23,54.32,164,54.32,15.0
2025-08-20 18:45:00,54.31,54.34,54.14,54.18,69,54.18,15.0
2025-08-20 19:00:00,54.17,54.32,54.17,54.31,96,54.31,15.0
2025-08-20 19:15:00,54.33,54.46,54.27,54.28,501,54.28,15.0
2025-08-20 19:30:00,54.27,54.41,54.27,54.41,192,54.41,15.0
2025-08-20 19:45:00,54.41,54.45,54.22,54.31,153,54.31,15.0
2025-08-20 20:00:00,54.31,54.45,54.26,54.39,125,54.39,15.0
2025-08-20 20:15:00,54.41,54.5,54.23,54.25,166,54.25,15.0
2025-08-20 20:30:00,54.23,54.37,54.23,54.34,77,54.34,15.0
2025-08-20 20:45:00,54.37,54.42,54.33,54.34,131,54.34,15.0
2025-08-20 21:00:00,54.33,54.35,54.05,54.08,81,54.08,15.0
2025-08-20 21:15:00,54.03,54.16,53.99,54.16,93,54.16,15.0
2025-08-20 21:30:00,54.18,54.3,54.16,54.28,174,54.28,15.0
2025-08-20 21:45:00,54.27,54.3,54.14,54.2,213,54.2,15.0
2025-08-20 22:00:00,54.21,54.34,54.19,54.31,181,54.31,15.0
2025-08-20 22:15:00,54.31,54.31,54.11,54.15,208,54.15,15.0
2025-08-20 22:30:00,54.14,54.39,54.12,54.39,168,54.39,15.0
2025-08-20 22:45:00,54.4,54.51,54.28,54.33,696,54.33,15.0
2025-08-20 23:00:00,54.33,54.33,54.33,54.33,178,54.33,15.0
2025-08-21 16:30:00,54.66,54.76,54.13,54.39,370,54.39,15.0
2025-08-21 16:45:00,54.43,54.49,53.89,54.06,287,54.06,15.0
2025-08-21 17:00:00,54.04,54.38,53.99,54.38,141,54.38,15.0
2025-08-21 17:15:00,54.4,54.44,54.29,54.32,121,54.32,15.0
2025-08-21 17:30:00,54.35,54.35,54.02,54.15,149,54.15,15.0
2025-08-21 17:45:00,54.16,54.36,54.13,54.29,69,54.29,15.0
2025-08-21 18:00:00,54.31,54.36,54.23,54.31,110,54.31,15.0
2025-08-21 18:15:00,54.36,54.69,54.36,54.63,136,54.63,15.0
2025-08-21 18:30:00,54.6,54.72,54.51,54.65,299,54.65,15.0
2025-08-21 18:45:00,54.68,54.75,54.56,54.64,176,54.64,15.0
2025-08-21 19:00:00,54.62,54.62,54.51,54.59,85,54.59,15.0
2025-08-21 19:15:00,54.63,54.75,54.55,54.75,126,54.75,15.0
2025-08-21 19:30:00,54.72,54.77,54.58,54.64,122,54.64,15.0
2025-08-21 19:45:00,54.64,54.86,54.61,54.76,94,54.76,15.0
2025-08-21 20:00:00,54.78,54.9,54.74,54.9,93,54.9,15.0
2025-08-21 20:15:00,54.88,54.9,54.64,54.72,91,54.72,15.0
2025-08-21 20:30:00,54.73,54.79,54.67,54.79,64,54.79,15.0
2025-08-21 20:45:00,54.82,54.85,54.67,54.67,134,54.67,15.0
2025-08-21 21:00:00,54.71,54.88,54.71,54.75,210,54.75,15.0
2025-08-21 21:15:00,54.75,54.81,54.46,54.46,132,54.46,15.0
2025-08-21 21:30:00,54.46,54.5,54.33,54.37,118,54.37,15.0
2025-08-21 21:45:00,54.37,54.41,54.32,54.35,127,54.35,15.0
2025-08-21 22:00:00,54.37,54.37,54.18,54.21,198,54.21,15.0
2025-08-21 22:15:00,54.21,54.31,54.13,54.23,320,54.23,15.0
2025-08-21 22:30:00,54.22,54.25,54.04,54.06,277,54.06,15.0
2025-08-21 22:45:00,54.07,54.17,53.93,54.02,785,54.02,15.0
2025-08-21 23:00:00,54.0,54.0,54.0,54.0,155,54.0,15.0
2025-08-22 16:30:00,54.89,55.19,54.3,54.82,78,54.82,15.0
2025-08-22 16:45:00,55.09,55.09,54.87,54.89,53,54.89,15.0
2025-08-22 17:00:00,55.13,56.75,55.13,56.7,167,56.7,15.0
2025-08-22 17:15:00,56.64,56.83,56.44,56.83,113,56.83,15.0
2025-08-22 17:30:00,56.83,57.1,56.61,56.79,110,56.79,15.0
2025-08-22 17:45:00,56.83,56.92,56.62,56.86,47,56.86,15.0
2025-08-22 18:00:00,56.83,56.98,56.69,56.86,110,56.86,15.0
2025-08-22 18:15:00,56.88,57.22,56.88,57.07,80,57.07,15.0
2025-08-22 18:30:00,57.12,57.33,57.12,57.19,74,57.19,15.0
2025-08-22 18:45:00,57.18,57.29,57.09,57.13,59,57.13,15.0
2025-08-22 19:00:00,57.06,57.43,57.01,57.38,107,57.38,15.0
2025-08-22 19:15:00,57.35,57.39,56.95,56.95,126,56.95,15.0
2025-08-22 19:30:00,56.99,57.09,56.91,57.01,77,57.01,15.0
2025-08-22 19:45:00,57.01,57.06,56.92,56.93,77,56.93,15.0
2025-08-22 20:00:00,56.96,57.24,56.96,57.17,159,57.17,15.0
2025-08-22 20:15:00,57.18,57.21,56.96,56.96,130,56.96,15.0
2025-08-22 20:30:00,56.95,57.07,56.93,57.01,152,57.01,15.0
2025-08-22 20:45:00,57.01,57.03,56.82,56.82,131,56.82,15.0
2025-08-22 21:00:00,56.77,56.78,56.68,56.74,63,56.74,15.0
2025-08-22 21:15:00,56.76,56.96,56.76,56.9,58,56.9,15.0
2025-08-22 21:30:00,56.9,56.91,56.82,56.84,96,56.84,15.0
2025-08-22 21:45:00,56.82,57.02,56.82,56.96,96,56.96,15.0
2025-08-22 22:00:00,56.94,57.19,56.94,57.17,165,57.17,15.0
2025-08-22 22:15:00,57.17,57.29,57.14,57.15,218,57.15,15.0
2025-08-22 22:30:00,57.14,57.21,57.02,57.2,277,57.2,15.0
2025-08-22 22:45:00,57.19,57.29,57.01,57.08,801,57.08,15.0
2025-08-22 23:00:00,57.09,57.09,57.09,57.09,144,57.09,15.0
2025-08-25 16:30:00,56.86,56.94,56.35,56.54,108,56.54,15.0
2025-08-25 16:45:00,56.51,56.6,56.26,56.33,165,56.33,15.0
2025-08-25 17:00:00,56.28,56.37,56.1,56.21,223,56.21,15.0
2025-08-25 17:15:00,56.26,56.42,56.24,56.39,143,56.39,15.0
2025-08-25 17:30:00,56.42,56.52,56.34,56.51,190,56.51,15.0
2025-08-25 17:45:00,56.55,56.55,56.33,56.35,145,56.35,15.0
2025-08-25 18:00:00,56.33,56.39,56.21,56.22,186,56.22,15.0
2025-08-25 18:15:00,56.26,56.33,56.22,56.31,116,56.31,15.0
2025-08-25 18:30:00,56.3,56.34,56.25,56.32,124,56.32,15.0
2025-08-25 18:45:00,56.3,56.3,55.97,56.1,265,56.1,15.0
2025-08-25 19:00:00,56.07,56.19,56.02,56.08,100,56.08,15.0
2025-08-25 19:15:00,56.08,56.13,55.92,56.04,177,56.04,15.0
2025-08-25 19:30:00,56.03,56.04,55.92,55.92,126,55.92,15.0
2025-08-25 19:45:00,55.96,55.96,55.8,55.93,50,55.93,15.0
2025-08-25 20:00:00,55.96,56.12,55.96,55.97,149,55.97,15.0
2025-08-25 20:15:00,55.96,56.14,55.96,56.1,89,56.1,15.0
2025-08-25 20:30:00,56.11,56.15,55.77,55.89,110,55.89,15.0
2025-08-25 20:45:00,55.89,56.01,55.88,55.98,142,55.98,15.0
2025-08-25 21:00:00,55.98,56.11,55.95,56.06,205,56.06,15.0
2025-08-25 21:15:00,56.06,56.08,55.89,56.05,254,56.05,15.0
2025-08-25 21:30:00,56.05,56.2,55.96,56.19,207,56.19,15.0
2025-08-25 21:45:00,56.19,56.32,56.16,56.28,165,56.28,15.0
2025-08-25 22:00:00,56.26,56.49,56.26,56.47,257,56.47,15.0
2025-08-25 22:15:00,56.45,56.45,56.28,56.34,351,56.34,15.0
2025-08-25 22:30:00,56.34,56.36,56.24,56.33,286,56.33,15.0
2025-08-25 22:45:00,56.33,56.79,56.26,56.73,1494,56.73,15.0
2025-08-25 23:00:00,56.71,56.71,56.71,56.71,127,56.71,15.0
2025-08-26 16:30:00,56.64,56.86,56.1,56.85,94,56.85,15.0
2025-08-26 16:45:00,56.95,57.31,56.95,57.25,130,57.25,15.0
2025-08-26 17:00:00,57.37,57.6,57.17,57.31,174,57.31,15.0
2025-08-26 17:15:00,57.3,57.3,56.8,56.82,130,56.82,15.0
2025-08-26 17:30:00,56.87,56.95,56.47,56.54,110,56.54,15.0
2025-08-26 17:45:00,56.53,56.6,56.39,56.53,83,56.53,15.0
2025-08-26 18:00:00,56.58,56.68,56.48,56.56,130,56.56,15.0
2025-08-26 18:15:00,56.55,56.65,56.52,56.59,106,56.59,15.0
2025-08-26 18:30:00,56.55,56.56,56.37,56.39,201,56.39,15.0
2025-08-26 18:45:00,56.39,56.82,56.31,56.77,104,56.77,15.0
2025-08-26 19:00:00,56.8,56.83,56.73,56.77,86,56.77,15.0
2025-08-26 19:15:00,56.79,56.91,56.73,56.84,89,56.84,15.0
2025-08-26 19:30:00,56.85,56.89,56.79,56.84,85,56.84,15.0
2025-08-26 19:45:00,56.84,56.87,56.79,56.82,63,56.82,15.0
2025-08-26 20:00:00,56.83,56.88,56.78,56.88,126,56.88,15.0
2025-08-26 20:15:00,56.85,56.98,56.82,56.93,122,56.93,15.0
2025-08-26 20:30:00,56.93,57.01,56.93,57.01,172,57.01,15.0
2025-08-26 20:45:00,57.0,57.0,56.89,56.96,104,56.96,15.0
2025-08-26 21:00:00,56.97,57.01,56.71,56.75,199,56.75,15.0
2025-08-26 21:15:00,56.75,56.76,56.64,56.66,108,56.66,15.0
2025-08-26 21:30:00,56.66,56.67,56.48,56.55,117,56.55,15.0
2025-08-26 21:45:00,56.54,56.66,56.41,56.65,148,56.65,15.0
2025-08-26 22:00:00,56.65,56.74,56.59,56.59,265,56.59,15.0
2025-08-26 22:15:00,56.6,56.77,56.55,56.71,250,56.71,15.0
2025-08-26 22:30:00,56.7,56.72,56.63,56.64,394,56.64,15.0
2025-08-26 22:45:00,56.65,56.95,56.65,56.8,1005,56.8,15.0
2025-08-26 23:00:00,56.79,56.79,56.79,56.79,171,56.79,15.0
2025-08-27 16:30:00,56.88,57.37,56.02,57.31,79,57.31,15.0
2025-08-27 16:45:00,57.37,57.37,57.07,57.07,31,57.07,15.0
2025-08-27 17:00:00,57.07,57.22,56.97,57.14,44,57.14,15.0
2025-08-27 17:15:00,57.07,57.07,56.64,56.76,65,56.76,15.0
2025-08-27 17:30:00,56.72,56.75,56.23,56.46,163,56.46,15.0
2025-08-27 17:45:00,56.5,56.55,56.37,56.39,92,56.39,15.0
2025-08-27 18:00:00,56.4,56.46,56.29,56.32,70,56.32,15.0
2025-08-27 18:15:00,56.34,56.38,56.26,56.34,71,56.34,15.0
2025-08-27 18:30:00,56.37,56.42,56.23,56.24,97,56.24,15.0
2025-08-27 18:45:00,56.24,56.46,56.24,56.41,177,56.41,15.0
2025-08-27 19:00:00,56.39,56.41,56.27,56.38,109,56.38,15.0
2025-08-27 19:15:00,56.34,56.5,56.31,56.49,152,56.49,15.0
2025-08-27 19:30:00,56.47,56.49,56.29,56.31,170,56.31,15.0
2025-08-27 19:45:00,56.33,56.66,56.26,56.58,325,56.58,15.0
2025-08-27 20:00:00,56.62,56.62,56.43,56.49,144,56.49,15.0
2025-08-27 20:15:00,56.5,56.59,56.44,56.57,92,56.57,15.0
2025-08-27 20:30:00,56.57,56.63,56.56,56.6,57,56.6,15.0
2025-08-27 20:45:00,56.58,56.66,56.58,56.64,58,56.64,15.0
2025-08-27 21:00:00,56.66,56.69,56.54,56.62,46,56.62,15.0
2025-08-27 21:15:00,56.62,56.64,56.52,56.54,31,56.54,15.0
2025-08-27 21:30:00,56.56,56.69,56.5,56.54,83,56.54,15.0
2025-08-27 21:45:00,56.54,56.65,56.54,56.59,72,56.59,15.0
2025-08-27 22:00:00,56.58,56.71,56.57,56.62,94,56.62,15.0
2025-08-27 22:15:00,56.64,56.77,56.64,56.77,130,56.77,15.0
2025-08-27 22:30:00,56.77,56.84,56.62,56.64,184,56.64,15.0
2025-08-27 22:45:00,56.64,56.66,56.18,56.18,1220,56.18,15.0
2025-08-27 23:00:00,56.22,56.22,56.22,56.22,243,56.22,15.0
2025-08-28 16:30:00,56.23,56.51,55.72,56.45,110,56.45,15.0
2025-08-28 16:45:00,56.57,56.6,56.25,56.44,119,56.44,15.0
2025-08-28 17:00:00,56.38,56.53,56.2,56.21,152,56.21,15.0
2025-08-28 17:15:00,56.2,56.25,55.92,56.11,390,56.11,15.0
2025-08-28 17:30:00,56.1,56.1,55.43,55.43,110,55.43,15.0
2025-08-28 17:45:00,55.44,55.44,54.68,54.69,483,54.69,15.0
2025-08-28 18:00:00,54.63,54.94,53.7,53.85,725,53.85,15.0
2025-08-28 18:15:00,53.81,53.88,53.28,53.51,534,53.51,15.0
2025-08-28 18:30:00,53.5,53.73,53.15,53.56,828,53.56,15.0
2025-08-28 18:45:00,53.55,53.56,52.93,53.47,467,53.47,15.0
2025-08-28 19:00:00,53.43,53.8,53.42,53.76,235,53.76,15.0
2025-08-28 19:15:00,53.77,53.86,53.56,53.79,242,53.79,15.0
2025-08-28 19:30:00,53.77,53.96,53.72,53.94,113,53.94,15.0
2025-08-28 19:45:00,53.97,54.06,53.74,53.74,171,53.74,15.0
2025-08-28 20:00:00,53.74,53.74,53.58,53.66,166,53.66,15.0
2025-08-28 20:15:00,53.64,53.66,53.48,53.5,164,53.5,15.0
2025-08-28 20:30:00,53.5,53.73,53.49,53.73,132,53.73,15.0
2025-08-28 20:45:00,53.71,53.8,53.59,53.59,199,53.59,15.0
2025-08-28 21:00:00,53.62,53.64,53.44,53.61,150,53.61,15.0
2025-08-28 21:15:00,53.61,53.8,53.59,53.75,320,53.75,15.0
2025-08-28 21:30:00,53.75,53.88,53.67,53.8,365,53.8,15.0
2025-08-28 21:45:00,53.8,54.0,53.74,53.92,403,53.92,15.0
2025-08-28 22:00:00,53.91,54.01,53.78,53.92,371,53.92,15.0
2025-08-28 22:15:00,53.93,53.98,53.87,53.98,212,53.98,15.0
2025-08-28 22:30:00,53.99,54.28,53.99,54.25,662,54.25,15.0
2025-08-28 22:45:00,54.23,54.54,54.01,54.32,1673,54.32,15.0
2025-08-28 23:00:00,54.33,54.33,54.33,54.33,175,54.33,15.0
2025-08-29 16:30:00,54.15,54.97,54.12,54.95,148,54.95,15.0
2025-08-29 16:45:00,54.95,54.95,54.65,54.77,67,54.77,15.0
2025-08-29 17:00:00,54.86,54.86,54.21,54.29,302,54.29,15.0
2025-08-29 17:15:00,54.31,54.42,54.11,54.23,163,54.23,15.0
2025-08-29 17:30:00,54.22,54.48,54.18,54.4,213,54.4,15.0
2025-08-29 17:45:00,54.38,54.4,54.22,54.38,274,54.38,15.0
2025-08-29 18:00:00,54.36,54.43,54.23,54.23,83,54.23,15.0
2025-08-29 18:15:00,54.22,54.27,54.1,54.25,170,54.25,15.0
2025-08-29 18:30:00,54.26,54.55,54.24,54.55,360,54.55,15.0
2025-08-29 18:45:00,54.56,54.76,54.54,54.69,70,54.69,15.0
2025-08-29 19:00:00,54.69,54.86,54.66,54.75,85,54.75,15.0
2025-08-29 19:15:00,54.75,54.76,54.69,54.73,74,54.73,15.0
2025-08-29 19:30:00,54.77,55.05,54.77,55.05,138,55.05,15.0
2025-08-29 19:45:00,55.04,55.19,55.04,55.07,78,55.07,15.0
2025-08-29 20:00:00,55.09,55.12,54.99,55.07,136,55.07,15.0
2025-08-29 20:15:00,55.1,55.11,55.03,55.1,65,55.1,15.0
2025-08-29 20:30:00,55.05,55.22,55.05,55.19,45,55.19,15.0
2025-08-29 20:45:00,55.19,55.23,55.17,55.22,75,55.22,15.0
2025-08-29 21:00:00,55.2,55.21,54.81,54.81,71,54.81,15.0
2025-08-29 21:15:00,54.8,54.9,54.71,54.86,43,54.86,15.0
2025-08-29 21:30:00,54.88,54.9,54.85,54.86,42,54.86,15.0
2025-08-29 21:45:00,54.85,54.85,54.71,54.72,270,54.72,15.0
2025-08-29 22:00:00,54.71,54.8,54.6,54.6,112,54.6,15.0
2025-08-29 22:15:00,54.61,54.63,54.36,54.38,214,54.38,15.0
2025-08-29 22:30:00,54.4,54.5,54.38,54.46,218,54.46,15.0
2025-08-29 22:45:00,54.46,54.7,54.44,54.63,857,54.63,15.0
2025-08-29 23:00:00,54.63,54.63,54.63,54.63,191,54.63,15.0
2025-09-02 16:30:00,54.17,54.38,53.11,53.28,207,53.28,15.0
2025-09-02 16:45:00,53.21,53.4,52.59,53.34,229,53.34,15.0
2025-09-02 17:00:00,53.34,53.7,53.34,53.42,231,53.42,15.0
2025-09-02 17:15:00,53.42,53.5,52.84,52.96,133,52.96,15.0
2025-09-02 17:30:00,52.94,53.01,52.79,52.92,55,52.92,15.0
2025-09-02 17:45:00,52.91,53.02,52.75,52.75,55,52.75,15.0
2025-09-02 18:00:00,52.73,52.76,52.45,52.57,141,52.57,15.0
2025-09-02 18:15:00,52.59,52.68,52.51,52.51,87,52.51,15.0
2025-09-02 18:30:00,52.49,52.5,52.35,52.37,40,52.37,15.0
2025-09-02 18:45:00,52.4,52.48,52.31,52.33,51,52.33,15.0
2025-09-02 19:00:00,52.33,52.75,52.33,52.62,228,52.62,15.0
2025-09-02 19:15:00,52.65,52.74,52.47,52.47,105,52.47,15.0
2025-09-02 19:30:00,52.49,52.57,52.48,52.5,52,52.5,15.0
2025-09-02 19:45:00,52.5,52.55,52.39,52.46,69,52.46,15.0
2025-09-02 20:00:00,52.48,52.51,52.4,52.46,135,52.46,15.0
2025-09-02 20:15:00,52.48,52.7,52.45,52.61,134,52.61,15.0
2025-09-02 20:30:00,52.6,52.75,52.59,52.73,101,52.73,15.0
2025-09-02 20:45:00,52.72,52.82,52.71,52.78,148,52.78,15.0
2025-09-02 21:00:00,52.78,52.97,52.77,52.84,72,52.84,15.0
2025-09-02 21:15:00,52.84,52.84,52.77,52.83,29,52.83,15.0
2025-09-02 21:30:00,52.83,52.89,52.71,52.86,81,52.86,15.0
2025-09-02 21:45:00,52.86,53.13,52.84,52.99,65,52.99,15.0
2025-09-02 22:00:00,53.01,53.03,52.92,53.0,181,53.0,15.0
2025-09-02 22:15:00,53.01,53.2,53.0,53.14,165,53.14,15.0
2025-09-02 22:30:00,53.14,53.22,53.12,53.19,171,53.19,15.0
2025-09-02 22:45:00,53.19,53.48,53.1,53.44,732,53.44,15.0
2025-09-02 23:00:00,53.41,53.42,53.41,53.42,143,53.42,15.0
2025-09-03 16:30:00,53.6,54.04,53.09,53.99,411,53.99,15.0
2025-09-03 16:45:00,53.96,53.99,53.26,53.57,448,53.57,15.0
2025-09-03 17:00:00,53.57,53.73,53.44,53.44,213,53.44,15.0
2025-09-03 17:15:00,53.47,53.48,53.11,53.17,474,53.17,15.0
2025-09-03 17:30:00,53.2,53.39,53.17,53.34,231,53.34,15.0
2025-09-03 17:45:00,53.34,53.4,53.14,53.39,271,53.39,15.0
2025-09-03 18:00:00,53.39,53.53,53.27,53.37,237,53.37,15.0
2025-09-03 18:15:00,53.36,53.41,53.15,53.15,181,53.15,15.0
2025-09-03 18:30:00,53.16,53.18,52.96,52.96,166,52.96,15.0
2025-09-03 18:45:00,52.97,53.17,52.85,52.89,165,52.89,15.0
2025-09-03 19:00:00,52.89,52.95,52.81,52.91,139,52.91,15.0
2025-09-03 19:15:00,52.9,53.14,52.87,53.07,168,53.07,15.0
2025-09-03 19:30:00,53.07,53.19,53.05,53.11,165,53.11,15.0
2025-09-03 19:45:00,53.11,53.21,53.09,53.11,170,53.11,15.0
2025-09-03 20:00:00,53.09,53.11,53.0,53.11,142,53.11,15.0
2025-09-03 20:15:00,53.12,53.23,53.1,53.11,130,53.11,15.0
2025-09-03 20:30:00,53.11,53.13,52.88,52.89,140,52.89,15.0
2025-09-03 20:45:00,52.88,53.12,52.84,52.95,159,52.95,15.0
2025-09-03 21:00:00,52.96,53.1,52.88,53.01,133,53.01,15.0
2025-09-03 21:15:00,53.02,53.27,53.02,53.25,115,53.25,15.0
2025-09-03 21:30:00,53.24,53.35,53.22,53.3,123,53.3,15.0
2025-09-03 21:45:00,53.31,53.36,53.18,53.26,297,53.26,15.0
2025-09-03 22:00:00,53.28,53.31,53.15,53.26,263,53.26,15.0
2025-09-03 22:15:00,53.26,53.35,53.18,53.21,247,53.21,15.0
2025-09-03 22:30:00,53.21,53.24,53.17,53.2,245,53.2,15.0
2025-09-03 22:45:00,53.2,53.38,53.15,53.34,1294,53.34,15.0
2025-09-03 23:00:00,53.34,53.34,53.34,53.34,147,53.34,15.0
2025-09-04 16:30:00,53.19,53.19,51.61,52.5,219,52.5,15.0
2025-09-04 16:45:00,52.45,53.03,52.35,52.64,68,52.64,15.0
2025-09-04 17:00:00,52.59,52.95,52.5,52.58,179,52.58,15.0
2025-09-04 17:15:00,52.55,52.57,52.21,52.56,451,52.56,15.0
2025-09-04 17:30:00,52.51,52.58,52.26,52.5,215,52.5,15.0
2025-09-04 17:45:00,52.46,52.46,52.09,52.14,379,52.14,15.0
2025-09-04 18:00:00,52.09,52.39,52.09,52.28,300,52.28,15.0
2025-09-04 18:15:00,52.25,52.31,52.01,52.12,602,52.12,15.0
2025-09-04 18:30:00,52.11,52.23,52.07,52.11,156,52.11,15.0
2025-09-04 18:45:00,52.13,52.3,52.11,52.11,107,52.11,15.0
2025-09-04 19:00:00,52.12,52.33,52.12,52.17,249,52.17,15.0
2025-09-04 19:15:00,52.17,52.21,52.11,52.12,50,52.12,15.0
2025-09-04 19:30:00,52.12,52.41,52.12,52.41,63,52.41,15.0
2025-09-04 19:45:00,52.46,52.69,52.46,52.53,68,52.53,15.0
2025-09-04 20:00:00,52.57,52.8,52.54,52.79,109,52.79,15.0
2025-09-04 20:15:00,52.8,52.94,52.76,52.82,117,52.82,15.0
2025-09-04 20:30:00,52.91,52.95,52.74,52.92,71,52.92,15.0
2025-09-04 20:45:00,52.92,52.96,52.55,52.57,142,52.57,15.0
2025-09-04 21:00:00,52.56,52.72,52.49,52.72,136,52.72,15.0
2025-09-04 21:15:00,52.73,52.77,52.36,52.44,142,52.44,15.0
2025-09-04 21:30:00,52.45,52.6,52.42,52.51,147,52.51,15.0
2025-09-04 21:45:00,52.54,52.77,52.49,52.74,130,52.74,15.0
2025-09-04 22:00:00,52.74,52.95,52.74,52.92,185,52.92,15.0
2025-09-04 22:15:00,52.92,52.96,52.85,52.85,164,52.85,15.0
2025-09-04 22:30:00,52.86,53.02,52.77,52.88,238,52.88,15.0
2025-09-04 22:45:00,52.88,53.01,52.76,52.92,962,52.92,15.0
2025-09-04 23:00:00,52.92,52.92,52.92,52.92,210,52.92,15.0
2025-09-05 16:30:00,53.04,53.98,53.0,53.89,106,53.89,15.0
2025-09-05 16:45:00,53.97,54.22,53.77,54.12,33,54.12,15.0
2025-09-05 17:00:00,54.2,54.47,53.6,53.6,204,53.6,15.0
2025-09-05 17:15:00,53.7,53.78,53.47,53.48,147,53.48,15.0
2025-09-05 17:30:00,53.48,53.54,53.11,53.18,222,53.18,15.0
2025-09-05 17:45:00,53.11,53.21,52.91,53.03,268,53.03,15.0
2025-09-05 18:00:00,53.06,53.5,53.06,53.49,398,53.49,15.0
2025-09-05 18:15:00,53.47,53.71,53.38,53.59,169,53.59,15.0
2025-09-05 18:30:00,53.58,53.93,53.51,53.91,269,53.91,15.0
2025-09-05 18:45:00,53.86,53.94,53.75,53.9,79,53.9,15.0
2025-09-05 19:00:00,53.91,54.13,53.9,54.13,90,54.13,15.0
2025-09-05 19:15:00,54.13,54.13,53.82,53.86,114,53.86,15.0
2025-09-05 19:30:00,53.83,53.96,53.73,53.85,95,53.85,15.0
2025-09-05 19:45:00,53.85,54.04,53.84,54.04,105,54.04,15.0
2025-09-05 20:00:00,54.03,54.05,53.89,53.97,61,53.97,15.0
2025-09-05 20:15:00,53.99,54.05,53.9,53.99,144,53.99,15.0
2025-09-05 20:30:00,53.97,54.2,53.92,53.96,94,53.96,15.0
2025-09-05 20:45:00,53.94,54.06,53.94,53.95,86,53.95,15.0
2025-09-05 21:00:00,53.96,54.32,53.96,54.27,137,54.27,15.0
2025-09-05 21:15:00,54.27,54.29,54.14,54.18,58,54.18,15.0
2025-09-05 21:30:00,54.19,54.26,54.11,54.14,77,54.14,15.0
2025-09-05 21:45:00,54.14,54.36,54.12,54.33,132,54.33,15.0
2025-09-05 22:00:00,54.33,54.41,54.26,54.36,129,54.36,15.0
2025-09-05 22:15:00,54.39,54.45,54.33,54.39,247,54.39,15.0
2025-09-05 22:30:00,54.39,54.43,54.29,54.29,323,54.29,15.0
2025-09-05 22:45:00,54.29,54.48,54.25,54.4,810,54.4,15.0
2025-09-05 23:00:00,54.41,54.41,54.41,54.41,127,54.41,15.0
2025-09-08 16:30:00,54.05,54.19,53.45,53.69,277,53.69,15.0
2025-09-08 16:45:00,53.68,53.92,53.38,53.81,251,53.81,15.0
2025-09-08 17:00:00,53.81,53.81,53.41,53.49,107,53.49,15.0
2025-09-08 17:15:00,53.41,53.6,53.28,53.59,189,53.59,15.0
2025-09-08 17:30:00,53.55,53.92,53.55,53.83,111,53.83,15.0
2025-09-08 17:45:00,53.86,54.07,53.81,54.04,110,54.04,15.0
2025-09-08 18:00:00,54.07,54.33,54.03,54.27,136,54.27,15.0
2025-09-08 18:15:00,54.23,54.28,53.91,53.95,295,53.95,15.0
2025-09-08 18:30:00,53.93,53.94,53.62,53.73,144,53.73,15.0
2025-09-08 18:45:00,53.76,53.78,53.62,53.73,79,53.73,15.0
2025-09-08 19:00:00,53.72,53.85,53.72,53.77,85,53.77,15.0
2025-09-08 19:15:00,53.81,53.81,53.57,53.57,48,53.57,15.0
2025-09-08 19:30:00,53.59,53.73,53.51,53.52,148,53.52,15.0
2025-09-08 19:45:00,53.5,53.78,53.36,53.67,319,53.67,15.0
2025-09-08 20:00:00,53.75,53.75,53.62,53.65,92,53.65,15.0
2025-09-08 20:15:00,53.69,53.77,53.63,53.66,64,53.66,15.0
2025-09-08 20:30:00,53.7,53.72,53.42,53.45,130,53.45,15.0
2025-09-08 20:45:00,53.47,53.59,53.34,53.34,237,53.34,15.0
2025-09-08 21:00:00,53.36,53.42,53.3,53.41,156,53.41,15.0
2025-09-08 21:15:00,53.41,53.74,53.41,53.74,258,53.74,15.0
2025-09-08 21:30:00,53.72,53.86,53.72,53.78,113,53.78,15.0
2025-09-08 21:45:00,53.78,53.93,53.78,53.89,102,53.89,15.0
2025-09-08 22:00:00,53.86,53.92,53.73,53.82,164,53.82,15.0
2025-09-08 22:15:00,53.8,53.91,53.79,53.85,189,53.85,15.0
2025-09-08 22:30:00,53.87,53.96,53.86,53.92,202,53.92,15.0
2025-09-08 22:45:00,53.93,54.25,53.93,54.13,1127,54.13,15.0
2025-09-08 23:00:00,54.11,54.11,54.11,54.11,247,54.11,15.0
2025-09-09 16:30:00,54.19,54.53,53.97,54.34,127,54.34,15.0
2025-09-09 16:45:00,54.29,54.43,54.04,54.24,103,54.24,15.0
2025-09-09 17:00:00,54.36,54.52,53.7,53.85,410,53.85,15.0
2025-09-09 17:15:00,53.9,54.08,53.85,53.96,311,53.96,15.0
2025-09-09 17:30:00,53.96,54.01,53.85,53.92,331,53.92,15.0
2025-09-09 17:45:00,53.91,54.1,53.89,54.1,113,54.1,15.0
2025-09-09 18:00:00,54.1,54.15,53.96,54.05,132,54.05,15.0
2025-09-09 18:15:00,54.03,54.22,53.98,54.19,75,54.19,15.0
2025-09-09 18:30:00,54.18,54.37,54.18,54.22,59,54.22,15.0
2025-09-09 18:45:00,54.19,54.19,53.84,53.89,83,53.89,15.0
2025-09-09 19:00:00,53.9,53.91,53.62,53.67,217,53.67,15.0
2025-09-09 19:15:00,53.68,53.72,53.55,53.7,166,53.7,15.0
2025-09-09 19:30:00,53.74,53.77,53.49,53.61,146,53.61,15.0
2025-09-09 19:45:00,53.68,53.79,53.66,53.75,96,53.75,15.0
2025-09-09 20:00:00,53.75,53.78,53.54,53.54,142,53.54,15.0
2025-09-09 20:15:00,53.52,53.74,53.49,53.73,58,53.73,15.0
2025-09-09 20:30:00,53.71,53.81,53.67,53.79,126,53.79,15.0
2025-09-09 20:45:00,53.79,53.92,53.72,53.79,211,53.79,15.0
2025-09-09 21:00:00,53.79,53.9,53.78,53.82,149,53.82,15.0
2025-09-09 21:15:00,53.86,53.89,53.76,53.81,118,53.81,15.0
2025-09-09 21:30:00,53.81,53.95,53.8,53.87,177,53.87,15.0
2025-09-09 21:45:00,53.87,53.91,53.69,53.87,313,53.87,15.0
2025-09-09 22:00:00,53.88,53.88,53.72,53.77,268,53.77,15.0
2025-09-09 22:15:00,53.77,53.85,53.64,53.68,537,53.68,15.0
2025-09-09 22:30:00,53.69,54.04,53.69,53.98,542,53.98,15.0
2025-09-09 22:45:00,54.0,54.22,53.99,54.21,916,54.21,15.0
2025-09-09 23:00:00,54.2,54.2,54.2,54.2,183,54.2,15.0
2025-09-10 16:30:00,53.72,54.3,53.55,54.21,233,54.21,15.0
2025-09-10 16:45:00,54.21,54.62,54.17,54.21,170,54.21,15.0
2025-09-10 17:00:00,54.22,54.22,53.55,53.7,362,53.7,15.0
2025-09-10 17:15:00,53.69,53.69,53.18,53.23,488,53.23,15.0
2025-09-10 17:30:00,53.24,53.45,53.08,53.38,357,53.38,15.0
2025-09-10 17:45:00,53.39,53.5,53.24,53.43,205,53.43,15.0
2025-09-10 18:00:00,53.43,53.54,53.21,53.31,372,53.31,15.0
2025-09-10 18:15:00,53.31,53.43,53.16,53.36,180,53.36,15.0
2025-09-10 18:30:00,53.36,53.54,53.26,53.48,180,53.48,15.0
2025-09-10 18:45:00,53.43,53.48,53.18,53.24,97,53.24,15.0
2025-09-10 19:00:00,53.27,53.39,52.88,52.99,106,52.99,15.0
2025-09-10 19:15:00,52.99,52.99,52.47,52.48,170,52.48,15.0
2025-09-10 19:30:00,52.51,52.52,52.16,52.38,189,52.38,15.0
2025-09-10 19:45:00,52.35,52.35,51.97,52.1,236,52.1,15.0
2025-09-10 20:00:00,52.05,52.33,51.93,52.14,699,52.14,15.0
2025-09-10 20:15:00,52.18,52.18,51.92,51.95,350,51.95,15.0
2025-09-10 20:30:00,51.98,51.98,51.61,51.73,132,51.73,15.0
2025-09-10 20:45:00,51.71,51.71,51.28,51.43,397,51.43,15.0
2025-09-10 21:00:00,51.43,51.7,51.4,51.42,167,51.42,15.0
2025-09-10 21:15:00,51.41,51.5,51.23,51.31,80,51.31,15.0
2025-09-10 21:30:00,51.31,51.37,51.11,51.17,123,51.17,15.0
2025-09-10 21:45:00,51.15,51.35,51.03,51.29,144,51.29,15.0
2025-09-10 22:00:00,51.31,51.31,50.94,50.98,123,50.98,15.0
2025-09-10 22:15:00,50.99,51.07,50.89,51.02,272,51.02,15.0
2025-09-10 22:30:00,51.01,51.23,51.0,51.08,421,51.08,15.0
2025-09-10 22:45:00,51.07,51.18,50.87,50.96,1914,50.96,15.0
2025-09-10 23:00:00,50.96,50.96,50.96,50.96,197,50.96,15.0
2025-09-11 16:30:00,51.16,52.08,50.99,51.78,99,51.78,15.0
2025-09-11 16:45:00,51.71,52.15,51.3,52.15,127,52.15,15.0
2025-09-11 17:00:00,52.18,52.47,52.06,52.07,134,52.07,15.0
2025-09-11 17:15:00,52.0,52.31,51.95,52.29,142,52.29,15.0
2025-09-11 17:30:00,52.32,52.39,51.94,52.01,156,52.01,15.0
2025-09-11 17:45:00,52.02,52.2,51.99,52.11,174,52.11,15.0
2025-09-11 18:00:00,52.03,52.25,51.99,52.24,105,52.24,15.0
2025-09-11 18:15:00,52.21,52.39,52.18,52.28,112,52.28,15.0
2025-09-11 18:30:00,52.31,52.46,52.24,52.26,103,52.26,15.0
2025-09-11 18:45:00,52.26,52.35,52.22,52.33,66,52.33,15.0
2025-09-11 19:00:00,52.32,52.41,52.3,52.39,97,52.39,15.0
2025-09-11 19:15:00,52.41,52.55,52.41,52.53,95,52.53,15.0
2025-09-11 19:30:00,52.55,52.57,52.31,52.34,103,52.34,15.0
2025-09-11 19:45:00,52.33,52.56,52.33,52.39,177,52.39,15.0
2025-09-11 20:00:00,52.4,52.55,52.34,52.5,117,52.5,15.0
2025-09-11 20:15:00,52.5,52.61,52.47,52.6,57,52.6,15.0
2025-09-11 20:30:00,52.6,52.85,52.56,52.77,161,52.77,15.0
2025-09-11 20:45:00,52.76,52.88,52.62,52.68,119,52.68,15.0
2025-09-11 21:00:00,52.68,53.0,52.68,52.95,228,52.95,15.0
2025-09-11 21:15:00,52.95,53.12,52.95,53.05,346,53.05,15.0
2025-09-11 21:30:00,53.04,53.12,52.89,53.1,274,53.1,15.0
2025-09-11 21:45:00,53.09,53.15,52.97,52.97,183,52.97,15.0
2025-09-11 22:00:00,52.99,52.99,52.85,52.88,138,52.88,15.0
2025-09-11 22:15:00,52.89,53.24,52.89,53.23,215,53.23,15.0
2025-09-11 22:30:00,53.24,53.34,52.99,53.03,326,53.03,15.0
2025-09-11 22:45:00,53.02,53.4,52.98,53.21,871,53.21,15.0
2025-09-11 23:00:00,53.21,53.21,53.21,53.21,150,53.21,15.0
2025-09-12 16:30:00,52.96,52.96,52.08,52.08,87,52.08,15.0
2025-09-12 16:45:00,52.09,52.48,51.99,52.42,111,52.42,15.0
2025-09-12 17:00:00,52.42,52.42,51.86,51.86,147,51.86,15.0
2025-09-12 17:15:00,51.86,51.9,51.51,51.54,129,51.54,15.0
2025-09-12 17:30:00,51.51,51.54,51.22,51.23,100,51.23,15.0
2025-09-12 17:45:00,51.25,51.25,50.99,51.16,136,51.16,15.0
2025-09-12 18:00:00,51.14,51.2,50.97,51.12,185,51.12,15.0
2025-09-12 18:15:00,51.1,51.13,50.87,51.03,224,51.03,15.0
2025-09-12 18:30:00,51.05,51.08,50.76,50.83,182,50.83,15.0
2025-09-12 18:45:00,50.79,51.07,50.78,51.03,203,51.03,15.0
2025-09-12 19:00:00,51.02,51.37,51.0,51.17,169,51.17,15.0
2025-09-12 19:15:00,51.19,51.41,51.18,51.18,234,51.18,15.0
2025-09-12 19:30:00,51.2,51.21,51.03,51.09,138,51.09,15.0
2025-09-12 19:45:00,51.12,51.22,51.05,51.14,120,51.14,15.0
2025-09-12 20:00:00,51.14,51.15,51.01,51.13,135,51.13,15.0
2025-09-12 20:15:00,51.11,51.39,51.11,51.34,138,51.34,15.0
2025-09-12 20:30:00,51.33,51.51,51.3,51.46,102,51.46,15.0
2025-09-12 20:45:00,51.45,51.46,51.19,51.19,101,51.19,15.0
2025-09-12 21:00:00,51.22,51.38,51.21,51.34,71,51.34,15.0
2025-09-12 21:15:00,51.33,51.5,51.33,51.5,61,51.5,15.0
2025-09-12 21:30:00,51.49,51.62,51.49,51.61,110,51.61,15.0
2025-09-12 21:45:00,51.63,51.74,51.52,51.54,150,51.54,15.0
2025-09-12 22:00:00,51.53,51.62,51.46,51.53,166,51.53,15.0
2025-09-12 22:15:00,51.53,51.53,51.43,51.5,217,51.5,15.0
2025-09-12 22:30:00,51.5,51.52,51.27,51.49,408,51.49,15.0
2025-09-12 22:45:00,51.49,51.53,51.15,51.26,1101,51.26,15.0
2025-09-12 23:00:00,51.26,51.26,51.26,51.26,155,51.26,15.0
2025-09-15 16:30:00,51.52,51.85,51.33,51.5,67,51.5,15.0
2025-09-15 16:45:00,51.42,51.82,51.41,51.81,132,51.81,15.0
2025-09-15 17:00:00,51.77,51.77,51.3,51.42,72,51.42,15.0
2025-09-15 17:15:00,51.43,51.65,51.11,51.65,95,51.65,15.0
2025-09-15 17:30:00,51.64,51.81,51.58,51.75,69,51.75,15.0
2025-09-15 17:45:00,51.74,51.8,51.57,51.74,211,51.74,15.0
2025-09-15 18:00:00,51.78,51.87,51.57,51.59,193,51.59,15.0
2025-09-15 18:15:00,51.6,51.6,51.23,51.23,105,51.23,15.0
2025-09-15 18:30:00,51.23,51.45,51.23,51.36,46,51.36,15.0
2025-09-15 18:45:00,51.33,51.38,51.22,51.26,67,51.26,15.0
2025-09-15 19:00:00,51.22,51.27,51.04,51.25,86,51.25,15.0
2025-09-15 19:15:00,51.3,51.36,51.16,51.36,104,51.36,15.0
2025-09-15 19:30:00,51.41,51.48,51.36,51.37,77,51.37,15.0
2025-09-15 19:45:00,51.38,51.5,51.37,51.46,134,51.46,15.0
2025-09-15 20:00:00,51.45,51.57,51.43,51.44,117,51.44,15.0
2025-09-15 20:15:00,51.44,51.48,51.23,51.27,125,51.27,15.0
2025-09-15 20:30:00,51.29,51.46,51.28,51.37,116,51.37,15.0
2025-09-15 20:45:00,51.37,51.43,51.26,51.37,120,51.37,15.0
2025-09-15 21:00:00,51.36,51.44,51.23,51.42,165,51.42,15.0
2025-09-15 21:15:00,51.4,51.44,51.25,51.28,210,51.28,15.0
2025-09-15 21:30:00,51.3,51.45,51.25,51.45,184,51.45,15.0
2025-09-15 21:45:00,51.43,51.52,51.3,51.4,260,51.4,15.0
2025-09-15 22:00:00,51.4,51.44,51.24,51.26,285,51.26,15.0
2025-09-15 22:15:00,51.27,51.4,51.25,51.26,281,51.26,15.0
2025-09-15 22:30:00,51.26,51.49,51.23,51.46,472,51.46,15.0
2025-09-15 22:45:00,51.47,51.72,51.44,51.65,978,51.65,15.0
2025-09-15 23:00:00,51.62,51.62,51.62,51.62,205,51.62,15.0
2025-09-16 16:30:00,51.52,52.2,51.35,51.68,349,51.68,15.0
2025-09-16 16:45:00,51.76,51.76,50.99,51.3,658,51.3,15.0
2025-09-16 17:00:00,51.27,51.27,51.02,51.1,209,51.1,15.0
2025-09-16 17:15:00,51.07,51.38,51.0,51.36,597,51.36,15.0
2025-09-16 17:30:00,51.36,51.37,51.07,51.24,529,51.24,15.0
2025-09-16 17:45:00,51.24,51.3,51.11,51.21,435,51.21,15.0
2025-09-16 18:00:00,51.21,51.54,51.19,51.43,759,51.43,15.0
2025-09-16 18:15:00,51.44,51.44,51.2,51.2,389,51.2,15.0
2025-09-16 18:30:00,51.21,51.32,51.12,51.31,302,51.31,15.0
2025-09-16 18:45:00,51.3,51.4,51.24,51.4,552,51.4,15.0
2025-09-16 19:00:00,51.4,51.47,51.29,51.29,472,51.29,15.0
2025-09-16 19:15:00,51.32,51.36,51.24,51.26,189,51.26,15.0
2025-09-16 19:30:00,51.29,51.3,51.23,51.3,141,51.3,15.0
2025-09-16 19:45:00,51.3,51.52,51.27,51.44,429,51.44,15.0
2025-09-16 20:00:00,51.43,51.43,51.15,51.3,197,51.3,15.0
2025-09-16 20:15:00,51.31,51.36,51.24,51.27,193,51.27,15.0
2025-09-16 20:30:00,51.28,51.35,51.27,51.3,221,51.3,15.0
2025-09-16 20:45:00,51.32,51.43,51.3,51.39,348,51.39,15.0
2025-09-16 21:00:00,51.38,51.4,51.29,51.35,199,51.35,15.0
2025-09-16 21:15:00,51.34,51.35,51.24,51.3,172,51.3,15.0
2025-09-16 21:30:00,51.3,51.43,51.26,51.37,323,51.37,15.0
2025-09-16 21:45:00,51.37,51.46,51.37,51.41,525,51.41,15.0
2025-09-16 22:00:00,51.41,51.88,51.4,51.86,437,51.86,15.0
2025-09-16 22:15:00,51.83,51.83,51.56,51.65,223,51.65,15.0
2025-09-16 22:30:00,51.63,51.63,51.32,51.49,231,51.49,15.0
2025-09-16 22:45:00,51.49,51.81,51.49,51.78,1446,51.78,15.0
2025-09-16 23:00:00,51.78,51.78,51.78,51.78,245,51.78,15.0
2025-09-17 16:30:00,51.84,52.94,51.84,52.71,146,52.71,15.0
2025-09-17 16:45:00,52.54,52.91,52.44,52.8,105,52.8,15.0
2025-09-17 17:00:00,52.82,52.85,52.39,52.43,165,52.43,15.0
2025-09-17 17:15:00,52.46,52.6,52.37,52.58,79,52.58,15.0
2025-09-17 17:30:00,52.6,52.73,52.48,52.73,151,52.73,15.0
2025-09-17 17:45:00,52.74,52.8,52.6,52.77,93,52.77,15.0
2025-09-17 18:00:00,52.79,52.83,52.66,52.66,156,52.66,15.0
2025-09-17 18:15:00,52.69,52.88,52.64,52.8,69,52.8,15.0
2025-09-17 18:30:00,52.8,52.82,52.59,52.62,68,52.62,15.0
2025-09-17 18:45:00,52.61,52.73,52.46,52.7,84,52.7,15.0
2025-09-17 19:00:00,52.69,52.7,52.47,52.47,119,52.47,15.0
2025-09-17 19:15:00,52.47,52.5,52.23,52.28,78,52.28,15.0
2025-09-17 19:30:00,52.26,52.31,52.12,52.25,85,52.25,15.0
2025-09-17 19:45:00,52.26,52.29,52.16,52.24,53,52.24,15.0
2025-09-17 20:00:00,52.24,52.35,52.08,52.15,171,52.15,15.0
2025-09-17 20:15:00,52.13,52.14,51.97,52.11,77,52.11,15.0
2025-09-17 20:30:00,52.14,52.25,52.06,52.17,150,52.17,15.0
2025-09-17 20:45:00,52.15,52.32,52.12,52.32,52,52.32,15.0
2025-09-17 21:00:00,52.36,53.75,52.36,53.12,268,53.12,15.0
2025-09-17 21:15:00,53.03,53.03,52.61,52.98,99,52.98,15.0
2025-09-17 21:30:00,52.87,52.88,51.92,51.92,142,51.92,15.0
2025-09-17 21:45:00,51.93,52.02,51.16,51.66,107,51.66,15.0
2025-09-17 22:00:00,51.68,51.82,51.27,51.36,177,51.36,15.0
2025-09-17 22:15:00,51.41,51.7,51.39,51.5,206,51.5,15.0
2025-09-17 22:30:00,51.48,51.6,51.28,51.56,210,51.56,15.0
2025-09-17 22:45:00,51.56,51.78,51.1,51.52,1365,51.52,15.0
2025-09-17 23:00:00,51.52,51.52,51.52,51.52,221,51.52,15.0
2025-09-18 16:30:00,52.03,52.42,51.8,52.06,197,52.06,15.0
2025-09-18 16:45:00,51.99,52.28,51.97,52.05,20,52.05,15.0
2025-09-18 17:00:00,51.98,52.66,51.91,52.65,76,52.65,15.0
2025-09-18 17:15:00,52.54,52.74,52.46,52.74,52,52.74,15.0
2025-09-18 17:30:00,52.8,52.91,52.69,52.83,123,52.83,15.0
2025-09-18 17:45:00,52.86,52.96,52.7,52.83,175,52.83,15.0
2025-09-18 18:00:00,52.86,53.11,52.85,53.11,161,53.11,15.0
2025-09-18 18:15:00,53.1,53.22,52.89,52.9,200,52.9,15.0
2025-09-18 18:30:00,52.9,52.99,52.79,52.98,77,52.98,15.0
2025-09-18 18:45:00,52.99,52.99,52.67,52.68,74,52.68,15.0
2025-09-18 19:00:00,52.72,52.79,52.63,52.78,46,52.78,15.0
2025-09-18 19:15:00,52.79,52.91,52.76,52.87,57,52.87,15.0
2025-09-18 19:30:00,52.91,53.1,52.9,53.09,54,53.09,15.0
2025-09-18 19:45:00,53.08,53.1,52.89,52.89,125,52.89,15.0
2025-09-18 20:00:00,52.86,52.95,52.68,52.74,72,52.74,15.0
2025-09-18 20:15:00,52.74,52.86,52.71,52.86,65,52.86,15.0
2025-09-18 20:30:00,52.84,52.9,52.77,52.85,85,52.85,15.0
2025-09-18 20:45:00,52.85,52.88,52.73,52.73,93,52.73,15.0
2025-09-18 21:00:00,52.73,52.81,52.65,52.76,83,52.76,15.0
2025-09-18 21:15:00,52.79,52.81,52.68,52.71,69,52.71,15.0
2025-09-18 21:30:00,52.7,52.83,52.7,52.7,177,52.7,15.0
2025-09-18 21:45:00,52.71,52.92,52.69,52.89,257,52.89,15.0
2025-09-18 22:00:00,52.88,52.99,52.8,52.8,103,52.8,15.0
2025-09-18 22:15:00,52.8,52.83,52.63,52.77,128,52.77,15.0
2025-09-18 22:30:00,52.76,53.04,52.75,53.01,378,53.01,15.0
2025-09-18 22:45:00,53.0,53.26,52.9,52.99,933,52.99,15.0
2025-09-18 23:00:00,52.99,52.99,52.99,52.99,207,52.99,15.0
2025-09-19 16:30:00,53.24,53.4,52.71,52.85,113,52.85,15.0
2025-09-19 16:45:00,52.88,53.05,52.7,52.7,100,52.7,15.0
2025-09-19 17:00:00,52.53,52.53,52.29,52.51,97,52.51,15.0
2025-09-19 17:15:00,52.58,52.85,52.42,52.46,199,52.46,15.0
2025-09-19 17:30:00,52.46,52.51,52.32,52.37,125,52.37,15.0
2025-09-19 17:45:00,52.42,52.44,52.18,52.23,146,52.23,15.0
2025-09-19 18:00:00,52.18,52.32,52.17,52.24,104,52.24,15.0
2025-09-19 18:15:00,52.23,52.29,51.96,51.96,90,51.96,15.0
2025-09-19 18:30:00,51.96,52.17,51.96,52.1,119,52.1,15.0
2025-09-19 18:45:00,52.09,52.29,52.02,52.29,73,52.29,15.0
2025-09-19 19:00:00,52.26,52.47,52.23,52.47,81,52.47,15.0
2025-09-19 19:15:00,52.46,52.56,52.4,52.41,85,52.41,15.0
2025-09-19 19:30:00,52.39,52.45,52.32,52.33,63,52.33,15.0
2025-09-19 19:45:00,52.29,52.36,52.28,52.36,70,52.36,15.0
2025-09-19 20:00:00,52.37,52.54,52.33,52.5,91,52.5,15.0
2025-09-19 20:15:00,52.51,52.6,52.45,52.49,71,52.49,15.0
2025-09-19 20:30:00,52.47,52.7,52.44,52.44,188,52.44,15.0
2025-09-19 20:45:00,52.44,52.46,52.34,52.46,64,52.46,15.0
2025-09-19 21:00:00,52.46,52.5,52.31,52.42,113,52.42,15.0
2025-09-19 21:15:00,52.44,52.62,52.39,52.56,154,52.56,15.0
2025-09-19 21:30:00,52.56,52.78,52.47,52.73,269,52.73,15.0
2025-09-19 21:45:00,52.72,52.9,52.72,52.85,326,52.85,15.0
2025-09-19 22:00:00,52.85,53.2,52.83,53.12,331,53.12,15.0
2025-09-19 22:15:00,53.13,53.3,53.11,53.23,514,53.23,15.0
2025-09-19 22:30:00,53.22,53.3,53.1,53.2,541,53.2,15.0
2025-09-19 22:45:00,53.2,53.29,52.73,53.15,2102,53.15,15.0
2025-09-19 23:00:00,53.15,53.15,53.15,53.15,328,53.15,15.0
2025-09-22 16:45:00,53.62,53.96,53.61,53.96,62,53.96,15.0
2025-09-22 17:00:00,53.94,54.0,53.03,53.09,226,53.09,15.0
2025-09-22 17:15:00,53.1,53.21,52.99,53.12,216,53.12,15.0
2025-09-22 17:30:00,53.12,53.2,53.05,53.13,108,53.13,15.0
2025-09-22 17:45:00,53.12,53.16,52.87,53.16,137,53.16,15.0
2025-09-22 18:00:00,53.2,53.27,53.02,53.17,143,53.17,15.0
2025-09-22 18:15:00,53.14,53.26,52.92,52.95,233,52.95,15.0
2025-09-22 18:30:00,52.97,53.1,52.97,53.04,77,53.04,15.0
2025-09-22 18:45:00,52.99,53.08,52.82,52.83,63,52.83,15.0
2025-09-22 19:00:00,52.81,52.83,52.57,52.71,97,52.71,15.0
2025-09-22 19:15:00,52.7,52.79,52.59,52.61,161,52.61,15.0
2025-09-22 19:30:00,52.61,52.72,52.52,52.65,154,52.65,15.0
2025-09-22 19:45:00,52.66,52.84,52.56,52.67,126,52.67,15.0
2025-09-22 20:00:00,52.67,52.81,52.5,52.55,209,52.55,15.0
2025-09-22 20:15:00,52.58,52.68,52.54,52.64,77,52.64,15.0
2025-09-22 20:30:00,52.64,52.93,52.64,52.93,152,52.93,15.0
2025-09-22 20:45:00,52.94,52.97,52.85,52.95,104,52.95,15.0
2025-09-22 21:00:00,52.98,52.98,52.83,52.9,144,52.9,15.0
2025-09-22 21:15:00,52.88,52.97,52.74,52.88,116,52.88,15.0
2025-09-22 21:30:00,52.87,53.05,52.85,52.88,143,52.88,15.0
2025-09-22 21:45:00,52.89,52.91,52.73,52.9,117,52.9,15.0
2025-09-22 22:00:00,52.91,52.95,52.68,52.94,211,52.94,15.0
2025-09-22 22:15:00,52.97,53.15,52.82,53.09,486,53.09,15.0
2025-09-22 22:30:00,53.06,53.16,53.0,53.05,581,53.05,15.0
2025-09-22 22:45:00,53.06,53.35,52.98,53.05,1122,53.05,15.0
2025-09-22 23:00:00,53.04,53.04,53.04,53.04,181,53.04,15.0
2025-09-23 16:30:00,53.06,53.53,53.06,53.37,53,53.37,15.0
2025-09-23 16:45:00,53.47,53.91,53.47,53.91,52,53.91,15.0
2025-09-23 17:00:00,53.9,54.29,53.75,54.14,128,54.14,15.0
2025-09-23 17:15:00,54.12,54.26,53.99,54.26,184,54.26,15.0
2025-09-23 17:30:00,54.26,54.36,53.99,54.36,74,54.36,15.0
2025-09-23 17:45:00,54.39,54.57,54.32,54.36,104,54.36,15.0
2025-09-23 18:00:00,54.33,54.34,53.97,54.09,77,54.09,15.0
2025-09-23 18:15:00,54.11,54.18,54.07,54.13,135,54.13,15.0
2025-09-23 18:30:00,54.13,54.38,54.13,54.21,80,54.21,15.0
2025-09-23 18:45:00,54.24,54.24,54.07,54.08,60,54.08,15.0
2025-09-23 19:00:00,54.14,54.32,54.07,54.15,128,54.15,15.0
2025-09-23 19:15:00,54.13,54.27,54.07,54.17,171,54.17,15.0
2025-09-23 19:30:00,54.15,54.22,54.0,54.07,312,54.07,15.0
2025-09-23 19:45:00,54.07,54.07,53.87,53.88,220,53.88,15.0
2025-09-23 20:00:00,53.88,53.93,53.75,53.91,77,53.91,15.0
2025-09-23 20:15:00,53.91,53.91,53.69,53.69,88,53.69,15.0
2025-09-23 20:30:00,53.69,53.81,53.66,53.66,88,53.66,15.0
2025-09-23 20:45:00,53.62,53.67,53.46,53.46,150,53.46,15.0
2025-09-23 21:00:00,53.45,53.51,53.37,53.39,97,53.39,15.0
2025-09-23 21:15:00,53.37,53.54,53.31,53.48,96,53.48,15.0
2025-09-23 21:30:00,53.43,53.51,53.28,53.32,66,53.32,15.0
2025-09-23 21:45:00,53.3,53.39,53.03,53.04,89,53.04,15.0
2025-09-23 22:00:00,53.03,53.12,52.74,52.83,135,52.83,15.0
2025-09-23 22:15:00,52.83,53.15,52.83,53.01,226,53.01,15.0
2025-09-23 22:30:00,53.02,53.16,52.86,52.96,350,52.96,15.0
2025-09-23 22:45:00,52.94,53.17,52.78,52.93,1482,52.93,15.0
2025-09-23 23:00:00,52.92,52.92,52.92,52.92,260,52.92,15.0
2025-09-24 16:30:00,52.92,53.07,52.25,52.37,196,52.37,15.0
2025-09-24 16:45:00,52.35,52.41,52.0,52.17,284,52.17,15.0
2025-09-24 17:00:00,52.16,52.19,51.69,51.84,166,51.84,15.0
2025-09-24 17:15:00,51.87,51.87,51.5,51.55,113,51.55,15.0
2025-09-24 17:30:00,51.54,51.67,51.4,51.57,133,51.57,15.0
2025-09-24 17:45:00,51.57,51.59,51.23,51.32,105,51.32,15.0
2025-09-24 18:00:00,51.32,51.33,50.88,51.24,156,51.24,15.0
2025-09-24 18:15:00,51.24,51.5,51.19,51.38,113,51.38,15.0
2025-09-24 18:30:00,51.36,51.39,51.05,51.28,154,51.28,15.0
2025-09-24 18:45:00,51.29,51.33,51.15,51.24,135,51.24,15.0
2025-09-24 19:00:00,51.11,51.24,51.1,51.19,107,51.19,15.0
2025-09-24 19:15:00,51.18,51.36,51.06,51.34,142,51.34,15.0
2025-09-24 19:30:00,51.34,51.52,51.32,51.47,77,51.47,15.0
2025-09-24 19:45:00,51.47,51.47,51.32,51.36,145,51.36,15.0
2025-09-24 20:00:00,51.32,51.5,51.18,51.45,104,51.45,15.0
2025-09-24 20:15:00,51.42,51.52,51.38,51.38,73,51.38,15.0
2025-09-24 20:30:00,51.38,51.44,51.26,51.31,89,51.31,15.0
2025-09-24 20:45:00,51.31,51.31,51.15,51.19,55,51.19,15.0
2025-09-24 21:00:00,51.19,51.2,51.02,51.14,135,51.14,15.0
2025-09-24 21:15:00,51.17,51.26,51.1,51.17,85,51.17,15.0
2025-09-24 21:30:00,51.15,51.17,51.1,51.14,59,51.14,15.0
2025-09-24 21:45:00,51.14,51.23,51.07,51.08,140,51.08,15.0
2025-09-24 22:00:00,51.05,51.18,50.94,51.17,238,51.17,15.0
2025-09-24 22:15:00,51.19,51.31,51.13,51.25,183,51.25,15.0
2025-09-24 22:30:00,51.24,51.46,51.2,51.39,263,51.39,15.0
2025-09-24 22:45:00,51.38,51.38,51.08,51.26,936,51.26,15.0
2025-09-24 23:00:00,51.22,51.22,51.22,51.22,252,51.22,15.0
2025-09-25 16:30:00,50.78,51.38,50.75,51.11,269,51.11,15.0
2025-09-25 16:45:00,51.06,51.26,50.9,51.12,208,51.12,15.0
2025-09-25 17:00:00,51.16,51.19,50.95,51.06,95,51.06,15.0
2025-09-25 17:15:00,51.07,51.09,50.84,50.98,277,50.98,15.0
2025-09-25 17:30:00,50.98,51.0,50.56,50.56,145,50.56,15.0
2025-09-25 17:45:00,50.58,50.58,50.16,50.25,142,50.25,15.0
2025-09-25 18:00:00,50.24,50.59,50.24,50.58,228,50.58,15.0
2025-09-25 18:15:00,50.61,50.81,50.48,50.52,388,50.52,15.0
2025-09-25 18:30:00,50.56,50.61,50.39,50.56,233,50.56,15.0
2025-09-25 18:45:00,50.56,50.6,50.4,50.51,226,50.51,15.0
2025-09-25 19:00:00,50.51,50.58,50.48,50.55,106,50.55,15.0
2025-09-25 19:15:00,50.54,50.55,50.34,50.35,192,50.35,15.0
2025-09-25 19:30:00,50.36,50.52,50.27,50.3,61,50.3,15.0
2025-09-25 19:45:00,50.31,50.42,50.21,50.26,267,50.26,15.0
2025-09-25 20:00:00,50.26,50.43,50.26,50.4,98,50.4,15.0
2025-09-25 20:15:00,50.31,50.38,50.25,50.25,80,50.25,15.0
2025-09-25 20:30:00,50.25,50.33,50.24,50.28,77,50.28,15.0
2025-09-25 20:45:00,50.26,50.38,50.24,50.3,208,50.3,15.0
2025-09-25 21:00:00,50.29,50.32,50.13,50.29,333,50.29,15.0
2025-09-25 21:15:00,50.3,50.46,50.3,50.44,90,50.44,15.0
2025-09-25 21:30:00,50.47,50.53,50.41,50.53,157,50.53,15.0
2025-09-25 21:45:00,50.53,50.55,50.43,50.44,87,50.44,15.0
2025-09-25 22:00:00,50.46,50.46,50.31,50.39,182,50.39,15.0
2025-09-25 22:15:00,50.4,50.42,50.24,50.34,198,50.34,15.0
2025-09-25 22:30:00,50.36,50.4,50.27,50.4,134,50.4,15.0
2025-09-25 22:45:00,50.4,50.55,50.36,50.48,582,50.48,15.0
2025-09-25 23:00:00,50.48,50.48,50.48,50.48,141,50.48,15.0
2025-09-26 16:30:00,50.56,51.52,50.52,51.45,167,51.45,15.0
2025-09-26 16:45:00,51.5,51.62,51.13,51.62,66,51.62,15.0
2025-09-26 17:00:00,51.65,51.65,51.27,51.27,155,51.27,15.0
2025-09-26 17:15:00,51.23,51.63,51.23,51.63,97,51.63,15.0
2025-09-26 17:30:00,51.59,51.72,51.52,51.54,62,51.54,15.0
2025-09-26 17:45:00,51.58,51.6,51.41,51.52,68,51.52,15.0
2025-09-26 18:00:00,51.53,51.62,51.42,51.42,64,51.42,15.0
2025-09-26 18:15:00,51.42,51.67,51.36,51.64,85,51.64,15.0
2025-09-26 18:30:00,51.7,51.78,51.57,51.77,74,51.77,15.0
2025-09-26 18:45:00,51.78,51.78,51.6,51.64,96,51.64,15.0
2025-09-26 19:00:00,51.65,51.66,51.42,51.5,88,51.5,15.0
2025-09-26 19:15:00,51.54,51.64,51.47,51.59,57,51.59,15.0
2025-09-26 19:30:00,51.62,51.72,51.52,51.66,79,51.66,15.0
2025-09-26 19:45:00,51.67,51.67,51.59,51.65,84,51.65,15.0
2025-09-26 20:00:00,51.66,51.67,51.46,51.64,142,51.64,15.0
2025-09-26 20:15:00,51.66,51.83,51.66,51.82,275,51.82,15.0
2025-09-26 20:30:00,51.8,51.83,51.63,51.83,272,51.83,15.0
2025-09-26 20:45:00,51.84,51.88,51.78,51.85,107,51.85,15.0
2025-09-26 21:00:00,51.87,51.92,51.76,51.82,145,51.82,15.0
2025-09-26 21:15:00,51.82,51.91,51.82,51.83,74,51.83,15.0
2025-09-26 21:30:00,51.85,51.92,51.84,51.88,62,51.88,15.0
2025-09-26 21:45:00,51.85,51.96,51.81,51.95,88,51.95,15.0
2025-09-26 22:00:00,51.96,52.08,51.93,52.0,198,52.0,15.0
2025-09-26 22:15:00,52.0,52.05,51.92,51.93,314,51.93,15.0
2025-09-26 22:30:00,51.94,51.96,51.73,51.73,364,51.73,15.0
2025-09-26 22:45:00,51.74,51.9,51.74,51.86,862,51.86,15.0
2025-09-26 23:00:00,51.85,51.85,51.85,51.85,108,51.85,15.0
2025-09-29 16:30:00,52.11,52.11,51.32,51.62,346,51.62,15.0
2025-09-29 16:45:00,51.62,51.91,51.58,51.76,502,51.76,15.0
2025-09-29 17:00:00,51.76,51.87,51.35,51.55,652,51.55,15.0
2025-09-29 17:15:00,51.54,51.8,51.49,51.49,461,51.49,15.0
2025-09-29 17:30:00,51.48,51.7,51.37,51.66,424,51.66,15.0
2025-09-29 17:45:00,51.66,51.75,51.59,51.75,152,51.75,15.0
2025-09-29 18:00:00,51.76,51.91,51.75,51.9,136,51.9,15.0
2025-09-29 18:15:00,51.91,52.11,51.84,52.0,201,52.0,15.0
2025-09-29 18:30:00,52.0,52.05,51.9,51.97,359,51.97,15.0
2025-09-29 18:45:00,51.98,52.01,51.69,51.7,144,51.7,15.0
2025-09-29 19:00:00,51.69,51.82,51.63,51.8,201,51.8,15.0
2025-09-29 19:15:00,51.78,51.95,51.78,51.89,103,51.89,15.0
2025-09-29 19:30:00,51.89,51.92,51.76,51.83,102,51.83,15.0
2025-09-29 19:45:00,51.84,52.0,51.82,52.0,100,52.0,15.0
2025-09-29 20:00:00,51.99,52.07,51.95,52.02,117,52.02,15.0
2025-09-29 20:15:00,51.98,51.98,51.76,51.89,180,51.89,15.0
2025-09-29 20:30:00,51.89,51.98,51.8,51.98,127,51.98,15.0
2025-09-29 20:45:00,51.98,52.1,51.98,52.1,177,52.1,15.0
2025-09-29 21:00:00,52.1,52.19,52.08,52.13,168,52.13,15.0
2025-09-29 21:15:00,52.13,52.4,52.13,52.38,166,52.38,15.0
2025-09-29 21:30:00,52.39,52.4,52.06,52.06,99,52.06,15.0
2025-09-29 21:45:00,52.07,52.14,52.01,52.06,149,52.06,15.0
2025-09-29 22:00:00,52.08,52.16,52.0,52.07,304,52.07,15.0
2025-09-29 22:15:00,52.07,52.17,52.03,52.16,225,52.16,15.0
2025-09-29 22:30:00,52.16,52.42,52.13,52.42,457,52.42,15.0
2025-09-29 22:45:00,52.44,52.46,52.15,52.24,1103,52.24,15.0
2025-09-29 23:00:00,52.23,52.23,52.23,52.23,180,52.23,15.0
2025-09-30 16:30:00,52.23,52.74,51.74,52.4,97,52.4,15.0
2025-09-30 16:45:00,52.28,52.87,52.28,52.79,133,52.79,15.0
2025-09-30 17:00:00,52.9,53.05,52.37,52.41,242,52.41,15.0
2025-09-30 17:15:00,52.48,52.61,52.22,52.29,155,52.29,15.0
2025-09-30 17:30:00,52.29,52.45,51.97,52.23,228,52.23,15.0
2025-09-30 17:45:00,52.29,52.3,52.05,52.24,87,52.24,15.0
2025-09-30 18:00:00,52.22,52.34,52.21,52.27,164,52.27,15.0
2025-09-30 18:15:00,52.25,52.51,52.22,52.51,240,52.51,15.0
2025-09-30 18:30:00,52.51,52.64,52.39,52.49,102,52.49,15.0
2025-09-30 18:45:00,52.53,52.55,52.46,52.47,192,52.47,15.0
2025-09-30 19:00:00,52.5,52.56,52.39,52.52,323,52.52,15.0
2025-09-30 19:15:00,52.51,52.72,52.5,52.65,363,52.65,15.0
2025-09-30 19:30:00,52.66,53.64,52.66,53.48,267,53.48,15.0
2025-09-30 19:45:00,53.37,53.72,53.24,53.72,229,53.72,15.0
2025-09-30 20:00:00,53.7,54.52,53.7,54.32,949,54.32,15.0
2025-09-30 20:15:00,54.26,54.26,53.59,53.93,309,53.93,15.0
2025-09-30 20:30:00,53.94,54.16,53.93,54.12,207,54.12,15.0
2025-09-30 20:45:00,54.14,54.34,54.1,54.29,222,54.29,15.0
2025-09-30 21:00:00,54.28,54.8,54.28,54.65,323,54.65,15.0
2025-09-30 21:15:00,54.67,54.8,54.54,54.66,363,54.66,15.0
2025-09-30 21:30:00,54.66,54.87,54.62,54.71,280,54.71,15.0
2025-09-30 21:45:00,54.72,54.84,54.63,54.81,230,54.81,15.0
2025-09-30 22:00:00,54.81,55.1,54.81,54.97,253,54.97,15.0
2025-09-30 22:15:00,54.99,55.1,54.89,55.09,376,55.09,15.0
2025-09-30 22:30:00,55.08,55.42,55.05,55.33,560,55.33,15.0
2025-09-30 22:45:00,55.32,55.73,55.11,55.64,1724,55.64,15.0
2025-09-30 23:00:00,55.63,55.63,55.63,55.63,148,55.63,15.0
2025-10-01 16:30:00,55.57,57.3,54.64,57.03,387,57.03,15.0
2025-10-01 16:45:00,57.02,57.55,56.74,57.28,323,57.28,15.0
2025-10-01 17:00:00,57.21,57.91,57.14,57.28,422,57.28,15.0
2025-10-01 17:15:00,57.23,57.64,57.09,57.22,427,57.22,15.0
2025-10-01 17:30:00,57.23,57.71,57.16,57.56,240,57.56,15.0
2025-10-01 17:45:00,57.54,57.94,57.28,57.92,177,57.92,15.0
2025-10-01 18:00:00,57.91,58.06,57.82,58.05,263,58.05,15.0
2025-10-01 18:15:00,58.09,58.09,57.72,57.79,485,57.79,15.0
2025-10-01 18:30:00,57.79,57.93,57.53,57.92,163,57.92,15.0
2025-10-01 18:45:00,57.92,58.0,57.75,57.79,180,57.79,15.0
2025-10-01 19:00:00,57.79,58.42,57.79,58.4,185,58.4,15.0
2025-10-01 19:15:00,58.39,58.46,58.17,58.18,431,58.18,15.0
2025-10-01 19:30:00,58.18,58.27,58.02,58.24,230,58.24,15.0
2025-10-01 19:45:00,58.23,58.25,58.06,58.11,399,58.11,15.0
2025-10-01 20:00:00,58.16,58.51,58.11,58.51,204,58.51,15.0
2025-10-01 20:15:00,58.54,58.73,58.51,58.59,217,58.59,15.0
2025-10-01 20:30:00,58.54,58.61,58.48,58.54,141,58.54,15.0
2025-10-01 20:45:00,58.54,58.58,58.33,58.53,125,58.53,15.0
2025-10-01 21:00:00,58.56,58.7,58.51,58.65,118,58.65,15.0
2025-10-01 21:15:00,58.72,59.29,58.72,59.12,305,59.12,15.0
2025-10-01 21:30:00,59.12,59.45,59.04,59.34,222,59.34,15.0
2025-10-01 21:45:00,59.28,59.62,59.28,59.48,338,59.48,15.0
2025-10-01 22:00:00,59.5,59.81,59.49,59.69,402,59.69,15.0
2025-10-01 22:15:00,59.69,59.89,59.57,59.86,304,59.86,15.0
2025-10-01 22:30:00,59.84,60.17,59.77,60.01,632,60.01,15.0
2025-10-01 22:45:00,60.0,60.14,59.89,59.91,1893,59.91,15.0
2025-10-01 23:00:00,59.92,59.92,59.92,59.92,124,59.92,15.0
2025-10-02 16:30:00,60.13,61.07,59.76,60.3,357,60.3,15.0
2025-10-02 16:45:00,60.33,60.99,60.27,60.73,203,60.73,15.0
2025-10-02 17:00:00,60.66,60.81,59.84,60.0,789,60.0,15.0
2025-10-02 17:15:00,60.04,60.29,59.68,60.05,774,60.05,15.0
2025-10-02 17:30:00,60.06,60.25,59.73,60.0,1015,60.0,15.0
2025-10-02 17:45:00,59.98,60.07,59.56,59.68,1380,59.68,15.0
2025-10-02 18:00:00,59.68,60.0,59.6,59.85,579,59.85,15.0
2025-10-02 18:15:00,59.84,60.15,59.84,60.0,263,60.0,15.0
2025-10-02 18:30:00,60.03,60.21,60.02,60.15,278,60.15,15.0
2025-10-02 18:45:00,60.17,60.36,60.09,60.29,348,60.29,15.0
2025-10-02 19:00:00,60.3,60.51,60.25,60.45,298,60.45,15.0
2025-10-02 19:15:00,60.46,60.73,60.44,60.72,483,60.72,15.0
2025-10-02 19:30:00,60.72,61.04,60.71,61.0,558,61.0,15.0
2025-10-02 19:45:00,61.0,61.46,61.0,61.46,822,61.46,15.0
2025-10-02 20:00:00,61.46,61.53,61.07,61.12,965,61.12,15.0
2025-10-02 20:15:00,61.11,61.35,61.01,61.25,624,61.25,15.0
2025-10-02 20:30:00,61.24,61.64,61.21,61.51,537,61.51,15.0
2025-10-02 20:45:00,61.5,62.06,61.5,62.06,660,62.06,15.0
2025-10-02 21:00:00,62.06,62.39,61.92,62.35,993,62.35,15.0
2025-10-02 21:15:00,62.34,62.5,62.24,62.32,753,62.32,15.0
2025-10-02 21:30:00,62.33,62.63,62.3,62.63,587,62.63,15.0
2025-10-02 21:45:00,62.65,62.81,62.33,62.43,873,62.43,15.0
2025-10-02 22:00:00,62.43,62.53,61.77,61.85,752,61.85,15.0
2025-10-02 22:15:00,61.85,62.16,61.72,62.09,631,62.09,15.0
2025-10-02 22:30:00,62.1,62.1,61.63,61.64,830,61.64,15.0
2025-10-02 22:45:00,61.66,62.17,61.65,62.11,3090,62.11,15.0
2025-10-02 23:00:00,62.09,62.09,62.09,62.09,289,62.09,15.0
2025-10-03 16:30:00,62.42,63.5,61.87,63.49,431,63.49,15.0
2025-10-03 16:45:00,63.5,63.87,63.05,63.15,303,63.15,15.0
2025-10-03 17:00:00,63.15,63.39,62.76,63.35,334,63.35,15.0
2025-10-03 17:15:00,63.37,63.47,63.16,63.18,319,63.18,15.0
2025-10-03 17:30:00,63.19,63.66,62.95,63.6,312,63.6,15.0
2025-10-03 17:45:00,63.62,63.62,63.17,63.41,697,63.41,15.0
2025-10-03 18:00:00,63.37,63.42,62.97,63.0,344,63.0,15.0
2025-10-03 18:15:00,63.0,63.08,62.86,63.0,396,63.0,15.0
2025-10-03 18:30:00,63.04,63.55,63.01,63.55,260,63.55,15.0
2025-10-03 18:45:00,63.55,63.74,63.46,63.65,180,63.65,15.0
2025-10-03 19:00:00,63.66,63.66,63.41,63.59,149,63.59,15.0
2025-10-03 19:15:00,63.59,63.67,63.4,63.44,199,63.44,15.0
2025-10-03 19:30:00,63.46,63.67,63.44,63.6,231,63.6,15.0
2025-10-03 19:45:00,63.6,63.7,63.47,63.55,218,63.55,15.0
2025-10-03 20:00:00,63.53,63.55,63.2,63.25,272,63.25,15.0
2025-10-03 20:15:00,63.25,63.47,63.22,63.28,139,63.28,15.0
2025-10-03 20:30:00,63.28,63.33,62.97,63.03,257,63.03,15.0
2025-10-03 20:45:00,63.01,63.05,62.55,62.63,250,62.63,15.0
2025-10-03 21:00:00,62.65,62.81,62.56,62.7,198,62.7,15.0
2025-10-03 21:15:00,62.73,63.06,62.72,63.03,138,63.03,15.0
2025-10-03 21:30:00,63.03,63.06,62.91,63.0,229,63.0,15.0
2025-10-03 21:45:00,63.0,63.16,62.99,63.16,268,63.16,15.0
2025-10-03 22:00:00,63.16,63.19,63.04,63.16,172,63.16,15.0
2025-10-03 22:15:00,63.17,63.21,63.02,63.07,204,63.07,15.0
2025-10-03 22:30:00,63.08,63.29,62.98,63.01,568,63.01,15.0
2025-10-03 22:45:00,63.01,63.12,62.79,62.96,1629,62.96,15.0
2025-10-03 23:00:00,62.94,62.95,62.94,62.95,170,62.95,15.0
2025-10-06 16:30:00,62.95,62.99,62.5,62.99,117,62.99,15.0
2025-10-06 16:45:00,63.03,63.1,62.34,62.36,225,62.36,15.0
2025-10-06 17:00:00,62.4,62.44,61.55,62.25,394,62.25,15.0
2025-10-06 17:15:00,62.27,62.27,61.79,62.08,251,62.08,15.0
2025-10-06 17:30:00,62.08,62.52,61.91,61.99,189,61.99,15.0
2025-10-06 17:45:00,61.94,62.11,61.88,61.99,133,61.99,15.0
2025-10-06 18:00:00,62.02,62.1,61.8,62.04,160,62.04,15.0
2025-10-06 18:15:00,62.09,62.8,62.08,62.73,271,62.73,15.0
2025-10-06 18:30:00,62.74,62.89,62.65,62.75,180,62.75,15.0
2025-10-06 18:45:00,62.74,62.76,62.44,62.47,226,62.47,15.0
2025-10-06 19:00:00,62.46,62.48,62.24,62.34,118,62.34,15.0
2025-10-06 19:15:00,62.35,62.39,62.24,62.27,128,62.27,15.0
2025-10-06 19:30:00,62.31,62.34,62.14,62.15,116,62.15,15.0
2025-10-06 19:45:00,62.14,62.25,62.07,62.12,142,62.12,15.0
2025-10-06 20:00:00,62.04,62.19,61.94,62.09,120,62.09,15.0
2025-10-06 20:15:00,62.1,62.18,61.83,61.93,173,61.93,15.0
2025-10-06 20:30:00,61.89,62.07,61.78,62.0,185,62.0,15.0
2025-10-06 20:45:00,61.99,62.11,61.92,62.03,81,62.03,15.0
2025-10-06 21:00:00,62.0,62.15,61.99,62.04,103,62.04,15.0
2025-10-06 21:15:00,62.05,62.07,61.71,61.84,122,61.84,15.0
2025-10-06 21:30:00,61.84,61.89,61.74,61.74,188,61.74,15.0
2025-10-06 21:45:00,61.74,61.95,61.71,61.79,183,61.79,15.0
2025-10-06 22:00:00,61.78,61.81,61.5,61.51,190,61.51,15.0
2025-10-06 22:15:00,61.52,61.96,61.52,61.93,205,61.93,15.0
2025-10-06 22:30:00,61.91,61.94,61.74,61.82,171,61.82,15.0
2025-10-06 22:45:00,61.81,62.0,61.72,61.92,1040,61.92,15.0
2025-10-06 23:00:00,61.92,61.92,61.92,61.92,126,61.92,15.0
2025-10-07 16:30:00,62.09,63.13,61.97,63.0,169,63.0,15.0
2025-10-07 16:45:00,63.12,63.23,62.1,62.67,146,62.67,15.0
2025-10-07 17:00:00,62.56,62.57,61.47,61.55,193,61.55,15.0
2025-10-07 17:15:00,61.57,61.64,60.7,60.75,218,60.75,15.0
2025-10-07 17:30:00,60.74,61.11,60.35,60.79,242,60.79,15.0
2025-10-07 17:45:00,60.79,60.9,60.44,60.6,185,60.6,15.0
2025-10-07 18:00:00,60.62,60.71,60.37,60.48,232,60.48,15.0
2025-10-07 18:15:00,60.46,60.57,60.35,60.42,138,60.42,15.0
2025-10-07 18:30:00,60.44,60.48,60.07,60.18,130,60.18,15.0
2025-10-07 18:45:00,60.18,60.36,60.03,60.18,188,60.18,15.0
2025-10-07 19:00:00,60.15,60.35,60.14,60.21,113,60.21,15.0
2025-10-07 19:15:00,60.17,60.17,59.87,59.96,175,59.96,15.0
2025-10-07 19:30:00,59.96,60.09,59.83,59.91,202,59.91,15.0
2025-10-07 19:45:00,59.93,60.0,59.83,59.87,217,59.87,15.0
2025-10-07 20:00:00,59.87,59.96,59.6,59.6,507,59.6,15.0
2025-10-07 20:15:00,59.63,59.73,59.58,59.62,184,59.62,15.0
2025-10-07 20:30:00,59.6,59.7,59.54,59.69,174,59.69,15.0
2025-10-07 20:45:00,59.7,59.77,59.5,59.52,196,59.52,15.0
2025-10-07 21:00:00,59.52,59.62,59.39,59.49,206,59.49,15.0
2025-10-07 21:15:00,59.48,59.57,59.34,59.47,187,59.47,15.0
2025-10-07 21:30:00,59.49,59.61,59.42,59.46,157,59.46,15.0
2025-10-07 21:45:00,59.46,59.67,59.42,59.58,253,59.58,15.0
2025-10-07 22:00:00,59.6,59.6,59.23,59.35,260,59.35,15.0
2025-10-07 22:15:00,59.34,59.41,59.13,59.19,254,59.19,15.0
2025-10-07 22:30:00,59.19,59.2,58.99,59.0,328,59.0,15.0
2025-10-07 22:45:00,59.01,59.27,58.99,59.18,1417,59.18,15.0
2025-10-07 23:00:00,59.19,59.19,59.19,59.19,133,59.19,15.0
2025-10-08 16:30:00,59.17,59.71,58.89,59.69,79,59.69,15.0
2025-10-08 16:45:00,59.74,60.78,59.71,60.68,136,60.68,15.0
2025-10-08 17:00:00,60.62,60.92,60.09,60.38,248,60.38,15.0
2025-10-08 17:15:00,60.3,60.63,60.2,60.5,125,60.5,15.0
2025-10-08 17:30:00,60.52,60.68,60.41,60.68,133,60.68,15.0
2025-10-08 17:45:00,60.71,60.86,60.62,60.7,110,60.7,15.0
2025-10-08 18:00:00,60.74,60.74,60.44,60.48,124,60.48,15.0
2025-10-08 18:15:00,60.49,60.56,60.37,60.43,96,60.43,15.0
2025-10-08 18:30:00,60.43,60.49,60.29,60.45,93,60.45,15.0
2025-10-08 18:45:00,60.45,60.59,60.23,60.31,171,60.31,15.0
2025-10-08 19:00:00,60.37,60.58,60.23,60.49,200,60.49,15.0
2025-10-08 19:15:00,60.5,60.65,60.42,60.49,165,60.49,15.0
2025-10-08 19:30:00,60.5,60.55,60.3,60.3,109,60.3,15.0
2025-10-08 19:45:00,60.32,60.41,60.3,60.34,101,60.34,15.0
2025-10-08 20:00:00,60.31,60.54,60.21,60.46,73,60.46,15.0
2025-10-08 20:15:00,60.48,60.8,60.48,60.76,93,60.76,15.0
2025-10-08 20:30:00,60.73,60.79,60.59,60.72,141,60.72,15.0
2025-10-08 20:45:00,60.67,60.7,60.51,60.61,270,60.61,15.0
2025-10-08 21:00:00,60.61,60.77,60.55,60.73,212,60.73,15.0
2025-10-08 21:15:00,60.73,61.05,60.7,60.93,145,60.93,15.0
2025-10-08 21:30:00,60.97,61.01,60.88,60.95,138,60.95,15.0
2025-10-08 21:45:00,60.95,60.95,60.61,60.61,109,60.61,15.0
2025-10-08 22:00:00,60.6,60.6,60.32,60.36,152,60.36,15.0
2025-10-08 22:15:00,60.36,60.6,60.35,60.57,257,60.57,15.0
2025-10-08 22:30:00,60.54,60.59,60.34,60.4,294,60.4,15.0
2025-10-08 22:45:00,60.4,60.61,60.4,60.57,780,60.57,15.0
2025-10-08 23:00:00,60.56,60.56,60.56,60.56,127,60.56,15.0
2025-10-09 16:30:00,60.56,60.88,60.0,60.73,89,60.73,15.0
2025-10-09 16:45:00,60.71,60.97,60.4,60.4,117,60.4,15.0
2025-10-09 17:00:00,60.34,60.54,60.01,60.19,211,60.19,15.0
2025-10-09 17:15:00,60.2,60.36,59.62,59.81,194,59.81,15.0
2025-10-09 17:30:00,59.79,60.07,59.74,60.07,83,60.07,15.0
2025-10-09 17:45:00,60.07,60.37,59.9,60.32,237,60.32,15.0
2025-10-09 18:00:00,60.27,60.37,60.07,60.13,138,60.13,15.0
2025-10-09 18:15:00,60.16,60.3,59.9,60.06,205,60.06,15.0
2025-10-09 18:30:00,60.05,60.14,59.98,60.1,154,60.1,15.0
2025-10-09 18:45:00,60.1,60.52,60.07,60.49,140,60.49,15.0
2025-10-09 19:00:00,60.46,60.7,60.41,60.48,96,60.48,15.0
2025-10-09 19:15:00,60.48,60.51,60.35,60.37,72,60.37,15.0
2025-10-09 19:30:00,60.35,60.39,60.17,60.25,91,60.25,15.0
2025-10-09 19:45:00,60.25,60.25,60.0,60.06,98,60.06,15.0
2025-10-09 20:00:00,60.06,60.24,60.01,60.1,98,60.1,15.0
2025-10-09 20:15:00,60.1,60.19,60.01,60.06,74,60.06,15.0
2025-10-09 20:30:00,60.1,60.28,60.09,60.14,68,60.14,15.0
2025-10-09 20:45:00,60.17,60.24,60.12,60.16,72,60.16,15.0
2025-10-09 21:00:00,60.15,60.16,59.77,59.8,96,59.8,15.0
2025-10-09 21:15:00,59.77,59.94,59.74,59.94,108,59.94,15.0
2025-10-09 21:30:00,59.95,59.98,59.86,59.86,83,59.86,15.0
2025-10-09 21:45:00,59.86,60.0,59.72,59.78,150,59.78,15.0
2025-10-09 22:00:00,59.79,60.11,59.72,60.08,216,60.08,15.0
2025-10-09 22:15:00,60.06,60.08,59.88,59.91,199,59.91,15.0
2025-10-09 22:30:00,59.9,59.9,59.66,59.88,246,59.88,15.0
2025-10-09 22:45:00,59.89,60.07,59.84,59.88,880,59.88,15.0
2025-10-09 23:00:00,59.9,59.9,59.9,59.9,123,59.9,15.0
2025-10-10 16:30:00,59.95,60.07,59.46,59.93,50,59.93,15.0
2025-10-10 16:45:00,59.93,59.93,59.3,59.42,49,59.42,15.0
2025-10-10 17:00:00,59.36,59.39,59.02,59.12,77,59.12,15.0
2025-10-10 17:15:00,59.11,59.61,59.01,59.39,100,59.39,15.0
2025-10-10 17:30:00,59.41,59.41,59.22,59.37,87,59.37,15.0
2025-10-10 17:45:00,59.39,59.7,58.74,58.88,90,58.88,15.0
2025-10-10 18:00:00,58.77,58.83,58.29,58.75,183,58.75,15.0
2025-10-10 18:15:00,58.65,58.65,58.09,58.25,142,58.25,15.0
2025-10-10 18:30:00,58.2,58.41,57.85,58.41,169,58.41,15.0
2025-10-10 18:45:00,58.41,58.54,58.09,58.2,224,58.2,15.0
2025-10-10 19:00:00,58.14,58.17,57.86,58.15,180,58.15,15.0
2025-10-10 19:15:00,58.16,58.32,58.1,58.3,173,58.3,15.0
2025-10-10 19:30:00,58.27,58.83,58.25,58.77,542,58.77,15.0
2025-10-10 19:45:00,58.77,58.89,58.22,58.22,192,58.22,15.0
2025-10-10 20:00:00,58.28,58.47,58.16,58.35,204,58.35,15.0
2025-10-10 20:15:00,58.34,58.53,58.29,58.51,83,58.51,15.0
2025-10-10 20:30:00,58.53,58.81,58.48,58.68,82,58.68,15.0
2025-10-10 20:45:00,58.67,58.76,58.49,58.75,104,58.75,15.0
2025-10-10 21:00:00,58.75,58.81,58.66,58.76,202,58.76,15.0
2025-10-10 21:15:00,58.75,59.05,58.75,59.04,141,59.04,15.0
2025-10-10 21:30:00,59.06,59.06,58.78,58.78,306,58.78,15.0
2025-10-10 21:45:00,58.79,58.87,58.49,58.49,194,58.49,15.0
2025-10-10 22:00:00,58.52,58.59,58.24,58.33,107,58.33,15.0
2025-10-10 22:15:00,58.31,58.43,58.21,58.28,148,58.28,15.0
2025-10-10 22:30:00,58.3,58.53,58.28,58.52,219,58.52,15.0
2025-10-10 22:45:00,58.53,58.72,58.49,58.65,854,58.65,15.0
2025-10-10 23:00:00,58.66,58.66,58.66,58.66,121,58.66,15.0
2025-10-13 16:30:00,59.35,59.71,58.23,58.78,143,58.78,15.0
2025-10-13 16:45:00,58.75,59.46,58.64,59.44,155,59.44,15.0
2025-10-13 17:00:00,59.37,59.64,59.06,59.56,186,59.56,15.0
2025-10-13 17:15:00,59.68,59.88,59.05,59.08,167,59.08,15.0
2025-10-13 17:30:00,59.1,59.56,59.0,59.55,105,59.55,15.0
2025-10-13 17:45:00,59.52,59.68,59.42,59.49,202,59.49,15.0
2025-10-13 18:00:00,59.53,59.63,59.21,59.63,65,59.63,15.0
2025-10-13 18:15:00,59.61,59.71,59.46,59.49,148,59.49,15.0
2025-10-13 18:30:00,59.5,59.63,59.3,59.41,86,59.41,15.0
2025-10-13 18:45:00,59.42,59.55,59.34,59.4,62,59.4,15.0
2025-10-13 19:00:00,59.36,59.41,59.16,59.24,78,59.24,15.0
2025-10-13 19:15:00,59.21,59.34,59.15,59.24,90,59.24,15.0
2025-10-13 19:30:00,59.25,59.5,59.18,59.38,136,59.38,15.0
2025-10-13 19:45:00,59.38,59.4,59.24,59.38,82,59.38,15.0
2025-10-13 20:00:00,59.36,59.72,59.36,59.36,226,59.36,15.0
2025-10-13 20:15:00,59.38,59.43,59.28,59.36,104,59.36,15.0
2025-10-13 20:30:00,59.39,59.48,59.25,59.28,114,59.28,15.0
2025-10-13 20:45:00,59.3,59.48,59.24,59.41,126,59.41,15.0
2025-10-13 21:00:00,59.42,59.48,59.39,59.4,91,59.4,15.0
2025-10-13 21:15:00,59.4,59.65,59.4,59.62,138,59.62,15.0
2025-10-13 21:30:00,59.62,59.76,59.47,59.47,115,59.47,15.0
2025-10-13 21:45:00,59.28,59.31,59.09,59.24,156,59.24,15.0
2025-10-13 22:00:00,59.29,59.35,59.12,59.13,130,59.13,15.0
2025-10-13 22:15:00,59.12,59.55,59.11,59.46,205,59.46,15.0
2025-10-13 22:30:00,59.45,59.45,59.24,59.41,242,59.41,15.0
2025-10-13 22:45:00,59.43,59.71,59.43,59.66,998,59.66,15.0
2025-10-13 23:00:00,59.65,59.65,59.65,59.65,151,59.65,15.0
2025-10-14 16:30:00,58.73,59.45,58.57,59.36,161,59.36,15.0
2025-10-14 16:45:00,59.24,59.56,58.91,59.52,94,59.52,15.0
2025-10-14 17:00:00,59.46,59.56,58.75,58.79,148,58.79,15.0
2025-10-14 17:15:00,58.85,58.95,58.52,58.52,96,58.52,15.0
2025-10-14 17:30:00,58.53,58.53,58.15,58.43,192,58.43,15.0
2025-10-14 17:45:00,58.43,58.67,58.43,58.65,85,58.65,15.0
2025-10-14 18:00:00,58.63,58.93,58.63,58.73,110,58.73,15.0
2025-10-14 18:15:00,58.76,58.77,58.43,58.47,72,58.47,15.0
2025-10-14 18:30:00,58.44,58.73,58.34,58.73,180,58.73,15.0
2025-10-14 18:45:00,58.74,59.19,58.74,59.01,101,59.01,15.0
2025-10-14 19:00:00,59.03,59.32,59.03,59.03,340,59.03,15.0
2025-10-14 19:15:00,59.04,59.04,58.85,58.93,64,58.93,15.0
2025-10-14 19:30:00,58.89,59.1,58.84,58.98,91,58.98,15.0
2025-10-14 19:45:00,59.03,59.27,59.01,59.2,69,59.2,15.0
2025-10-14 20:00:00,59.15,59.24,59.15,59.22,51,59.22,15.0
2025-10-14 20:15:00,59.22,59.4,59.18,59.34,109,59.34,15.0
2025-10-14 20:30:00,59.37,59.74,59.37,59.73,152,59.73,15.0
2025-10-14 20:45:00,59.76,59.79,59.67,59.71,114,59.71,15.0
2025-10-14 21:00:00,59.7,59.77,59.56,59.63,181,59.63,15.0
2025-10-14 21:15:00,59.59,59.63,59.54,59.56,79,59.56,15.0
2025-10-14 21:30:00,59.56,59.7,59.56,59.7,107,59.7,15.0
2025-10-14 21:45:00,59.7,59.7,59.49,59.6,157,59.6,15.0
2025-10-14 22:00:00,59.63,59.92,59.63,59.92,194,59.92,15.0
2025-10-14 22:15:00,59.92,60.07,59.83,59.85,242,59.85,15.0
2025-10-14 22:30:00,59.85,59.87,59.15,59.38,394,59.38,15.0
2025-10-14 22:45:00,59.39,59.49,59.19,59.28,987,59.28,15.0
2025-10-14 23:00:00,59.27,59.27,59.27,59.27,126,59.27,15.0
2025-10-15 16:30:00,59.98,60.32,58.78,60.3,400,60.3,15.0
2025-10-15 16:45:00,60.49,60.52,59.64,60.03,29,60.03,15.0
2025-10-15 17:00:00,60.08,60.58,60.08,60.16,72,60.16,15.0
2025-10-15 17:15:00,60.18,60.19,59.75,59.81,84,59.81,15.0
2025-10-15 17:30:00,59.85,59.92,59.5,59.5,60,59.5,15.0
2025-10-15 17:45:00,59.6,59.67,59.48,59.62,44,59.62,15.0
2025-10-15 18:00:00,59.62,59.66,59.44,59.66,38,59.66,15.0
2025-10-15 18:15:00,59.68,59.73,59.5,59.73,30,59.73,15.0
2025-10-15 18:30:00,59.68,59.69,59.16,59.21,139,59.21,15.0
2025-10-15 18:45:00,59.22,59.37,59.09,59.35,79,59.35,15.0
2025-10-15 19:00:00,59.36,59.54,59.36,59.51,70,59.51,15.0
2025-10-15 19:15:00,59.51,59.81,59.51,59.71,47,59.71,15.0
2025-10-15 19:30:00,59.68,59.71,59.57,59.59,57,59.59,15.0
2025-10-15 19:45:00,59.6,59.6,59.33,59.43,163,59.43,15.0
2025-10-15 20:00:00,59.44,59.44,59.03,59.03,87,59.03,15.0
2025-10-15 20:15:00,58.86,59.3,58.79,59.2,132,59.2,15.0
2025-10-15 20:30:00,59.22,59.55,59.22,59.5,106,59.5,15.0
2025-10-15 20:45:00,59.56,59.74,59.51,59.74,45,59.74,15.0
2025-10-15 21:00:00,59.74,59.79,59.63,59.65,94,59.65,15.0
2025-10-15 21:15:00,59.7,59.77,59.65,59.75,82,59.75,15.0
2025-10-15 21:30:00,59.71,59.74,59.65,59.73,46,59.73,15.0
2025-10-15 21:45:00,59.74,59.77,59.62,59.76,47,59.76,15.0
2025-10-15 22:00:00,59.78,59.78,59.47,59.68,84,59.68,15.0
2025-10-15 22:15:00,59.68,59.79,59.63,59.73,120,59.73,15.0
2025-10-15 22:30:00,59.75,59.78,59.5,59.59,123,59.59,15.0
2025-10-15 22:45:00,59.6,59.71,59.47,59.58,673,59.58,15.0
2025-10-15 23:00:00,59.58,59.58,59.58,59.58,155,59.58,15.0
2025-10-16 16:30:00,59.62,60.52,59.61,60.37,159,60.37,15.0
2025-10-16 16:45:00,60.53,61.63,60.37,61.55,411,61.55,15.0
2025-10-16 17:00:00,61.58,61.99,61.09,61.75,373,61.75,15.0
2025-10-16 17:15:00,61.75,62.37,61.69,62.11,353,62.11,15.0
2025-10-16 17:30:00,62.14,62.22,61.62,61.86,217,61.86,15.0
2025-10-16 17:45:00,61.81,61.9,61.45,61.55,175,61.55,15.0
2025-10-16 18:00:00,61.59,62.19,61.59,62.19,121,62.19,15.0
2025-10-16 18:15:00,62.17,62.31,62.03,62.16,243,62.16,15.0
2025-10-16 18:30:00,62.16,62.16,61.6,61.77,168,61.77,15.0
2025-10-16 18:45:00,61.78,61.82,61.63,61.67,115,61.67,15.0
2025-10-16 19:00:00,61.72,62.04,61.65,61.98,178,61.98,15.0
2025-10-16 19:15:00,62.0,62.16,61.79,61.96,402,61.96,15.0
2025-10-16 19:30:00,61.95,61.96,61.66,61.83,387,61.83,15.0
2025-10-16 19:45:00,61.78,62.06,61.54,62.06,222,62.06,15.0
2025-10-16 20:00:00,62.06,62.13,61.89,61.99,121,61.99,15.0
2025-10-16 20:15:00,62.04,62.36,62.03,62.18,94,62.18,15.0
2025-10-16 20:30:00,62.18,62.26,61.87,61.88,71,61.88,15.0
2025-10-16 20:45:00,61.88,61.89,61.58,61.76,107,61.76,15.0
2025-10-16 21:00:00,61.76,61.76,61.48,61.54,117,61.54,15.0
2025-10-16 21:15:00,61.55,61.55,61.31,61.5,123,61.5,15.0
2025-10-16 21:30:00,61.44,61.51,61.16,61.45,94,61.45,15.0
2025-10-16 21:45:00,61.54,61.67,61.51,61.58,79,61.58,15.0
2025-10-16 22:00:00,61.55,61.62,61.47,61.52,96,61.52,15.0
2025-10-16 22:15:00,61.48,61.49,61.31,61.42,143,61.42,15.0
2025-10-16 22:30:00,61.39,61.5,61.35,61.43,197,61.43,15.0
2025-10-16 22:45:00,61.48,61.64,61.37,61.61,829,61.61,15.0
2025-10-16 23:00:00,61.6,61.6,61.6,61.6,203,61.6,15.0
2025-10-17 16:30:00,61.33,62.39,61.17,62.26,180,62.26,15.0
2025-10-17 16:45:00,62.22,62.28,61.77,61.77,140,61.77,15.0
2025-10-17 17:00:00,61.77,62.0,61.5,61.99,151,61.99,15.0
2025-10-17 17:15:00,62.07,62.21,61.62,61.67,171,61.67,15.0
2025-10-17 17:30:00,61.69,61.69,61.35,61.54,105,61.54,15.0
2025-10-17 17:45:00,61.51,61.82,61.47,61.61,83,61.61,15.0
2025-10-17 18:00:00,61.63,61.93,61.51,61.51,79,61.51,15.0
2025-10-17 18:15:00,61.51,61.76,61.51,61.76,69,61.76,15.0
2025-10-17 18:30:00,61.77,62.01,61.58,61.95,93,61.95,15.0
2025-10-17 18:45:00,61.88,61.98,61.82,61.84,49,61.84,15.0
2025-10-17 19:00:00,61.8,61.93,61.7,61.7,81,61.7,15.0
2025-10-17 19:15:00,61.76,61.85,61.67,61.76,99,61.76,15.0
2025-10-17 19:30:00,61.77,61.83,61.64,61.74,207,61.74,15.0
2025-10-17 19:45:00,61.71,61.86,61.48,61.65,209,61.65,15.0
2025-10-17 20:00:00,61.67,61.83,61.67,61.73,145,61.73,15.0
2025-10-17 20:15:00,61.73,61.86,61.67,61.81,167,61.81,15.0
2025-10-17 20:30:00,61.82,62.15,61.82,61.96,149,61.96,15.0
2025-10-17 20:45:00,61.94,62.03,61.88,61.92,111,61.92,15.0
2025-10-17 21:00:00,61.96,62.09,61.89,61.95,152,61.95,15.0
2025-10-17 21:15:00,61.93,62.15,61.91,62.15,87,62.15,15.0
2025-10-17 21:30:00,62.13,62.2,61.96,62.15,208,62.15,15.0
2025-10-17 21:45:00,62.15,62.23,62.14,62.14,110,62.14,15.0
2025-10-17 22:00:00,62.15,62.21,62.05,62.17,137,62.17,15.0
2025-10-17 22:15:00,62.17,62.17,61.97,62.0,197,62.0,15.0
2025-10-17 22:30:00,62.0,62.0,61.75,61.91,243,61.91,15.0
2025-10-17 22:45:00,61.93,61.99,61.7,61.87,721,61.87,15.0
2025-10-17 23:00:00,61.86,61.86,61.86,61.86,122,61.86,15.0
2025-10-20 16:30:00,62.5,63.15,62.05,63.04,128,63.04,15.0
2025-10-20 16:45:00,63.19,63.53,62.47,62.57,156,62.57,15.0
2025-10-20 17:00:00,62.57,62.9,62.56,62.77,236,62.77,15.0
2025-10-20 17:15:00,62.74,62.74,62.2,62.48,165,62.48,15.0
2025-10-20 17:30:00,62.53,63.09,62.48,63.09,227,63.09,15.0
2025-10-20 17:45:00,63.13,63.27,63.01,63.22,71,63.22,15.0
2025-10-20 18:00:00,63.19,63.34,62.94,62.97,65,62.97,15.0
2025-10-20 18:15:00,62.93,63.11,62.93,62.97,136,62.97,15.0
2025-10-20 18:30:00,63.01,63.05,62.82,63.01,77,63.01,15.0
2025-10-20 18:45:00,63.04,63.06,62.82,62.82,147,62.82,15.0
2025-10-20 19:00:00,62.9,62.9,62.67,62.75,127,62.75,15.0
2025-10-20 19:15:00,62.7,62.74,62.63,62.72,54,62.72,15.0
2025-10-20 19:30:00,62.78,62.86,62.72,62.83,118,62.83,15.0
2025-10-20 19:45:00,62.83,62.87,62.74,62.87,78,62.87,15.0
2025-10-20 20:00:00,62.88,63.01,62.85,62.91,75,62.91,15.0
2025-10-20 20:15:00,62.91,62.99,62.83,62.83,91,62.83,15.0
2025-10-20 20:30:00,62.83,62.86,62.67,62.74,60,62.74,15.0
2025-10-20 20:45:00,62.75,62.77,62.61,62.68,62,62.68,15.0
2025-10-20 21:00:00,62.68,62.76,62.61,62.67,145,62.67,15.0
2025-10-20 21:15:00,62.64,62.64,62.51,62.55,61,62.55,15.0
2025-10-20 21:30:00,62.56,62.67,62.55,62.58,83,62.58,15.0
2025-10-20 21:45:00,62.59,62.62,62.41,62.52,103,62.52,15.0
2025-10-20 22:00:00,62.5,62.71,62.49,62.63,147,62.63,15.0
2025-10-20 22:15:00,62.62,62.62,62.46,62.56,128,62.56,15.0
2025-10-20 22:30:00,62.56,62.67,62.52,62.63,215,62.63,15.0
2025-10-20 22:45:00,62.62,62.73,62.5,62.53,638,62.53,15.0
2025-10-20 23:00:00,62.54,62.54,62.54,62.54,128,62.54,15.0
2025-10-21 16:30:00,63.38,64.94,62.63,63.19,275,63.19,15.0
2025-10-21 16:45:00,63.18,63.69,63.18,63.5,109,63.5,15.0
2025-10-21 17:00:00,63.42,63.43,63.09,63.23,106,63.23,15.0
2025-10-21 17:15:00,63.37,64.0,63.37,63.87,223,63.87,15.0
2025-10-21 17:30:00,63.86,64.07,63.77,63.94,100,63.94,15.0
2025-10-21 17:45:00,63.88,64.25,63.77,64.21,207,64.21,15.0
2025-10-21 18:00:00,64.19,64.33,64.0,64.27,119,64.27,15.0
2025-10-21 18:15:00,64.22,64.22,63.87,63.96,57,63.96,15.0
2025-10-21 18:30:00,63.96,64.03,63.87,63.88,106,63.88,15.0
2025-10-21 18:45:00,63.88,64.13,63.85,64.04,277,64.04,15.0
2025-10-21 19:00:00,64.04,64.11,63.97,63.97,115,63.97,15.0
2025-10-21 19:15:00,64.01,64.19,63.96,64.18,113,64.18,15.0
2025-10-21 19:30:00,64.14,64.37,64.14,64.29,154,64.29,15.0
2025-10-21 19:45:00,64.34,64.34,63.95,64.14,132,64.14,15.0
2025-10-21 20:00:00,64.11,64.16,63.86,64.11,128,64.11,15.0
2025-10-21 20:15:00,64.11,64.22,64.04,64.1,190,64.1,15.0
2025-10-21 20:30:00,64.12,64.25,64.1,64.25,157,64.25,15.0
2025-10-21 20:45:00,64.2,64.28,64.08,64.08,98,64.08,15.0
2025-10-21 21:00:00,64.05,64.05,63.79,63.8,83,63.8,15.0
2025-10-21 21:15:00,63.77,63.78,63.67,63.73,128,63.73,15.0
2025-10-21 21:30:00,63.77,63.86,63.72,63.72,210,63.72,15.0
2025-10-21 21:45:00,63.72,63.75,63.53,63.6,175,63.6,15.0
2025-10-21 22:00:00,63.63,63.89,63.63,63.87,180,63.87,15.0
2025-10-21 22:15:00,63.87,63.92,63.77,63.86,386,63.86,15.0
2025-10-21 22:30:00,63.85,63.9,63.74,63.79,273,63.79,15.0
2025-10-21 22:45:00,63.8,63.83,63.44,63.46,899,63.46,15.0
2025-10-21 23:00:00,63.46,63.46,63.46,63.46,160,63.46,15.0
2025-10-22 16:30:00,63.36,64.79,62.9,64.55,243,64.55,15.0
2025-10-22 16:45:00,64.53,64.6,63.28,63.6,243,63.6,15.0
2025-10-22 17:00:00,63.5,63.83,63.32,63.36,90,63.36,15.0
2025-10-22 17:15:00,63.39,63.67,63.39,63.59,54,63.59,15.0
2025-10-22 17:30:00,63.59,63.67,63.46,63.49,140,63.49,15.0
2025-10-22 17:45:00,63.46,63.88,63.46,63.81,136,63.81,15.0
2025-10-22 18:00:00,63.76,63.92,63.36,63.49,82,63.49,15.0
2025-10-22 18:15:00,63.49,63.8,63.47,63.75,119,63.75,15.0
2025-10-22 18:30:00,63.78,63.83,63.67,63.83,57,63.83,15.0
2025-10-22 18:45:00,63.68,63.74,63.65,63.69,67,63.69,15.0
2025-10-22 19:00:00,63.68,63.68,63.55,63.63,72,63.63,15.0
2025-10-22 19:15:00,63.59,63.63,63.5,63.61,80,63.61,15.0
2025-10-22 19:30:00,63.66,63.8,63.11,63.71,133,63.71,15.0
2025-10-22 19:45:00,63.8,63.84,63.59,63.66,98,63.66,15.0
2025-10-22 20:00:00,63.63,63.75,63.59,63.72,95,63.72,15.0
2025-10-22 20:15:00,63.72,63.79,63.54,63.58,212,63.58,15.0
2025-10-22 20:30:00,63.58,63.72,63.35,63.38,101,63.38,15.0
2025-10-22 20:45:00,63.42,63.66,63.42,63.6,93,63.6,15.0
2025-10-22 21:00:00,63.67,63.72,63.52,63.59,99,63.59,15.0
2025-10-22 21:15:00,63.59,63.75,63.52,63.66,145,63.66,15.0
2025-10-22 21:30:00,63.65,63.66,63.49,63.59,184,63.59,15.0
2025-10-22 21:45:00,63.6,63.69,63.55,63.68,166,63.68,15.0
2025-10-22 22:00:00,63.68,63.79,63.51,63.74,261,63.74,15.0
2025-10-22 22:15:00,63.77,63.93,63.69,63.9,247,63.9,15.0
2025-10-22 22:30:00,63.9,64.09,63.84,63.92,247,63.92,15.0
2025-10-22 22:45:00,63.92,64.06,63.67,63.79,1020,63.79,15.0
2025-10-22 23:00:00,63.79,63.79,63.79,63.79,176,63.79,15.0
2025-10-23 16:30:00,63.8,65.36,63.28,65.2,225,65.2,15.0
2025-10-23 16:45:00,65.08,65.4,64.85,65.07,328,65.07,15.0
2025-10-23 17:00:00,65.08,65.17,64.6,64.6,251,64.6,15.0
2025-10-23 17:15:00,64.57,64.92,64.41,64.84,292,64.84,15.0
2025-10-23 17:30:00,64.85,64.92,64.64,64.86,215,64.86,15.0
2025-10-23 17:45:00,64.85,64.9,64.62,64.64,126,64.64,15.0
2025-10-23 18:00:00,64.67,64.67,64.48,64.61,145,64.61,15.0
2025-10-23 18:15:00,64.61,65.12,64.51,65.12,239,65.12,15.0
2025-10-23 18:30:00,65.1,65.93,65.09,65.88,314,65.88,15.0
2025-10-23 18:45:00,65.87,66.14,65.83,66.04,448,66.04,15.0
2025-10-23 19:00:00,66.02,66.18,65.88,66.09,293,66.09,15.0
2025-10-23 19:15:00,66.12,66.29,66.05,66.13,284,66.13,15.0
2025-10-23 19:30:00,66.14,66.28,66.01,66.22,202,66.22,15.0
2025-10-23 19:45:00,66.24,66.31,66.06,66.25,156,66.25,15.0
2025-10-23 20:00:00,66.24,66.33,66.02,66.09,190,66.09,15.0
2025-10-23 20:15:00,66.09,66.2,65.97,66.12,188,66.12,15.0
2025-10-23 20:30:00,66.12,66.29,66.09,66.14,172,66.14,15.0
2025-10-23 20:45:00,66.15,66.19,65.94,66.01,175,66.01,15.0
2025-10-23 21:00:00,66.05,66.22,65.96,66.0,129,66.0,15.0
2025-10-23 21:15:00,66.02,66.12,65.89,66.08,205,66.08,15.0
2025-10-23 21:30:00,66.07,66.19,66.01,66.15,106,66.15,15.0
2025-10-23 22:00:00,66.12,66.25,66.08,66.19,82,66.19,15.0
2025-10-23 22:15:00,66.2,66.33,66.13,66.32,226,66.32,15.0
2025-10-23 22:30:00,66.33,66.4,65.98,66.0,371,66.0,15.0
2025-10-23 22:45:00,66.0,66.35,65.99,66.05,1058,66.05,15.0
2025-10-23 23:00:00,66.06,66.06,66.06,66.06,85,66.06,15.0
2025-10-24 16:30:00,66.3,66.96,65.83,66.62,118,66.62,15.0
2025-10-24 16:45:00,66.61,66.66,66.12,66.24,160,66.24,15.0
2025-10-24 17:00:00,66.33,66.94,66.24,66.73,159,66.73,15.0
2025-10-24 17:15:00,66.7,66.75,66.54,66.63,114,66.63,15.0
2025-10-24 17:30:00,66.54,66.84,66.51,66.64,151,66.64,15.0
2025-10-24 17:45:00,66.65,66.67,66.45,66.54,115,66.54,15.0
2025-10-24 18:00:00,66.54,66.75,66.49,66.63,106,66.63,15.0
2025-10-24 18:15:00,66.66,66.67,66.52,66.6,173,66.6,15.0
2025-10-24 18:30:00,66.58,66.71,66.55,66.62,164,66.62,15.0
2025-10-24 18:45:00,66.61,66.71,66.48,66.54,148,66.54,15.0
2025-10-24 19:00:00,66.53,66.66,66.47,66.56,93,66.56,15.0
2025-10-24 19:15:00,66.56,66.56,66.24,66.24,114,66.24,15.0
2025-10-24 19:30:00,66.24,66.33,66.22,66.25,174,66.25,15.0
2025-10-24 19:45:00,66.26,66.45,66.26,66.43,119,66.43,15.0
2025-10-24 20:00:00,66.43,66.62,66.4,66.62,99,66.62,15.0
2025-10-24 20:15:00,66.61,66.64,66.52,66.52,81,66.52,15.0
2025-10-24 20:30:00,66.54,66.62,66.37,66.42,90,66.42,15.0
2025-10-24 20:45:00,66.41,66.64,66.38,66.43,134,66.43,15.0
2025-10-24 21:00:00,66.43,66.65,66.43,66.63,143,66.63,15.0
2025-10-24 21:15:00,66.61,66.61,66.3,66.31,139,66.31,15.0
2025-10-24 21:30:00,66.32,66.38,66.27,66.32,186,66.32,15.0
2025-10-24 21:45:00,66.32,66.32,66.03,66.05,241,66.05,15.0
2025-10-24 22:00:00,66.07,66.32,66.07,66.1,164,66.1,15.0
2025-10-24 22:15:00,66.1,66.15,65.99,66.01,396,66.01,15.0
2025-10-24 22:30:00,66.02,66.09,65.93,65.98,336,65.98,15.0
2025-10-24 22:45:00,65.97,66.13,65.81,65.91,1274,65.91,15.0
2025-10-24 23:00:00,65.9,65.9,65.9,65.9,184,65.9,15.0
2025-10-27 15:30:00,65.79,65.8,65.02,65.2,320,65.2,15.0
2025-10-27 15:45:00,65.21,65.82,64.91,65.14,190,65.14,15.0
2025-10-27 16:00:00,65.13,65.46,65.03,65.45,135,65.45,15.0
2025-10-27 16:15:00,65.51,65.69,65.38,65.47,125,65.47,15.0
2025-10-27 16:30:00,65.47,65.55,65.22,65.4,126,65.4,15.0
2025-10-27 16:45:00,65.39,65.48,64.97,64.98,132,64.98,15.0
2025-10-27 17:00:00,65.04,65.31,64.74,65.31,147,65.31,15.0
2025-10-27 17:15:00,65.29,65.45,64.96,65.36,105,65.36,15.0
2025-10-27 17:30:00,65.43,65.46,65.06,65.11,132,65.11,15.0
2025-10-27 17:45:00,65.1,65.17,64.95,65.11,71,65.11,15.0
2025-10-27 18:00:00,65.15,65.18,64.96,65.04,83,65.04,15.0
2025-10-27 18:15:00,65.04,65.11,64.81,64.83,139,64.83,15.0
2025-10-27 18:30:00,64.82,64.92,64.6,64.67,85,64.67,15.0
2025-10-27 18:45:00,64.64,64.65,64.49,64.65,82,64.65,15.0
2025-10-27 19:00:00,64.64,64.68,64.4,64.43,79,64.43,15.0
2025-10-27 19:15:00,64.42,64.42,64.22,64.4,91,64.4,15.0
2025-10-27 19:30:00,64.36,64.63,64.36,64.62,92,64.62,15.0
2025-10-27 19:45:00,64.63,64.68,64.55,64.59,90,64.59,15.0
2025-10-27 20:00:00,64.59,64.71,64.56,64.68,110,64.68,15.0
2025-10-27 20:15:00,64.65,64.69,64.39,64.55,164,64.55,15.0
2025-10-27 20:30:00,64.55,64.62,64.45,64.47,89,64.47,15.0
2025-10-27 20:45:00,64.49,64.52,64.35,64.52,81,64.52,15.0
2025-10-27 21:00:00,64.47,64.52,64.26,64.38,115,64.38,15.0
2025-10-27 21:15:00,64.4,64.62,64.38,64.58,166,64.58,15.0
2025-10-27 21:30:00,64.58,64.67,64.48,64.67,156,64.67,15.0
2025-10-27 21:45:00,64.68,64.74,64.16,64.25,1295,64.25,15.0
2025-10-27 22:00:00,64.25,64.25,64.25,64.25,241,64.25,15.0
2025-10-28 15:30:00,64.55,64.87,63.6,63.86,98,63.86,15.0
2025-10-28 15:45:00,63.84,64.21,63.69,63.82,128,63.82,15.0
2025-10-28 16:00:00,63.83,64.1,63.72,63.78,93,63.78,15.0
2025-10-28 16:15:00,63.82,64.93,63.82,64.93,120,64.93,15.0
2025-10-28 16:30:00,65.0,65.15,64.81,65.1,111,65.1,15.0
2025-10-28 16:45:00,65.12,65.16,64.95,65.05,96,65.05,15.0
2025-10-28 17:00:00,65.09,65.11,64.38,64.47,141,64.47,15.0
2025-10-28 17:15:00,64.45,64.63,64.33,64.33,127,64.33,15.0
2025-10-28 17:30:00,64.35,64.43,64.11,64.27,98,64.27,15.0
2025-10-28 17:45:00,64.3,64.32,64.14,64.24,99,64.24,15.0
2025-10-28 18:00:00,64.25,64.27,64.03,64.05,65,64.05,15.0
2025-10-28 18:15:00,64.05,64.34,64.04,64.29,50,64.29,15.0
2025-10-28 18:30:00,64.23,64.47,64.18,64.35,74,64.35,15.0
2025-10-28 18:45:00,64.38,64.47,64.35,64.44,44,64.44,15.0
2025-10-28 19:00:00,64.49,64.64,64.34,64.36,57,64.36,15.0
2025-10-28 19:15:00,64.34,64.37,64.22,64.26,54,64.26,15.0
2025-10-28 19:30:00,64.3,64.3,63.92,63.95,64,63.95,15.0
2025-10-28 19:45:00,63.96,64.14,63.87,64.0,52,64.0,15.0
2025-10-28 20:00:00,64.0,64.06,63.93,64.03,69,64.03,15.0
2025-10-28 20:15:00,64.04,64.05,63.9,63.94,70,63.94,15.0
2025-10-28 20:30:00,63.97,63.99,63.83,63.84,73,63.84,15.0
2025-10-28 20:45:00,63.89,64.02,63.79,63.98,71,63.98,15.0
2025-10-28 21:00:00,63.95,63.95,63.71,63.77,140,63.77,15.0
2025-10-28 21:15:00,63.77,63.93,63.74,63.88,150,63.88,15.0
2025-10-28 21:30:00,63.89,63.93,63.75,63.86,235,63.86,15.0
2025-10-28 21:45:00,63.84,64.12,63.72,63.94,620,63.94,15.0
2025-10-28 22:00:00,63.94,63.94,63.94,63.94,171,63.94,15.0
2025-10-29 15:30:00,63.5,64.1,63.21,63.76,173,63.76,15.0
2025-10-29 15:45:00,63.76,64.03,63.33,63.36,86,63.36,15.0
2025-10-29 16:00:00,63.33,63.86,63.28,63.7,149,63.7,15.0
2025-10-29 16:15:00,63.73,63.82,63.64,63.72,160,63.72,15.0
2025-10-29 16:30:00,63.75,63.75,63.4,63.47,71,63.47,15.0
2025-10-29 16:45:00,63.45,63.51,63.31,63.43,52,63.43,15.0
2025-10-29 17:00:00,63.44,63.59,63.28,63.28,67,63.28,15.0
2025-10-29 17:15:00,63.27,63.52,63.27,63.47,55,63.47,15.0
2025-10-29 17:30:00,63.49,63.51,63.41,63.5,29,63.5,15.0
2025-10-29 17:45:00,63.5,63.62,63.48,63.57,78,63.57,15.0
2025-10-29 18:00:00,63.59,63.67,63.51,63.57,128,63.57,15.0
2025-10-29 18:15:00,63.6,63.69,63.55,63.66,81,63.66,15.0
2025-10-29 18:30:00,63.68,63.81,63.66,63.76,89,63.76,15.0
2025-10-29 18:45:00,63.75,63.8,63.67,63.67,54,63.67,15.0
2025-10-29 19:00:00,63.67,63.68,63.47,63.57,35,63.57,15.0
2025-10-29 19:15:00,63.57,63.71,63.53,63.58,49,63.58,15.0
2025-10-29 19:30:00,63.5,63.58,62.6,63.12,160,63.12,15.0
2025-10-29 19:45:00,63.14,63.3,63.02,63.29,209,63.29,15.0
2025-10-29 20:00:00,63.25,63.6,62.99,63.01,106,63.01,15.0
2025-10-29 20:15:00,63.01,63.02,62.69,62.76,59,62.76,15.0
2025-10-29 20:30:00,62.76,62.89,61.93,62.18,172,62.18,15.0
2025-10-29 20:45:00,62.2,62.33,61.84,61.97,138,61.97,15.0
2025-10-29 21:00:00,61.97,62.03,61.55,61.77,292,61.77,15.0
2025-10-29 21:15:00,61.77,61.87,61.45,61.6,223,61.6,15.0
2025-10-29 21:30:00,61.6,61.68,61.37,61.65,290,61.65,15.0
2025-10-29 21:45:00,61.69,62.05,61.61,62.02,995,62.02,15.0
2025-10-29 22:00:00,62.02,62.02,62.02,62.02,144,62.02,15.0
2025-10-30 15:30:00,61.85,62.11,61.51,62.03,85,62.03,15.0
2025-10-30 15:45:00,61.95,62.14,61.63,61.87,83,61.87,15.0
2025-10-30 16:00:00,61.86,62.08,61.4,61.46,140,61.46,15.0
2025-10-30 16:15:00,61.33,61.38,61.08,61.27,88,61.27,15.0
2025-10-30 16:30:00,61.22,61.8,61.22,61.42,83,61.42,15.0
2025-10-30 16:45:00,61.47,61.69,61.35,61.66,78,61.66,15.0
2025-10-30 17:00:00,61.63,61.87,61.63,61.73,82,61.73,15.0
2025-10-30 17:15:00,61.77,62.12,61.77,62.05,84,62.05,15.0
2025-10-30 17:30:00,62.04,62.05,61.77,61.83,80,61.83,15.0
2025-10-30 17:45:00,61.79,62.1,61.75,62.06,119,62.06,15.0
2025-10-30 18:00:00,62.01,62.23,61.98,62.01,54,62.01,15.0
2025-10-30 18:15:00,61.98,62.13,61.94,62.08,136,62.08,15.0
2025-10-30 18:30:00,62.05,62.06,61.8,62.0,67,62.0,15.0
2025-10-30 18:45:00,62.04,62.13,61.92,61.96,58,61.96,15.0
2025-10-30 19:00:00,61.92,61.95,61.79,61.79,107,61.79,15.0
2025-10-30 19:15:00,61.83,61.95,61.75,61.93,65,61.93,15.0
2025-10-30 19:30:00,61.97,62.03,61.71,61.71,65,61.71,15.0
2025-10-30 19:45:00,61.72,61.84,61.71,61.76,105,61.76,15.0
2025-10-30 20:00:00,61.73,61.73,61.41,61.43,53,61.43,15.0
2025-10-30 20:15:00,61.37,61.43,61.33,61.38,54,61.38,15.0
2025-10-30 20:30:00,61.4,61.49,61.25,61.31,75,61.31,15.0
2025-10-30 20:45:00,61.3,61.48,61.3,61.46,90,61.46,15.0
2025-10-30 21:00:00,61.44,61.44,61.02,61.07,160,61.07,15.0
2025-10-30 21:15:00,61.03,61.12,60.96,61.04,164,61.04,15.0
2025-10-30 21:30:00,61.05,61.2,61.03,61.17,183,61.17,15.0
2025-10-30 21:45:00,61.16,61.23,60.81,60.93,663,60.93,15.0
2025-10-30 22:00:00,60.96,60.96,60.96,60.96,134,60.96,15.0
2025-10-31 15:30:00,60.81,61.09,60.48,60.93,192,60.93,15.0
2025-10-31 15:45:00,61.0,62.0,60.73,61.87,242,61.87,15.0
2025-10-31 16:00:00,61.83,62.39,61.74,62.39,132,62.39,15.0
2025-10-31 16:15:00,62.31,62.52,62.17,62.52,95,62.52,15.0
2025-10-31 16:30:00,62.53,62.81,62.39,62.79,255,62.79,15.0
2025-10-31 16:45:00,62.84,62.95,62.66,62.68,68,62.68,15.0
2025-10-31 17:00:00,62.72,62.75,62.36,62.62,66,62.62,15.0
2025-10-31 17:15:00,62.62,62.66,62.36,62.37,96,62.37,15.0
2025-10-31 17:30:00,62.43,62.57,62.36,62.55,81,62.55,15.0
2025-10-31 17:45:00,62.69,62.83,62.64,62.71,41,62.71,15.0
2025-10-31 18:00:00,62.63,62.75,62.54,62.54,22,62.54,15.0
2025-10-31 18:15:00,62.48,62.52,62.22,62.5,61,62.5,15.0
2025-10-31 18:30:00,62.51,62.67,62.47,62.61,68,62.61,15.0
2025-10-31 18:45:00,62.58,62.64,62.33,62.33,188,62.33,15.0
2025-10-31 19:00:00,62.41,62.61,62.41,62.56,25,62.56,15.0
2025-10-31 19:15:00,62.57,62.67,62.35,62.67,53,62.67,15.0
2025-10-31 19:30:00,62.73,62.92,62.68,62.68,87,62.68,15.0
2025-10-31 19:45:00,62.65,62.76,62.62,62.7,33,62.7,15.0
2025-10-31 20:00:00,62.65,62.87,62.42,62.42,68,62.42,15.0
2025-10-31 20:15:00,62.49,62.56,62.37,62.56,71,62.56,15.0
2025-10-31 20:30:00,62.59,62.64,62.4,62.49,75,62.49,15.0
2025-10-31 20:45:00,62.47,62.83,62.43,62.83,75,62.83,15.0
2025-10-31 21:00:00,62.84,62.89,62.6,62.68,83,62.68,15.0
2025-10-31 21:15:00,62.69,62.76,62.65,62.76,75,62.76,15.0
2025-10-31 21:30:00,62.74,62.81,62.68,62.78,272,62.78,15.0
2025-10-31 21:45:00,62.78,62.78,62.51,62.57,816,62.57,15.0
2025-10-31 22:00:00,62.57,62.57,62.57,62.57,209,62.57,15.0
2025-11-03 16:30:00,61.91,62.36,60.86,61.55,211,61.55,15.0
2025-11-03 16:45:00,61.53,61.87,61.35,61.76,82,61.76,15.0
2025-11-03 17:00:00,61.76,61.86,61.42,61.42,115,61.42,15.0
2025-11-03 17:15:00,61.39,61.54,61.16,61.16,82,61.16,15.0
2025-11-03 17:30:00,61.14,61.28,60.81,61.27,92,61.27,15.0
2025-11-03 17:45:00,61.24,61.51,61.24,61.51,55,61.51,15.0
2025-11-03 18:00:00,61.51,61.58,61.37,61.4,61,61.4,15.0
2025-11-03 18:15:00,61.34,61.41,61.13,61.18,42,61.18,15.0
2025-11-03 18:30:00,61.19,61.38,61.16,61.26,97,61.26,15.0
2025-11-03 18:45:00,61.21,61.35,61.15,61.35,61,61.35,15.0
2025-11-03 19:00:00,61.28,61.4,61.2,61.39,61,61.39,15.0
2025-11-03 19:15:00,61.41,61.5,61.29,61.35,89,61.35,15.0
2025-11-03 19:30:00,61.38,61.49,61.38,61.41,58,61.41,15.0
2025-11-03 19:45:00,61.43,61.57,61.39,61.55,64,61.55,15.0
2025-11-03 20:00:00,61.56,61.56,61.36,61.4,46,61.4,15.0
2025-11-03 20:15:00,61.36,61.37,61.22,61.28,89,61.28,15.0
2025-11-03 20:30:00,61.26,61.61,61.25,61.48,120,61.48,15.0
2025-11-03 20:45:00,61.5,61.5,61.32,61.36,85,61.36,15.0
2025-11-03 21:00:00,61.38,61.51,61.23,61.5,153,61.5,15.0
2025-11-03 21:15:00,61.5,61.62,61.48,61.56,118,61.56,15.0
2025-11-03 21:30:00,61.56,61.69,61.5,61.58,110,61.58,15.0
2025-11-03 21:45:00,61.6,61.6,61.46,61.53,106,61.53,15.0
2025-11-03 22:00:00,61.53,61.6,61.3,61.37,199,61.37,15.0
2025-11-03 22:15:00,61.34,61.36,61.11,61.11,215,61.11,15.0
2025-11-03 22:30:00,61.09,61.2,61.04,61.19,244,61.19,15.0
2025-11-03 22:45:00,61.18,61.31,60.78,61.26,1404,61.26,15.0
2025-11-03 23:00:00,61.26,61.26,61.26,61.26,160,61.26,15.0
2025-11-04 16:30:00,61.22,62.23,60.78,61.96,428,61.96,15.0
2025-11-04 16:45:00,61.96,62.02,61.3,61.46,287,61.46,15.0
2025-11-04 17:00:00,61.51,61.93,61.36,61.84,405,61.84,15.0
2025-11-04 17:15:00,61.84,62.5,61.82,62.38,318,62.38,15.0
2025-11-04 17:30:00,62.37,62.5,62.14,62.33,238,62.33,15.0
2025-11-04 17:45:00,62.37,62.41,62.15,62.35,104,62.35,15.0
2025-11-04 18:00:00,62.42,62.67,62.28,62.5,135,62.5,15.0
2025-11-04 18:15:00,62.49,62.56,62.41,62.47,167,62.47,15.0
2025-11-04 18:30:00,62.44,62.61,62.25,62.32,192,62.32,15.0
2025-11-04 18:45:00,62.31,62.49,62.24,62.36,128,62.36,15.0
2025-11-04 19:00:00,62.36,62.37,61.9,61.9,80,61.9,15.0
2025-11-04 19:15:00,61.93,61.96,61.8,61.89,90,61.89,15.0
2025-11-04 19:30:00,61.92,61.92,61.67,61.67,88,61.67,15.0
2025-11-04 19:45:00,61.71,61.82,61.59,61.62,67,61.62,15.0
2025-11-04 20:00:00,61.59,61.6,61.43,61.45,113,61.45,15.0
2025-11-04 20:15:00,61.45,61.5,61.1,61.18,202,61.18,15.0
2025-11-04 20:30:00,61.18,61.25,60.9,61.12,241,61.12,15.0
2025-11-04 20:45:00,61.13,61.24,61.03,61.2,150,61.2,15.0
2025-11-04 21:00:00,61.22,61.39,60.77,60.94,428,60.94,15.0
2025-11-04 21:15:00,60.94,61.06,60.84,61.03,314,61.03,15.0
2025-11-04 21:30:00,61.06,61.31,61.01,61.28,558,61.28,15.0
2025-11-04 21:45:00,61.27,61.39,61.13,61.18,335,61.18,15.0
2025-11-04 22:00:00,61.18,61.68,61.18,61.61,397,61.61,15.0
2025-11-04 22:15:00,61.58,61.7,60.99,61.09,727,61.09,15.0
2025-11-04 22:30:00,61.11,61.27,60.95,61.02,712,61.02,15.0
2025-11-04 22:45:00,61.01,61.43,60.95,61.1,1476,61.1,15.0
2025-11-04 23:00:00,61.1,61.1,61.1,61.1,142,61.1,15.0
2025-11-05 16:30:00,54.4,59.37,54.2,59.25,905,59.25,15.0
2025-11-05 16:45:00,59.35,60.16,58.23,59.19,605,59.19,15.0
2025-11-05 17:00:00,59.19,61.12,59.01,60.81,642,60.81,15.0
2025-11-05 17:15:00,60.77,60.77,58.32,58.41,724,58.41,15.0
2025-11-05 17:30:00,58.45,59.52,58.37,59.34,602,59.34,15.0
2025-11-05 17:45:00,59.34,59.6,58.72,58.91,339,58.91,15.0
2025-11-05 18:00:00,58.92,58.99,57.7,58.21,300,58.21,15.0
2025-11-05 18:15:00,58.21,58.71,57.91,58.65,218,58.65,15.0
2025-11-05 18:30:00,58.74,59.18,58.63,59.15,252,59.15,15.0
2025-11-05 18:45:00,59.17,59.71,58.99,59.47,298,59.47,15.0
2025-11-05 19:00:00,59.47,59.72,59.37,59.4,306,59.4,15.0
2025-11-05 19:15:00,59.35,59.5,59.05,59.1,311,59.1,15.0
2025-11-05 19:30:00,59.13,59.62,59.04,59.51,263,59.51,15.0
2025-11-05 19:45:00,59.44,59.7,59.21,59.5,201,59.5,15.0
2025-11-05 20:00:00,59.44,59.61,58.85,59.1,426,59.1,15.0
2025-11-05 20:15:00,59.1,59.3,58.99,59.16,137,59.16,15.0
2025-11-05 20:30:00,59.18,59.45,59.14,59.4,162,59.4,15.0
2025-11-05 20:45:00,59.4,59.55,59.3,59.33,154,59.33,15.0
2025-11-05 21:00:00,59.33,60.0,59.27,60.0,508,60.0,15.0
2025-11-05 21:15:00,59.98,60.29,59.94,60.15,163,60.15,15.0
2025-11-05 21:30:00,60.17,60.71,60.17,60.68,240,60.68,15.0
2025-11-05 21:45:00,60.67,60.67,60.33,60.42,274,60.42,15.0
2025-11-05 22:00:00,60.46,60.61,60.27,60.27,235,60.27,15.0
2025-11-05 22:15:00,60.25,60.41,59.96,60.02,365,60.02,15.0
2025-11-05 22:30:00,60.01,60.01,59.1,59.3,726,59.3,15.0
2025-11-05 22:45:00,59.29,59.98,58.99,59.93,1645,59.93,15.0
2025-11-05 23:00:00,59.94,59.94,59.94,59.94,122,59.94,15.0
2025-11-06 16:30:00,60.43,60.79,59.0,59.53,240,59.53,15.0
2025-11-06 16:45:00,59.47,59.55,58.97,59.04,242,59.04,15.0
2025-11-06 17:00:00,58.94,59.14,58.05,58.41,323,58.41,15.0
2025-11-06 17:15:00,58.49,58.51,57.99,58.44,286,58.44,15.0
2025-11-06 17:30:00,58.36,58.36,57.42,57.61,423,57.61,15.0
2025-11-06 17:45:00,57.64,57.76,57.26,57.36,261,57.36,15.0
2025-11-06 18:00:00,57.34,57.5,56.93,57.21,341,57.21,15.0
2025-11-06 18:15:00,57.22,57.48,57.04,57.18,222,57.18,15.0
2025-11-06 18:30:00,57.16,57.51,57.02,57.45,152,57.45,15.0
2025-11-06 18:45:00,57.44,57.44,57.01,57.15,251,57.15,15.0
2025-11-06 19:00:00,57.19,57.49,57.12,57.42,202,57.42,15.0
2025-11-06 19:15:00,57.38,57.62,57.38,57.56,129,57.56,15.0
2025-11-06 19:30:00,57.56,57.62,57.11,57.15,101,57.15,15.0
2025-11-06 19:45:00,57.15,57.31,57.11,57.12,119,57.12,15.0
2025-11-06 20:00:00,57.08,57.32,57.05,57.26,81,57.26,15.0
2025-11-06 20:15:00,57.25,57.65,57.25,57.47,64,57.47,15.0
2025-11-06 20:30:00,57.49,57.81,57.44,57.6,155,57.6,15.0
2025-11-06 20:45:00,57.58,57.72,57.53,57.61,91,57.61,15.0
2025-11-06 21:00:00,57.61,57.75,57.5,57.63,101,57.63,15.0
2025-11-06 21:15:00,57.64,57.79,57.59,57.79,138,57.79,15.0
2025-11-06 21:30:00,57.81,58.17,57.77,58.16,204,58.16,15.0
2025-11-06 21:45:00,58.15,58.3,58.01,58.3,181,58.3,15.0
2025-11-06 22:00:00,58.34,58.67,58.34,58.59,357,58.59,15.0
2025-11-06 22:15:00,58.59,58.71,58.14,58.2,342,58.2,15.0
2025-11-06 22:30:00,58.19,58.35,58.1,58.3,471,58.3,15.0
2025-11-06 22:45:00,58.3,58.51,58.17,58.18,1588,58.18,15.0
2025-11-06 23:00:00,58.18,58.18,58.18,58.18,159,58.18,15.0
2025-11-07 16:30:00,57.71,58.04,57.21,57.24,163,57.24,15.0
2025-11-07 16:45:00,57.27,57.43,56.66,57.14,105,57.14,15.0
2025-11-07 17:00:00,57.16,57.48,56.89,57.48,152,57.48,15.0
2025-11-07 17:15:00,57.44,57.61,56.95,57.19,133,57.19,15.0
2025-11-07 17:30:00,57.19,57.78,57.14,57.58,179,57.58,15.0
2025-11-07 17:45:00,57.62,57.73,57.47,57.48,147,57.48,15.0
2025-11-07 18:00:00,57.53,57.64,57.41,57.51,159,57.51,15.0
2025-11-07 18:15:00,57.49,57.88,57.43,57.86,165,57.86,15.0
2025-11-07 18:30:00,57.84,57.87,57.73,57.82,154,57.82,15.0
2025-11-07 18:45:00,57.8,57.8,57.57,57.63,157,57.63,15.0
2025-11-07 19:00:00,57.63,57.63,57.35,57.42,93,57.42,15.0
2025-11-07 19:15:00,57.38,57.52,57.14,57.14,200,57.14,15.0
2025-11-07 19:30:00,57.15,57.19,56.96,57.09,116,57.09,15.0
2025-11-07 19:45:00,57.09,57.14,56.87,57.03,104,57.03,15.0
2025-11-07 20:00:00,57.18,57.2,56.97,56.98,75,56.98,15.0
2025-11-07 20:15:00,57.01,57.01,56.58,56.68,142,56.68,15.0
2025-11-07 20:30:00,56.69,56.81,56.61,56.76,77,56.76,15.0
2025-11-07 20:45:00,56.79,56.79,56.53,56.78,117,56.78,15.0
2025-11-07 21:00:00,56.77,56.93,56.7,56.8,87,56.8,15.0
2025-11-07 21:15:00,56.82,56.94,56.63,56.89,123,56.89,15.0
2025-11-07 21:30:00,56.89,57.46,56.89,57.32,83,57.32,15.0
2025-11-07 21:45:00,57.28,57.51,57.18,57.46,154,57.46,15.0
2025-11-07 22:00:00,57.46,57.68,57.4,57.4,141,57.4,15.0
2025-11-07 22:15:00,57.41,57.45,57.16,57.16,193,57.16,15.0
2025-11-07 22:30:00,57.17,57.5,57.13,57.45,221,57.45,15.0
2025-11-07 22:45:00,57.46,57.57,57.32,57.42,1198,57.42,15.0
2025-11-07 23:00:00,57.41,57.41,57.41,57.41,244,57.41,15.0
2025-11-10 16:30:00,57.76,58.19,57.51,57.94,154,57.94,15.0
2025-11-10 16:45:00,58.24,58.41,57.96,58.29,88,58.29,15.0
2025-11-10 17:00:00,58.24,58.33,57.99,58.17,99,58.17,15.0
2025-11-10 17:15:00,58.08,58.08,57.35,57.48,109,57.48,15.0
2025-11-10 17:30:00,57.48,57.67,57.2,57.3,652,57.3,15.0
2025-11-10 17:45:00,57.18,57.35,57.05,57.26,124,57.26,15.0
2025-11-10 18:00:00,57.26,57.54,57.05,57.49,99,57.49,15.0
2025-11-10 18:15:00,57.34,57.42,57.07,57.17,171,57.17,15.0
2025-11-10 18:30:00,57.16,57.31,57.07,57.29,83,57.29,15.0
2025-11-10 18:45:00,57.31,57.31,57.12,57.17,154,57.17,15.0
2025-11-10 19:00:00,57.21,57.36,57.07,57.07,86,57.07,15.0
2025-11-10 19:15:00,57.09,57.41,56.97,57.29,89,57.29,15.0
2025-11-10 19:30:00,57.28,57.49,57.15,57.17,109,57.17,15.0
2025-11-10 19:45:00,57.19,57.33,57.14,57.33,132,57.33,15.0
2025-11-10 20:00:00,57.33,57.39,57.13,57.13,102,57.13,15.0
2025-11-10 20:15:00,57.16,57.33,57.12,57.27,108,57.27,15.0
2025-11-10 20:30:00,57.27,57.33,57.17,57.22,134,57.22,15.0
2025-11-10 20:45:00,57.29,57.34,57.12,57.12,104,57.12,15.0
2025-11-10 21:00:00,57.16,57.33,57.14,57.24,69,57.24,15.0
2025-11-10 21:15:00,57.24,57.55,57.21,57.44,146,57.44,15.0
2025-11-10 21:30:00,57.43,57.57,57.34,57.44,257,57.44,15.0
2025-11-10 21:45:00,57.45,57.58,57.39,57.39,145,57.39,15.0
2025-11-10 22:00:00,57.41,57.7,57.39,57.61,199,57.61,15.0
2025-11-10 22:15:00,57.6,57.7,57.5,57.56,189,57.56,15.0
2025-11-10 22:30:00,57.53,57.89,57.42,57.89,190,57.89,15.0
2025-11-10 22:45:00,57.86,57.99,57.44,57.48,999,57.48,15.0
2025-11-10 23:00:00,57.46,57.46,57.46,57.46,201,57.46,15.0
2025-11-11 16:30:00,58.0,58.51,58.0,58.46,237,58.46,15.0
2025-11-11 16:45:00,58.46,59.25,58.34,59.25,261,59.25,15.0
2025-11-11 17:00:00,59.2,59.52,59.11,59.23,175,59.23,15.0
2025-11-11 17:15:00,59.23,59.58,59.14,59.17,223,59.17,15.0
2025-11-11 17:30:00,59.18,59.34,58.87,59.03,293,59.03,15.0
2025-11-11 17:45:00,59.04,59.23,58.82,58.93,150,58.93,15.0
2025-11-11 18:00:00,58.97,59.0,58.58,58.82,187,58.82,15.0
2025-11-11 18:15:00,58.84,58.85,58.56,58.58,164,58.58,15.0
2025-11-11 18:30:00,58.55,59.11,58.54,59.11,91,59.11,15.0
2025-11-11 18:45:00,59.06,59.12,58.9,59.03,111,59.03,15.0
2025-11-11 19:00:00,59.05,59.11,58.84,59.09,149,59.09,15.0
2025-11-11 19:15:00,59.09,59.48,59.09,59.38,94,59.38,15.0
2025-11-11 19:30:00,59.28,59.5,59.28,59.5,81,59.5,15.0
2025-11-11 19:45:00,59.42,59.56,59.28,59.4,113,59.4,15.0
2025-11-11 20:00:00,59.38,59.72,59.38,59.69,117,59.69,15.0
2025-11-11 20:15:00,59.7,59.74,59.63,59.69,67,59.69,15.0
2025-11-11 20:30:00,59.72,59.87,59.58,59.71,163,59.71,15.0
2025-11-11 20:45:00,59.65,59.85,59.62,59.77,182,59.77,15.0
2025-11-11 21:00:00,59.76,59.76,59.58,59.64,140,59.64,15.0
2025-11-11 21:15:00,59.66,59.9,59.63,59.86,137,59.86,15.0
2025-11-11 21:30:00,59.86,59.87,59.42,59.53,204,59.53,15.0
2025-11-11 21:45:00,59.5,59.76,59.47,59.69,318,59.69,15.0
2025-11-11 22:00:00,59.65,59.7,59.45,59.47,271,59.47,15.0
2025-11-11 22:15:00,59.47,59.57,59.38,59.57,298,59.57,15.0
2025-11-11 22:30:00,59.53,59.57,59.38,59.57,189,59.57,15.0
2025-11-11 22:45:00,59.58,59.62,59.16,59.18,1325,59.18,15.0
2025-11-11 23:00:00,59.18,59.18,59.18,59.18,204,59.18,15.0
2025-11-12 16:30:00,59.15,60.28,59.08,59.95,112,59.95,15.0
2025-11-12 16:45:00,60.05,60.23,59.85,60.07,226,60.07,15.0
2025-11-12 17:00:00,60.1,60.35,59.94,59.96,373,59.96,15.0
2025-11-12 17:15:00,59.95,60.12,59.69,59.79,231,59.79,15.0
2025-11-12 17:30:00,59.73,59.95,59.58,59.88,281,59.88,15.0
2025-11-12 17:45:00,59.85,60.22,59.8,60.22,196,60.22,15.0
2025-11-12 18:00:00,60.19,60.42,60.19,60.39,131,60.39,15.0
2025-11-12 18:15:00,60.41,60.64,60.4,60.43,108,60.43,15.0
2025-11-12 18:30:00,60.46,60.99,60.46,60.98,85,60.98,15.0
2025-11-12 18:45:00,60.97,60.97,60.7,60.7,83,60.7,15.0
2025-11-12 19:00:00,60.75,60.86,60.6,60.81,170,60.81,15.0
2025-11-12 19:15:00,60.83,60.91,60.68,60.69,101,60.69,15.0
2025-11-12 19:30:00,60.68,60.73,60.56,60.73,180,60.73,15.0
2025-11-12 19:45:00,60.74,60.99,60.74,60.91,130,60.91,15.0
2025-11-12 20:00:00,60.92,61.05,60.87,61.02,196,61.02,15.0
2025-11-12 20:15:00,61.01,61.1,60.9,61.03,108,61.03,15.0
2025-11-12 20:30:00,61.03,61.1,60.98,60.98,182,60.98,15.0
2025-11-12 20:45:00,60.99,61.12,60.87,60.91,173,60.91,15.0
2025-11-12 21:00:00,60.93,61.08,60.84,60.98,314,60.98,15.0
2025-11-12 21:15:00,60.98,61.08,60.92,60.98,152,60.98,15.0
2025-11-12 21:30:00,60.98,61.3,60.95,61.3,127,61.3,15.0
2025-11-12 21:45:00,61.29,61.32,61.15,61.3,347,61.3,15.0
2025-11-12 22:00:00,61.32,61.4,61.14,61.21,248,61.21,15.0
2025-11-12 22:15:00,61.22,61.49,61.19,61.42,356,61.42,15.0
2025-11-12 22:30:00,61.4,61.5,61.22,61.49,605,61.49,15.0
2025-11-12 22:45:00,61.49,61.65,61.32,61.4,1828,61.4,15.0
2025-11-12 23:00:00,61.4,61.4,61.4,61.4,116,61.4,15.0
2025-11-13 16:30:00,60.57,61.93,60.37,61.61,177,61.61,15.0
2025-11-13 16:45:00,61.61,62.19,61.51,61.92,205,61.92,15.0
2025-11-13 17:00:00,61.85,62.25,61.68,62.2,160,62.2,15.0
2025-11-13 17:15:00,62.16,62.21,61.91,62.07,261,62.07,15.0
2025-11-13 17:30:00,62.07,62.07,61.81,61.98,265,61.98,15.0
2025-11-13 17:45:00,61.98,62.0,61.75,61.77,198,61.77,15.0
2025-11-13 18:00:00,61.77,62.04,61.73,61.95,132,61.95,15.0
2025-11-13 18:15:00,61.94,62.01,61.88,61.97,103,61.97,15.0
2025-11-13 18:30:00,61.94,62.31,61.74,61.79,139,61.79,15.0
2025-11-13 18:45:00,61.79,61.99,61.56,61.56,79,61.56,15.0
2025-11-13 19:00:00,61.59,61.59,61.3,61.33,139,61.33,15.0
2025-11-13 19:15:00,61.24,61.74,61.18,61.74,100,61.74,15.0
2025-11-13 19:30:00,61.75,61.94,61.74,61.74,70,61.74,15.0
2025-11-13 19:45:00,61.68,61.68,61.53,61.55,44,61.55,15.0
2025-11-13 20:00:00,61.57,61.64,61.42,61.42,98,61.42,15.0
2025-11-13 20:15:00,61.42,61.54,61.06,61.13,119,61.13,15.0
2025-11-13 20:30:00,61.1,61.26,60.83,61.25,94,61.25,15.0
2025-11-13 20:45:00,61.27,61.53,61.2,61.43,186,61.43,15.0
2025-11-13 21:00:00,61.41,61.47,61.23,61.3,293,61.3,15.0
2025-11-13 21:15:00,61.27,61.48,61.26,61.42,209,61.42,15.0
2025-11-13 21:30:00,61.43,61.45,60.94,61.0,224,61.0,15.0
2025-11-13 21:45:00,60.96,61.18,60.88,60.93,233,60.93,15.0
2025-11-13 22:00:00,60.93,61.02,60.73,60.8,73,60.8,15.0
2025-11-13 22:15:00,60.8,60.8,60.55,60.68,260,60.68,15.0
2025-11-13 22:30:00,60.71,60.77,60.46,60.48,183,60.48,15.0
2025-11-13 22:45:00,60.51,60.85,60.39,60.76,1296,60.76,15.0
2025-11-13 23:00:00,60.75,60.75,60.75,60.75,141,60.75,15.0
2025-11-14 16:30:00,59.43,60.59,58.88,58.88,129,58.88,15.0
2025-11-14 16:45:00,58.88,60.07,58.67,59.94,326,59.94,15.0
2025-11-14 17:00:00,60.0,60.0,59.1,59.6,391,59.6,15.0
2025-11-14 17:15:00,59.5,60.4,59.47,59.8,108,59.8,15.0
2025-11-14 17:30:00,59.8,59.8,59.33,59.38,341,59.38,15.0
2025-11-14 17:45:00,59.4,60.11,59.4,60.02,90,60.02,15.0
2025-11-14 18:00:00,60.03,60.03,59.71,59.89,70,59.89,15.0
2025-11-14 18:15:00,59.93,60.05,59.75,59.92,65,59.92,15.0
2025-11-14 18:30:00,59.96,60.07,59.84,60.07,48,60.07,15.0
2025-11-14 18:45:00,60.07,60.42,60.07,60.26,236,60.26,15.0
2025-11-14 19:00:00,60.26,60.58,60.2,60.38,90,60.38,15.0
2025-11-14 19:15:00,60.4,60.51,60.19,60.3,44,60.3,15.0
2025-11-14 19:30:00,60.31,60.43,60.25,60.3,28,60.3,15.0
2025-11-14 19:45:00,60.31,60.37,60.12,60.3,41,60.3,15.0
2025-11-14 20:00:00,60.31,60.31,60.03,60.18,43,60.18,15.0
2025-11-14 20:15:00,60.29,60.29,60.07,60.12,31,60.12,15.0
2025-11-14 20:30:00,60.12,60.23,59.7,59.75,44,59.75,15.0
2025-11-14 20:45:00,59.78,59.89,59.73,59.87,39,59.87,15.0
2025-11-14 21:00:00,59.88,59.95,59.73,59.92,91,59.92,15.0
2025-11-14 21:15:00,59.95,60.04,59.87,59.97,86,59.97,15.0
2025-11-14 21:30:00,59.98,59.99,59.83,59.89,77,59.89,15.0
2025-11-14 21:45:00,59.88,59.96,59.49,59.53,153,59.53,15.0
2025-11-14 22:00:00,59.46,59.7,59.42,59.43,144,59.43,15.0
2025-11-14 22:15:00,59.46,59.56,59.12,59.21,299,59.21,15.0
2025-11-14 22:30:00,59.19,59.65,59.15,59.38,525,59.38,15.0
2025-11-14 22:45:00,59.37,59.49,59.17,59.4,875,59.4,15.0
2025-11-14 23:00:00,59.38,59.38,59.38,59.38,140,59.38,15.0
2025-11-17 16:30:00,58.98,59.28,58.16,58.77,154,58.77,15.0
2025-11-17 16:45:00,58.69,58.88,58.51,58.56,45,58.56,15.0
2025-11-17 17:00:00,58.59,59.22,58.55,58.79,137,58.79,15.0
2025-11-17 17:15:00,58.92,59.24,58.84,59.22,94,59.22,15.0
2025-11-17 17:30:00,59.19,59.23,58.93,59.23,104,59.23,15.0
2025-11-17 17:45:00,59.16,59.16,58.9,58.97,80,58.97,15.0
2025-11-17 18:00:00,58.93,59.14,58.74,58.88,90,58.88,15.0
2025-11-17 18:15:00,58.79,59.26,58.79,59.22,78,59.22,15.0
2025-11-17 18:30:00,59.24,59.44,59.07,59.26,88,59.26,15.0
2025-11-17 18:45:00,59.28,59.42,59.24,59.28,46,59.28,15.0
2025-11-17 19:00:00,59.3,59.52,59.25,59.51,70,59.51,15.0
2025-11-17 19:15:00,59.45,59.54,59.38,59.44,65,59.44,15.0
2025-11-17 19:30:00,59.48,59.52,59.25,59.47,126,59.47,15.0
2025-11-17 19:45:00,59.46,59.47,59.21,59.23,87,59.23,15.0
2025-11-17 20:00:00,59.17,59.25,59.07,59.21,124,59.21,15.0
2025-11-17 20:15:00,59.17,59.22,59.01,59.03,85,59.03,15.0
2025-11-17 20:30:00,58.99,59.08,58.93,59.02,233,59.02,15.0
2025-11-17 20:45:00,59.06,59.06,58.82,58.83,187,58.83,15.0
2025-11-17 21:00:00,58.82,58.96,58.75,58.91,111,58.91,15.0
2025-11-17 21:15:00,58.92,58.95,58.8,58.89,161,58.89,15.0
2025-11-17 21:30:00,58.91,58.91,58.52,58.68,151,58.68,15.0
2025-11-17 21:45:00,58.67,58.71,58.47,58.52,263,58.52,15.0
2025-11-17 22:00:00,58.5,58.52,58.37,58.42,241,58.42,15.0
2025-11-17 22:15:00,58.41,58.62,58.41,58.51,191,58.51,15.0
2025-11-17 22:30:00,58.52,58.55,58.35,58.47,155,58.47,15.0
2025-11-17 22:45:00,58.46,58.62,58.37,58.62,1155,58.62,15.0
2025-11-17 23:00:00,58.61,58.61,58.61,58.61,105,58.61,15.0
2025-11-18 16:30:00,58.24,58.36,57.49,58.04,175,58.04,15.0
2025-11-18 16:45:00,57.91,58.09,57.35,57.6,119,57.6,15.0
2025-11-18 17:00:00,57.53,57.71,57.3,57.58,123,57.58,15.0
2025-11-18 17:15:00,57.58,57.67,57.29,57.29,105,57.29,15.0
2025-11-18 17:30:00,57.35,57.69,57.27,57.33,87,57.33,15.0
2025-11-18 17:45:00,57.37,57.46,57.3,57.31,119,57.31,15.0
2025-11-18 18:00:00,57.27,57.91,57.27,57.68,151,57.68,15.0
2025-11-18 18:15:00,57.71,57.88,57.45,57.72,142,57.72,15.0
2025-11-18 18:30:00,57.72,57.98,57.57,57.65,263,57.65,15.0
2025-11-18 18:45:00,57.69,57.72,57.53,57.61,242,57.61,15.0
2025-11-18 19:00:00,57.64,57.89,57.64,57.78,139,57.78,15.0
2025-11-18 19:15:00,57.74,57.9,57.67,57.7,185,57.7,15.0
2025-11-18 19:30:00,57.67,58.33,57.59,58.15,139,58.15,15.0
2025-11-18 19:45:00,58.12,58.57,58.08,58.35,130,58.35,15.0
2025-11-18 20:00:00,58.37,58.64,58.37,58.54,104,58.54,15.0
2025-11-18 20:15:00,58.56,58.79,58.51,58.57,99,58.57,15.0
2025-11-18 20:30:00,58.59,58.89,58.59,58.77,142,58.77,15.0
2025-11-18 20:45:00,58.78,58.84,58.57,58.63,98,58.63,15.0
2025-11-18 21:00:00,58.63,58.68,58.32,58.38,106,58.38,15.0
2025-11-18 21:15:00,58.36,58.52,58.28,58.33,109,58.33,15.0
2025-11-18 21:30:00,58.39,58.55,58.22,58.38,121,58.38,15.0
2025-11-18 21:45:00,58.41,58.5,58.32,58.45,142,58.45,15.0
2025-11-18 22:00:00,58.46,58.66,58.39,58.6,146,58.6,15.0
2025-11-18 22:15:00,58.6,58.62,58.31,58.37,240,58.37,15.0
2025-11-18 22:30:00,58.38,58.46,58.28,58.29,251,58.29,15.0
2025-11-18 22:45:00,58.29,58.35,58.12,58.15,1178,58.15,15.0
2025-11-18 23:00:00,58.15,58.15,58.15,58.15,138,58.15,15.0
2025-11-19 16:30:00,58.35,58.49,57.69,57.85,71,57.85,15.0
2025-11-19 16:45:00,57.78,58.29,57.63,58.29,39,58.29,15.0
2025-11-19 17:00:00,58.27,58.41,57.7,57.77,64,57.77,15.0
2025-11-19 17:15:00,57.79,58.16,57.5,57.5,100,57.5,15.0
2025-11-19 17:30:00,57.62,57.67,57.43,57.54,51,57.54,15.0
2025-11-19 17:45:00,57.49,57.51,57.2,57.27,77,57.27,15.0
2025-11-19 18:00:00,57.32,57.54,57.27,57.33,63,57.33,15.0
2025-11-19 18:15:00,57.27,57.39,57.21,57.23,71,57.23,15.0
2025-11-19 18:30:00,57.29,57.29,57.07,57.21,47,57.21,15.0
2025-11-19 18:45:00,57.12,57.46,57.09,57.44,54,57.44,15.0
2025-11-19 19:00:00,57.48,57.49,57.28,57.33,70,57.33,15.0
2025-11-19 19:15:00,57.39,57.5,57.34,57.45,103,57.45,15.0
2025-11-19 19:30:00,57.44,57.61,57.31,57.48,84,57.48,15.0
2025-11-19 19:45:00,57.48,57.48,57.23,57.29,79,57.29,15.0
2025-11-19 20:00:00,57.24,57.4,57.23,57.29,126,57.29,15.0
2025-11-19 20:15:00,57.27,57.56,57.24,57.44,79,57.44,15.0
2025-11-19 20:30:00,57.44,57.72,57.36,57.42,76,57.42,15.0
2025-11-19 20:45:00,57.45,57.56,57.37,57.49,67,57.49,15.0
2025-11-19 21:00:00,57.43,57.53,57.35,57.48,109,57.48,15.0
2025-11-19 21:15:00,57.52,57.52,57.1,57.19,139,57.19,15.0
2025-11-19 21:30:00,57.19,57.25,57.04,57.08,106,57.08,15.0
2025-11-19 21:45:00,57.1,57.33,57.02,57.32,127,57.32,15.0
2025-11-19 22:00:00,57.31,57.74,57.25,57.74,129,57.74,15.0
2025-11-19 22:15:00,57.73,58.04,57.73,57.83,148,57.83,15.0
2025-11-19 22:30:00,57.83,57.85,57.64,57.75,192,57.75,15.0
2025-11-19 22:45:00,57.73,58.02,57.59,57.81,994,57.81,15.0
2025-11-19 23:00:00,57.81,57.81,57.81,57.81,130,57.81,15.0
2025-11-20 16:30:00,58.49,59.06,58.18,58.82,149,58.82,15.0
2025-11-20 16:45:00,58.87,58.91,58.46,58.47,122,58.47,15.0
2025-11-20 17:00:00,58.63,58.72,58.2,58.48,95,58.48,15.0
2025-11-20 17:15:00,58.56,59.25,58.54,59.18,145,59.18,15.0
2025-11-20 17:30:00,59.22,59.4,59.15,59.27,100,59.27,15.0
2025-11-20 17:45:00,59.26,59.31,59.07,59.15,196,59.15,15.0
2025-11-20 18:00:00,59.13,59.33,59.1,59.12,84,59.12,15.0
2025-11-20 18:15:00,59.08,59.19,58.91,59.13,128,59.13,15.0
2025-11-20 18:30:00,59.13,59.2,58.89,58.89,163,58.89,15.0
2025-11-20 18:45:00,58.87,58.93,58.58,58.67,249,58.67,15.0
2025-11-20 19:00:00,58.68,59.15,58.68,59.06,97,59.06,15.0
2025-11-20 19:15:00,58.93,59.08,58.7,58.7,132,58.7,15.0
2025-11-20 19:30:00,58.7,58.83,58.49,58.49,298,58.49,15.0
2025-11-20 19:45:00,58.49,58.66,58.41,58.61,133,58.61,15.0
2025-11-20 20:00:00,58.63,59.47,58.63,59.47,101,59.47,15.0
2025-11-20 20:15:00,59.44,59.44,58.96,59.04,62,59.04,15.0
2025-11-20 20:30:00,59.07,59.16,58.86,58.9,111,58.9,15.0
2025-11-20 20:45:00,58.9,58.91,58.56,58.56,126,58.56,15.0
2025-11-20 21:00:00,58.57,58.75,58.5,58.7,90,58.7,15.0
2025-11-20 21:15:00,58.69,58.85,58.62,58.77,95,58.77,15.0
2025-11-20 21:30:00,58.79,58.79,58.49,58.66,60,58.66,15.0
2025-11-20 21:45:00,58.59,58.78,58.46,58.78,103,58.78,15.0
2025-11-20 22:00:00,58.74,58.74,58.46,58.5,74,58.5,15.0
2025-11-20 22:15:00,58.51,58.87,58.51,58.68,145,58.68,15.0
2025-11-20 22:30:00,58.7,58.76,58.61,58.65,249,58.65,15.0
2025-11-20 22:45:00,58.68,58.87,58.67,58.75,710,58.75,15.0
2025-11-20 23:00:00,58.73,58.73,58.73,58.73,213,58.73,15.0
2025-11-21 16:30:00,58.83,59.52,58.42,59.12,128,59.12,15.0
2025-11-21 16:45:00,59.35,59.52,59.06,59.4,100,59.4,15.0
2025-11-21 17:00:00,59.36,59.67,59.21,59.51,78,59.51,15.0
2025-11-21 17:15:00,59.54,60.0,59.2,60.0,170,60.0,15.0
2025-11-21 17:30:00,60.02,60.27,59.84,60.04,115,60.04,15.0
2025-11-21 17:45:00,60.02,60.37,59.95,60.28,79,60.28,15.0
2025-11-21 18:00:00,60.31,60.44,60.23,60.31,54,60.31,15.0
2025-11-21 18:15:00,60.3,60.71,60.08,60.71,78,60.71,15.0
2025-11-21 18:30:00,60.72,61.3,60.72,61.2,175,61.2,15.0
2025-11-21 18:45:00,61.18,62.11,61.18,62.11,162,62.11,15.0
2025-11-21 19:00:00,62.06,62.55,61.94,62.45,243,62.45,15.0
2025-11-21 19:15:00,62.45,62.49,62.01,62.11,128,62.11,15.0
2025-11-21 19:30:00,62.11,62.32,62.02,62.11,197,62.11,15.0
2025-11-21 19:45:00,62.11,62.12,61.79,61.91,148,61.91,15.0
2025-11-21 20:00:00,61.9,61.9,61.15,61.19,174,61.19,15.0
2025-11-21 20:15:00,61.16,61.38,61.16,61.3,80,61.3,15.0
2025-11-21 20:30:00,61.26,61.64,61.26,61.62,68,61.62,15.0
2025-11-21 20:45:00,61.64,61.78,61.49,61.71,71,61.71,15.0
2025-11-21 21:00:00,61.76,61.84,61.55,61.68,51,61.68,15.0
2025-11-21 21:15:00,61.65,61.83,61.55,61.69,67,61.69,15.0
2025-11-21 21:30:00,61.63,61.64,61.31,61.33,68,61.33,15.0
2025-11-21 21:45:00,61.35,61.44,61.26,61.33,57,61.33,15.0
2025-11-21 22:00:00,61.31,61.55,61.31,61.34,81,61.34,15.0
2025-11-21 22:15:00,61.33,61.41,61.23,61.23,126,61.23,15.0
2025-11-21 22:30:00,61.22,61.55,61.17,61.48,214,61.48,15.0
2025-11-21 22:45:00,61.48,61.69,61.46,61.53,949,61.53,15.0
2025-11-21 23:00:00,61.53,61.53,61.53,61.53,185,61.53,15.0
2025-11-24 16:30:00,61.29,61.88,61.16,61.68,202,61.68,15.0
2025-11-24 16:45:00,61.75,62.01,61.46,61.89,303,61.89,15.0
2025-11-24 17:00:00,61.94,62.14,61.73,62.14,102,62.14,15.0
2025-11-24 17:15:00,62.13,62.57,62.06,62.55,273,62.55,15.0
2025-11-24 17:30:00,62.55,62.74,62.53,62.57,250,62.57,15.0
2025-11-24 17:45:00,62.57,62.87,62.43,62.78,231,62.78,15.0
2025-11-24 18:00:00,62.78,63.09,62.76,62.99,189,62.99,15.0
2025-11-24 18:15:00,63.02,63.06,62.68,62.75,171,62.75,15.0
2025-11-24 18:30:00,62.72,62.79,62.58,62.62,251,62.62,15.0
2025-11-24 18:45:00,62.62,62.84,62.55,62.69,211,62.69,15.0
2025-11-24 19:00:00,62.67,62.74,62.57,62.67,101,62.67,15.0
2025-11-24 19:15:00,62.64,62.88,62.64,62.85,87,62.85,15.0
2025-11-24 19:30:00,62.83,62.88,62.76,62.86,43,62.86,15.0
2025-11-24 19:45:00,62.86,63.02,62.86,62.98,56,62.98,15.0
2025-11-24 20:00:00,63.0,63.07,62.92,63.07,71,63.07,15.0
2025-11-24 20:15:00,63.08,63.11,62.98,63.03,61,63.03,15.0
2025-11-24 20:30:00,63.0,63.09,62.96,63.09,86,63.09,15.0
2025-11-24 20:45:00,63.07,63.11,62.97,63.11,55,63.11,15.0
2025-11-24 21:00:00,63.11,63.21,63.02,63.06,143,63.06,15.0
2025-11-24 21:15:00,63.05,63.14,63.0,63.09,166,63.09,15.0
2025-11-24 21:30:00,63.1,63.1,62.99,63.05,125,63.05,15.0
2025-11-24 21:45:00,63.05,63.24,63.01,63.24,318,63.24,15.0
2025-11-24 22:00:00,63.25,63.52,63.24,63.48,346,63.48,15.0
2025-11-24 22:15:00,63.5,63.73,63.39,63.59,461,63.59,15.0
2025-11-24 22:30:00,63.59,64.04,63.59,64.04,764,64.04,15.0
2025-11-24 22:45:00,64.09,64.11,63.44,63.5,1754,63.5,15.0
2025-11-24 23:00:00,63.49,63.49,63.49,63.49,245,63.49,15.0
2025-11-25 16:30:00,64.03,64.43,63.36,64.14,148,64.14,15.0
2025-11-25 16:45:00,64.23,64.56,64.02,64.54,105,64.54,15.0
2025-11-25 17:00:00,64.5,65.08,64.5,64.68,153,64.68,15.0
2025-11-25 17:15:00,64.68,65.12,64.6,65.08,113,65.08,15.0
2025-11-25 17:30:00,65.07,65.37,65.07,65.35,181,65.35,15.0
2025-11-25 17:45:00,65.35,65.58,65.06,65.15,179,65.15,15.0
2025-11-25 18:00:00,65.2,65.35,65.1,65.18,115,65.18,15.0
2025-11-25 18:15:00,65.14,65.52,65.07,65.36,158,65.36,15.0
2025-11-25 18:30:00,65.38,65.45,65.1,65.25,128,65.25,15.0
2025-11-25 18:45:00,65.28,65.59,65.21,65.51,200,65.51,15.0
2025-11-25 19:00:00,65.51,65.67,65.42,65.42,118,65.42,15.0
2025-11-25 19:15:00,65.47,65.82,65.47,65.72,98,65.72,15.0
2025-11-25 19:30:00,65.73,65.78,65.51,65.53,119,65.53,15.0
2025-11-25 19:45:00,65.55,65.63,65.43,65.49,127,65.49,15.0
2025-11-25 20:00:00,65.49,65.53,65.24,65.24,100,65.24,15.0
2025-11-25 20:15:00,65.23,65.34,65.09,65.29,122,65.29,15.0
2025-11-25 20:30:00,65.28,65.35,65.22,65.23,89,65.23,15.0
2025-11-25 20:45:00,65.25,65.35,65.17,65.35,128,65.35,15.0
2025-11-25 21:00:00,65.35,65.42,65.21,65.26,80,65.26,15.0
2025-11-25 21:15:00,65.26,65.39,65.26,65.36,107,65.36,15.0
2025-11-25 21:30:00,65.36,65.43,65.3,65.4,95,65.4,15.0
2025-11-25 21:45:00,65.4,65.61,65.4,65.43,133,65.43,15.0
2025-11-25 22:00:00,65.43,65.67,65.43,65.66,176,65.66,15.0
2025-11-25 22:15:00,65.66,65.86,65.66,65.79,282,65.79,15.0
2025-11-25 22:30:00,65.78,65.99,65.76,65.78,371,65.78,15.0
2025-11-25 22:45:00,65.78,66.06,65.77,65.88,1137,65.88,15.0
2025-11-25 23:00:00,65.85,65.85,65.85,65.85,258,65.85,15.0
2025-11-26 16:30:00,65.44,65.65,65.1,65.23,183,65.23,15.0
2025-11-26 16:45:00,65.48,65.73,65.25,65.52,100,65.52,15.0
2025-11-26 17:00:00,65.54,65.74,64.81,65.1,95,65.1,15.0
2025-11-26 17:15:00,65.09,65.37,65.06,65.09,99,65.09,15.0
2025-11-26 17:30:00,65.1,65.18,64.19,64.19,322,64.19,15.0
2025-11-26 17:45:00,64.22,64.58,64.09,64.57,77,64.57,15.0
2025-11-26 18:00:00,64.55,64.58,64.19,64.47,163,64.47,15.0
2025-11-26 18:15:00,64.42,64.54,64.38,64.52,50,64.52,15.0
2025-11-26 18:30:00,64.43,64.58,64.39,64.55,51,64.55,15.0
2025-11-26 18:45:00,64.51,64.57,64.41,64.52,61,64.52,15.0
2025-11-26 19:00:00,64.52,64.67,64.45,64.61,132,64.61,15.0
2025-11-26 19:15:00,64.61,64.61,64.48,64.49,123,64.49,15.0
2025-11-26 19:30:00,64.49,64.61,64.39,64.54,156,64.54,15.0
2025-11-26 19:45:00,64.55,64.66,64.5,64.57,118,64.57,15.0
2025-11-26 20:00:00,64.57,64.64,64.4,64.48,68,64.48,15.0
2025-11-26 20:15:00,64.55,64.55,64.29,64.39,79,64.39,15.0
2025-11-26 20:30:00,64.38,64.43,64.3,64.37,62,64.37,15.0
2025-11-26 20:45:00,64.32,64.49,64.31,64.49,64,64.49,15.0
2025-11-26 21:00:00,64.46,64.52,64.42,64.49,77,64.49,15.0
2025-11-26 21:15:00,64.5,64.61,64.41,64.59,76,64.59,15.0
2025-11-26 21:30:00,64.53,64.77,64.52,64.65,63,64.65,15.0
2025-11-26 21:45:00,64.64,64.73,64.6,64.73,83,64.73,15.0
2025-11-26 22:00:00,64.73,64.78,64.65,64.76,61,64.76,15.0
2025-11-26 22:15:00,64.79,64.87,64.72,64.82,90,64.82,15.0
2025-11-26 22:30:00,64.82,64.87,64.71,64.75,212,64.75,15.0
2025-11-26 22:45:00,64.72,64.81,64.52,64.62,735,64.62,15.0
2025-11-26 23:00:00,64.63,64.63,64.63,64.63,165,64.63,15.0
2025-11-28 16:30:00,64.63,65.12,64.58,64.75,99,64.75,15.0
2025-11-28 16:45:00,64.75,64.84,64.18,64.55,59,64.55,15.0
2025-11-28 17:00:00,64.67,64.7,64.41,64.44,44,64.44,15.0
2025-11-28 17:15:00,64.43,64.69,64.37,64.59,80,64.59,15.0
2025-11-28 17:30:00,64.54,64.62,64.51,64.57,72,64.57,15.0
2025-11-28 17:45:00,64.54,64.68,64.52,64.63,87,64.63,15.0
2025-11-28 18:00:00,64.6,64.68,64.22,64.22,113,64.22,15.0
2025-11-28 18:15:00,64.2,64.45,64.05,64.42,51,64.42,15.0
2025-11-28 18:30:00,64.46,64.46,64.36,64.46,33,64.46,15.0
2025-11-28 18:45:00,64.49,64.57,64.43,64.57,29,64.57,15.0
2025-11-28 19:00:00,64.59,64.69,64.24,64.25,81,64.25,15.0
2025-11-28 19:15:00,64.28,64.32,64.18,64.27,286,64.27,15.0
2025-11-28 19:30:00,64.27,64.32,64.17,64.3,323,64.3,15.0
2025-11-28 19:45:00,64.3,64.66,63.99,64.51,791,64.51,15.0
2025-11-28 20:00:00,64.51,64.51,64.51,64.51,88,64.51,15.0
2025-12-01 16:30:00,63.78,65.03,63.57,64.87,159,64.87,15.0
2025-12-01 16:45:00,64.87,65.11,64.75,65.07,112,65.07,15.0
2025-12-01 17:00:00,65.14,65.25,64.97,65.04,231,65.04,15.0
2025-12-01 17:15:00,65.11,65.11,64.3,64.46,213,64.46,15.0
2025-12-01 17:30:00,64.46,64.75,64.39,64.69,175,64.69,15.0
2025-12-01 17:45:00,64.71,64.96,64.64,64.9,86,64.9,15.0
2025-12-01 18:00:00,64.91,64.95,64.77,64.78,88,64.78,15.0
2025-12-01 18:15:00,64.75,64.77,64.49,64.51,85,64.51,15.0
2025-12-01 18:30:00,64.54,64.71,64.5,64.59,124,64.59,15.0
2025-12-01 18:45:00,64.58,64.59,64.33,64.42,85,64.42,15.0
2025-12-01 19:00:00,64.42,64.51,64.27,64.37,144,64.37,15.0
2025-12-01 19:15:00,64.36,64.41,64.3,64.31,105,64.31,15.0
2025-12-01 19:30:00,64.31,64.52,64.17,64.34,133,64.34,15.0
2025-12-01 19:45:00,64.36,64.36,64.26,64.34,93,64.34,15.0
2025-12-01 20:00:00,64.35,64.56,64.35,64.41,131,64.41,15.0
2025-12-01 20:15:00,64.41,64.43,63.78,63.98,235,63.98,15.0
2025-12-01 20:30:00,63.98,63.98,63.76,63.9,161,63.9,15.0
2025-12-01 20:45:00,63.87,64.0,63.85,63.96,127,63.96,15.0
2025-12-01 21:00:00,63.94,64.06,63.88,64.05,215,64.05,15.0
2025-12-01 21:15:00,64.05,64.05,63.92,63.92,136,63.92,15.0
2025-12-01 21:30:00,63.92,64.05,63.81,63.93,108,63.93,15.0
2025-12-01 21:45:00,63.95,64.14,63.93,64.02,146,64.02,15.0
2025-12-01 22:00:00,64.02,64.02,63.72,63.76,164,63.76,15.0
2025-12-01 22:15:00,63.73,63.89,63.73,63.88,156,63.88,15.0
2025-12-01 22:30:00,63.89,63.91,63.73,63.86,213,63.86,15.0
2025-12-01 22:45:00,63.86,63.87,63.71,63.79,764,63.79,15.0
2025-12-01 23:00:00,63.76,63.76,63.76,63.76,177,63.76,15.0
2025-12-02 16:30:00,63.85,64.0,63.12,63.97,129,63.97,15.0
2025-12-02 16:45:00,63.83,63.93,63.17,63.22,75,63.22,15.0
2025-12-02 17:00:00,63.23,63.39,62.93,63.32,75,63.32,15.0
2025-12-02 17:15:00,63.37,63.49,63.24,63.27,145,63.27,15.0
2025-12-02 17:30:00,63.27,63.39,63.09,63.36,55,63.36,15.0
2025-12-02 17:45:00,63.39,63.64,63.39,63.62,57,63.62,15.0
2025-12-02 18:00:00,63.59,63.65,63.47,63.48,48,63.48,15.0
2025-12-02 18:15:00,63.45,63.48,63.29,63.38,79,63.38,15.0
2025-12-02 18:30:00,63.4,63.73,63.36,63.57,72,63.57,15.0
2025-12-02 18:45:00,63.5,63.58,63.23,63.23,80,63.23,15.0
2025-12-02 19:00:00,63.3,63.31,63.0,63.18,68,63.18,15.0
2025-12-02 19:15:00,63.21,63.31,63.19,63.19,49,63.19,15.0
2025-12-02 19:30:00,63.22,63.28,63.14,63.21,51,63.21,15.0
2025-12-02 19:45:00,63.16,63.16,62.84,62.87,24,62.87,15.0
2025-12-02 20:00:00,62.91,63.19,62.9,63.16,71,63.16,15.0
2025-12-02 20:15:00,63.18,63.4,63.17,63.29,112,63.29,15.0
2025-12-02 20:30:00,63.3,63.39,63.25,63.39,77,63.39,15.0
2025-12-02 20:45:00,63.41,63.46,63.29,63.38,207,63.38,15.0
2025-12-02 21:00:00,63.35,63.52,63.35,63.46,64,63.46,15.0
2025-12-02 21:15:00,63.42,63.44,63.35,63.43,57,63.43,15.0
2025-12-02 21:30:00,63.43,63.49,63.35,63.49,74,63.49,15.0
2025-12-02 21:45:00,63.48,63.48,63.46,63.46,6,63.46,15.0
2025-12-02 22:00:00,63.71,63.75,63.68,63.7,46,63.7,15.0
2025-12-02 22:15:00,63.7,63.75,63.63,63.68,134,63.68,15.0
2025-12-02 22:30:00,63.69,63.69,63.49,63.54,138,63.54,15.0
2025-12-02 22:45:00,63.53,63.53,62.87,62.92,922,62.92,15.0
2025-12-02 23:00:00,62.95,62.95,62.95,62.95,211,62.95,15.0
2025-12-03 16:30:00,63.33,64.58,63.11,64.55,314,64.55,15.0
2025-12-03 16:45:00,64.6,64.73,64.41,64.6,94,64.6,15.0
2025-12-03 17:00:00,64.61,64.64,63.91,63.91,198,63.91,15.0
2025-12-03 17:15:00,63.95,64.05,63.83,63.98,93,63.98,15.0
2025-12-03 17:30:00,63.94,63.97,63.41,63.42,120,63.42,15.0
2025-12-03 17:45:00,63.35,63.79,63.35,63.71,73,63.71,15.0
2025-12-03 18:00:00,63.7,64.02,63.68,64.02,69,64.02,15.0
2025-12-03 18:15:00,64.0,64.13,63.94,64.03,56,64.03,15.0
2025-12-03 18:30:00,64.03,64.27,64.03,64.14,94,64.14,15.0
2025-12-03 18:45:00,64.13,64.17,64.0,64.04,84,64.04,15.0
2025-12-03 19:00:00,64.03,64.19,63.96,64.18,105,64.18,15.0
2025-12-03 19:15:00,64.18,64.3,64.17,64.23,80,64.23,15.0
2025-12-03 19:30:00,64.26,64.4,64.23,64.36,116,64.36,15.0
2025-12-03 19:45:00,64.36,64.41,63.94,63.94,189,63.94,15.0
2025-12-03 20:00:00,63.95,63.95,63.82,63.85,65,63.85,15.0
2025-12-03 20:15:00,63.88,63.9,63.76,63.88,76,63.88,15.0
2025-12-03 20:30:00,63.88,63.89,63.75,63.81,115,63.81,15.0
2025-12-03 20:45:00,63.78,63.89,63.76,63.85,57,63.85,15.0
2025-12-03 21:00:00,63.91,63.95,63.86,63.95,84,63.95,15.0
2025-12-03 21:15:00,63.97,64.03,63.92,63.98,112,63.98,15.0
2025-12-03 21:30:00,63.98,63.98,63.82,63.91,109,63.91,15.0
2025-12-03 21:45:00,63.86,63.92,63.82,63.83,57,63.83,15.0
2025-12-03 22:00:00,63.82,63.83,63.59,63.61,135,63.61,15.0
2025-12-03 22:15:00,63.59,63.68,63.51,63.62,195,63.62,15.0
2025-12-03 22:30:00,63.53,63.94,63.45,63.67,357,63.67,15.0
2025-12-03 22:45:00,63.68,63.9,63.38,63.85,1267,63.85,15.0
2025-12-03 23:00:00,63.82,63.82,63.82,63.82,196,63.82,15.0
2025-12-04 16:30:00,63.78,63.78,62.35,62.58,77,62.58,15.0
2025-12-04 16:45:00,62.73,62.73,61.38,62.01,426,62.01,15.0
2025-12-04 17:00:00,61.96,62.1,61.27,61.59,232,61.59,15.0
2025-12-04 17:15:00,61.7,62.58,61.68,62.58,156,62.58,15.0
2025-12-04 17:30:00,62.62,63.6,62.62,63.33,263,63.33,15.0
2025-12-04 17:45:00,63.28,63.34,63.09,63.18,90,63.18,15.0
2025-12-04 18:00:00,63.17,63.49,63.16,63.4,221,63.4,15.0
2025-12-04 18:15:00,63.4,63.54,63.32,63.37,148,63.37,15.0
2025-12-04 18:30:00,63.35,63.44,63.26,63.41,80,63.41,15.0
2025-12-04 18:45:00,63.5,63.59,63.46,63.55,75,63.55,15.0
2025-12-04 19:00:00,63.5,63.57,63.31,63.35,74,63.35,15.0
2025-12-04 19:15:00,63.37,63.71,63.37,63.68,80,63.68,15.0
2025-12-04 19:30:00,63.68,63.79,63.52,63.52,79,63.52,15.0
2025-12-04 19:45:00,63.52,63.52,63.35,63.48,90,63.48,15.0
2025-12-04 20:00:00,63.42,63.49,63.28,63.31,64,63.31,15.0
2025-12-04 20:15:00,63.29,63.38,63.25,63.38,54,63.38,15.0
2025-12-04 20:30:00,63.42,63.51,63.18,63.26,91,63.26,15.0
2025-12-04 20:45:00,63.26,63.38,63.26,63.33,59,63.33,15.0
2025-12-04 21:00:00,63.33,63.37,63.16,63.19,51,63.19,15.0
2025-12-04 21:15:00,63.17,63.25,63.05,63.21,99,63.21,15.0
2025-12-04 21:30:00,63.21,63.42,63.08,63.3,79,63.3,15.0
2025-12-04 21:45:00,63.29,63.31,63.17,63.19,71,63.19,15.0
2025-12-04 22:00:00,63.19,63.32,63.17,63.32,126,63.32,15.0
2025-12-04 22:15:00,63.31,63.4,63.26,63.26,108,63.26,15.0
2025-12-04 22:30:00,63.26,63.3,63.17,63.24,182,63.24,15.0
2025-12-04 22:45:00,63.23,63.56,63.2,63.55,687,63.55,15.0
2025-12-04 23:00:00,63.54,63.54,63.54,63.54,162,63.54,15.0
2025-12-05 16:30:00,63.5,63.98,62.75,63.17,105,63.17,15.0
2025-12-05 16:45:00,63.14,63.14,62.77,62.85,108,62.85,15.0
2025-12-05 17:00:00,62.84,63.11,62.8,63.1,126,63.1,15.0
2025-12-05 17:15:00,63.14,63.21,62.57,62.89,143,62.89,15.0
2025-12-05 17:30:00,62.88,63.14,62.77,63.06,179,63.06,15.0
2025-12-05 17:45:00,63.06,63.27,63.04,63.12,102,63.12,15.0
2025-12-05 18:00:00,63.13,63.23,62.98,63.01,141,63.01,15.0
2025-12-05 18:15:00,63.01,63.11,62.94,62.97,174,62.97,15.0
2025-12-05 18:30:00,62.93,62.99,62.74,62.77,157,62.77,15.0
2025-12-05 18:45:00,62.78,62.84,62.59,62.59,85,62.59,15.0
2025-12-05 19:00:00,62.6,62.6,62.34,62.36,84,62.36,15.0
2025-12-05 19:15:00,62.33,62.38,62.3,62.35,156,62.35,15.0
2025-12-05 19:30:00,62.35,62.42,62.09,62.18,116,62.18,15.0
2025-12-05 19:45:00,62.17,62.52,62.16,62.52,123,62.52,15.0
2025-12-05 20:00:00,62.53,62.62,62.52,62.58,87,62.58,15.0
2025-12-05 20:15:00,62.58,62.58,62.36,62.53,64,62.53,15.0
2025-12-05 20:30:00,62.55,62.74,62.55,62.67,117,62.67,15.0
2025-12-05 20:45:00,62.67,62.7,62.59,62.6,118,62.6,15.0
2025-12-05 21:00:00,62.6,62.6,62.47,62.57,72,62.57,15.0
2025-12-05 21:15:00,62.56,62.6,62.44,62.44,69,62.44,15.0
2025-12-05 21:30:00,62.44,62.45,62.27,62.3,80,62.3,15.0
2025-12-05 21:45:00,62.28,62.37,62.21,62.37,107,62.37,15.0
2025-12-05 22:00:00,62.39,62.39,62.14,62.2,170,62.2,15.0
2025-12-05 22:15:00,62.21,62.28,62.03,62.06,237,62.06,15.0
2025-12-05 22:30:00,62.05,62.07,61.78,61.84,285,61.84,15.0
2025-12-05 22:45:00,61.84,61.84,61.47,61.69,1314,61.69,15.0
2025-12-05 23:00:00,61.68,61.68,61.68,61.68,175,61.68,15.0
2025-12-08 16:30:00,61.68,61.69,60.31,60.47,191,60.47,15.0
2025-12-08 16:45:00,60.4,60.92,60.1,60.89,126,60.89,15.0
2025-12-08 17:00:00,60.93,60.97,60.59,60.75,138,60.75,15.0
2025-12-08 17:15:00,60.68,60.8,60.58,60.8,123,60.8,15.0
2025-12-08 17:30:00,60.78,60.78,60.34,60.34,111,60.34,15.0
2025-12-08 17:45:00,60.34,60.49,60.3,60.33,177,60.33,15.0
2025-12-08 18:00:00,60.29,60.59,60.18,60.45,126,60.45,15.0
2025-12-08 18:15:00,60.45,60.51,60.31,60.48,119,60.48,15.0
2025-12-08 18:30:00,60.47,60.98,60.36,60.84,339,60.84,15.0
2025-12-08 18:45:00,60.86,60.87,60.72,60.84,138,60.84,15.0
2025-12-08 19:00:00,60.86,60.86,60.6,60.62,102,60.62,15.0
2025-12-08 19:15:00,60.6,60.67,60.41,60.64,236,60.64,15.0
2025-12-08 19:30:00,60.64,60.88,60.6,60.83,140,60.83,15.0
2025-12-08 19:45:00,60.82,60.92,60.78,60.9,144,60.9,15.0
2025-12-08 20:00:00,60.94,60.97,60.58,60.62,111,60.62,15.0
2025-12-08 20:15:00,60.63,60.65,60.2,60.25,192,60.25,15.0
2025-12-08 20:30:00,60.18,60.46,60.08,60.44,208,60.44,15.0
2025-12-08 20:45:00,60.45,61.06,60.45,60.64,209,60.64,15.0
2025-12-08 21:00:00,60.65,60.74,60.56,60.6,107,60.6,15.0
2025-12-08 21:15:00,60.55,60.7,60.53,60.65,124,60.65,15.0
2025-12-08 21:30:00,60.65,60.79,60.53,60.62,114,60.62,15.0
2025-12-08 21:45:00,60.59,60.59,60.07,60.12,163,60.12,15.0
2025-12-08 22:00:00,60.12,60.16,59.95,60.04,113,60.04,15.0
2025-12-08 22:15:00,60.03,60.33,60.03,60.18,181,60.18,15.0
2025-12-08 22:30:00,60.15,60.29,59.99,60.24,176,60.24,15.0
2025-12-08 22:45:00,60.25,60.32,60.02,60.3,847,60.3,15.0
2025-12-08 23:00:00,60.29,60.29,60.29,60.29,183,60.29,15.0
2025-12-09 16:30:00,60.04,60.6,59.89,60.17,81,60.17,15.0
2025-12-09 16:45:00,60.25,60.5,60.11,60.31,85,60.31,15.0
2025-12-09 17:00:00,60.32,60.34,59.93,60.16,177,60.16,15.0
2025-12-09 17:15:00,60.16,60.29,59.91,60.09,94,60.09,15.0
2025-12-09 17:30:00,60.1,60.16,59.67,59.69,221,59.69,15.0
2025-12-09 17:45:00,59.65,59.75,59.51,59.56,142,59.56,15.0
2025-12-09 18:00:00,59.55,59.95,59.49,59.88,187,59.88,15.0
2025-12-09 18:15:00,59.86,59.93,59.74,59.77,117,59.77,15.0
2025-12-09 18:30:00,59.8,59.84,59.51,59.52,103,59.52,15.0
2025-12-09 18:45:00,59.53,59.67,59.48,59.6,66,59.6,15.0
2025-12-09 19:00:00,59.62,59.62,59.44,59.51,132,59.51,15.0
2025-12-09 19:15:00,59.49,59.68,59.47,59.53,75,59.53,15.0
2025-12-09 19:30:00,59.55,59.62,59.42,59.51,129,59.51,15.0
2025-12-09 19:45:00,59.48,59.59,59.48,59.53,64,59.53,15.0
2025-12-09 20:00:00,59.52,59.52,59.43,59.52,76,59.52,15.0
2025-12-09 20:15:00,59.55,59.71,59.55,59.71,104,59.71,15.0
2025-12-09 20:30:00,59.73,59.77,59.62,59.7,100,59.7,15.0
2025-12-09 20:45:00,59.67,59.74,59.64,59.74,97,59.74,15.0
2025-12-09 21:00:00,59.73,59.75,59.68,59.75,56,59.75,15.0
2025-12-09 21:15:00,59.76,59.76,59.59,59.62,83,59.62,15.0
2025-12-09 21:30:00,59.64,59.7,59.63,59.66,123,59.66,15.0
2025-12-09 21:45:00,59.66,59.84,59.65,59.68,99,59.68,15.0
2025-12-09 22:00:00,59.68,59.71,59.34,59.34,211,59.34,15.0
2025-12-09 22:15:00,59.34,59.34,59.09,59.16,162,59.16,15.0
2025-12-09 22:30:00,59.16,59.23,58.97,58.97,261,58.97,15.0
2025-12-09 22:45:00,58.98,59.19,58.78,58.81,1022,58.81,15.0
2025-12-09 23:00:00,58.82,58.82,58.82,58.82,176,58.82,15.0
2025-12-10 16:30:00,58.82,60.04,58.82,60.02,123,60.02,15.0
2025-12-10 16:45:00,59.9,60.73,59.75,60.52,115,60.52,15.0
2025-12-10 17:00:00,60.5,60.51,59.59,59.89,234,59.89,15.0
2025-12-10 17:15:00,59.78,59.92,59.65,59.74,86,59.74,15.0
2025-12-10 17:30:00,59.7,59.83,59.57,59.82,95,59.82,15.0
2025-12-10 17:45:00,59.84,60.07,59.62,59.64,176,59.64,15.0
2025-12-10 18:00:00,59.64,59.75,59.44,59.55,131,59.55,15.0
2025-12-10 18:15:00,59.54,59.63,59.46,59.46,56,59.46,15.0
2025-12-10 18:30:00,59.46,59.46,59.14,59.24,94,59.24,15.0
2025-12-10 18:45:00,59.26,59.31,59.16,59.26,61,59.26,15.0
2025-12-10 19:00:00,59.25,59.33,59.19,59.32,82,59.32,15.0
2025-12-10 19:15:00,59.3,59.38,59.27,59.36,63,59.36,15.0
2025-12-10 19:30:00,59.36,59.51,59.18,59.2,117,59.2,15.0
2025-12-10 19:45:00,59.2,59.48,59.2,59.41,71,59.41,15.0
2025-12-10 20:00:00,59.44,59.45,59.27,59.44,54,59.44,15.0
2025-12-10 20:15:00,59.45,59.52,59.34,59.38,75,59.38,15.0
2025-12-10 20:30:00,59.32,59.56,59.32,59.56,90,59.56,15.0
2025-12-10 20:45:00,59.53,59.55,59.27,59.36,71,59.36,15.0
2025-12-10 21:00:00,59.35,60.06,59.34,59.99,175,59.99,15.0
2025-12-10 21:15:00,59.99,60.6,59.94,60.35,310,60.35,15.0
2025-12-10 21:30:00,60.36,61.0,60.25,60.55,366,60.55,15.0
2025-12-10 21:45:00,60.6,61.02,60.55,60.92,270,60.92,15.0
2025-12-10 22:00:00,60.96,61.01,60.61,60.94,125,60.94,15.0
2025-12-10 22:15:00,61.01,61.1,60.75,60.78,286,60.78,15.0
2025-12-10 22:30:00,60.8,61.2,60.75,60.89,303,60.89,15.0
2025-12-10 22:45:00,60.89,61.06,60.64,60.85,1231,60.85,15.0
2025-12-10 23:00:00,60.86,60.86,60.83,60.83,304,60.83,15.0
2025-12-11 16:30:00,60.36,61.16,60.29,60.42,225,60.42,15.0
2025-12-11 16:45:00,60.42,60.42,59.24,59.64,363,59.64,15.0
2025-12-11 17:00:00,59.68,59.88,59.39,59.74,180,59.74,15.0
2025-12-11 17:15:00,59.72,59.95,59.62,59.95,57,59.95,15.0
2025-12-11 17:30:00,59.92,60.41,59.65,60.41,178,60.41,15.0
2025-12-11 17:45:00,60.44,60.6,60.11,60.27,121,60.27,15.0
2025-12-11 18:00:00,60.26,60.34,60.02,60.15,160,60.15,15.0
2025-12-11 18:15:00,60.13,60.29,59.93,60.16,218,60.16,15.0
2025-12-11 18:30:00,60.16,60.47,60.16,60.43,126,60.43,15.0
2025-12-11 18:45:00,60.43,60.47,60.15,60.18,143,60.18,15.0
2025-12-11 19:00:00,60.22,60.68,60.22,60.58,127,60.58,15.0
2025-12-11 19:15:00,60.58,60.67,60.47,60.6,92,60.6,15.0
2025-12-11 19:30:00,60.6,60.68,60.48,60.54,115,60.54,15.0
2025-12-11 19:45:00,60.54,60.66,60.49,60.64,162,60.64,15.0
2025-12-11 20:00:00,60.66,60.68,60.6,60.66,103,60.66,15.0
2025-12-11 20:15:00,60.67,60.71,60.59,60.65,120,60.65,15.0
2025-12-11 20:30:00,60.66,60.69,60.43,60.45,92,60.45,15.0
2025-12-11 20:45:00,60.43,60.43,60.13,60.32,100,60.32,15.0
2025-12-11 21:00:00,60.35,60.44,60.23,60.3,135,60.3,15.0
2025-12-11 21:15:00,60.31,60.5,60.31,60.39,125,60.39,15.0
2025-12-11 21:30:00,60.38,60.53,60.29,60.5,211,60.5,15.0
2025-12-11 21:45:00,60.47,60.53,60.39,60.49,106,60.49,15.0
2025-12-11 22:00:00,60.51,60.56,60.45,60.51,82,60.51,15.0
2025-12-11 22:15:00,60.49,60.49,60.33,60.35,220,60.35,15.0
2025-12-11 22:30:00,60.35,60.48,60.09,60.17,210,60.17,15.0
2025-12-11 22:45:00,60.17,60.3,60.06,60.28,514,60.28,15.0
2025-12-11 23:00:00,60.26,60.26,60.26,60.26,157,60.26,15.0
2025-12-12 16:30:00,60.57,60.6,60.0,60.47,71,60.47,15.0
2025-12-12 16:45:00,60.54,60.54,59.92,60.11,43,60.11,15.0
2025-12-12 17:00:00,60.12,60.12,59.82,60.05,126,60.05,15.0
2025-12-12 17:15:00,60.04,60.29,59.83,60.05,77,60.05,15.0
2025-12-12 17:30:00,60.04,60.04,59.78,59.84,64,59.84,15.0
2025-12-12 17:45:00,59.78,59.86,59.58,59.72,170,59.72,15.0
2025-12-12 18:00:00,59.69,59.69,59.39,59.52,76,59.52,15.0
2025-12-12 18:15:00,59.54,59.59,59.41,59.48,56,59.48,15.0
2025-12-12 18:30:00,59.42,59.42,59.21,59.33,86,59.33,15.0
2025-12-12 18:45:00,59.31,59.41,59.12,59.22,71,59.22,15.0
2025-12-12 19:00:00,59.27,59.39,59.21,59.35,60,59.35,15.0
2025-12-12 19:15:00,59.31,59.49,59.31,59.4,83,59.4,15.0
2025-12-12 19:30:00,59.42,59.56,59.34,59.56,115,59.56,15.0
2025-12-12 19:45:00,59.61,59.63,59.52,59.56,34,59.56,15.0
2025-12-12 20:00:00,59.56,59.59,59.48,59.5,59,59.5,15.0
2025-12-12 20:15:00,59.53,59.54,58.94,59.02,209,59.02,15.0
2025-12-12 20:30:00,59.03,59.03,58.83,58.86,183,58.86,15.0
2025-12-12 20:45:00,58.83,58.91,58.7,58.83,177,58.83,15.0
2025-12-12 21:00:00,58.83,59.11,58.64,59.07,274,59.07,15.0
2025-12-12 21:15:00,59.05,59.13,58.94,59.02,221,59.02,15.0
2025-12-12 21:30:00,59.03,59.04,58.76,58.9,251,58.9,15.0
2025-12-12 21:45:00,58.95,59.01,58.81,58.93,212,58.93,15.0
2025-12-12 22:00:00,58.9,58.9,58.69,58.78,232,58.78,15.0
2025-12-12 22:15:00,58.86,58.86,58.57,58.65,237,58.65,15.0
2025-12-12 22:30:00,58.63,58.84,58.48,58.84,505,58.84,15.0
2025-12-12 22:45:00,58.84,58.92,58.24,58.53,1542,58.53,15.0
2025-12-12 23:00:00,58.51,58.51,58.51,58.51,336,58.51,15.0
2025-12-15 16:30:00,58.59,60.28,58.59,59.28,90,59.28,15.0
2025-12-15 16:45:00,59.4,59.4,58.84,58.85,71,58.85,15.0
2025-12-15 17:00:00,58.85,58.96,58.39,58.4,68,58.4,15.0
2025-12-15 17:15:00,58.29,58.3,57.6,57.61,144,57.61,15.0
2025-12-15 17:30:00,57.64,57.87,57.47,57.74,197,57.74,15.0
2025-12-15 17:45:00,57.79,57.79,57.43,57.51,170,57.51,15.0
2025-12-15 18:00:00,57.51,58.13,57.47,58.12,161,58.12,15.0
2025-12-15 18:15:00,58.09,58.28,58.04,58.13,71,58.13,15.0
2025-12-15 18:30:00,58.13,58.13,57.84,57.9,55,57.9,15.0
2025-12-15 18:45:00,57.9,57.92,57.81,57.88,72,57.88,15.0
2025-12-15 19:00:00,57.89,57.91,57.72,57.77,54,57.77,15.0
2025-12-15 19:15:00,57.75,57.8,57.69,57.79,88,57.79,15.0
2025-12-15 19:30:00,57.76,58.01,57.73,57.98,71,57.98,15.0
2025-12-15 19:45:00,57.97,57.98,57.69,57.92,190,57.92,15.0
2025-12-15 20:00:00,57.94,58.01,57.81,57.94,81,57.94,15.0
2025-12-15 20:15:00,57.96,58.06,57.93,57.97,61,57.97,15.0
2025-12-15 20:30:00,57.98,58.03,57.92,57.97,100,57.97,15.0
2025-12-15 20:45:00,57.99,58.25,57.93,58.19,172,58.19,15.0
2025-12-15 21:00:00,58.16,58.45,58.15,58.42,95,58.42,15.0
2025-12-15 21:15:00,58.44,58.48,58.3,58.36,89,58.36,15.0
2025-12-15 21:30:00,58.37,58.49,58.36,58.38,115,58.38,15.0
2025-12-15 21:45:00,58.38,58.45,58.33,58.45,64,58.45,15.0
2025-12-15 22:00:00,58.43,58.44,58.31,58.36,124,58.36,15.0
2025-12-15 22:15:00,58.36,58.41,58.27,58.39,106,58.39,15.0
2025-12-15 22:30:00,58.4,58.64,58.34,58.55,234,58.55,15.0
2025-12-15 22:45:00,58.53,58.76,58.53,58.69,646,58.69,15.0
2025-12-15 23:00:00,58.69,58.69,58.69,58.69,188,58.69,15.0
2025-12-16 16:30:00,58.74,58.9,58.11,58.11,72,58.11,15.0
2025-12-16 16:45:00,58.23,58.23,57.53,57.54,83,57.54,15.0
2025-12-16 17:00:00,57.59,57.78,56.98,57.18,226,57.18,15.0
2025-12-16 17:15:00,57.17,57.23,56.86,57.16,225,57.16,15.0
2025-12-16 17:30:00,57.16,57.48,57.09,57.43,341,57.43,15.0
2025-12-16 17:45:00,57.43,57.52,57.11,57.22,211,57.22,15.0
2025-12-16 18:00:00,57.2,57.31,57.15,57.22,253,57.22,15.0
2025-12-16 18:15:00,57.22,57.25,57.05,57.15,264,57.15,15.0
2025-12-16 18:30:00,57.13,57.39,57.09,57.24,218,57.24,15.0
2025-12-16 18:45:00,57.19,57.27,56.96,57.06,303,57.06,15.0
2025-12-16 19:00:00,57.09,57.31,57.06,57.29,245,57.29,15.0
2025-12-16 19:15:00,57.32,57.4,57.09,57.12,181,57.12,15.0
2025-12-16 19:30:00,57.14,57.19,57.0,57.09,227,57.09,15.0
2025-12-16 19:45:00,57.11,57.16,57.06,57.11,199,57.11,15.0
2025-12-16 20:00:00,57.08,57.12,56.93,56.99,206,56.99,15.0
2025-12-16 20:15:00,56.99,57.0,56.79,56.93,292,56.93,15.0
2025-12-16 20:30:00,56.92,57.15,56.87,57.13,353,57.13,15.0
2025-12-16 20:45:00,57.15,57.17,56.87,56.91,273,56.91,15.0
2025-12-16 21:00:00,56.9,56.92,56.59,56.68,371,56.68,15.0
2025-12-16 21:15:00,56.66,56.91,56.59,56.76,244,56.76,15.0
2025-12-16 21:30:00,56.8,56.92,56.74,56.89,328,56.89,15.0
2025-12-16 21:45:00,56.85,56.96,56.78,56.91,323,56.91,15.0
2025-12-16 22:00:00,56.91,56.95,56.68,56.72,317,56.72,15.0
2025-12-16 22:15:00,56.7,57.05,56.65,56.98,323,56.98,15.0
2025-12-16 22:30:00,56.98,57.25,56.88,57.25,401,57.25,15.0
2025-12-16 22:45:00,57.25,57.61,57.24,57.43,935,57.43,15.0
2025-12-16 23:00:00,57.44,57.44,57.44,57.44,211,57.44,15.0
2025-12-17 16:30:00,57.36,57.62,57.18,57.42,63,57.42,15.0
2025-12-17 16:45:00,57.62,58.03,57.46,57.79,71,57.79,15.0
2025-12-17 17:00:00,57.82,58.28,57.78,58.28,88,58.28,15.0
2025-12-17 17:15:00,58.21,58.21,57.89,57.96,54,57.96,15.0
2025-12-17 17:30:00,57.99,58.27,57.86,57.89,165,57.89,15.0
2025-12-17 17:45:00,57.85,57.9,57.72,57.73,83,57.73,15.0
2025-12-17 18:00:00,57.76,57.86,57.48,57.56,335,57.56,15.0
2025-12-17 18:15:00,57.55,57.82,57.54,57.72,71,57.72,15.0
2025-12-17 18:30:00,57.69,57.91,57.68,57.91,160,57.91,15.0
2025-12-17 18:45:00,57.9,57.93,57.59,57.72,114,57.72,15.0
2025-12-17 19:00:00,57.71,57.71,57.5,57.66,103,57.66,15.0
2025-12-17 19:15:00,57.66,57.84,57.66,57.74,50,57.74,15.0
2025-12-17 19:30:00,57.65,57.73,57.6,57.6,37,57.6,15.0
2025-12-17 19:45:00,57.62,57.62,57.36,57.44,38,57.44,15.0
2025-12-17 20:00:00,57.46,57.61,57.34,57.34,148,57.34,15.0
2025-12-17 20:15:00,57.34,57.39,57.2,57.3,88,57.3,15.0
2025-12-17 20:30:00,57.28,57.3,57.06,57.21,96,57.21,15.0
2025-12-17 20:45:00,57.24,57.31,57.2,57.26,68,57.26,15.0
2025-12-17 21:00:00,57.28,57.3,57.09,57.11,98,57.11,15.0
2025-12-17 21:15:00,57.08,57.11,57.0,57.06,77,57.06,15.0
2025-12-17 21:30:00,57.03,57.09,56.93,56.96,87,56.96,15.0
2025-12-17 21:45:00,56.97,57.1,56.97,57.08,80,57.08,15.0
2025-12-17 22:00:00,57.1,57.23,57.07,57.23,84,57.23,15.0
2025-12-17 22:15:00,57.25,57.42,57.09,57.19,102,57.19,15.0
2025-12-17 22:30:00,57.16,57.25,57.07,57.19,179,57.19,15.0
2025-12-17 22:45:00,57.2,57.28,56.94,56.99,618,56.99,15.0
2025-12-17 23:00:00,56.99,56.99,56.99,56.99,181,56.99,15.0
2025-12-18 16:30:00,57.49,58.13,56.84,57.91,120,57.91,15.0
2025-12-18 16:45:00,57.91,58.32,57.91,58.32,184,58.32,15.0
2025-12-18 17:00:00,58.42,58.43,57.54,57.54,400,57.54,15.0
2025-12-18 17:15:00,57.45,57.54,57.16,57.44,81,57.44,15.0
2025-12-18 17:30:00,57.42,57.57,57.24,57.51,103,57.51,15.0
2025-12-18 17:45:00,57.56,57.57,57.23,57.24,64,57.24,15.0
2025-12-18 18:00:00,57.26,57.46,57.21,57.29,95,57.29,15.0
2025-12-18 18:15:00,57.34,57.63,57.3,57.59,122,57.59,15.0
2025-12-18 18:30:00,57.62,57.92,57.59,57.72,159,57.72,15.0
2025-12-18 18:45:00,57.73,57.84,57.56,57.56,83,57.56,15.0
2025-12-18 19:00:00,57.54,57.54,57.22,57.22,85,57.22,15.0
2025-12-18 19:15:00,57.21,57.21,56.9,57.1,93,57.1,15.0
2025-12-18 19:30:00,57.08,57.47,57.03,57.42,102,57.42,15.0
2025-12-18 19:45:00,57.43,57.43,57.03,57.24,116,57.24,15.0
2025-12-18 20:00:00,57.22,57.24,57.11,57.11,109,57.11,15.0
2025-12-18 20:15:00,57.11,57.23,57.11,57.16,106,57.16,15.0
2025-12-18 20:30:00,57.19,57.24,57.05,57.12,196,57.12,15.0
2025-12-18 20:45:00,57.14,57.14,57.01,57.08,88,57.08,15.0
2025-12-18 21:00:00,57.1,57.26,57.0,57.25,107,57.25,15.0
2025-12-18 21:15:00,57.26,57.26,57.0,57.15,95,57.15,15.0
2025-12-18 21:30:00,57.13,57.15,57.03,57.13,100,57.13,15.0
2025-12-18 21:45:00,57.13,57.23,57.0,57.02,122,57.02,15.0
2025-12-18 22:00:00,57.01,57.14,56.92,57.01,127,57.01,15.0
2025-12-18 22:15:00,57.03,57.33,57.03,57.19,182,57.19,15.0
2025-12-18 22:30:00,57.17,57.24,57.07,57.11,359,57.11,15.0
2025-12-18 22:45:00,57.11,57.3,57.05,57.11,805,57.11,15.0
2025-12-18 23:00:00,57.1,57.1,57.1,57.1,231,57.1,15.0
2025-12-19 16:30:00,57.28,57.53,57.03,57.25,157,57.25,15.0
2025-12-19 16:45:00,57.32,57.6,57.14,57.54,101,57.54,15.0
2025-12-19 17:00:00,57.54,57.76,57.46,57.76,92,57.76,15.0
2025-12-19 17:15:00,57.79,58.3,57.62,58.23,193,58.23,15.0
2025-12-19 17:30:00,58.23,58.38,58.07,58.07,161,58.07,15.0
2025-12-19 17:45:00,58.11,58.21,58.0,58.09,144,58.09,15.0
2025-12-19 18:00:00,58.08,58.22,57.98,58.15,129,58.15,15.0
2025-12-19 18:15:00,58.15,58.18,58.02,58.15,83,58.15,15.0
2025-12-19 18:30:00,58.16,58.2,58.08,58.16,70,58.16,15.0
2025-12-19 18:45:00,58.14,58.29,58.13,58.29,108,58.29,15.0
2025-12-19 19:00:00,58.28,58.47,58.19,58.28,162,58.28,15.0
2025-12-19 19:15:00,58.28,58.37,58.19,58.37,103,58.37,15.0
2025-12-19 19:30:00,58.38,58.41,58.22,58.26,70,58.26,15.0
2025-12-19 19:45:00,58.24,58.68,58.16,58.68,235,58.68,15.0
2025-12-19 20:00:00,58.67,58.87,58.66,58.78,194,58.78,15.0
2025-12-19 20:15:00,58.8,58.83,58.55,58.57,90,58.57,15.0
2025-12-19 20:30:00,58.58,58.63,58.46,58.46,65,58.46,15.0
2025-12-19 20:45:00,58.45,58.52,58.38,58.43,63,58.43,15.0
2025-12-19 21:00:00,58.41,58.42,58.24,58.41,71,58.41,15.0
2025-12-19 21:15:00,58.38,58.55,58.36,58.47,95,58.47,15.0
2025-12-19 21:30:00,58.48,58.7,58.47,58.67,65,58.67,15.0
2025-12-19 21:45:00,58.66,58.73,58.48,58.5,87,58.5,15.0
2025-12-19 22:00:00,58.52,58.58,58.25,58.25,150,58.25,15.0
2025-12-19 22:15:00,58.27,58.35,58.15,58.23,152,58.23,15.0
2025-12-19 22:30:00,58.26,58.41,58.16,58.28,227,58.28,15.0
2025-12-19 22:45:00,58.28,58.41,58.03,58.29,738,58.29,15.0
2025-12-19 23:00:00,58.27,58.27,58.27,58.27,425,58.27,15.0
2025-12-22 16:30:00,58.28,58.79,58.02,58.75,225,58.75,15.0
2025-12-22 16:45:00,58.75,58.98,58.58,58.66,149,58.66,15.0
2025-12-22 17:00:00,58.56,58.67,58.28,58.64,82,58.64,15.0
2025-12-22 17:15:00,58.64,59.08,58.64,58.99,43,58.99,15.0
2025-12-22 17:30:00,59.02,59.09,58.84,59.0,57,59.0,15.0
2025-12-22 17:45:00,58.97,59.35,58.97,59.16,67,59.16,15.0
2025-12-22 18:00:00,59.13,59.35,59.09,59.28,62,59.28,15.0
2025-12-22 18:15:00,59.24,59.26,59.15,59.22,31,59.22,15.0
2025-12-22 18:30:00,59.22,59.36,59.13,59.33,82,59.33,15.0
2025-12-22 18:45:00,59.33,59.35,59.18,59.25,107,59.25,15.0
2025-12-22 19:00:00,59.26,59.39,59.26,59.3,71,59.3,15.0
2025-12-22 19:15:00,59.28,59.3,59.04,59.05,51,59.05,15.0
2025-12-22 19:30:00,59.05,59.12,59.0,59.12,149,59.12,15.0
2025-12-22 19:45:00,59.12,59.21,59.02,59.18,86,59.18,15.0
2025-12-22 20:00:00,59.19,59.31,59.1,59.25,65,59.25,15.0
2025-12-22 20:15:00,59.23,59.35,59.17,59.35,60,59.35,15.0
2025-12-22 20:30:00,59.35,59.36,59.14,59.25,68,59.25,15.0
2025-12-22 20:45:00,59.24,59.24,59.12,59.16,95,59.16,15.0
2025-12-22 21:00:00,59.18,59.23,59.13,59.22,129,59.22,15.0
2025-12-22 21:15:00,59.2,59.27,59.15,59.27,149,59.27,15.0
2025-12-22 21:30:00,59.28,59.33,59.2,59.26,152,59.26,15.0
2025-12-22 21:45:00,59.27,59.34,59.23,59.23,85,59.23,15.0
2025-12-22 22:00:00,59.23,59.3,59.19,59.24,98,59.24,15.0
2025-12-22 22:15:00,59.24,59.31,59.17,59.25,103,59.25,15.0
2025-12-22 22:30:00,59.25,59.32,59.17,59.17,132,59.17,15.0
2025-12-22 22:45:00,59.18,59.2,58.94,58.96,498,58.96,15.0
2025-12-22 23:00:00,58.96,58.96,58.96,58.96,130,58.96,15.0
2025-12-23 16:30:00,59.08,59.26,58.73,58.89,59,58.89,15.0
2025-12-23 16:45:00,58.89,58.98,58.61,58.63,129,58.63,15.0
2025-12-23 17:00:00,58.62,58.77,58.54,58.62,53,58.62,15.0
2025-12-23 17:15:00,58.65,59.17,58.65,59.07,122,59.07,15.0
2025-12-23 17:30:00,59.11,59.25,59.07,59.25,93,59.25,15.0
2025-12-23 17:45:00,59.25,59.26,58.96,59.18,104,59.18,15.0
2025-12-23 18:00:00,59.2,59.31,59.14,59.2,69,59.2,15.0
2025-12-23 18:15:00,59.21,59.22,59.02,59.08,147,59.08,15.0
2025-12-23 18:30:00,59.07,59.07,58.9,58.97,71,58.97,15.0
2025-12-23 18:45:00,58.97,59.05,58.96,58.99,87,58.99,15.0
2025-12-23 19:00:00,58.99,59.35,58.9,59.27,235,59.27,15.0
2025-12-23 19:15:00,59.29,59.33,59.24,59.29,42,59.29,15.0
2025-12-23 19:30:00,59.29,59.58,59.28,59.47,105,59.47,15.0
2025-12-23 19:45:00,59.47,59.47,59.34,59.34,48,59.34,15.0
2025-12-23 20:00:00,59.35,59.38,59.25,59.26,50,59.26,15.0
2025-12-23 20:15:00,59.28,59.45,59.28,59.45,52,59.45,15.0
2025-12-23 20:30:00,59.45,59.47,59.35,59.39,66,59.39,15.0
2025-12-23 20:45:00,59.39,59.39,59.24,59.32,81,59.32,15.0
2025-12-23 21:00:00,59.32,59.48,59.3,59.4,77,59.4,15.0
2025-12-23 21:15:00,59.39,59.54,59.39,59.44,78,59.44,15.0
2025-12-23 21:30:00,59.44,59.47,59.34,59.36,53,59.36,15.0
2025-12-23 21:45:00,59.36,59.39,59.25,59.35,66,59.35,15.0
2025-12-23 22:00:00,59.35,59.46,59.22,59.3,157,59.3,15.0
2025-12-23 22:15:00,59.32,59.32,59.21,59.21,125,59.21,15.0
2025-12-23 22:30:00,59.23,59.39,59.22,59.37,137,59.37,15.0
2025-12-23 22:45:00,59.37,59.42,58.99,59.26,652,59.26,15.0
2025-12-23 23:00:00,59.25,59.25,59.25,59.25,189,59.25,15.0
2025-12-24 16:30:00,59.0,59.19,58.72,58.91,187,58.91,15.0
2025-12-24 16:45:00,58.76,59.01,58.75,58.76,33,58.76,15.0
2025-12-24 17:00:00,58.86,59.01,58.8,59.01,99,59.01,15.0
2025-12-24 17:15:00,59.05,59.29,59.05,59.29,22,59.29,15.0
2025-12-24 17:30:00,59.22,59.22,59.07,59.16,35,59.16,15.0
2025-12-24 17:45:00,59.09,59.33,59.05,59.33,32,59.33,15.0
2025-12-24 18:00:00,59.3,59.3,59.15,59.27,38,59.27,15.0
2025-12-24 18:15:00,59.27,59.27,59.15,59.18,28,59.18,15.0
2025-12-24 18:30:00,59.2,59.27,59.11,59.27,30,59.27,15.0
2025-12-24 18:45:00,59.27,59.27,59.13,59.15,26,59.15,15.0
2025-12-24 19:00:00,59.14,59.27,59.14,59.24,28,59.24,15.0
2025-12-24 19:15:00,59.23,59.32,59.23,59.26,33,59.26,15.0
2025-12-24 19:30:00,59.27,59.45,59.27,59.42,45,59.42,15.0
2025-12-24 19:45:00,59.41,59.42,59.19,59.19,324,59.19,15.0
2025-12-24 20:00:00,59.19,59.19,59.19,59.19,126,59.19,15.0
2025-12-26 16:30:00,59.17,59.27,58.99,59.02,43,59.02,15.0
2025-12-26 16:45:00,59.05,59.23,58.91,59.22,45,59.22,15.0
2025-12-26 17:00:00,59.17,59.32,59.05,59.31,50,59.31,15.0
2025-12-26 17:15:00,59.24,59.34,59.24,59.26,30,59.26,15.0
2025-12-26 17:30:00,59.28,59.28,59.13,59.25,54,59.25,15.0
2025-12-26 17:45:00,59.25,59.25,59.13,59.14,21,59.14,15.0
2025-12-26 18:00:00,59.13,59.29,58.99,58.99,54,58.99,15.0
2025-12-26 18:15:00,58.96,58.98,58.9,58.92,41,58.92,15.0
2025-12-26 18:30:00,58.96,58.98,58.87,58.87,25,58.87,15.0
2025-12-26 18:45:00,58.89,58.9,58.77,58.88,36,58.88,15.0
2025-12-26 19:00:00,58.91,58.98,58.84,58.92,90,58.92,15.0
2025-12-26 19:15:00,58.91,58.91,58.79,58.91,25,58.91,15.0
2025-12-26 19:30:00,58.94,58.97,58.86,58.88,30,58.88,15.0
2025-12-26 19:45:00,58.85,58.91,58.82,58.86,33,58.86,15.0
2025-12-26 20:00:00,58.87,58.89,58.85,58.86,25,58.86,15.0
2025-12-26 20:15:00,58.88,58.88,58.81,58.86,9,58.86,15.0
2025-12-26 20:30:00,58.84,58.94,58.84,58.91,14,58.91,15.0
2025-12-26 20:45:00,58.89,58.91,58.85,58.87,10,58.87,15.0
2025-12-26 21:00:00,58.88,58.95,58.85,58.95,22,58.95,15.0
2025-12-26 21:15:00,58.93,58.93,58.86,58.89,20,58.89,15.0
2025-12-26 21:30:00,58.9,58.93,58.87,58.9,29,58.9,15.0
2025-12-26 21:45:00,58.88,58.9,58.81,58.85,40,58.85,15.0
2025-12-26 22:00:00,58.88,59.02,58.87,59.02,33,59.02,15.0
2025-12-26 22:15:00,59.0,59.06,58.97,59.06,43,59.06,15.0
2025-12-26 22:30:00,59.07,59.11,59.05,59.09,93,59.09,15.0
2025-12-26 22:45:00,59.09,59.26,58.99,59.23,343,59.23,15.0
2025-12-26 23:00:00,59.22,59.22,59.22,59.22,148,59.22,15.0
2025-12-29 16:30:00,59.18,59.64,59.13,59.51,37,59.51,15.0
2025-12-29 16:45:00,59.46,59.46,59.09,59.17,32,59.17,15.0
2025-12-29 17:00:00,59.11,59.42,59.11,59.33,59,59.33,15.0
2025-12-29 17:15:00,59.33,59.38,59.17,59.28,40,59.28,15.0
2025-12-29 17:30:00,59.19,59.2,59.03,59.09,39,59.09,15.0
2025-12-29 17:45:00,59.05,59.11,58.95,59.02,56,59.02,15.0
2025-12-29 18:00:00,59.03,59.19,58.99,59.12,77,59.12,15.0
2025-12-29 18:15:00,59.11,59.11,58.84,59.03,50,59.03,15.0
2025-12-29 18:30:00,59.05,59.14,58.98,59.0,61,59.0,15.0
2025-12-29 18:45:00,59.0,59.1,58.96,59.09,82,59.09,15.0
2025-12-29 19:00:00,59.08,59.1,58.98,59.1,61,59.1,15.0
2025-12-29 19:15:00,59.1,59.1,58.92,58.99,59,58.99,15.0
2025-12-29 19:30:00,58.99,59.06,58.93,59.02,59,59.02,15.0
2025-12-29 19:45:00,59.05,59.08,59.02,59.07,69,59.07,15.0
2025-12-29 20:00:00,59.07,59.14,59.04,59.08,59,59.08,15.0
2025-12-29 20:15:00,59.08,59.12,59.05,59.06,53,59.06,15.0
2025-12-29 20:30:00,59.07,59.08,59.02,59.06,64,59.06,15.0
2025-12-29 20:45:00,59.06,59.07,58.97,58.97,47,58.97,15.0
2025-12-29 21:00:00,58.97,58.99,58.91,58.93,77,58.93,15.0
2025-12-29 21:15:00,58.93,59.0,58.91,58.95,66,58.95,15.0
2025-12-29 21:30:00,58.96,59.05,58.96,58.98,60,58.98,15.0
2025-12-29 21:45:00,58.98,58.98,58.9,58.97,66,58.97,15.0
2025-12-29 22:00:00,58.98,59.09,58.98,59.09,88,59.09,15.0
2025-12-29 22:15:00,59.1,59.12,59.03,59.06,94,59.06,15.0
2025-12-29 22:30:00,59.06,59.11,59.02,59.05,177,59.05,15.0
2025-12-29 22:45:00,59.05,59.26,59.04,59.25,540,59.25,15.0
2025-12-29 23:00:00,59.24,59.24,59.24,59.24,145,59.24,15.0
2025-12-30 16:30:00,58.91,59.25,58.54,59.08,110,59.08,15.0
2025-12-30 16:45:00,59.18,59.32,59.06,59.19,65,59.19,15.0
2025-12-30 17:00:00,59.08,59.09,58.89,58.92,29,58.92,15.0
2025-12-30 17:15:00,59.01,59.03,58.84,58.94,43,58.94,15.0
2025-12-30 17:30:00,58.95,58.99,58.85,58.9,41,58.9,15.0
2025-12-30 17:45:00,58.92,59.01,58.88,58.97,29,58.97,15.0
2025-12-30 18:00:00,59.0,59.02,58.85,58.93,76,58.93,15.0
2025-12-30 18:15:00,58.92,59.09,58.92,59.06,42,59.06,15.0
2025-12-30 18:30:00,59.06,59.06,58.82,58.89,89,58.89,15.0
2025-12-30 18:45:00,58.88,58.99,58.83,58.94,52,58.94,15.0
2025-12-30 19:00:00,58.94,59.07,58.82,58.82,103,58.82,15.0
2025-12-30 19:15:00,58.83,58.95,58.83,58.89,64,58.89,15.0
2025-12-30 19:30:00,58.9,59.05,58.9,58.96,63,58.96,15.0
2025-12-30 19:45:00,58.92,58.98,58.85,58.97,53,58.97,15.0
2025-12-30 20:00:00,58.95,58.96,58.91,58.95,37,58.95,15.0
2025-12-30 20:15:00,58.95,59.03,58.92,58.96,54,58.96,15.0
2025-12-30 20:30:00,58.97,59.04,58.94,59.04,41,59.04,15.0
2025-12-30 20:45:00,59.01,59.04,58.97,58.99,42,58.99,15.0
2025-12-30 21:00:00,58.99,59.07,58.95,59.06,58,59.06,15.0
2025-12-30 21:15:00,59.07,59.08,58.96,59.0,77,59.0,15.0
2025-12-30 21:30:00,59.02,59.09,59.02,59.07,51,59.07,15.0
2025-12-30 21:45:00,59.05,59.16,59.05,59.14,54,59.14,15.0
2025-12-30 22:00:00,59.17,59.2,59.12,59.15,70,59.15,15.0
2025-12-30 22:15:00,59.15,59.24,59.15,59.21,54,59.21,15.0
2025-12-30 22:30:00,59.2,59.32,59.16,59.22,118,59.22,15.0
2025-12-30 22:45:00,59.21,59.29,59.09,59.13,581,59.13,15.0
2025-12-30 23:00:00,59.12,59.12,59.12,59.12,157,59.12,15.0
2025-12-31 16:30:00,59.04,59.27,58.67,59.08,101,59.08,15.0
2025-12-31 16:45:00,59.07,59.31,59.06,59.17,22,59.17,15.0
2025-12-31 17:00:00,59.16,59.28,58.8,58.8,200,58.8,15.0
2025-12-31 17:15:00,58.82,58.95,58.7,58.95,28,58.95,15.0
2025-12-31 17:30:00,58.93,59.04,58.91,58.91,107,58.91,15.0
2025-12-31 17:45:00,58.95,59.02,58.89,58.96,37,58.96,15.0
2025-12-31 18:00:00,58.93,58.98,58.81,58.82,56,58.82,15.0
2025-12-31 18:15:00,58.83,58.86,58.75,58.85,50,58.85,15.0
2025-12-31 18:30:00,58.84,58.92,58.76,58.89,56,58.89,15.0
2025-12-31 18:45:00,58.89,59.04,58.89,58.98,46,58.98,15.0
2025-12-31 19:00:00,58.97,59.0,58.85,58.89,71,58.89,15.0
2025-12-31 19:15:00,58.89,58.92,58.84,58.87,26,58.87,15.0
2025-12-31 19:30:00,58.91,58.96,58.89,58.91,50,58.91,15.0
2025-12-31 19:45:00,58.9,58.95,58.9,58.93,57,58.93,15.0
2025-12-31 20:00:00,58.93,59.0,58.91,58.99,30,58.99,15.0
2025-12-31 20:15:00,58.99,58.99,58.79,58.81,66,58.81,15.0
2025-12-31 20:30:00,58.81,59.02,58.81,59.02,46,59.02,15.0
2025-12-31 20:45:00,59.01,59.04,58.95,59.03,66,59.03,15.0
2025-12-31 21:00:00,59.03,59.07,59.01,59.01,37,59.01,15.0
2025-12-31 21:15:00,58.99,59.01,58.96,58.97,43,58.97,15.0
2025-12-31 21:30:00,58.97,58.98,58.87,58.87,40,58.87,15.0
2025-12-31 21:45:00,58.84,58.9,58.84,58.86,27,58.86,15.0
2025-12-31 22:00:00,58.87,58.87,58.75,58.78,46,58.78,15.0
2025-12-31 22:15:00,58.78,58.82,58.67,58.71,94,58.71,15.0
2025-12-31 22:30:00,58.68,58.95,58.67,58.91,116,58.91,15.0
2025-12-31 22:45:00,58.9,58.92,58.78,58.81,486,58.81,15.0
2025-12-31 23:00:00,58.81,58.81,58.81,58.81,99,58.81,15.0
2026-01-02 16:30:00,58.81,59.16,58.51,59.16,88,59.16,15.0
2026-01-02 16:45:00,59.19,60.29,59.17,60.25,194,60.25,15.0
2026-01-02 17:00:00,60.26,60.53,59.75,59.96,275,59.96,15.0
2026-01-02 17:15:00,59.93,59.93,59.16,59.16,106,59.16,15.0
2026-01-02 17:30:00,59.14,59.35,58.96,59.27,226,59.27,15.0
2026-01-02 17:45:00,59.34,59.72,59.25,59.45,124,59.45,15.0
2026-01-02 18:00:00,59.45,59.64,59.3,59.55,103,59.55,15.0
2026-01-02 18:15:00,59.61,60.02,59.61,59.63,145,59.63,15.0
2026-01-02 18:30:00,59.68,59.88,59.62,59.85,144,59.85,15.0
2026-01-02 18:45:00,59.83,59.87,59.42,59.6,97,59.6,15.0
2026-01-02 19:00:00,59.6,59.61,59.28,59.32,100,59.32,15.0
2026-01-02 19:15:00,59.33,59.43,59.15,59.18,84,59.18,15.0
2026-01-02 19:30:00,59.19,59.37,59.16,59.35,101,59.35,15.0
2026-01-02 19:45:00,59.4,59.46,59.32,59.4,94,59.4,15.0
2026-01-02 20:00:00,59.4,59.4,59.16,59.27,115,59.27,15.0
2026-01-02 20:15:00,59.28,59.41,59.18,59.26,145,59.26,15.0
2026-01-02 20:30:00,59.24,59.46,59.19,59.44,247,59.44,15.0
2026-01-02 20:45:00,59.45,59.69,59.45,59.6,167,59.6,15.0
2026-01-02 21:00:00,59.59,59.9,59.56,59.9,324,59.9,15.0
2026-01-02 21:15:00,59.9,60.16,59.86,60.04,117,60.04,15.0
2026-01-02 21:30:00,60.05,60.12,59.95,60.06,88,60.06,15.0
2026-01-02 21:45:00,59.99,60.09,59.93,59.94,101,59.94,15.0
2026-01-02 22:00:00,59.88,60.1,59.81,59.96,216,59.96,15.0
2026-01-02 22:15:00,59.9,59.95,59.77,59.89,136,59.89,15.0
2026-01-02 22:30:00,59.86,59.97,59.73,59.76,285,59.76,15.0
2026-01-02 22:45:00,59.76,59.78,59.5,59.65,884,59.65,15.0
2026-01-02 23:00:00,59.65,59.65,59.65,59.65,221,59.65,15.0
2026-01-05 16:30:00,59.05,61.26,59.05,61.01,135,61.01,15.0
2026-01-05 16:45:00,60.94,61.07,60.62,60.94,121,60.94,15.0
2026-01-05 17:00:00,60.92,61.29,60.91,61.16,114,61.16,15.0
2026-01-05 17:15:00,61.17,61.31,60.77,61.3,113,61.3,15.0
2026-01-05 17:30:00,61.28,61.48,61.05,61.48,185,61.48,15.0
2026-01-05 17:45:00,61.42,61.43,61.21,61.28,65,61.28,15.0
2026-01-05 18:00:00,61.31,61.52,61.31,61.45,98,61.45,15.0
2026-01-05 18:15:00,61.52,61.7,61.38,61.6,57,61.6,15.0
2026-01-05 18:30:00,61.58,61.91,61.55,61.91,94,61.91,15.0
2026-01-05 18:45:00,61.92,62.21,61.9,62.13,84,62.13,15.0
2026-01-05 19:00:00,62.13,62.45,62.05,62.19,122,62.19,15.0
2026-01-05 19:15:00,62.19,62.36,62.01,62.01,119,62.01,15.0
2026-01-05 19:30:00,62.1,62.24,62.03,62.18,169,62.18,15.0
2026-01-05 19:45:00,62.15,62.15,61.96,61.99,70,61.99,15.0
2026-01-05 20:00:00,61.98,62.33,61.98,62.22,93,62.22,15.0
2026-01-05 20:15:00,62.2,62.24,62.09,62.21,49,62.21,15.0
2026-01-05 20:30:00,62.23,62.45,62.23,62.3,87,62.3,15.0
2026-01-05 20:45:00,62.32,62.44,62.24,62.31,69,62.31,15.0
2026-01-05 21:00:00,62.33,62.59,61.99,62.03,173,62.03,15.0
2026-01-05 21:15:00,62.07,62.5,62.07,62.44,221,62.44,15.0
2026-01-05 21:30:00,62.47,62.66,62.4,62.58,144,62.58,15.0
2026-01-05 21:45:00,62.64,62.73,62.55,62.68,137,62.68,15.0
2026-01-05 22:00:00,62.68,62.78,62.54,62.67,143,62.67,15.0
2026-01-05 22:15:00,62.67,62.93,62.62,62.86,273,62.86,15.0
2026-01-05 22:30:00,62.87,63.11,62.74,62.79,508,62.79,15.0
2026-01-05 22:45:00,62.72,63.14,62.72,63.05,1211,63.05,15.0
2026-01-05 23:00:00,63.03,63.03,63.03,63.03,202,63.03,15.0
2026-01-06 16:30:00,63.6,65.08,62.63,64.93,107,64.93,15.0
2026-01-06 16:45:00,64.88,65.82,64.67,65.76,365,65.76,15.0
2026-01-06 17:00:00,65.85,66.48,65.46,65.94,330,65.94,15.0
2026-01-06 17:15:00,65.85,65.86,65.25,65.29,377,65.29,15.0
2026-01-06 17:30:00,65.29,65.31,65.04,65.14,147,65.14,15.0
2026-01-06 17:45:00,65.14,65.27,64.92,65.19,175,65.19,15.0
2026-01-06 18:00:00,65.2,65.26,64.92,65.21,177,65.21,15.0
2026-01-06 18:15:00,65.21,65.38,65.13,65.29,233,65.29,15.0
2026-01-06 18:30:00,65.26,65.29,65.09,65.17,111,65.17,15.0
2026-01-06 18:45:00,65.15,65.28,64.99,65.01,103,65.01,15.0
2026-01-06 19:00:00,64.96,65.17,64.91,65.1,201,65.1,15.0
2026-01-06 19:15:00,65.13,65.22,65.09,65.09,139,65.09,15.0
2026-01-06 19:30:00,65.09,65.16,65.03,65.08,157,65.08,15.0
2026-01-06 19:45:00,65.1,65.11,64.72,64.74,163,64.74,15.0
2026-01-06 20:00:00,64.74,64.8,64.58,64.64,134,64.64,15.0
2026-01-06 20:15:00,64.66,64.83,64.66,64.83,73,64.83,15.0
2026-01-06 20:30:00,64.83,64.92,64.73,64.77,103,64.77,15.0
2026-01-06 20:45:00,64.77,64.94,64.75,64.82,86,64.82,15.0
2026-01-06 21:00:00,64.84,65.13,64.84,65.13,91,65.13,15.0
2026-01-06 21:15:00,65.12,65.32,65.12,65.3,176,65.3,15.0
2026-01-06 21:30:00,65.3,65.37,65.15,65.34,173,65.34,15.0
2026-01-06 21:45:00,65.34,65.41,65.29,65.3,169,65.3,15.0
2026-01-06 22:00:00,65.31,65.41,65.2,65.33,262,65.33,15.0
2026-01-06 22:15:00,65.35,65.44,65.33,65.43,124,65.43,15.0
2026-01-06 22:30:00,65.43,65.55,65.24,65.24,288,65.24,15.0
2026-01-06 22:45:00,65.25,65.38,65.22,65.26,759,65.26,15.0
2026-01-06 23:00:00,65.28,65.28,65.28,65.28,163,65.28,15.0
2026-01-07 16:30:00,65.16,65.52,64.67,65.39,137,65.39,15.0
2026-01-07 16:45:00,65.51,65.53,65.01,65.28,81,65.28,15.0
2026-01-07 17:00:00,65.28,65.28,64.96,65.1,83,65.1,15.0
2026-01-07 17:15:00,65.18,65.37,65.06,65.34,54,65.34,15.0
2026-01-07 17:30:00,65.37,65.51,65.24,65.32,54,65.32,15.0
2026-01-07 17:45:00,65.27,65.3,65.15,65.26,73,65.26,15.0
2026-01-07 18:00:00,65.26,65.36,65.18,65.34,69,65.34,15.0
2026-01-07 18:15:00,65.34,65.34,65.01,65.01,53,65.01,15.0
2026-01-07 18:30:00,65.06,65.18,65.01,65.1,89,65.1,15.0
2026-01-07 18:45:00,65.1,65.1,64.76,64.76,59,64.76,15.0
2026-01-07 19:00:00,64.78,64.89,64.67,64.77,95,64.77,15.0
2026-01-07 19:15:00,64.77,64.79,64.62,64.69,60,64.69,15.0
2026-01-07 19:30:00,64.69,64.76,64.64,64.66,68,64.66,15.0
2026-01-07 19:45:00,64.66,64.67,64.56,64.58,71,64.58,15.0
2026-01-07 20:00:00,64.58,64.71,64.52,64.68,74,64.68,15.0
2026-01-07 20:15:00,64.66,64.78,64.48,64.72,189,64.72,15.0
2026-01-07 20:30:00,64.71,64.78,64.63,64.64,91,64.64,15.0
2026-01-07 20:45:00,64.64,64.69,64.56,64.65,96,64.65,15.0
2026-01-07 21:00:00,64.65,64.73,64.52,64.66,127,64.66,15.0
2026-01-07 21:15:00,64.64,65.1,64.64,65.05,113,65.05,15.0
2026-01-07 21:30:00,65.07,65.22,65.01,65.05,98,65.05,15.0
2026-01-07 21:45:00,65.05,65.26,64.97,65.24,202,65.24,15.0
2026-01-07 22:00:00,65.2,65.32,65.18,65.23,193,65.23,15.0
2026-01-07 22:15:00,65.22,65.23,65.01,65.08,151,65.08,15.0
2026-01-07 22:30:00,65.11,65.21,65.06,65.09,167,65.09,15.0
2026-01-07 22:45:00,65.09,65.23,65.03,65.06,648,65.06,15.0
2026-01-07 23:00:00,65.05,65.05,65.05,65.05,183,65.05,15.0
2026-01-08 16:30:00,64.49,64.72,63.7,64.14,244,64.14,15.0
2026-01-08 16:45:00,63.96,64.42,63.51,64.27,176,64.27,15.0
2026-01-08 17:00:00,64.19,64.23,63.86,63.93,174,63.93,15.0
2026-01-08 17:15:00,63.93,64.1,63.65,63.66,139,63.66,15.0
2026-01-08 17:30:00,63.57,63.72,63.39,63.64,157,63.64,15.0
2026-01-08 17:45:00,63.68,64.17,63.47,64.15,191,64.15,15.0
2026-01-08 18:00:00,64.13,64.44,64.13,64.28,164,64.28,15.0
2026-01-08 18:15:00,64.28,64.37,64.14,64.23,128,64.23,15.0
2026-01-08 18:30:00,64.26,64.3,64.17,64.17,120,64.17,15.0
2026-01-08 18:45:00,64.17,64.22,64.02,64.18,113,64.18,15.0
2026-01-08 19:00:00,64.18,64.64,64.12,64.55,130,64.55,15.0
2026-01-08 19:15:00,64.56,64.65,64.51,64.58,77,64.58,15.0
2026-01-08 19:30:00,64.58,64.75,64.58,64.69,139,64.69,15.0
2026-01-08 19:45:00,64.68,64.71,64.54,64.54,57,64.54,15.0
2026-01-08 20:00:00,64.55,64.65,64.55,64.57,74,64.57,15.0
2026-01-08 20:15:00,64.56,64.71,64.5,64.7,87,64.7,15.0
2026-01-08 20:30:00,64.68,64.77,64.58,64.76,119,64.76,15.0
2026-01-08 20:45:00,64.74,64.9,64.74,64.84,50,64.84,15.0
2026-01-08 21:00:00,64.84,65.11,64.83,64.91,70,64.91,15.0
2026-01-08 21:15:00,64.89,64.92,64.81,64.82,79,64.82,15.0
2026-01-08 21:30:00,64.86,64.97,64.78,64.81,76,64.81,15.0
2026-01-08 21:45:00,64.81,64.83,64.11,64.13,190,64.13,15.0
2026-01-08 22:00:00,64.08,64.08,63.67,63.9,182,63.9,15.0
2026-01-08 22:15:00,63.88,64.24,63.77,64.17,234,64.17,15.0
2026-01-08 22:30:00,64.17,64.58,64.1,64.48,467,64.48,15.0
2026-01-08 22:45:00,64.5,64.69,64.41,64.58,771,64.58,15.0
2026-01-08 23:00:00,64.58,64.58,64.58,64.58,112,64.58,15.0
2026-01-09 16:30:00,65.32,66.16,64.95,66.06,252,66.06,15.0
2026-01-09 16:45:00,66.03,66.14,65.78,65.99,136,65.99,15.0
2026-01-09 17:00:00,66.06,66.21,65.34,65.48,160,65.48,15.0
2026-01-09 17:15:00,65.45,65.87,65.31,65.83,116,65.83,15.0
2026-01-09 17:30:00,65.88,66.12,65.46,66.01,355,66.01,15.0
2026-01-09 17:45:00,65.95,66.02,65.22,65.54,287,65.54,15.0
2026-01-09 18:00:00,65.59,65.68,65.37,65.61,87,65.61,15.0
2026-01-09 18:15:00,65.63,65.87,65.52,65.58,125,65.58,15.0
2026-01-09 18:30:00,65.57,65.93,65.53,65.92,106,65.92,15.0
2026-01-09 18:45:00,65.95,66.1,65.95,66.04,52,66.04,15.0
2026-01-09 19:00:00,66.05,66.61,66.01,66.46,158,66.46,15.0
2026-01-09 19:15:00,66.4,66.57,66.24,66.57,75,66.57,15.0
2026-01-09 19:30:00,66.59,66.64,66.34,66.48,89,66.48,15.0
2026-01-09 19:45:00,66.47,66.61,66.45,66.61,107,66.61,15.0
2026-01-09 20:00:00,66.59,66.69,66.47,66.6,163,66.6,15.0
2026-01-09 20:15:00,66.57,66.8,66.57,66.67,386,66.67,15.0
2026-01-09 20:30:00,66.7,66.83,66.66,66.69,179,66.69,15.0
2026-01-09 20:45:00,66.75,66.76,66.53,66.53,60,66.53,15.0
2026-01-09 21:00:00,66.56,66.95,66.5,66.89,452,66.89,15.0
2026-01-09 21:15:00,66.89,66.89,66.59,66.82,283,66.82,15.0
2026-01-09 21:30:00,66.84,66.84,66.36,66.37,216,66.37,15.0
2026-01-09 21:45:00,66.38,66.44,66.24,66.35,179,66.35,15.0
2026-01-09 22:00:00,66.32,66.42,66.21,66.28,162,66.28,15.0
2026-01-09 22:15:00,66.28,66.43,66.07,66.14,307,66.14,15.0
2026-01-09 22:30:00,66.14,66.19,65.98,66.11,368,66.11,15.0
2026-01-09 22:45:00,66.11,66.18,65.66,65.7,1722,65.7,15.0
2026-01-09 23:00:00,65.7,65.7,65.7,65.7,262,65.7,15.0
2026-01-12 16:30:00,65.76,66.82,65.76,66.58,138,66.58,15.0
2026-01-12 16:45:00,66.62,66.62,65.99,66.28,101,66.28,15.0
2026-01-12 17:00:00,66.26,66.62,65.53,65.66,101,65.66,15.0
2026-01-12 17:15:00,65.65,66.07,65.52,66.07,76,66.07,15.0
2026-01-12 17:30:00,66.07,66.48,66.05,66.37,154,66.37,15.0
2026-01-12 17:45:00,66.38,66.41,66.0,66.01,65,66.01,15.0
2026-01-12 18:00:00,65.97,66.37,65.92,66.34,137,66.34,15.0
2026-01-12 18:15:00,66.34,66.5,66.3,66.46,187,66.46,15.0
2026-01-12 18:30:00,66.43,66.52,66.41,66.48,173,66.48,15.0
2026-01-12 18:45:00,66.47,66.71,66.47,66.47,108,66.47,15.0
2026-01-12 19:00:00,66.46,66.7,65.93,65.93,342,65.93,15.0
2026-01-12 19:15:00,65.92,66.16,65.59,66.16,320,66.16,15.0
2026-01-12 19:30:00,66.16,66.16,65.77,66.0,93,66.0,15.0
2026-01-12 19:45:00,65.98,66.14,65.9,66.11,56,66.11,15.0
2026-01-12 20:00:00,66.11,66.15,65.91,65.93,65,65.93,15.0
2026-01-12 20:15:00,66.0,66.21,65.93,66.16,87,66.16,15.0
2026-01-12 20:30:00,66.16,66.43,66.16,66.43,102,66.43,15.0
2026-01-12 20:45:00,66.41,66.52,66.39,66.45,72,66.45,15.0
2026-01-12 21:00:00,66.45,66.58,66.43,66.52,116,66.52,15.0
2026-01-12 21:15:00,66.51,66.51,66.17,66.19,88,66.19,15.0
2026-01-12 21:30:00,66.2,66.21,65.93,66.07,143,66.07,15.0
2026-01-12 21:45:00,66.07,66.47,66.07,66.43,102,66.43,15.0
2026-01-12 22:00:00,66.47,66.53,66.4,66.43,95,66.43,15.0
2026-01-12 22:15:00,66.43,66.55,66.38,66.51,145,66.51,15.0
2026-01-12 22:30:00,66.53,66.54,66.42,66.48,137,66.48,15.0
2026-01-12 22:45:00,66.49,66.65,66.48,66.55,514,66.55,15.0
2026-01-12 23:00:00,66.56,66.56,66.56,66.56,135,66.56,15.0
2026-01-13 16:30:00,67.38,69.0,67.0,68.06,350,68.06,15.0
2026-01-13 16:45:00,68.0,68.09,67.03,67.31,189,67.31,15.0
2026-01-13 17:00:00,67.35,67.56,67.22,67.49,430,67.49,15.0
2026-01-13 17:15:00,67.5,67.52,67.25,67.37,226,67.37,15.0
2026-01-13 17:30:00,67.39,67.82,67.33,67.69,163,67.69,15.0
2026-01-13 17:45:00,67.67,67.68,67.32,67.48,332,67.48,15.0
2026-01-13 18:00:00,67.48,67.5,67.22,67.28,86,67.28,15.0
2026-01-13 18:15:00,67.28,67.58,66.96,67.04,188,67.04,15.0
2026-01-13 18:30:00,66.9,67.07,66.89,66.95,93,66.95,15.0
2026-01-13 18:45:00,66.95,66.95,66.04,66.52,246,66.52,15.0
2026-01-13 19:00:00,66.54,66.71,66.04,66.26,315,66.26,15.0
2026-01-13 19:15:00,66.3,66.46,66.0,66.08,209,66.08,15.0
2026-01-13 19:30:00,66.04,66.19,64.28,64.9,371,64.9,15.0
2026-01-13 19:45:00,64.93,65.24,64.74,64.83,120,64.83,15.0
2026-01-13 20:00:00,64.78,64.78,63.91,64.33,176,64.33,15.0
2026-01-13 20:15:00,64.42,64.73,64.22,64.72,152,64.72,15.0
2026-01-13 20:30:00,64.8,65.53,64.8,65.5,183,65.5,15.0
2026-01-13 20:45:00,65.56,65.84,65.52,65.61,171,65.61,15.0
2026-01-13 21:00:00,65.61,66.08,65.61,66.04,104,66.04,15.0
2026-01-13 21:15:00,65.97,66.17,65.94,66.11,109,66.11,15.0
2026-01-13 21:30:00,66.08,66.32,65.99,66.28,118,66.28,15.0
2026-01-13 21:45:00,66.3,66.64,66.17,66.52,204,66.52,15.0
2026-01-13 22:00:00,66.52,66.92,66.52,66.72,243,66.72,15.0
2026-01-13 22:15:00,66.73,66.83,66.33,66.45,253,66.45,15.0
2026-01-13 22:30:00,66.45,66.46,66.18,66.3,472,66.3,15.0
2026-01-13 22:45:00,66.3,66.43,66.06,66.38,951,66.38,15.0
2026-01-13 23:00:00,66.36,66.36,66.36,66.36,261,66.36,15.0
2026-01-14 16:30:00,66.79,67.32,65.81,66.82,181,66.82,15.0
2026-01-14 16:45:00,66.81,67.05,66.69,66.78,148,66.78,15.0
2026-01-14 17:00:00,66.71,67.04,66.65,66.79,207,66.79,15.0
2026-01-14 17:15:00,66.79,66.79,66.25,66.41,430,66.41,15.0
2026-01-14 17:30:00,66.37,66.87,66.23,66.69,286,66.69,15.0
2026-01-14 17:45:00,66.7,66.95,66.55,66.83,164,66.83,15.0
2026-01-14 18:00:00,66.86,67.49,66.73,67.43,221,67.43,15.0
2026-01-14 18:15:00,67.46,67.95,67.46,67.93,257,67.93,15.0
2026-01-14 18:30:00,67.92,67.96,67.62,67.65,188,67.65,15.0
2026-01-14 18:45:00,67.58,67.62,67.2,67.37,199,67.37,15.0
2026-01-14 19:00:00,67.41,67.54,67.22,67.26,97,67.26,15.0
2026-01-14 19:15:00,67.25,67.31,67.14,67.28,148,67.28,15.0
2026-01-14 19:30:00,67.26,67.26,67.01,67.22,78,67.22,15.0
2026-01-14 19:45:00,67.2,67.32,67.13,67.13,74,67.13,15.0
2026-01-14 20:00:00,67.14,67.52,67.11,67.5,103,67.5,15.0
2026-01-14 20:15:00,67.55,67.77,67.52,67.6,73,67.6,15.0
2026-01-14 20:30:00,67.61,67.65,67.47,67.56,100,67.56,15.0
2026-01-14 20:45:00,67.56,67.74,67.56,67.72,138,67.72,15.0
2026-01-14 21:00:00,67.72,68.05,67.58,67.99,198,67.99,15.0
2026-01-14 21:15:00,67.99,68.37,67.99,68.29,231,68.29,15.0
2026-01-14 21:30:00,68.28,68.44,68.12,68.3,285,68.3,15.0
2026-01-14 21:45:00,68.29,68.43,68.13,68.4,319,68.4,15.0
2026-01-14 22:00:00,68.41,68.46,68.13,68.34,280,68.34,15.0
2026-01-14 22:15:00,68.32,68.47,68.22,68.27,342,68.27,15.0
2026-01-14 22:30:00,68.27,68.42,68.12,68.19,552,68.19,15.0
2026-01-14 22:45:00,68.19,68.5,68.18,68.42,1183,68.42,15.0
2026-01-14 23:00:00,68.4,68.4,68.4,68.4,187,68.4,15.0
2026-01-15 16:30:00,68.45,69.57,67.98,68.77,407,68.77,15.0
2026-01-15 16:45:00,68.7,68.95,68.2,68.35,330,68.35,15.0
2026-01-15 17:00:00,68.35,69.18,68.34,69.0,223,69.0,15.0
2026-01-15 17:15:00,68.95,69.13,68.7,69.08,277,69.08,15.0
2026-01-15 17:30:00,69.05,69.05,68.73,68.9,411,68.9,15.0
2026-01-15 17:45:00,68.92,69.72,68.87,69.7,385,69.7,15.0
2026-01-15 18:00:00,69.67,69.85,69.54,69.77,197,69.77,15.0
2026-01-15 18:15:00,69.77,69.85,69.59,69.69,325,69.69,15.0
2026-01-15 18:30:00,69.71,69.81,69.46,69.66,380,69.66,15.0
2026-01-15 18:45:00,69.58,69.83,69.58,69.73,147,69.73,15.0
2026-01-15 19:00:00,69.73,69.8,69.62,69.75,157,69.75,15.0
2026-01-15 19:15:00,69.75,69.91,69.68,69.72,191,69.72,15.0
2026-01-15 19:30:00,69.71,69.76,69.61,69.67,75,69.67,15.0
2026-01-15 19:45:00,69.66,69.86,69.5,69.55,254,69.55,15.0
2026-01-15 20:00:00,69.56,69.89,69.56,69.88,170,69.88,15.0
2026-01-15 20:15:00,69.85,69.85,69.54,69.68,145,69.68,15.0
2026-01-15 20:30:00,69.7,70.18,69.7,70.13,256,70.13,15.0
2026-01-15 20:45:00,70.15,70.17,69.95,70.15,315,70.15,15.0
2026-01-15 21:00:00,70.13,70.6,70.08,70.5,408,70.5,15.0
2026-01-15 21:15:00,70.52,70.66,70.17,70.17,422,70.17,15.0
2026-01-15 21:30:00,70.15,70.33,70.04,70.08,375,70.08,15.0
2026-01-15 21:45:00,70.12,70.2,69.8,69.83,271,69.83,15.0
2026-01-15 22:00:00,69.79,69.94,69.72,69.91,228,69.91,15.0
2026-01-15 22:15:00,69.93,70.01,69.72,69.95,279,69.95,15.0
2026-01-15 22:30:00,69.92,70.28,69.92,70.17,443,70.17,15.0
2026-01-15 22:45:00,70.15,70.25,69.88,69.93,1883,69.93,15.0
2026-01-15 23:00:00,69.96,69.96,69.96,69.96,156,69.96,15.0
2026-01-16 16:30:00,70.3,70.3,68.4,68.48,517,68.48,15.0
2026-01-16 16:45:00,68.6,69.26,68.46,68.69,291,68.69,15.0
2026-01-16 17:00:00,68.69,69.08,68.4,68.96,345,68.96,15.0
2026-01-16 17:15:00,68.96,69.05,68.59,68.94,334,68.94,15.0
2026-01-16 17:30:00,68.93,68.96,68.21,68.54,342,68.54,15.0
2026-01-16 17:45:00,68.54,68.89,68.54,68.66,235,68.66,15.0
2026-01-16 18:00:00,68.75,68.77,68.55,68.63,138,68.63,15.0
2026-01-16 18:15:00,68.61,68.85,68.54,68.68,185,68.68,15.0
2026-01-16 18:30:00,68.67,69.03,68.62,69.03,297,69.03,15.0
2026-01-16 18:45:00,68.98,69.15,68.95,68.97,173,68.97,15.0
2026-01-16 19:00:00,68.97,69.03,68.9,68.98,96,68.98,15.0
2026-01-16 19:15:00,68.95,69.05,68.9,68.9,95,68.9,15.0
2026-01-16 19:30:00,68.91,68.98,68.69,68.74,131,68.74,15.0
2026-01-16 19:45:00,68.73,68.95,68.72,68.95,137,68.95,15.0
2026-01-16 20:00:00,68.94,69.04,68.87,69.04,162,69.04,15.0
2026-01-16 20:15:00,69.03,69.17,68.94,69.17,219,69.17,15.0
2026-01-16 20:30:00,69.15,69.24,69.11,69.13,160,69.13,15.0
2026-01-16 20:45:00,69.14,69.23,69.04,69.22,151,69.22,15.0
2026-01-16 21:00:00,69.21,69.56,69.18,69.45,224,69.45,15.0
2026-01-16 21:15:00,69.47,69.53,69.28,69.31,150,69.31,15.0
2026-01-16 21:30:00,69.3,69.33,69.19,69.29,212,69.29,15.0
2026-01-16 21:45:00,69.29,69.33,69.11,69.24,281,69.24,15.0
2026-01-16 22:00:00,69.26,69.27,68.96,68.97,219,68.97,15.0
2026-01-16 22:15:00,68.97,69.04,68.8,68.82,354,68.82,15.0
2026-01-16 22:30:00,68.81,69.01,68.74,68.99,341,68.99,15.0
2026-01-16 22:45:00,68.98,69.1,68.56,68.67,1015,68.67,15.0
2026-01-16 23:00:00,68.67,68.67,68.67,68.67,208,68.67,15.0
2026-01-20 16:30:00,67.52,67.98,66.42,67.38,228,67.38,15.0
2026-01-20 16:45:00,67.36,67.85,67.17,67.47,246,67.47,15.0
2026-01-20 17:00:00,67.42,67.78,67.26,67.73,658,67.73,15.0
2026-01-20 17:15:00,67.73,68.15,67.72,68.15,155,68.15,15.0
2026-01-20 17:30:00,68.14,68.81,68.1,68.73,255,68.73,15.0
2026-01-20 17:45:00,68.7,68.7,68.18,68.55,100,68.55,15.0
2026-01-20 18:00:00,68.5,68.63,68.22,68.49,129,68.49,15.0
2026-01-20 18:15:00,68.38,68.92,68.38,68.79,170,68.79,15.0
2026-01-20 18:30:00,68.82,69.28,68.77,68.96,233,68.96,15.0
2026-01-20 18:45:00,69.01,69.3,68.93,69.27,209,69.27,15.0
2026-01-20 19:00:00,69.26,69.49,69.25,69.41,137,69.41,15.0
2026-01-20 19:15:00,69.34,69.71,69.33,69.68,212,69.68,15.0
2026-01-20 19:30:00,69.61,69.7,69.5,69.61,143,69.61,15.0
2026-01-20 19:45:00,69.6,69.62,69.34,69.38,186,69.38,15.0
2026-01-20 20:00:00,69.38,69.51,69.12,69.51,113,69.51,15.0
2026-01-20 20:15:00,69.51,69.51,69.4,69.41,89,69.41,15.0
2026-01-20 20:30:00,69.42,69.74,69.32,69.56,164,69.56,15.0
2026-01-20 20:45:00,69.56,69.62,69.16,69.2,240,69.2,15.0
2026-01-20 21:00:00,69.2,69.45,69.2,69.33,279,69.33,15.0
2026-01-20 21:15:00,69.33,69.33,69.06,69.31,175,69.31,15.0
2026-01-20 21:30:00,69.32,69.33,68.93,69.12,175,69.12,15.0
2026-01-20 21:45:00,69.12,69.36,69.08,69.29,143,69.29,15.0
2026-01-20 22:00:00,69.27,69.56,69.21,69.4,147,69.4,15.0
2026-01-20 22:15:00,69.39,69.62,69.34,69.57,198,69.57,15.0
2026-01-20 22:30:00,69.57,69.63,69.29,69.43,287,69.43,15.0
2026-01-20 22:45:00,69.43,69.72,69.43,69.57,828,69.57,15.0
2026-01-20 23:00:00,69.57,69.57,69.57,69.57,136,69.57,15.0
2026-01-21 16:30:00,70.0,70.05,69.18,69.56,198,69.56,15.0
2026-01-21 16:45:00,69.57,69.76,69.35,69.45,158,69.45,15.0
2026-01-21 17:00:00,69.49,70.25,69.49,69.95,274,69.95,15.0
2026-01-21 17:15:00,69.95,70.65,69.95,70.63,391,70.63,15.0
2026-01-21 17:30:00,70.6,71.0,70.6,70.79,212,70.79,15.0
2026-01-21 17:45:00,70.82,70.93,70.32,70.34,146,70.34,15.0
2026-01-21 18:00:00,70.37,70.55,70.19,70.3,233,70.3,15.0
2026-01-21 18:15:00,70.28,70.44,70.18,70.29,118,70.29,15.0
2026-01-21 18:30:00,70.24,70.26,70.03,70.16,141,70.16,15.0
2026-01-21 18:45:00,70.01,70.31,69.98,70.17,111,70.17,15.0
2026-01-21 19:00:00,70.22,70.27,70.03,70.05,129,70.05,15.0
2026-01-21 19:15:00,70.03,70.27,69.96,70.26,170,70.26,15.0
2026-01-21 19:30:00,70.24,70.27,70.09,70.15,160,70.15,15.0
2026-01-21 19:45:00,70.16,70.58,70.11,70.49,320,70.49,15.0
2026-01-21 20:00:00,70.46,70.49,70.26,70.35,171,70.35,15.0
2026-01-21 20:15:00,70.36,70.47,70.23,70.47,165,70.47,15.0
2026-01-21 20:30:00,70.47,70.59,70.23,70.28,116,70.28,15.0
2026-01-21 20:45:00,70.25,70.36,70.22,70.28,102,70.28,15.0
2026-01-21 21:00:00,70.31,70.31,69.9,70.15,272,70.15,15.0
2026-01-21 21:15:00,70.13,71.03,70.13,70.91,382,70.91,15.0
2026-01-21 21:30:00,70.93,71.62,70.87,71.61,250,71.61,15.0
2026-01-21 21:45:00,71.61,71.61,70.93,71.19,165,71.19,15.0
2026-01-21 22:00:00,71.21,71.29,70.92,70.97,358,70.97,15.0
2026-01-21 22:15:00,70.97,71.11,70.76,71.07,270,71.07,15.0
2026-01-21 22:30:00,71.07,71.2,70.97,71.16,323,71.16,15.0
2026-01-21 22:45:00,71.15,71.49,71.11,71.38,1397,71.38,15.0
2026-01-21 23:00:00,71.38,71.38,71.38,71.38,192,71.38,15.0
2026-01-22 16:30:00,71.79,72.16,71.37,71.44,117,71.44,15.0
2026-01-22 16:45:00,71.21,71.54,70.98,71.1,110,71.1,15.0
2026-01-22 17:00:00,71.12,71.57,70.97,71.35,174,71.35,15.0
2026-01-22 17:15:00,71.45,71.62,71.02,71.03,204,71.03,15.0
2026-01-22 17:30:00,70.95,71.39,70.88,70.93,394,70.93,15.0
2026-01-22 17:45:00,70.93,71.0,70.74,70.83,141,70.83,15.0
2026-01-22 18:00:00,70.84,70.95,70.7,70.88,92,70.88,15.0
2026-01-22 18:15:00,70.9,70.95,70.76,70.77,145,70.77,15.0
2026-01-22 18:30:00,70.78,70.8,70.61,70.69,159,70.69,15.0
2026-01-22 18:45:00,70.7,70.77,70.48,70.52,223,70.52,15.0
2026-01-22 19:00:00,70.49,70.69,70.49,70.64,99,70.64,15.0
2026-01-22 19:15:00,70.63,70.74,70.58,70.71,180,70.71,15.0
2026-01-22 19:30:00,70.71,70.89,70.71,70.8,179,70.8,15.0
2026-01-22 19:45:00,70.82,71.01,70.82,70.86,173,70.86,15.0
2026-01-22 20:00:00,70.86,70.87,70.54,70.54,299,70.54,15.0
2026-01-22 20:15:00,70.54,70.57,70.26,70.27,214,70.27,15.0
2026-01-22 20:30:00,70.25,70.29,70.12,70.15,215,70.15,15.0
2026-01-22 20:45:00,70.19,70.19,69.93,70.0,207,70.0,15.0
2026-01-22 21:00:00,70.0,70.05,69.86,69.91,237,69.91,15.0
2026-01-22 21:15:00,69.91,70.06,69.72,69.84,190,69.84,15.0
2026-01-22 21:30:00,69.82,69.97,69.76,69.82,124,69.82,15.0
2026-01-22 21:45:00,69.81,69.89,69.67,69.68,191,69.68,15.0
2026-01-22 22:00:00,69.67,69.98,69.59,69.81,476,69.81,15.0
2026-01-22 22:15:00,69.85,69.97,69.73,69.73,291,69.73,15.0
2026-01-22 22:30:00,69.73,69.75,69.46,69.56,518,69.56,15.0
2026-01-22 22:45:00,69.56,69.81,69.3,69.65,1895,69.65,15.0
2026-01-22 23:00:00,69.65,69.65,69.65,69.65,158,69.65,15.0
2026-01-23 16:30:00,69.21,69.24,68.52,68.55,85,68.55,15.0
2026-01-23 16:45:00,68.59,68.87,68.43,68.74,118,68.74,15.0
2026-01-23 17:00:00,68.53,68.57,68.14,68.29,104,68.29,15.0
2026-01-23 17:15:00,68.29,68.72,68.08,68.71,104,68.71,15.0
2026-01-23 17:30:00,68.73,68.74,68.36,68.36,106,68.36,15.0
2026-01-23 17:45:00,68.42,68.53,68.19,68.21,116,68.21,15.0
2026-01-23 18:00:00,68.19,68.19,67.65,68.02,271,68.02,15.0
2026-01-23 18:15:00,68.02,68.26,68.01,68.11,155,68.11,15.0
2026-01-23 18:30:00,68.08,68.34,68.07,68.34,115,68.34,15.0
2026-01-23 18:45:00,68.32,68.32,67.89,67.99,129,67.99,15.0
2026-01-23 19:00:00,67.96,68.03,67.81,67.89,66,67.89,15.0
2026-01-23 19:15:00,67.85,67.99,67.67,67.73,97,67.73,15.0
2026-01-23 19:30:00,67.73,67.86,67.59,67.69,113,67.69,15.0
2026-01-23 19:45:00,67.69,67.69,67.48,67.51,68,67.51,15.0
2026-01-23 20:00:00,67.54,67.78,67.51,67.67,141,67.67,15.0
2026-01-23 20:15:00,67.68,67.79,67.58,67.63,120,67.63,15.0
2026-01-23 20:30:00,67.69,67.78,67.65,67.67,110,67.67,15.0
2026-01-23 20:45:00,67.71,67.77,67.54,67.72,106,67.72,15.0
2026-01-23 21:00:00,67.7,67.84,67.45,67.5,116,67.5,15.0
2026-01-23 21:15:00,67.52,67.66,67.5,67.55,71,67.55,15.0
2026-01-23 21:30:00,67.57,67.57,67.37,67.45,95,67.45,15.0
2026-01-23 21:45:00,67.41,67.54,67.39,67.53,104,67.53,15.0
2026-01-23 22:00:00,67.51,68.02,67.35,68.01,223,68.01,15.0
2026-01-23 22:15:00,67.98,68.13,67.8,67.91,215,67.91,15.0
2026-01-23 22:30:00,67.9,68.24,67.83,68.12,238,68.12,15.0
2026-01-23 22:45:00,68.12,68.2,68.01,68.17,937,68.17,15.0
2026-01-23 23:00:00,68.17,68.17,68.16,68.16,269,68.16,15.0
2026-01-26 16:30:00,67.69,68.03,66.94,67.72,250,67.72,15.0
2026-01-26 16:45:00,67.72,68.18,67.58,67.7,68,67.7,15.0
2026-01-26 17:00:00,67.63,67.73,67.45,67.52,97,67.52,15.0
2026-01-26 17:15:00,67.56,67.82,67.48,67.8,122,67.8,15.0
2026-01-26 17:30:00,67.78,67.89,67.7,67.74,135,67.74,15.0
2026-01-26 17:45:00,67.75,67.98,67.69,67.82,117,67.82,15.0
2026-01-26 18:00:00,67.83,67.83,67.6,67.73,157,67.73,15.0
2026-01-26 18:15:00,67.71,67.86,67.67,67.79,96,67.79,15.0
2026-01-26 18:30:00,67.86,68.09,67.73,68.03,159,68.03,15.0
2026-01-26 18:45:00,67.99,68.09,67.88,67.93,116,67.93,15.0
2026-01-26 19:00:00,67.88,67.9,67.29,67.39,311,67.39,15.0
2026-01-26 19:15:00,67.42,67.63,67.29,67.59,213,67.59,15.0
2026-01-26 19:30:00,67.59,67.7,67.5,67.58,416,67.58,15.0
2026-01-26 19:45:00,67.58,67.63,67.54,67.57,112,67.57,15.0
2026-01-26 20:00:00,67.55,67.58,67.37,67.49,184,67.49,15.0
2026-01-26 20:15:00,67.5,67.72,67.48,67.71,122,67.71,15.0
2026-01-26 20:30:00,67.75,67.8,67.59,67.6,108,67.6,15.0
2026-01-26 20:45:00,67.6,67.74,67.54,67.54,126,67.54,15.0
2026-01-26 21:00:00,67.54,67.6,67.45,67.53,116,67.53,15.0
2026-01-26 21:15:00,67.53,67.68,67.52,67.59,127,67.59,15.0
2026-01-26 21:30:00,67.6,67.82,67.57,67.82,140,67.82,15.0
2026-01-26 21:45:00,67.82,68.0,67.79,67.9,164,67.9,15.0
2026-01-26 22:00:00,67.9,68.1,67.87,67.99,164,67.99,15.0
2026-01-26 22:15:00,67.99,67.99,67.78,67.79,206,67.79,15.0
2026-01-26 22:30:00,67.79,68.04,67.79,67.85,288,67.85,15.0
2026-01-26 22:45:00,67.84,67.95,67.58,67.58,995,67.58,15.0
2026-01-26 23:00:00,67.63,67.63,67.63,67.63,169,67.63,15.0
2026-01-27 16:30:00,67.53,67.68,67.02,67.43,122,67.43,15.0
2026-01-27 16:45:00,67.51,68.04,67.41,67.79,273,67.79,15.0
2026-01-27 17:00:00,67.69,68.01,67.65,68.01,96,68.01,15.0
2026-01-27 17:15:00,67.91,68.38,67.78,68.28,149,68.28,15.0
2026-01-27 17:30:00,68.35,68.54,67.95,68.01,141,68.01,15.0
2026-01-27 17:45:00,67.98,67.98,67.69,67.83,92,67.83,15.0
2026-01-27 18:00:00,67.88,68.01,67.64,67.76,261,67.76,15.0
2026-01-27 18:15:00,67.75,68.03,67.75,67.99,294,67.99,15.0
2026-01-27 18:30:00,67.96,68.04,67.84,67.87,183,67.87,15.0
2026-01-27 18:45:00,67.87,67.88,67.61,67.61,88,67.61,15.0
2026-01-27 19:00:00,67.61,67.8,67.56,67.72,71,67.72,15.0
2026-01-27 19:15:00,67.72,67.72,67.45,67.52,141,67.52,15.0
2026-01-27 19:30:00,67.49,67.55,67.43,67.48,293,67.48,15.0
2026-01-27 19:45:00,67.47,67.77,67.46,67.68,141,67.68,15.0
2026-01-27 20:00:00,67.71,67.72,67.54,67.57,129,67.57,15.0
2026-01-27 20:15:00,67.57,67.69,67.55,67.66,319,67.66,15.0
2026-01-27 20:30:00,67.66,67.8,67.56,67.61,173,67.61,15.0
2026-01-27 20:45:00,67.62,67.68,67.4,67.45,110,67.45,15.0
2026-01-27 21:00:00,67.45,67.61,67.42,67.58,209,67.58,15.0
2026-01-27 21:15:00,67.59,67.69,67.58,67.67,262,67.67,15.0
2026-01-27 21:30:00,67.66,68.02,67.66,68.0,414,68.0,15.0
2026-01-27 21:45:00,68.01,68.3,67.94,68.07,359,68.07,15.0
2026-01-27 22:00:00,68.02,68.17,67.93,68.15,544,68.15,15.0
2026-01-27 22:15:00,68.15,68.3,68.06,68.3,444,68.3,15.0
2026-01-27 22:30:00,68.3,68.39,68.01,68.36,434,68.36,15.0
2026-01-27 22:45:00,68.39,68.46,68.09,68.23,1495,68.23,15.0
2026-01-27 23:00:00,68.23,68.23,68.23,68.23,166,68.23,15.0
2026-01-28 16:30:00,67.98,67.98,66.79,66.96,144,66.96,15.0
2026-01-28 16:45:00,66.89,67.61,66.36,66.37,260,66.37,15.0
2026-01-28 17:00:00,66.38,66.64,66.04,66.25,360,66.25,15.0
2026-01-28 17:15:00,66.38,66.63,66.24,66.3,118,66.3,15.0
2026-01-28 17:30:00,66.21,66.71,66.21,66.71,178,66.71,15.0
2026-01-28 17:45:00,66.68,66.69,66.25,66.25,141,66.25,15.0
2026-01-28 18:00:00,66.22,66.35,66.08,66.19,90,66.19,15.0
2026-01-28 18:15:00,66.16,66.59,66.13,66.59,160,66.59,15.0
2026-01-28 18:30:00,66.53,66.57,66.21,66.27,155,66.27,15.0
2026-01-28 18:45:00,66.32,66.52,66.26,66.44,100,66.44,15.0
2026-01-28 19:00:00,66.44,66.47,66.33,66.38,182,66.38,15.0
2026-01-28 19:15:00,66.39,66.56,66.29,66.29,81,66.29,15.0
2026-01-28 19:30:00,66.26,66.26,66.09,66.09,91,66.09,15.0
2026-01-28 19:45:00,66.04,66.11,65.9,65.92,126,65.92,15.0
2026-01-28 20:00:00,65.9,65.92,65.77,65.77,103,65.77,15.0
2026-01-28 20:15:00,65.79,66.0,65.75,65.91,118,65.91,15.0
2026-01-28 20:30:00,65.91,66.28,65.9,66.17,151,66.17,15.0
2026-01-28 20:45:00,66.14,66.14,65.7,65.74,101,65.74,15.0
2026-01-28 21:00:00,65.74,65.77,65.48,65.64,155,65.64,15.0
2026-01-28 21:15:00,65.64,65.68,65.36,65.36,95,65.36,15.0
2026-01-28 21:30:00,65.29,66.41,65.16,65.62,459,65.62,15.0
2026-01-28 21:45:00,65.64,65.68,65.4,65.46,256,65.46,15.0
2026-01-28 22:00:00,65.48,65.75,65.45,65.71,105,65.71,15.0
2026-01-28 22:15:00,65.7,65.85,65.59,65.59,213,65.59,15.0
2026-01-28 22:30:00,65.57,65.68,65.5,65.61,214,65.61,15.0
2026-01-28 22:45:00,65.61,65.67,65.35,65.55,968,65.55,15.0
2026-01-28 23:00:00,65.56,65.56,65.56,65.56,160,65.56,15.0
2026-01-29 16:30:00,64.96,65.0,63.53,64.4,558,64.4,15.0
2026-01-29 16:45:00,64.46,64.46,63.62,64.21,87,64.21,15.0
2026-01-29 17:00:00,64.25,64.39,63.55,63.73,118,63.73,15.0
2026-01-29 17:15:00,63.73,64.14,63.71,63.78,269,63.78,15.0
2026-01-29 17:30:00,63.79,63.9,63.38,63.39,164,63.39,15.0
2026-01-29 17:45:00,63.38,63.69,63.3,63.63,357,63.63,15.0
2026-01-29 18:00:00,63.6,63.66,63.16,63.66,615,63.66,15.0
2026-01-29 18:15:00,63.64,63.82,63.45,63.56,282,63.56,15.0
2026-01-29 18:30:00,63.56,63.67,63.51,63.59,194,63.59,15.0
2026-01-29 18:45:00,63.55,64.06,63.55,64.02,191,64.02,15.0
2026-01-29 19:00:00,64.02,64.06,63.91,64.02,89,64.02,15.0
2026-01-29 19:15:00,64.02,64.26,63.95,64.02,80,64.02,15.0
2026-01-29 19:30:00,64.01,64.2,64.0,64.03,105,64.03,15.0
2026-01-29 19:45:00,64.03,64.12,63.9,63.98,143,63.98,15.0
2026-01-29 20:00:00,63.99,64.03,63.56,63.61,199,63.61,15.0
2026-01-29 20:15:00,63.6,63.6,63.44,63.56,69,63.56,15.0
2026-01-29 20:30:00,63.53,63.71,63.45,63.57,142,63.57,15.0
2026-01-29 20:45:00,63.59,63.63,63.37,63.38,162,63.38,15.0
2026-01-29 21:00:00,63.38,63.57,63.38,63.49,121,63.49,15.0
2026-01-29 21:15:00,63.51,63.54,63.43,63.47,217,63.47,15.0
2026-01-29 21:30:00,63.46,63.55,63.05,63.37,272,63.37,15.0
2026-01-29 21:45:00,63.38,63.44,63.25,63.25,145,63.25,15.0
2026-01-29 22:00:00,63.25,63.76,63.18,63.74,206,63.74,15.0
2026-01-29 22:15:00,63.7,64.02,63.69,63.88,337,63.88,15.0
2026-01-29 22:30:00,63.88,63.89,63.66,63.77,334,63.77,15.0
2026-01-29 22:45:00,63.78,64.07,63.77,63.99,916,63.99,15.0
2026-01-29 23:00:00,63.98,63.98,63.98,63.98,214,63.98,15.0
2026-01-30 16:30:00,63.26,64.1,62.97,63.79,245,63.79,15.0
2026-01-30 16:45:00,63.75,63.91,62.97,63.06,163,63.06,15.0
2026-01-30 17:00:00,63.0,63.31,62.81,63.3,164,63.3,15.0
2026-01-30 17:15:00,63.23,63.53,63.1,63.38,189,63.38,15.0
2026-01-30 17:30:00,63.37,63.93,63.27,63.9,237,63.9,15.0
2026-01-30 17:45:00,63.9,64.01,63.67,63.7,241,63.7,15.0
2026-01-30 18:00:00,63.67,64.07,63.62,64.07,162,64.07,15.0
2026-01-30 18:15:00,64.02,64.02,63.65,63.79,126,63.79,15.0
2026-01-30 18:30:00,63.73,63.98,63.69,63.98,164,63.98,15.0
2026-01-30 18:45:00,63.97,64.0,63.77,63.84,201,63.84,15.0
2026-01-30 19:00:00,63.85,63.9,63.36,63.36,118,63.36,15.0
2026-01-30 19:15:00,63.38,63.49,63.3,63.45,321,63.45,15.0
2026-01-30 19:30:00,63.42,63.81,63.38,63.74,347,63.74,15.0
2026-01-30 19:45:00,63.74,63.89,63.51,63.55,199,63.55,15.0
2026-01-30 20:00:00,63.52,63.66,63.43,63.63,136,63.63,15.0
2026-01-30 20:15:00,63.66,63.66,63.34,63.66,116,63.66,15.0
2026-01-30 20:30:00,63.67,63.68,63.34,63.53,204,63.53,15.0
2026-01-30 20:45:00,63.56,63.65,63.33,63.65,346,63.65,15.0
2026-01-30 21:00:00,63.62,63.77,63.43,63.49,408,63.49,15.0
2026-01-30 21:15:00,63.49,63.96,63.4,63.57,199,63.57,15.0
2026-01-30 21:30:00,63.56,63.66,63.47,63.55,143,63.55,15.0
2026-01-30 21:45:00,63.55,64.35,63.55,63.96,493,63.96,15.0
2026-01-30 22:00:00,63.95,64.23,63.92,64.09,290,64.09,15.0
2026-01-30 22:15:00,64.1,64.21,63.95,64.2,249,64.2,15.0
2026-01-30 22:30:00,64.2,64.26,63.95,64.0,245,64.0,15.0
2026-01-30 22:45:00,63.97,64.22,63.97,64.09,1176,64.09,15.0
2026-01-30 23:00:00,64.09,64.09,64.09,64.09,210,64.09,15.0
2026-02-02 16:30:00,63.53,64.34,63.41,63.62,149,63.62,15.0
2026-02-02 16:45:00,63.68,63.73,62.93,63.49,339,63.49,15.0
2026-02-02 17:00:00,63.49,63.96,63.37,63.81,180,63.81,15.0
2026-02-02 17:15:00,63.86,63.92,63.69,63.79,121,63.79,15.0
2026-02-02 17:30:00,63.8,64.12,63.71,64.01,140,64.01,15.0
2026-02-02 17:45:00,64.01,64.14,63.96,64.1,78,64.1,15.0
2026-02-02 18:00:00,64.1,64.1,63.9,63.94,119,63.94,15.0
2026-02-02 18:15:00,63.89,63.89,63.65,63.74,584,63.74,15.0
2026-02-02 18:30:00,63.72,64.1,63.65,64.0,246,64.0,15.0
2026-02-02 18:45:00,64.0,64.26,64.0,64.16,122,64.16,15.0
2026-02-02 19:00:00,64.16,64.35,64.14,64.25,127,64.25,15.0
2026-02-02 19:15:00,64.24,64.45,64.24,64.34,66,64.34,15.0
2026-02-02 19:30:00,64.37,64.71,64.32,64.69,213,64.69,15.0
2026-02-02 19:45:00,64.67,64.74,64.62,64.65,223,64.65,15.0
2026-02-02 20:00:00,64.66,64.73,64.46,64.59,205,64.59,15.0
2026-02-02 20:15:00,64.6,64.68,64.49,64.55,140,64.55,15.0
2026-02-02 20:30:00,64.58,64.62,64.46,64.62,174,64.62,15.0
2026-02-02 20:45:00,64.59,64.66,64.31,64.32,172,64.32,15.0
2026-02-02 21:00:00,64.31,64.44,64.26,64.41,275,64.41,15.0
2026-02-02 21:15:00,64.41,64.43,64.18,64.19,124,64.19,15.0
2026-02-02 21:30:00,64.18,64.35,64.1,64.27,155,64.27,15.0
2026-02-02 21:45:00,64.31,64.55,64.14,64.15,350,64.15,15.0
2026-02-02 22:00:00,64.15,64.25,64.0,64.11,219,64.11,15.0
2026-02-02 22:15:00,64.12,64.42,64.06,64.38,330,64.38,15.0
2026-02-02 22:30:00,64.37,64.54,64.35,64.49,276,64.49,15.0
2026-02-02 22:45:00,64.48,65.27,64.34,65.26,2334,65.26,15.0
2026-02-02 23:00:00,65.25,65.25,65.25,65.25,264,65.25,15.0
2026-02-03 16:30:00,65.3,66.48,65.01,66.45,214,66.45,15.0
2026-02-03 16:45:00,66.27,66.27,64.7,64.71,233,64.71,15.0
2026-02-03 17:00:00,64.71,65.39,64.67,65.17,502,65.17,15.0
2026-02-03 17:15:00,65.16,65.46,65.04,65.04,539,65.04,15.0
2026-02-03 17:30:00,65.01,65.18,64.77,64.81,311,64.81,15.0
2026-02-03 17:45:00,64.81,65.03,64.61,64.9,171,64.9,15.0
2026-02-03 18:00:00,64.86,64.9,64.51,64.76,348,64.76,15.0
2026-02-03 18:15:00,64.75,64.89,64.52,64.56,213,64.56,15.0
2026-02-03 18:30:00,64.56,64.56,64.07,64.16,272,64.16,15.0
2026-02-03 18:45:00,64.19,64.58,64.07,64.25,387,64.25,15.0
2026-02-03 19:00:00,64.18,64.36,63.95,64.04,377,64.04,15.0
2026-02-03 19:15:00,64.04,64.22,63.69,63.71,376,63.71,15.0
2026-02-03 19:30:00,63.7,63.82,63.58,63.7,240,63.7,15.0
2026-02-03 19:45:00,63.7,63.84,63.45,63.7,301,63.7,15.0
2026-02-03 20:00:00,63.67,63.93,63.65,63.71,188,63.71,15.0
2026-02-03 20:15:00,63.7,63.7,63.2,63.27,285,63.27,15.0
2026-02-03 20:30:00,63.26,63.3,62.88,63.05,143,63.05,15.0
2026-02-03 20:45:00,63.05,63.27,62.98,63.0,149,63.0,15.0
2026-02-03 21:00:00,63.0,63.13,62.86,63.13,180,63.13,15.0
2026-02-03 21:15:00,63.15,63.53,63.15,63.32,258,63.32,15.0
2026-02-03 21:30:00,63.32,63.49,63.24,63.42,348,63.42,15.0
2026-02-03 21:45:00,63.39,63.69,63.34,63.66,308,63.66,15.0
2026-02-03 22:00:00,63.66,64.06,63.65,63.9,398,63.9,15.0
2026-02-03 22:15:00,63.92,63.92,63.41,63.45,536,63.45,15.0
2026-02-03 22:30:00,63.46,64.19,63.42,64.19,717,64.19,15.0
2026-02-03 22:45:00,64.17,64.69,63.85,64.64,1950,64.64,15.0
2026-02-03 23:00:00,64.63,64.63,64.63,64.63,258,64.63,15.0
2026-02-04 16:30:00,66.69,66.75,61.7,65.84,1114,65.84,15.0
2026-02-04 16:45:00,65.83,68.27,65.82,67.92,746,67.92,15.0
2026-02-04 17:00:00,68.26,68.28,67.39,68.11,604,68.11,15.0
2026-02-04 17:15:00,68.15,68.38,67.71,68.31,682,68.31,15.0
2026-02-04 17:30:00,68.38,69.47,68.26,68.85,597,68.85,15.0
2026-02-04 17:45:00,69.14,69.14,67.28,68.34,411,68.34,15.0
2026-02-04 18:00:00,68.37,68.37,67.18,67.52,470,67.52,15.0
2026-02-04 18:15:00,67.47,67.93,67.2,67.93,125,67.93,15.0
2026-02-04 18:30:00,67.94,68.36,67.94,68.0,138,68.0,15.0
2026-02-04 18:45:00,68.01,69.0,67.77,69.0,270,69.0,15.0
2026-02-04 19:00:00,69.0,69.84,68.89,69.42,427,69.42,15.0
2026-02-04 19:15:00,69.55,69.92,68.45,68.78,443,68.78,15.0
2026-02-04 19:30:00,68.76,69.48,68.71,69.43,314,69.43,15.0
2026-02-04 19:45:00,69.43,69.54,68.8,68.94,455,68.94,15.0
2026-02-04 20:00:00,68.94,69.3,68.56,69.11,292,69.11,15.0
2026-02-04 20:15:00,69.13,69.48,68.95,69.44,227,69.44,15.0
2026-02-04 20:30:00,69.4,69.47,69.18,69.27,145,69.27,15.0
2026-02-04 20:45:00,69.28,69.32,68.75,68.77,265,68.77,15.0
2026-02-04 21:00:00,68.77,68.97,68.62,68.9,176,68.9,15.0
2026-02-04 21:15:00,68.89,69.02,68.78,68.81,144,68.81,15.0
2026-02-04 21:30:00,68.82,69.04,68.76,68.91,188,68.91,15.0
2026-02-04 21:45:00,68.88,69.09,68.49,68.63,421,68.63,15.0
2026-02-04 22:00:00,68.59,68.73,68.35,68.39,256,68.39,15.0
2026-02-04 22:15:00,68.38,69.02,68.17,68.53,491,68.53,15.0
2026-02-04 22:30:00,68.52,68.82,68.08,68.59,562,68.59,15.0
2026-02-04 22:45:00,68.57,68.95,68.39,68.67,1930,68.67,15.0
2026-02-04 23:00:00,68.67,68.67,68.67,68.67,134,68.67,15.0
2026-02-05 16:30:00,68.04,68.57,67.31,67.84,188,67.84,15.0
2026-02-05 16:45:00,67.69,68.3,67.19,68.25,195,68.25,15.0
2026-02-05 17:00:00,68.24,68.24,67.34,67.66,336,67.66,15.0
2026-02-05 17:15:00,67.67,68.02,67.18,67.22,434,67.22,15.0
2026-02-05 17:30:00,67.36,67.36,66.87,66.95,332,66.95,15.0
2026-02-05 17:45:00,66.89,67.56,66.79,67.49,157,67.49,15.0
2026-02-05 18:00:00,67.52,67.56,66.86,66.98,93,66.98,15.0
2026-02-05 18:15:00,66.93,67.1,66.82,66.82,278,66.82,15.0
2026-02-05 18:30:00,66.88,66.97,66.47,66.59,376,66.59,15.0
2026-02-05 18:45:00,66.63,67.0,66.59,66.95,145,66.95,15.0
2026-02-05 19:00:00,66.93,67.0,66.63,66.89,198,66.89,15.0
2026-02-05 19:15:00,66.85,67.3,66.74,67.3,255,67.3,15.0
2026-02-05 19:30:00,67.33,67.33,66.79,66.83,84,66.83,15.0
2026-02-05 19:45:00,66.84,66.86,66.42,66.53,190,66.53,15.0
2026-02-05 20:00:00,66.5,66.5,66.17,66.47,268,66.47,15.0
2026-02-05 20:15:00,66.44,66.47,66.14,66.19,221,66.19,15.0
2026-02-05 20:30:00,66.19,66.35,65.85,66.32,172,66.32,15.0
2026-02-05 20:45:00,66.33,66.47,66.24,66.32,206,66.32,15.0
2026-02-05 21:00:00,66.33,66.55,66.16,66.23,210,66.23,15.0
2026-02-05 21:15:00,66.22,66.4,66.15,66.36,135,66.36,15.0
2026-02-05 21:30:00,66.36,66.48,65.97,66.04,236,66.04,15.0
2026-02-05 21:45:00,66.08,66.3,66.07,66.28,206,66.28,15.0
2026-02-05 22:00:00,66.24,66.57,66.24,66.33,214,66.33,15.0
2026-02-05 22:15:00,66.33,66.33,65.83,65.96,399,65.96,15.0
2026-02-05 22:30:00,65.96,66.04,65.62,66.04,392,66.04,15.0
2026-02-05 22:45:00,66.05,66.05,65.75,65.87,1002,65.87,15.0
2026-02-05 23:00:00,65.86,65.86,65.86,65.86,111,65.86,15.0
2026-02-06 16:30:00,66.76,67.6,65.96,66.99,224,66.99,15.0
2026-02-06 16:45:00,66.9,67.06,66.08,66.08,114,66.08,15.0
2026-02-06 17:00:00,66.08,66.52,65.9,66.17,213,66.17,15.0
2026-02-06 17:15:00,66.17,66.3,65.99,66.03,110,66.03,15.0
2026-02-06 17:30:00,66.03,66.44,65.85,66.36,99,66.36,15.0
2026-02-06 17:45:00,66.31,66.37,65.99,66.08,82,66.08,15.0
2026-02-06 18:00:00,66.1,66.92,66.09,66.82,81,66.82,15.0
2026-02-06 18:15:00,66.85,66.88,66.51,66.83,97,66.83,15.0
2026-02-06 18:30:00,66.9,67.13,66.73,66.93,162,66.93,15.0
2026-02-06 18:45:00,66.95,67.13,66.66,66.66,151,66.66,15.0
2026-02-06 19:00:00,66.66,66.98,66.66,66.68,46,66.68,15.0
2026-02-06 19:15:00,66.64,66.66,66.52,66.57,108,66.57,15.0
2026-02-06 19:30:00,66.56,66.63,66.31,66.43,46,66.43,15.0
2026-02-06 19:45:00,66.43,66.52,66.36,66.39,106,66.39,15.0
2026-02-06 20:00:00,66.42,66.5,66.42,66.46,48,66.46,15.0
2026-02-06 20:15:00,66.46,66.8,66.46,66.8,110,66.8,15.0
2026-02-06 20:30:00,66.8,67.05,66.78,66.92,105,66.92,15.0
2026-02-06 20:45:00,66.91,67.12,66.9,67.01,37,67.01,15.0
2026-02-06 21:00:00,66.98,67.17,66.9,67.06,256,67.06,15.0
2026-02-06 21:15:00,67.06,67.3,67.03,67.2,83,67.2,15.0
2026-02-06 21:30:00,67.24,67.29,67.1,67.1,84,67.1,15.0
2026-02-06 21:45:00,67.11,67.32,67.07,67.32,141,67.32,15.0
2026-02-06 22:00:00,67.35,67.35,67.16,67.16,133,67.16,15.0
2026-02-06 22:15:00,67.14,67.19,66.99,66.99,160,66.99,15.0
2026-02-06 22:30:00,66.92,67.25,66.89,67.17,241,67.17,15.0
2026-02-06 22:45:00,67.16,67.27,66.76,66.77,785,66.77,15.0
2026-02-06 23:00:00,66.78,66.78,66.78,66.78,264,66.78,15.0
2026-02-09 16:30:00,66.07,66.51,65.71,65.71,67,65.71,15.0
2026-02-09 16:45:00,65.36,65.78,65.28,65.34,76,65.34,15.0
2026-02-09 17:00:00,65.41,65.88,65.34,65.4,104,65.4,15.0
2026-02-09 17:15:00,65.48,65.71,65.45,65.6,68,65.6,15.0
2026-02-09 17:30:00,65.59,65.81,65.47,65.5,88,65.5,15.0
2026-02-09 17:45:00,65.38,65.43,65.23,65.31,111,65.31,15.0
2026-02-09 18:00:00,65.35,65.44,64.52,64.65,103,64.65,15.0
2026-02-09 18:15:00,64.61,64.82,64.57,64.75,168,64.75,15.0
2026-02-09 18:30:00,64.69,64.9,64.64,64.78,84,64.78,15.0
2026-02-09 18:45:00,64.77,64.86,64.58,64.8,132,64.8,15.0
2026-02-09 19:00:00,64.86,65.16,64.86,64.96,76,64.96,15.0
2026-02-09 19:15:00,64.96,65.22,64.96,65.19,60,65.19,15.0
2026-02-09 19:30:00,65.23,65.34,65.16,65.3,74,65.3,15.0
2026-02-09 19:45:00,65.33,65.41,65.23,65.31,148,65.31,15.0
2026-02-09 20:00:00,65.32,65.64,65.32,65.61,214,65.61,15.0
2026-02-09 20:15:00,65.61,65.68,65.54,65.64,83,65.64,15.0
2026-02-09 20:30:00,65.64,65.74,65.61,65.7,81,65.7,15.0
2026-02-09 20:45:00,65.7,65.73,65.58,65.69,69,65.69,15.0
2026-02-09 21:00:00,65.65,65.72,65.63,65.63,70,65.63,15.0
2026-02-09 21:15:00,65.66,65.77,65.5,65.71,101,65.71,15.0
2026-02-09 21:30:00,65.67,65.7,65.45,65.62,131,65.62,15.0
2026-02-09 21:45:00,65.63,65.91,65.63,65.83,106,65.83,15.0
2026-02-09 22:00:00,65.79,65.88,65.68,65.7,126,65.7,15.0
2026-02-09 22:15:00,65.68,65.96,65.63,65.89,182,65.89,15.0
2026-02-09 22:30:00,65.84,65.84,65.61,65.75,148,65.75,15.0
2026-02-09 22:45:00,65.78,65.85,65.38,65.49,815,65.49,15.0
2026-02-09 23:00:00,65.48,65.48,65.48,65.48,405,65.48,15.0
2026-02-10 16:30:00,65.48,65.66,64.42,64.7,148,64.7,15.0
2026-02-10 16:45:00,64.8,65.43,64.69,64.83,268,64.83,15.0
2026-02-10 17:00:00,64.68,64.88,64.57,64.71,176,64.71,15.0
2026-02-10 17:15:00,64.71,64.93,64.67,64.7,92,64.7,15.0
2026-02-10 17:30:00,64.72,65.1,64.67,65.05,215,65.05,15.0
2026-02-10 17:45:00,65.05,65.16,64.57,64.62,190,64.62,15.0
2026-02-10 18:00:00,64.62,65.06,64.59,65.02,133,65.02,15.0
2026-02-10 18:15:00,65.02,65.34,65.01,65.29,161,65.29,15.0
2026-02-10 18:30:00,65.34,65.63,65.25,65.6,127,65.6,15.0
2026-02-10 18:45:00,65.6,65.66,65.47,65.59,92,65.59,15.0
2026-02-10 19:00:00,65.59,65.63,65.45,65.6,98,65.6,15.0
2026-02-10 19:15:00,65.6,65.64,65.53,65.61,122,65.61,15.0
2026-02-10 19:30:00,65.59,65.62,65.41,65.48,78,65.48,15.0
2026-02-10 19:45:00,65.5,65.58,65.37,65.4,84,65.4,15.0
2026-02-10 20:00:00,65.41,65.42,65.14,65.23,64,65.23,15.0
2026-02-10 20:15:00,65.22,65.43,65.01,65.01,96,65.01,15.0
2026-02-10 20:30:00,65.0,65.01,64.7,64.93,173,64.93,15.0
2026-02-10 20:45:00,64.97,64.98,64.64,64.85,79,64.85,15.0
2026-02-10 21:00:00,64.81,65.07,64.81,65.0,70,65.0,15.0
2026-02-10 21:15:00,65.03,65.06,64.93,65.06,74,65.06,15.0
2026-02-10 21:30:00,65.06,65.13,64.99,65.11,96,65.11,15.0
2026-02-10 21:45:00,65.11,65.16,64.83,64.87,97,64.87,15.0
2026-02-10 22:00:00,64.89,65.04,64.76,64.81,105,64.81,15.0
2026-02-10 22:15:00,64.79,65.12,64.69,64.71,259,64.71,15.0
2026-02-10 22:30:00,64.69,64.85,64.6,64.77,260,64.77,15.0
2026-02-10 22:45:00,64.77,64.88,64.54,64.8,1172,64.8,15.0
2026-02-10 23:00:00,64.8,64.8,64.8,64.8,199,64.8,15.0
2026-02-11 16:30:00,64.33,64.78,63.62,64.42,152,64.42,15.0
2026-02-11 16:45:00,64.39,64.39,63.2,63.42,171,63.42,15.0
2026-02-11 17:00:00,63.39,63.39,63.04,63.23,103,63.23,15.0
2026-02-11 17:15:00,63.24,63.25,62.8,63.1,87,63.1,15.0
2026-02-11 17:30:00,63.06,63.59,62.97,63.59,104,63.59,15.0
2026-02-11 17:45:00,63.46,63.54,63.21,63.4,46,63.4,15.0
2026-02-11 18:00:00,63.38,63.9,63.18,63.87,142,63.87,15.0
2026-02-11 18:15:00,63.87,64.09,63.65,63.87,164,63.87,15.0
2026-02-11 18:30:00,63.82,63.99,63.82,63.99,78,63.99,15.0
2026-02-11 18:45:00,63.97,64.03,63.63,63.63,144,63.63,15.0
2026-02-11 19:00:00,63.62,63.62,63.01,63.08,101,63.08,15.0
2026-02-11 19:15:00,63.08,63.47,63.08,63.46,87,63.46,15.0
2026-02-11 19:30:00,63.42,63.52,63.28,63.43,49,63.43,15.0
2026-02-11 19:45:00,63.43,63.45,63.2,63.2,46,63.2,15.0
2026-02-11 20:00:00,63.17,63.22,62.98,63.09,183,63.09,15.0
2026-02-11 20:15:00,63.16,63.34,63.09,63.32,37,63.32,15.0
2026-02-11 20:30:00,63.34,63.45,63.16,63.43,64,63.43,15.0
2026-02-11 20:45:00,63.47,63.56,63.4,63.5,44,63.5,15.0
2026-02-11 21:00:00,63.5,63.6,63.41,63.58,57,63.58,15.0
2026-02-11 21:15:00,63.56,63.6,63.39,63.6,40,63.6,15.0
2026-02-11 21:30:00,63.6,63.65,63.51,63.52,25,63.52,15.0
2026-02-11 21:45:00,63.51,63.55,63.43,63.5,37,63.5,15.0
2026-02-11 22:00:00,63.49,63.53,63.35,63.47,70,63.47,15.0
2026-02-11 22:15:00,63.5,63.51,63.25,63.37,211,63.37,15.0
2026-02-11 22:30:00,63.33,63.53,63.27,63.43,239,63.43,15.0
2026-02-11 22:45:00,63.42,63.53,63.22,63.48,829,63.48,15.0
2026-02-11 23:00:00,63.45,63.45,63.45,63.45,392,63.45,15.0
2026-02-12 16:30:00,62.82,63.46,61.45,61.94,238,61.94,15.0
2026-02-12 16:45:00,61.7,62.09,61.33,61.4,132,61.4,15.0
2026-02-12 17:00:00,61.5,62.44,61.4,61.67,207,61.67,15.0
2026-02-12 17:15:00,61.7,61.74,61.07,61.38,193,61.38,15.0
2026-02-12 17:30:00,61.5,61.5,60.78,60.79,113,60.79,15.0
2026-02-12 17:45:00,60.78,60.82,60.28,60.34,109,60.34,15.0
2026-02-12 18:00:00,60.33,60.33,59.79,59.87,97,59.87,15.0
2026-02-12 18:15:00,59.82,59.88,59.15,59.16,139,59.16,15.0
2026-02-12 18:30:00,59.12,59.22,58.79,59.12,221,59.12,15.0
2026-02-12 18:45:00,59.03,59.08,58.28,58.68,283,58.68,15.0
2026-02-12 19:00:00,58.71,58.88,58.41,58.55,151,58.55,15.0
2026-02-12 19:15:00,58.52,58.78,58.42,58.5,159,58.5,15.0
2026-02-12 19:30:00,58.5,58.99,58.44,58.8,344,58.8,15.0
2026-02-12 19:45:00,58.73,58.8,58.4,58.41,218,58.41,15.0
2026-02-12 20:00:00,58.37,58.59,58.22,58.31,274,58.31,15.0
2026-02-12 20:15:00,58.31,59.0,58.19,58.57,377,58.57,15.0
2026-02-12 20:30:00,58.63,58.88,58.52,58.88,251,58.88,15.0
2026-02-12 20:45:00,58.82,58.83,58.44,58.46,272,58.46,15.0
2026-02-12 21:00:00,58.55,58.55,58.34,58.45,249,58.45,15.0
2026-02-12 21:15:00,58.45,58.66,58.07,58.22,208,58.22,15.0
2026-02-12 21:30:00,58.21,58.51,58.04,58.48,358,58.48,15.0
2026-02-12 21:45:00,58.43,59.01,58.4,58.81,219,58.81,15.0
2026-02-12 22:00:00,58.82,59.22,58.77,59.17,252,59.17,15.0
2026-02-12 22:15:00,59.18,59.45,59.01,59.24,521,59.24,15.0
2026-02-12 22:30:00,59.28,59.56,59.12,59.53,466,59.53,15.0
2026-02-12 22:45:00,59.51,59.63,59.23,59.54,1621,59.54,15.0
2026-02-12 23:00:00,59.54,59.54,59.54,59.54,289,59.54,15.0
2026-02-13 16:30:00,59.61,60.95,59.27,60.82,190,60.82,15.0
2026-02-13 16:45:00,60.88,61.14,60.31,60.31,297,60.31,15.0
2026-02-13 17:00:00,60.37,60.76,59.95,60.04,209,60.04,15.0
2026-02-13 17:15:00,59.95,60.15,59.66,60.04,285,60.04,15.0
2026-02-13 17:30:00,60.04,60.14,59.7,59.79,232,59.79,15.0
2026-02-13 17:45:00,59.73,60.2,59.71,60.17,146,60.17,15.0
2026-02-13 18:00:00,60.17,60.47,59.72,60.14,263,60.14,15.0
2026-02-13 18:15:00,60.15,60.29,59.76,60.07,151,60.07,15.0
2026-02-13 18:30:00,60.09,60.22,59.96,60.14,150,60.14,15.0
2026-02-13 18:45:00,60.1,60.23,60.08,60.14,89,60.14,15.0
2026-02-13 19:00:00,60.08,60.22,59.62,59.7,216,59.7,15.0
2026-02-13 19:15:00,59.63,59.97,59.63,59.91,278,59.91,15.0
2026-02-13 19:30:00,59.91,60.02,59.77,59.77,131,59.77,15.0
2026-02-13 19:45:00,59.82,59.83,59.59,59.62,89,59.62,15.0
2026-02-13 20:00:00,59.64,59.68,59.46,59.53,166,59.53,15.0
2026-02-13 20:15:00,59.5,59.69,59.26,59.35,281,59.35,15.0
2026-02-13 20:30:00,59.35,59.57,59.35,59.38,109,59.38,15.0
2026-02-13 20:45:00,59.37,59.5,59.34,59.39,108,59.39,15.0
2026-02-13 21:00:00,59.37,59.68,59.37,59.53,193,59.53,15.0
2026-02-13 21:15:00,59.53,59.55,59.15,59.22,104,59.22,15.0
2026-02-13 21:30:00,59.23,59.36,59.2,59.26,230,59.26,15.0
2026-02-13 21:45:00,59.24,59.37,59.07,59.07,245,59.07,15.0
2026-02-13 22:00:00,59.11,59.97,59.11,59.57,511,59.57,15.0
2026-02-13 22:15:00,59.56,59.7,59.32,59.49,467,59.49,15.0
2026-02-13 22:30:00,59.5,59.63,59.4,59.6,385,59.6,15.0
2026-02-13 22:45:00,59.6,60.02,59.6,59.94,1285,59.94,15.0
2026-02-13 23:00:00,59.93,59.93,59.93,59.93,137,59.93,15.0
2026-02-17 16:30:00,59.19,60.11,59.01,59.82,170,59.82,15.0
2026-02-17 16:45:00,59.62,60.11,59.13,59.3,146,59.3,15.0
2026-02-17 17:00:00,59.26,59.28,58.71,59.14,182,59.14,15.0
2026-02-17 17:15:00,59.14,59.27,58.72,58.95,203,58.95,15.0
2026-02-17 17:30:00,58.89,58.93,58.54,58.66,217,58.66,15.0
2026-02-17 17:45:00,58.66,58.83,58.47,58.77,212,58.77,15.0
2026-02-17 18:00:00,58.77,59.12,58.75,59.1,109,59.1,15.0
2026-02-17 18:15:00,59.08,59.32,59.03,59.23,99,59.23,15.0
2026-02-17 18:30:00,59.18,59.65,59.15,59.31,122,59.31,15.0
2026-02-17 18:45:00,59.31,59.46,59.23,59.43,149,59.43,15.0
2026-02-17 19:00:00,59.44,59.57,59.4,59.41,73,59.41,15.0
2026-02-17 19:15:00,59.42,59.55,59.33,59.49,138,59.49,15.0
2026-02-17 19:30:00,59.53,59.58,59.35,59.36,140,59.36,15.0
2026-02-17 19:45:00,59.36,59.51,59.17,59.26,110,59.26,15.0
2026-02-17 20:00:00,59.3,59.33,59.16,59.25,93,59.25,15.0
2026-02-17 20:15:00,59.27,59.47,59.05,59.31,136,59.31,15.0
2026-02-17 20:30:00,59.3,59.45,59.2,59.45,94,59.45,15.0
2026-02-17 20:45:00,59.46,59.55,59.39,59.48,49,59.48,15.0
2026-02-17 21:00:00,59.43,59.77,59.36,59.74,174,59.74,15.0
2026-02-17 21:15:00,59.76,59.83,59.61,59.63,153,59.63,15.0
2026-02-17 21:30:00,59.66,59.71,59.54,59.54,64,59.54,15.0
2026-02-17 21:45:00,59.53,59.57,59.19,59.22,90,59.22,15.0
2026-02-17 22:00:00,59.23,59.3,59.05,59.12,139,59.12,15.0
2026-02-17 22:15:00,59.13,59.18,58.63,58.68,309,58.68,15.0
2026-02-17 22:30:00,58.67,58.68,58.53,58.57,262,58.57,15.0
2026-02-17 22:45:00,58.55,58.65,58.35,58.5,1210,58.5,15.0
2026-02-17 23:00:00,58.5,58.5,58.5,58.5,299,58.5,15.0
2026-02-18 16:30:00,58.12,58.87,57.92,58.7,189,58.7,15.0
2026-02-18 16:45:00,58.55,59.4,58.34,59.18,193,59.18,15.0
2026-02-18 17:00:00,59.2,59.38,58.9,59.21,198,59.21,15.0
2026-02-18 17:15:00,59.21,59.43,59.14,59.25,178,59.25,15.0
2026-02-18 17:30:00,59.19,59.22,58.92,58.99,144,58.99,15.0
2026-02-18 17:45:00,58.96,59.07,58.8,59.05,144,59.05,15.0
2026-02-18 18:00:00,59.08,59.22,58.99,59.15,121,59.15,15.0
2026-02-18 18:15:00,59.19,59.28,59.14,59.22,159,59.22,15.0
2026-02-18 18:30:00,59.22,59.3,59.2,59.28,125,59.28,15.0
2026-02-18 18:45:00,59.27,59.42,59.21,59.42,117,59.42,15.0
2026-02-18 19:00:00,59.43,59.58,59.37,59.58,138,59.58,15.0
2026-02-18 19:15:00,59.59,59.68,59.4,59.42,218,59.42,15.0
2026-02-18 19:30:00,59.43,59.67,59.38,59.55,116,59.55,15.0
2026-02-18 19:45:00,59.55,59.63,59.5,59.59,104,59.59,15.0
2026-02-18 20:00:00,59.58,59.65,59.52,59.58,98,59.58,15.0
2026-02-18 20:15:00,59.58,59.68,59.42,59.49,109,59.49,15.0
2026-02-18 20:30:00,59.44,59.65,59.41,59.44,90,59.44,15.0
2026-02-18 20:45:00,59.46,59.55,59.31,59.37,93,59.37,15.0
2026-02-18 21:00:00,59.35,59.47,59.24,59.24,121,59.24,15.0
2026-02-18 21:15:00,59.22,59.41,59.1,59.37,250,59.37,15.0
2026-02-18 21:30:00,59.33,59.37,59.17,59.25,192,59.25,15.0
2026-02-18 21:45:00,59.24,59.35,59.15,59.26,139,59.26,15.0
2026-02-18 22:00:00,59.27,59.39,59.13,59.25,163,59.25,15.0
2026-02-18 22:15:00,59.25,59.32,59.1,59.12,257,59.12,15.0
2026-02-18 22:30:00,59.11,59.42,59.11,59.25,227,59.25,15.0
2026-02-18 22:45:00,59.27,59.42,59.25,59.32,938,59.32,15.0
2026-02-18 23:00:00,59.33,59.33,59.33,59.33,213,59.33,15.0
2026-02-19 16:30:00,58.78,59.39,58.64,58.65,174,58.65,15.0
2026-02-19 16:45:00,58.64,58.77,58.0,58.38,102,58.38,15.0
2026-02-19 17:00:00,58.31,58.73,58.01,58.01,89,58.01,15.0
2026-02-19 17:15:00,58.11,58.18,57.71,57.81,145,57.81,15.0
2026-02-19 17:30:00,57.82,58.11,57.79,57.94,107,57.94,15.0
2026-02-19 17:45:00,57.86,58.19,57.78,58.19,111,58.19,15.0
2026-02-19 18:00:00,58.2,58.23,57.84,58.02,98,58.02,15.0
2026-02-19 18:15:00,58.02,58.11,57.85,57.85,85,57.85,15.0
2026-02-19 18:30:00,57.92,58.0,57.73,57.73,88,57.73,15.0
2026-02-19 18:45:00,57.78,57.96,57.64,57.96,116,57.96,15.0
2026-02-19 19:00:00,57.89,57.98,57.84,57.84,52,57.84,15.0
2026-02-19 19:15:00,57.81,57.82,57.56,57.56,153,57.56,15.0
2026-02-19 19:30:00,57.6,57.76,57.37,57.71,158,57.71,15.0
2026-02-19 19:45:00,57.68,57.71,57.47,57.62,98,57.62,15.0
2026-02-19 20:00:00,57.59,57.63,57.47,57.5,223,57.5,15.0
2026-02-19 20:15:00,57.49,57.7,57.4,57.62,278,57.62,15.0
2026-02-19 20:30:00,57.63,57.73,57.41,57.72,209,57.72,15.0
2026-02-19 20:45:00,57.7,57.77,57.62,57.64,148,57.64,15.0
2026-02-19 21:00:00,57.67,57.88,57.6,57.87,147,57.87,15.0
2026-02-19 21:15:00,57.84,57.91,57.79,57.79,122,57.79,15.0
2026-02-19 21:30:00,57.83,57.89,57.56,57.84,120,57.84,15.0
2026-02-19 21:45:00,57.84,58.01,57.65,57.66,137,57.66,15.0
2026-02-19 22:00:00,57.64,57.81,57.56,57.72,291,57.72,15.0
2026-02-19 22:15:00,57.74,57.77,57.54,57.6,356,57.6,15.0
2026-02-19 22:30:00,57.59,58.12,57.54,58.07,550,58.07,15.0
2026-02-19 22:45:00,58.16,58.42,58.05,58.22,1167,58.22,15.0
2026-02-19 23:00:00,58.25,58.25,58.24,58.24,158,58.24,15.0
2026-02-20 16:30:00,57.7,57.7,56.61,57.11,137,57.11,15.0
2026-02-20 16:45:00,57.01,57.5,56.98,57.28,169,57.28,15.0
2026-02-20 17:00:00,57.28,58.4,57.28,57.49,364,57.49,15.0
2026-02-20 17:15:00,57.41,57.62,57.22,57.34,531,57.34,15.0
2026-02-20 17:30:00,57.34,57.48,57.07,57.11,235,57.11,15.0
2026-02-20 17:45:00,57.15,57.58,57.09,57.4,228,57.4,15.0
2026-02-20 18:00:00,57.36,57.68,57.34,57.53,163,57.53,15.0
2026-02-20 18:15:00,57.56,57.61,57.3,57.3,129,57.3,15.0
2026-02-20 18:30:00,57.25,57.59,57.2,57.44,88,57.44,15.0
2026-02-20 18:45:00,57.46,57.67,57.36,57.58,199,57.58,15.0
2026-02-20 19:00:00,57.58,57.65,57.17,57.2,188,57.2,15.0
2026-02-20 19:15:00,57.21,57.21,56.87,56.93,387,56.93,15.0
2026-02-20 19:30:00,56.97,57.12,56.81,56.84,333,56.84,15.0
2026-02-20 19:45:00,56.88,57.07,56.87,57.07,114,57.07,15.0
2026-02-20 20:00:00,57.06,57.22,57.01,57.16,104,57.16,15.0
2026-02-20 20:15:00,57.15,57.17,56.93,57.11,241,57.11,15.0
2026-02-20 20:30:00,57.07,57.4,56.99,57.39,236,57.39,15.0
2026-02-20 20:45:00,57.36,57.61,57.31,57.49,176,57.49,15.0
2026-02-20 21:00:00,57.53,57.56,57.27,57.27,104,57.27,15.0
2026-02-20 21:15:00,57.27,57.28,57.09,57.09,172,57.09,15.0
2026-02-20 21:30:00,57.12,57.19,56.99,57.0,164,57.0,15.0
2026-02-20 21:45:00,56.99,57.01,56.75,56.75,218,56.75,15.0
2026-02-20 22:00:00,56.77,57.06,56.77,57.04,239,57.04,15.0
2026-02-20 22:15:00,57.02,57.34,56.98,57.32,216,57.32,15.0
2026-02-20 22:30:00,57.3,57.49,57.29,57.43,364,57.43,15.0
2026-02-20 22:45:00,57.42,57.55,57.33,57.52,920,57.52,15.0
2026-02-20 23:00:00,57.52,57.52,57.52,57.52,188,57.52,15.0
2026-02-23 16:30:00,57.3,57.49,56.5,57.02,279,57.02,15.0
2026-02-23 16:45:00,57.15,57.39,56.41,56.6,217,56.6,15.0
2026-02-23 17:00:00,56.61,56.76,55.91,55.99,328,55.99,15.0
2026-02-23 17:15:00,55.95,56.13,55.32,55.41,379,55.41,15.0
2026-02-23 17:30:00,55.41,55.56,55.22,55.26,291,55.26,15.0
2026-02-23 17:45:00,55.2,55.3,54.86,54.94,280,54.94,15.0
2026-02-23 18:00:00,54.97,55.08,54.89,54.9,303,54.9,15.0
2026-02-23 18:15:00,54.87,54.92,54.68,54.89,402,54.89,15.0
2026-02-23 18:30:00,54.89,54.94,54.61,54.72,288,54.72,15.0
2026-02-23 18:45:00,54.72,55.02,54.68,54.97,449,54.97,15.0
2026-02-23 19:00:00,54.95,55.08,54.44,54.47,453,54.47,15.0
2026-02-23 19:15:00,54.47,54.51,54.2,54.34,322,54.34,15.0
2026-02-23 19:30:00,54.32,54.65,54.26,54.51,306,54.51,15.0
2026-02-23 19:45:00,54.51,55.01,54.37,54.95,410,54.95,15.0
2026-02-23 20:00:00,55.03,55.47,55.03,55.4,98,55.4,15.0
2026-02-23 20:15:00,55.4,55.83,55.32,55.82,204,55.82,15.0
2026-02-23 20:30:00,55.82,55.83,55.58,55.7,255,55.7,15.0
2026-02-23 20:45:00,55.78,55.85,55.53,55.56,119,55.56,15.0
2026-02-23 21:00:00,55.55,55.63,55.48,55.48,188,55.48,15.0
2026-02-23 21:15:00,55.52,55.55,55.37,55.46,196,55.46,15.0
2026-02-23 21:30:00,55.46,55.56,55.36,55.49,137,55.49,15.0
2026-02-23 21:45:00,55.48,55.6,55.32,55.35,300,55.35,15.0
2026-02-23 22:00:00,55.34,55.4,55.12,55.14,178,55.14,15.0
2026-02-23 22:15:00,55.14,55.29,55.11,55.17,277,55.17,15.0
2026-02-23 22:30:00,55.16,55.27,55.09,55.1,326,55.1,15.0
2026-02-23 22:45:00,55.1,55.1,54.56,54.74,1477,54.74,15.0
2026-02-23 23:00:00,54.76,54.76,54.76,54.76,282,54.76,15.0
2026-02-24 16:30:00,54.68,55.17,54.26,55.17,175,55.17,15.0
2026-02-24 16:45:00,55.18,55.55,54.97,55.26,180,55.26,15.0
2026-02-24 17:00:00,55.27,55.56,55.27,55.51,213,55.51,15.0
2026-02-24 17:15:00,55.51,56.69,55.51,56.69,150,56.69,15.0
2026-02-24 17:30:00,56.62,56.68,56.15,56.34,213,56.34,15.0
2026-02-24 17:45:00,56.34,56.38,56.07,56.3,270,56.3,15.0
2026-02-24 18:00:00,56.3,56.42,56.22,56.38,105,56.38,15.0
2026-02-24 18:15:00,56.4,56.58,56.21,56.57,162,56.57,15.0
2026-02-24 18:30:00,56.57,56.8,56.49,56.66,242,56.66,15.0
2026-02-24 18:45:00,56.65,56.66,56.34,56.36,133,56.36,15.0
2026-02-24 19:00:00,56.35,56.4,56.15,56.4,115,56.4,15.0
2026-02-24 19:15:00,56.45,56.45,56.3,56.4,108,56.4,15.0
2026-02-24 19:30:00,56.42,56.58,56.35,56.57,140,56.57,15.0
2026-02-24 19:45:00,56.57,56.73,56.47,56.71,133,56.71,15.0
2026-02-24 20:00:00,56.73,56.76,56.58,56.69,112,56.69,15.0
2026-02-24 20:15:00,56.68,56.71,56.6,56.7,153,56.7,15.0
2026-02-24 20:30:00,56.71,57.21,56.7,57.12,191,57.12,15.0
2026-02-24 20:45:00,57.2,57.29,57.03,57.04,225,57.04,15.0
2026-02-24 21:00:00,57.08,57.11,56.91,57.02,144,57.02,15.0
2026-02-24 21:15:00,57.03,57.08,56.87,56.91,127,56.91,15.0
2026-02-24 21:30:00,56.89,56.98,56.87,56.98,159,56.98,15.0
2026-02-24 21:45:00,56.97,57.13,56.9,57.02,263,57.02,15.0
2026-02-24 22:00:00,56.99,57.1,56.99,57.03,321,57.03,15.0
2026-02-24 22:15:00,57.04,57.15,56.99,57.05,414,57.05,15.0
2026-02-24 22:30:00,57.05,57.27,57.01,57.2,461,57.2,15.0
2026-02-24 22:45:00,57.2,57.67,57.13,57.6,1552,57.6,15.0
2026-02-24 23:00:00,57.6,57.6,57.6,57.6,164,57.6,15.0
2026-02-25 16:30:00,58.19,58.24,57.2,57.69,112,57.69,15.0
2026-02-25 16:45:00,57.67,57.76,56.88,57.21,208,57.21,15.0
2026-02-25 17:00:00,57.18,57.85,57.15,57.78,364,57.78,15.0
2026-02-25 17:15:00,57.8,57.86,57.44,57.52,234,57.52,15.0
2026-02-25 17:30:00,57.53,57.62,57.39,57.51,193,57.51,15.0
2026-02-25 17:45:00,57.52,57.6,57.3,57.46,132,57.46,15.0
2026-02-25 18:00:00,57.5,57.52,57.14,57.14,99,57.14,15.0
2026-02-25 18:15:00,57.14,57.59,57.14,57.59,104,57.59,15.0
2026-02-25 18:30:00,57.53,57.65,57.4,57.65,292,57.65,15.0
2026-02-25 18:45:00,57.6,57.76,57.56,57.68,128,57.68,15.0
2026-02-25 19:00:00,57.69,57.79,57.58,57.64,124,57.64,15.0
2026-02-25 19:15:00,57.63,57.68,57.55,57.63,164,57.63,15.0
2026-02-25 19:30:00,57.63,57.83,57.6,57.82,90,57.82,15.0
2026-02-25 19:45:00,57.78,57.87,57.7,57.78,117,57.78,15.0
2026-02-25 20:00:00,57.84,57.93,57.8,57.91,72,57.91,15.0
2026-02-25 20:15:00,57.89,57.92,57.72,57.81,60,57.81,15.0
2026-02-25 20:30:00,57.82,57.91,57.78,57.81,135,57.81,15.0
2026-02-25 20:45:00,57.81,58.07,57.75,58.02,161,58.02,15.0
2026-02-25 21:00:00,58.06,58.13,58.01,58.03,107,58.03,15.0
2026-02-25 21:15:00,58.03,58.13,58.03,58.07,116,58.07,15.0
2026-02-25 21:30:00,58.13,58.16,58.07,58.14,69,58.14,15.0
2026-02-25 21:45:00,58.15,58.19,58.06,58.11,100,58.11,15.0
2026-02-25 22:00:00,58.11,58.13,58.02,58.08,139,58.08,15.0
2026-02-25 22:15:00,58.09,58.09,57.86,57.97,503,57.97,15.0
2026-02-25 22:30:00,57.9,57.96,57.76,57.94,239,57.94,15.0
2026-02-25 22:45:00,57.93,57.95,57.69,57.88,1097,57.88,15.0
2026-02-25 23:00:00,57.87,57.87,57.87,57.87,204,57.87,15.0
2026-02-26 16:30:00,57.58,58.15,57.0,57.45,157,57.45,15.0
2026-02-26 16:45:00,57.45,57.5,57.04,57.31,138,57.31,15.0
2026-02-26 17:00:00,57.32,57.61,57.29,57.42,254,57.42,15.0
2026-02-26 17:15:00,57.45,57.45,56.65,56.95,124,56.95,15.0
2026-02-26 17:30:00,56.95,57.45,56.94,57.43,97,57.43,15.0
2026-02-26 17:45:00,57.48,57.76,57.43,57.69,128,57.69,15.0
2026-02-26 18:00:00,57.75,57.77,57.35,57.38,143,57.38,15.0
2026-02-26 18:15:00,57.38,57.38,56.95,57.08,57,57.08,15.0
2026-02-26 18:30:00,57.05,57.08,56.63,56.65,97,56.65,15.0
2026-02-26 18:45:00,56.66,56.82,56.56,56.7,148,56.7,15.0
2026-02-26 19:00:00,56.69,56.79,56.45,56.45,171,56.45,15.0
2026-02-26 19:15:00,56.41,56.41,56.22,56.28,108,56.28,15.0
2026-02-26 19:30:00,56.24,56.41,56.04,56.13,216,56.13,15.0
2026-02-26 19:45:00,56.16,56.23,56.13,56.23,21,56.23,15.0
2026-02-27 16:30:00,57.2,57.8,56.5,56.5,100,56.5,15.0
2026-02-27 16:45:00,56.5,56.9,56.19,56.9,69,56.9,15.0
2026-02-27 17:00:00,56.76,57.37,56.76,57.08,50,57.08,15.0
2026-02-27 17:15:00,57.06,57.27,56.91,57.1,89,57.1,15.0
2026-02-27 17:30:00,57.1,57.66,57.1,57.51,206,57.51,15.0
2026-02-27 17:45:00,57.53,57.59,57.33,57.49,66,57.49,15.0
2026-02-27 18:00:00,57.49,57.55,57.43,57.55,62,57.55,15.0
2026-02-27 18:15:00,57.54,57.85,57.5,57.77,107,57.77,15.0
2026-02-27 18:30:00,57.75,57.82,57.67,57.67,38,57.67,15.0
2026-02-27 18:45:00,57.68,57.82,57.64,57.81,47,57.81,15.0
2026-02-27 19:00:00,57.81,57.87,57.73,57.74,66,57.74,15.0
2026-02-27 19:15:00,57.7,57.89,57.63,57.83,122,57.83,15.0
2026-02-27 19:30:00,57.83,58.34,57.82,58.3,93,58.3,15.0
2026-02-27 19:45:00,58.3,58.62,58.27,58.59,108,58.59,15.0
2026-02-27 20:00:00,58.59,58.71,58.53,58.57,83,58.57,15.0
2026-02-27 20:15:00,58.54,58.76,58.52,58.72,57,58.72,15.0
2026-02-27 20:30:00,58.72,58.81,58.65,58.81,94,58.81,15.0
2026-02-27 20:45:00,58.78,58.89,58.65,58.89,110,58.89,15.0
2026-02-27 21:00:00,58.89,58.92,58.49,58.49,195,58.49,15.0
2026-02-27 21:15:00,58.47,58.57,58.41,58.49,122,58.49,15.0
2026-02-27 21:30:00,58.47,58.63,58.39,58.61,191,58.61,15.0
2026-02-27 21:45:00,58.6,58.61,58.29,58.59,289,58.59,15.0
2026-02-27 22:00:00,58.62,58.82,58.62,58.79,82,58.79,15.0
2026-02-27 22:15:00,58.83,58.85,58.68,58.78,126,58.78,15.0
2026-02-27 22:30:00,58.78,58.97,58.6,58.82,322,58.82,15.0
2026-02-27 22:45:00,58.81,59.06,58.68,59.0,910,59.0,15.0
2026-02-27 23:00:00,59.0,59.0,59.0,59.0,141,59.0,15.0
2026-03-02 16:30:00,58.21,58.21,56.39,56.81,443,56.81,15.0
2026-03-02 16:45:00,56.76,57.47,56.76,56.92,118,56.92,15.0
2026-03-02 17:00:00,56.91,57.85,56.8,57.85,231,57.85,15.0
2026-03-02 17:15:00,57.85,57.92,57.21,57.28,208,57.28,15.0
2026-03-02 17:30:00,57.34,57.74,57.18,57.74,140,57.74,15.0
2026-03-02 17:45:00,57.71,57.8,57.48,57.72,107,57.72,15.0
2026-03-02 18:00:00,57.68,57.75,57.58,57.67,58,57.67,15.0
2026-03-02 18:15:00,57.6,57.64,57.25,57.28,158,57.28,15.0
2026-03-02 18:30:00,57.28,57.66,57.24,57.66,80,57.66,15.0
2026-03-02 18:45:00,57.6,57.63,57.39,57.53,100,57.53,15.0
2026-03-02 19:00:00,57.52,57.53,57.33,57.44,88,57.44,15.0
2026-03-02 19:15:00,57.46,57.73,57.46,57.5,92,57.5,15.0
2026-03-02 19:30:00,57.52,57.81,57.51,57.79,57,57.79,15.0
2026-03-02 19:45:00,57.84,57.94,57.8,57.89,49,57.89,15.0
2026-03-02 20:00:00,57.92,58.06,57.89,58.06,39,58.06,15.0
2026-03-02 20:15:00,58.02,58.07,57.86,58.07,51,58.07,15.0
2026-03-02 20:30:00,58.07,58.27,58.05,58.16,191,58.16,15.0
2026-03-02 20:45:00,58.16,58.21,57.92,57.92,117,57.92,15.0
2026-03-02 21:00:00,57.9,58.15,57.87,58.12,87,58.12,15.0
2026-03-02 21:15:00,58.09,58.37,58.09,58.34,63,58.34,15.0
2026-03-02 21:30:00,58.34,58.37,58.06,58.06,39,58.06,15.0
2026-03-02 21:45:00,58.1,58.41,58.06,58.41,131,58.41,15.0
2026-03-02 22:00:00,58.41,58.43,58.12,58.18,185,58.18,15.0
2026-03-02 22:15:00,58.15,58.27,58.07,58.12,171,58.12,15.0
2026-03-02 22:30:00,58.12,58.12,57.88,57.93,200,57.93,15.0
2026-03-02 22:45:00,57.92,57.94,57.63,57.81,830,57.81,15.0
2026-03-02 23:00:00,57.82,57.82,57.82,57.82,228,57.82,15.0
2026-03-03 16:30:00,56.12,56.48,55.92,56.0,187,56.0,15.0
2026-03-03 16:45:00,56.0,56.0,55.04,55.26,244,55.26,15.0
2026-03-03 17:00:00,55.34,55.37,54.94,55.18,260,55.18,15.0
2026-03-03 17:15:00,55.18,55.22,54.59,54.85,249,54.85,15.0
2026-03-03 17:30:00,54.91,55.39,54.88,55.01,282,55.01,15.0
2026-03-03 17:45:00,55.06,55.09,54.65,54.83,150,54.83,15.0
2026-03-03 18:00:00,54.86,55.3,54.75,55.01,172,55.01,15.0
2026-03-03 18:15:00,55.08,55.51,54.93,55.42,295,55.42,15.0
2026-03-03 18:30:00,55.31,55.63,55.09,55.55,111,55.55,15.0
2026-03-03 18:45:00,55.64,55.99,55.56,55.58,94,55.58,15.0
2026-03-03 19:00:00,55.53,55.69,55.32,55.67,256,55.67,15.0
2026-03-03 19:15:00,55.62,55.97,55.59,55.93,99,55.93,15.0
2026-03-03 19:30:00,55.95,56.14,55.74,56.1,112,56.1,15.0
2026-03-03 19:45:00,56.1,56.15,55.89,55.97,147,55.97,15.0
2026-03-03 20:00:00,55.98,56.22,55.98,56.21,152,56.21,15.0
2026-03-03 20:15:00,56.24,56.69,56.24,56.65,268,56.65,15.0
2026-03-03 20:30:00,56.65,57.06,56.6,56.97,195,56.97,15.0
2026-03-03 20:45:00,56.97,57.13,56.84,57.04,116,57.04,15.0
2026-03-03 21:00:00,57.09,57.16,56.65,56.79,92,56.79,15.0
2026-03-03 21:15:00,56.83,57.15,56.82,56.92,104,56.92,15.0
2026-03-03 21:30:00,57.01,57.3,56.76,57.15,137,57.15,15.0
2026-03-03 21:45:00,57.18,57.38,57.1,57.31,151,57.31,15.0
2026-03-03 22:00:00,57.27,57.64,57.27,57.56,206,57.56,15.0
2026-03-03 22:15:00,57.53,57.55,57.19,57.36,160,57.36,15.0
2026-03-03 22:30:00,57.36,57.36,56.83,56.86,267,56.86,15.0
2026-03-03 22:45:00,56.91,57.19,56.9,56.99,593,56.99,15.0
2026-03-03 23:00:00,56.99,56.99,56.99,56.99,138,56.99,15.0
2026-03-04 16:30:00,57.49,57.82,57.02,57.59,202,57.59,15.0
2026-03-04 16:45:00,57.58,57.72,57.26,57.43,330,57.43,15.0
2026-03-04 17:00:00,57.44,57.61,56.92,57.32,89,57.32,15.0
2026-03-04 17:15:00,57.41,57.6,57.19,57.21,120,57.21,15.0
2026-03-04 17:30:00,57.23,57.81,56.97,57.45,322,57.45,15.0
2026-03-04 17:45:00,57.52,57.72,57.35,57.57,353,57.57,15.0
2026-03-04 18:00:00,57.59,57.69,57.26,57.33,276,57.33,15.0
2026-03-04 18:15:00,57.33,57.55,57.26,57.55,293,57.55,15.0
2026-03-04 18:30:00,57.56,57.56,57.1,57.28,150,57.28,15.0
2026-03-04 18:45:00,57.22,57.49,57.16,57.41,301,57.41,15.0
2026-03-04 19:00:00,57.42,57.58,57.39,57.49,145,57.49,15.0
2026-03-04 19:15:00,57.49,57.62,57.31,57.38,177,57.38,15.0
2026-03-04 19:30:00,57.31,57.59,57.3,57.42,158,57.42,15.0
2026-03-04 19:45:00,57.47,57.8,57.4,57.7,116,57.7,15.0
2026-03-04 20:00:00,57.76,57.89,57.62,57.79,54,57.79,15.0
2026-03-04 20:15:00,57.67,57.7,57.53,57.69,66,57.69,15.0
2026-03-04 20:30:00,57.71,57.81,57.69,57.73,110,57.73,15.0
2026-03-04 20:45:00,57.7,57.7,57.54,57.54,56,57.54,15.0
2026-03-04 21:00:00,57.54,57.62,57.34,57.54,109,57.54,15.0
2026-03-04 21:15:00,57.5,57.62,57.47,57.6,257,57.6,15.0
2026-03-04 21:30:00,57.6,57.69,57.43,57.49,304,57.49,15.0
2026-03-04 21:45:00,57.53,57.79,57.52,57.74,148,57.74,15.0
2026-03-04 22:00:00,57.77,57.78,57.65,57.69,123,57.69,15.0
2026-03-04 22:15:00,57.7,57.91,57.69,57.91,254,57.91,15.0
2026-03-04 22:30:00,57.92,57.95,57.77,57.93,176,57.93,15.0
2026-03-04 22:45:00,57.93,58.06,57.8,57.83,745,57.83,15.0
2026-03-04 23:00:00,57.85,57.85,57.85,57.85,124,57.85,15.0
2026-03-05 16:30:00,56.89,57.91,56.25,57.73,279,57.73,15.0
2026-03-05 16:45:00,57.78,58.65,57.72,58.09,150,58.09,15.0
2026-03-05 17:00:00,58.03,58.3,57.9,58.22,74,58.22,15.0
2026-03-05 17:15:00,58.14,58.25,57.36,57.41,130,57.41,15.0
2026-03-05 17:30:00,57.38,57.38,56.87,57.05,193,57.05,15.0
2026-03-05 17:45:00,57.14,57.3,56.96,57.1,92,57.1,15.0
2026-03-05 18:00:00,57.12,57.16,56.51,56.51,195,56.51,15.0
2026-03-05 18:15:00,56.5,56.68,56.38,56.51,197,56.51,15.0
2026-03-05 18:30:00,56.51,56.53,56.31,56.37,163,56.37,15.0
2026-03-05 18:45:00,56.4,56.71,56.4,56.64,143,56.64,15.0
2026-03-05 19:00:00,56.61,56.65,56.21,56.28,151,56.28,15.0
2026-03-05 19:15:00,56.32,56.33,56.1,56.25,127,56.25,15.0
2026-03-05 19:30:00,56.23,56.26,56.0,56.05,118,56.05,15.0
2026-03-05 19:45:00,56.05,56.16,55.98,56.13,92,56.13,15.0
2026-03-05 20:00:00,56.1,56.17,55.82,55.83,132,55.83,15.0
2026-03-05 20:15:00,55.83,55.87,55.59,55.79,119,55.79,15.0
2026-03-05 20:30:00,55.79,55.95,55.7,55.89,146,55.89,15.0
2026-03-05 20:45:00,55.86,55.89,55.57,55.61,174,55.61,15.0
2026-03-05 21:00:00,55.64,55.68,55.48,55.63,139,55.63,15.0
2026-03-05 21:15:00,55.56,55.72,55.53,55.56,172,55.56,15.0
2026-03-05 21:30:00,55.54,55.57,55.35,55.37,162,55.37,15.0
2026-03-05 21:45:00,55.41,55.72,55.37,55.62,156,55.62,15.0
2026-03-05 22:00:00,55.65,55.81,55.45,55.68,268,55.68,15.0
2026-03-05 22:15:00,55.7,55.89,55.59,55.79,265,55.79,15.0
2026-03-05 22:30:00,55.79,56.14,55.73,56.11,434,56.11,15.0
2026-03-05 22:45:00,56.12,56.4,55.84,55.91,1914,55.91,15.0
2026-03-05 23:00:00,55.89,55.89,55.89,55.89,216,55.89,15.0
2026-03-06 16:30:00,54.79,55.21,54.01,54.45,87,54.45,15.0
2026-03-06 16:45:00,54.2,54.5,53.74,53.87,208,53.87,15.0
2026-03-06 17:00:00,53.84,54.1,53.77,54.01,172,54.01,15.0
2026-03-06 17:15:00,54.01,54.33,53.9,54.12,216,54.12,15.0
2026-03-06 17:30:00,54.18,54.44,54.13,54.29,285,54.29,15.0
2026-03-06 17:45:00,54.29,54.49,54.02,54.45,264,54.45,15.0
2026-03-06 18:00:00,54.45,54.57,54.33,54.42,109,54.42,15.0
2026-03-06 18:15:00,54.38,54.46,54.18,54.33,152,54.33,15.0
2026-03-06 18:30:00,54.33,54.41,54.14,54.36,157,54.36,15.0
2026-03-06 18:45:00,54.36,54.59,54.36,54.49,160,54.49,15.0
2026-03-06 19:00:00,54.5,54.62,54.33,54.33,157,54.33,15.0
2026-03-06 19:15:00,54.38,54.52,54.34,54.38,110,54.38,15.0
2026-03-06 19:30:00,54.33,54.36,54.0,54.0,157,54.0,15.0
2026-03-06 19:45:00,54.05,54.29,53.91,54.07,127,54.07,15.0
2026-03-06 20:00:00,54.07,54.27,54.07,54.26,76,54.26,15.0
2026-03-06 20:15:00,54.27,54.43,54.21,54.24,194,54.24,15.0
2026-03-06 20:30:00,54.24,54.28,54.02,54.21,293,54.21,15.0
2026-03-06 20:45:00,54.17,54.29,54.05,54.2,226,54.2,15.0
2026-03-06 21:00:00,54.19,54.32,54.05,54.1,192,54.1,15.0
2026-03-06 21:15:00,54.05,54.1,53.85,54.02,184,54.02,15.0
2026-03-06 21:30:00,53.97,54.11,53.81,53.98,171,53.98,15.0
2026-03-06 21:45:00,53.98,54.2,53.98,54.06,167,54.06,15.0
2026-03-06 22:00:00,54.06,54.12,53.97,54.02,187,54.02,15.0
2026-03-06 22:15:00,54.01,54.14,53.97,54.0,230,54.0,15.0
2026-03-06 22:30:00,54.0,54.07,53.74,53.83,559,53.83,15.0
2026-03-06 22:45:00,53.83,54.06,53.65,53.89,1626,53.89,15.0
2026-03-06 23:00:00,53.89,53.89,53.89,53.89,125,53.89,15.0
2026-03-09 15:30:00,52.96,53.33,52.76,52.76,148,52.76,15.0
2026-03-09 15:45:00,52.86,53.15,52.61,52.75,198,52.75,15.0
2026-03-09 16:00:00,52.74,53.19,52.62,52.74,132,52.74,15.0
2026-03-09 16:15:00,52.78,52.79,52.4,52.41,402,52.41,15.0
2026-03-09 16:30:00,52.41,52.92,52.38,52.92,149,52.92,15.0
2026-03-09 16:45:00,52.93,53.4,52.89,53.13,212,53.13,15.0
2026-03-09 17:00:00,53.12,53.36,53.1,53.25,175,53.25,15.0
2026-03-09 17:15:00,53.32,53.5,53.32,53.33,106,53.33,15.0
2026-03-09 17:30:00,53.33,53.35,53.0,53.14,176,53.14,15.0
2026-03-09 17:45:00,53.09,53.36,53.05,53.33,193,53.33,15.0
2026-03-09 18:00:00,53.33,53.64,53.25,53.63,127,53.63,15.0
2026-03-09 18:15:00,53.67,53.77,53.61,53.7,132,53.7,15.0
2026-03-09 18:30:00,53.7,53.75,53.56,53.75,99,53.75,15.0
2026-03-09 18:45:00,53.76,53.82,53.71,53.72,130,53.72,15.0
2026-03-09 19:00:00,53.73,53.87,53.6,53.85,171,53.85,15.0
2026-03-09 19:15:00,53.84,53.84,53.6,53.66,131,53.66,15.0
2026-03-09 19:30:00,53.69,53.73,53.34,53.34,170,53.34,15.0
2026-03-09 19:45:00,53.32,53.57,53.32,53.56,198,53.56,15.0
2026-03-09 20:00:00,53.56,53.81,53.56,53.77,241,53.77,15.0
2026-03-09 20:15:00,53.79,54.43,53.79,54.43,201,54.43,15.0
2026-03-09 20:30:00,54.39,54.75,54.37,54.57,434,54.57,15.0
2026-03-09 20:45:00,54.58,54.71,54.48,54.6,502,54.6,15.0
2026-03-09 21:00:00,54.62,54.66,54.03,54.07,229,54.07,15.0
2026-03-09 21:15:00,54.05,54.88,53.98,54.87,298,54.87,15.0
2026-03-09 21:30:00,54.85,55.14,54.71,54.75,345,54.75,15.0
2026-03-09 21:45:00,54.72,54.91,54.51,54.86,1473,54.86,15.0
2026-03-09 22:00:00,54.87,54.87,54.87,54.87,137,54.87,15.0
2026-03-10 15:30:00,54.66,54.87,53.36,53.48,226,53.48,15.0
2026-03-10 15:45:00,53.49,54.35,53.49,54.04,115,54.04,15.0
2026-03-10 16:00:00,54.14,54.14,53.3,53.55,183,53.55,15.0
2026-03-10 16:15:00,53.58,53.79,53.16,53.33,295,53.33,15.0
2026-03-10 16:30:00,53.39,53.59,53.28,53.56,144,53.56,15.0
2026-03-10 16:45:00,53.57,53.65,53.41,53.48,145,53.48,15.0
2026-03-10 17:00:00,53.47,53.79,53.35,53.79,216,53.79,15.0
2026-03-10 17:15:00,53.78,54.02,53.78,53.98,220,53.98,15.0
2026-03-10 17:30:00,54.02,54.27,53.87,54.11,304,54.11,15.0
2026-03-10 17:45:00,54.2,54.2,53.87,53.98,280,53.98,15.0
2026-03-10 18:00:00,53.98,53.99,53.67,53.75,180,53.75,15.0
2026-03-10 18:15:00,53.75,53.82,53.69,53.74,150,53.74,15.0
2026-03-10 18:30:00,53.75,53.97,53.75,53.79,116,53.79,15.0
2026-03-10 18:45:00,53.8,53.85,53.68,53.78,369,53.78,15.0
2026-03-10 19:00:00,53.79,54.04,53.78,53.98,68,53.98,15.0
2026-03-10 19:15:00,54.03,54.21,54.03,54.2,163,54.2,15.0
2026-03-10 19:30:00,54.16,54.31,53.56,53.86,276,53.86,15.0
2026-03-10 19:45:00,53.85,54.49,53.85,54.43,70,54.43,15.0
2026-03-10 20:00:00,54.43,54.5,53.98,54.0,155,54.0,15.0
2026-03-10 20:15:00,54.0,54.08,53.38,53.75,266,53.75,15.0
2026-03-10 20:30:00,53.8,53.91,53.5,53.68,81,53.68,15.0
2026-03-10 20:45:00,53.64,53.77,53.52,53.66,295,53.66,15.0
2026-03-10 21:00:00,53.66,53.77,53.5,53.66,202,53.66,15.0
2026-03-10 21:15:00,53.69,53.81,53.53,53.63,575,53.63,15.0
2026-03-10 21:30:00,53.55,53.64,53.3,53.32,304,53.32,15.0
2026-03-10 21:45:00,53.3,53.34,52.77,52.84,1364,52.84,15.0
2026-03-10 22:00:00,52.82,52.82,52.82,52.82,312,52.82,15.0
2026-03-11 15:30:00,52.57,53.24,52.17,53.14,132,53.14,15.0
2026-03-11 15:45:00,52.99,53.0,51.89,52.26,490,52.26,15.0
2026-03-11 16:00:00,52.27,52.78,52.26,52.7,290,52.7,15.0
2026-03-11 16:15:00,52.66,52.87,52.44,52.7,270,52.7,15.0
2026-03-11 16:30:00,52.78,53.15,52.73,53.1,101,53.1,15.0
2026-03-11 16:45:00,53.08,53.29,53.07,53.24,111,53.24,15.0
2026-03-11 17:00:00,53.32,53.36,52.64,52.67,176,52.67,15.0
2026-03-11 17:15:00,52.7,53.0,52.56,52.82,201,52.82,15.0
2026-03-11 17:30:00,52.82,53.01,52.74,52.84,108,52.84,15.0
2026-03-11 17:45:00,52.77,53.1,52.75,52.94,125,52.94,15.0
2026-03-11 18:00:00,52.89,53.05,52.8,52.91,90,52.91,15.0
2026-03-11 18:15:00,52.93,52.97,52.68,52.8,90,52.8,15.0
2026-03-11 18:30:00,52.84,52.92,52.7,52.88,127,52.88,15.0
2026-03-11 18:45:00,52.88,52.95,52.79,52.95,71,52.95,15.0
2026-03-11 19:00:00,52.94,52.97,52.67,52.67,165,52.67,15.0
2026-03-11 19:15:00,52.68,53.0,52.67,52.87,140,52.87,15.0
2026-03-11 19:30:00,52.89,52.92,52.78,52.85,141,52.85,15.0
2026-03-11 19:45:00,52.85,53.04,52.84,53.0,115,53.0,15.0
2026-03-11 20:00:00,53.03,53.17,52.89,52.98,216,52.98,15.0
2026-03-11 20:15:00,52.99,53.25,52.99,53.19,117,53.19,15.0
2026-03-11 20:30:00,53.17,53.24,53.02,53.22,94,53.22,15.0
2026-03-11 20:45:00,53.22,53.27,53.09,53.26,78,53.26,15.0
2026-03-11 21:00:00,53.25,53.36,53.1,53.15,135,53.15,15.0
2026-03-11 21:15:00,53.16,53.42,53.14,53.4,159,53.4,15.0
2026-03-11 21:30:00,53.41,53.79,53.38,53.79,289,53.79,15.0
2026-03-11 21:45:00,53.79,53.79,53.36,53.63,1197,53.63,15.0
2026-03-11 22:00:00,53.62,53.62,53.62,53.62,158,53.62,15.0
2026-03-12 15:30:00,52.82,54.02,52.47,53.54,368,53.54,15.0
2026-03-12 15:45:00,53.72,54.03,53.53,53.76,182,53.76,15.0
2026-03-12 16:00:00,53.76,53.91,53.42,53.42,259,53.42,15.0
2026-03-12 16:15:00,53.5,53.5,52.45,52.54,377,52.54,15.0
2026-03-12 16:30:00,52.54,52.94,52.32,52.72,184,52.72,15.0
2026-03-12 16:45:00,52.79,53.02,52.71,52.94,49,52.94,15.0
2026-03-12 17:00:00,52.94,53.03,52.4,52.47,268,52.47,15.0
2026-03-12 17:15:00,52.47,52.5,52.07,52.16,124,52.16,15.0
2026-03-12 17:30:00,52.15,52.23,51.8,51.83,374,51.83,15.0
2026-03-12 17:45:00,51.87,51.88,51.55,51.73,93,51.73,15.0
2026-03-12 18:00:00,51.63,51.88,50.8,50.87,468,50.87,15.0
2026-03-12 18:15:00,50.87,51.2,50.52,50.53,470,50.53,15.0
2026-03-12 18:30:00,50.51,50.78,49.86,50.2,362,50.2,15.0
2026-03-12 18:45:00,50.18,50.71,50.17,50.59,278,50.59,15.0
2026-03-12 19:00:00,50.5,50.67,50.21,50.44,369,50.44,15.0
2026-03-12 19:15:00,50.47,50.81,50.47,50.74,236,50.74,15.0
2026-03-12 19:30:00,50.77,51.23,50.64,51.23,489,51.23,15.0
2026-03-12 19:45:00,51.27,51.42,51.16,51.22,203,51.22,15.0
2026-03-12 20:00:00,51.24,51.47,51.11,51.47,270,51.47,15.0
2026-03-12 20:15:00,51.49,51.64,51.4,51.64,274,51.64,15.0
2026-03-12 20:30:00,51.64,51.72,51.45,51.45,176,51.45,15.0
2026-03-12 20:45:00,51.45,51.5,51.23,51.38,134,51.38,15.0
2026-03-12 21:00:00,51.4,51.77,51.39,51.65,295,51.65,15.0
2026-03-12 21:15:00,51.65,51.83,51.57,51.75,337,51.75,15.0
2026-03-12 21:30:00,51.75,51.84,51.37,51.5,367,51.5,15.0
2026-03-12 21:45:00,51.45,51.68,51.27,51.5,1931,51.5,15.0
2026-03-12 22:00:00,51.47,51.47,51.47,51.47,166,51.47,15.0
2026-03-13 15:30:00,52.27,52.58,51.57,52.31,157,52.31,15.0
2026-03-13 15:45:00,52.32,52.41,51.83,51.85,250,51.85,15.0
2026-03-13 16:00:00,51.93,52.0,51.41,51.41,168,51.41,15.0
2026-03-13 16:15:00,51.39,51.63,50.93,51.16,271,51.16,15.0
2026-03-13 16:30:00,51.12,51.38,50.98,51.01,210,51.01,15.0
2026-03-13 16:45:00,50.93,50.99,50.67,50.8,257,50.8,15.0
2026-03-13 17:00:00,50.84,51.17,50.71,51.16,185,51.16,15.0
2026-03-13 17:15:00,51.06,51.1,50.63,50.8,150,50.8,15.0
2026-03-13 17:30:00,50.76,51.01,50.63,50.91,324,50.91,15.0
2026-03-13 17:45:00,50.92,51.25,50.87,51.0,169,51.0,15.0
2026-03-13 18:00:00,51.0,51.13,50.91,50.97,142,50.97,15.0
2026-03-13 18:15:00,50.99,51.16,50.9,50.96,113,50.96,15.0
2026-03-13 18:30:00,50.95,51.08,50.88,50.88,93,50.88,15.0
2026-03-13 18:45:00,50.81,51.08,50.78,50.89,218,50.89,15.0
2026-03-13 19:00:00,50.92,50.92,50.71,50.78,105,50.78,15.0
2026-03-13 19:15:00,50.84,51.0,50.78,50.91,138,50.91,15.0
2026-03-13 19:30:00,50.91,50.97,50.75,50.91,128,50.91,15.0
2026-03-13 19:45:00,50.93,50.94,50.63,50.68,77,50.68,15.0
2026-03-13 20:00:00,50.71,50.96,50.69,50.9,142,50.9,15.0
2026-03-13 20:15:00,50.9,50.95,50.65,50.83,141,50.83,15.0
2026-03-13 20:30:00,50.85,50.99,50.85,50.98,89,50.98,15.0
2026-03-13 20:45:00,50.95,51.14,50.91,51.03,266,51.03,15.0
2026-03-13 21:00:00,51.0,51.02,50.89,50.96,239,50.96,15.0
2026-03-13 21:15:00,50.99,51.1,50.97,51.05,287,51.05,15.0
2026-03-13 21:30:00,51.08,51.12,50.87,51.04,342,51.04,15.0
2026-03-13 21:45:00,51.04,51.15,50.83,50.86,1072,50.86,15.0
2026-03-13 22:00:00,50.85,50.85,50.85,50.85,216,50.85,15.0
2026-03-16 15:30:00,51.5,52.25,51.13,51.77,198,51.77,15.0
2026-03-16 15:45:00,51.7,52.03,51.51,52.03,198,52.03,15.0
2026-03-16 16:00:00,51.97,51.97,51.25,51.32,183,51.32,15.0
2026-03-16 16:15:00,51.29,51.39,51.1,51.25,105,51.25,15.0
2026-03-16 16:30:00,51.23,51.23,50.69,50.79,266,50.79,15.0
2026-03-16 16:45:00,50.77,50.79,50.29,50.36,191,50.36,15.0
2026-03-16 17:00:00,50.37,50.46,50.01,50.11,215,50.11,15.0
2026-03-16 17:15:00,50.09,50.2,49.9,49.97,195,49.97,15.0
2026-03-16 17:30:00,50.01,50.23,49.91,50.14,135,50.14,15.0
2026-03-16 17:45:00,50.18,50.18,49.22,49.23,278,49.23,15.0
2026-03-16 18:00:00,49.22,49.31,49.11,49.25,182,49.25,15.0
2026-03-16 18:15:00,49.23,49.5,49.2,49.23,222,49.23,15.0
2026-03-16 18:30:00,49.23,49.35,49.02,49.23,310,49.23,15.0
2026-03-16 18:45:00,49.23,49.23,48.95,48.96,245,48.96,15.0
2026-03-16 19:00:00,48.93,49.11,48.55,49.1,546,49.1,15.0
2026-03-16 19:15:00,49.1,49.53,48.98,49.08,623,49.08,15.0
2026-03-16 19:30:00,49.1,49.1,48.78,48.84,472,48.84,15.0
2026-03-16 19:45:00,48.83,48.88,48.69,48.85,233,48.85,15.0
2026-03-16 20:00:00,48.85,48.94,48.69,48.77,229,48.77,15.0
2026-03-16 20:15:00,48.76,48.9,48.68,48.81,349,48.81,15.0
2026-03-16 20:30:00,48.81,49.18,48.81,49.12,281,49.12,15.0
2026-03-16 20:45:00,49.14,49.14,48.71,48.78,146,48.78,15.0
2026-03-16 21:00:00,48.83,48.99,48.65,48.7,198,48.7,15.0
2026-03-16 21:15:00,48.67,48.79,48.54,48.62,247,48.62,15.0
2026-03-16 21:30:00,48.62,48.65,48.25,48.25,401,48.25,15.0
2026-03-16 21:45:00,48.26,48.88,48.25,48.81,1173,48.81,15.0
2026-03-16 22:00:00,48.81,48.81,48.81,48.81,181,48.81,15.0
2026-03-17 15:30:00,49.62,50.86,49.62,50.33,175,50.33,15.0
2026-03-17 15:45:00,50.37,50.7,50.13,50.65,180,50.65,15.0
2026-03-17 16:00:00,50.6,50.95,50.53,50.54,204,50.54,15.0
2026-03-17 16:15:00,50.56,50.56,50.23,50.35,128,50.35,15.0
2026-03-17 16:30:00,50.39,50.63,50.32,50.43,178,50.43,15.0
2026-03-17 16:45:00,50.45,50.58,50.29,50.49,122,50.49,15.0
2026-03-17 17:00:00,50.44,50.44,50.18,50.38,117,50.38,15.0
2026-03-17 17:15:00,50.41,50.62,50.41,50.53,103,50.53,15.0
2026-03-17 17:30:00,50.52,50.53,50.24,50.27,79,50.27,15.0
2026-03-17 17:45:00,50.31,50.49,50.28,50.48,126,50.48,15.0
2026-03-17 18:00:00,50.48,50.68,50.43,50.68,168,50.68,15.0
2026-03-17 18:15:00,50.7,51.09,50.64,51.04,198,51.04,15.0
2026-03-17 18:30:00,51.03,51.04,50.75,50.8,136,50.8,15.0
2026-03-17 18:45:00,50.82,50.89,50.76,50.88,74,50.88,15.0
2026-03-17 19:00:00,50.88,50.96,50.75,50.92,172,50.92,15.0
2026-03-17 19:15:00,50.92,50.94,50.8,50.84,106,50.84,15.0
2026-03-17 19:30:00,50.85,50.97,50.76,50.76,204,50.76,15.0
2026-03-17 19:45:00,50.78,50.82,50.63,50.81,112,50.81,15.0
2026-03-17 20:00:00,50.84,50.85,50.72,50.75,102,50.75,15.0
2026-03-17 20:15:00,50.75,51.09,50.68,51.08,340,51.08,15.0
2026-03-17 20:30:00,51.09,51.09,50.72,50.81,196,50.81,15.0
2026-03-17 20:45:00,50.81,51.1,50.81,51.05,157,51.05,15.0
2026-03-17 21:00:00,51.05,51.09,50.98,51.01,142,51.01,15.0
2026-03-17 21:15:00,51.01,51.24,50.99,51.15,321,51.15,15.0
2026-03-17 21:30:00,51.14,51.14,50.69,50.7,478,50.7,15.0
2026-03-17 21:45:00,50.72,51.16,50.72,51.03,1261,51.03,15.0
2026-03-17 22:00:00,51.06,51.06,51.06,51.06,163,51.06,15.0
2026-03-18 15:30:00,50.3,50.78,49.78,50.2,168,50.2,15.0
2026-03-18 15:45:00,50.19,50.77,50.19,50.37,143,50.37,15.0
2026-03-18 16:00:00,50.42,50.46,49.65,49.66,224,49.66,15.0
2026-03-18 16:15:00,49.63,49.82,49.53,49.8,272,49.8,15.0
2026-03-18 16:30:00,49.75,50.12,49.75,50.11,171,50.11,15.0
2026-03-18 16:45:00,50.09,50.38,49.98,50.38,174,50.38,15.0
2026-03-18 17:00:00,50.39,50.77,50.34,50.77,174,50.77,15.0
2026-03-18 17:15:00,50.77,50.91,50.63,50.76,257,50.76,15.0
2026-03-18 17:30:00,50.78,50.92,50.66,50.75,64,50.75,15.0
2026-03-18 17:45:00,50.72,51.05,50.71,51.02,141,51.02,15.0
2026-03-18 18:00:00,51.02,51.02,50.71,50.84,105,50.84,15.0
2026-03-18 18:15:00,50.84,50.91,50.66,50.77,232,50.77,15.0
2026-03-18 18:30:00,50.79,50.92,50.7,50.73,171,50.73,15.0
2026-03-18 18:45:00,50.67,50.83,50.67,50.82,86,50.82,15.0
2026-03-18 19:00:00,50.83,50.93,50.78,50.89,111,50.89,15.0
2026-03-18 19:15:00,50.92,51.05,50.88,50.91,81,50.91,15.0
2026-03-18 19:30:00,50.93,50.99,50.84,50.87,60,50.87,15.0
2026-03-18 19:45:00,50.84,51.04,50.79,51.04,127,51.04,15.0
2026-03-18 20:00:00,51.06,51.06,50.74,50.84,87,50.84,15.0
2026-03-18 20:15:00,50.85,51.14,50.71,51.14,177,51.14,15.0
2026-03-18 20:30:00,51.16,51.3,50.93,51.0,178,51.0,15.0
2026-03-18 20:45:00,51.01,51.06,50.91,50.91,194,50.91,15.0
2026-03-18 21:00:00,50.92,51.09,50.91,51.02,115,51.02,15.0
2026-03-18 21:15:00,51.0,51.04,50.88,50.97,199,50.97,15.0
2026-03-18 21:30:00,50.99,51.02,50.62,50.62,567,50.62,15.0
2026-03-18 21:45:00,50.63,51.02,50.57,50.8,1243,50.8,15.0
2026-03-18 22:00:00,50.81,50.81,50.81,50.81,145,50.81,15.0
2026-03-19 15:30:00,50.02,51.7,50.02,51.54,360,51.54,15.0
2026-03-19 15:45:00,51.23,51.44,51.0,51.43,148,51.43,15.0
2026-03-19 16:00:00,51.43,51.43,51.03,51.16,199,51.16,15.0
2026-03-19 16:15:00,51.16,51.3,50.97,51.08,176,51.08,15.0
2026-03-19 16:30:00,51.06,51.4,51.04,51.22,102,51.22,15.0
2026-03-19 16:45:00,51.23,51.37,51.15,51.35,146,51.35,15.0
2026-03-19 17:00:00,51.33,51.68,51.31,51.66,146,51.66,15.0
2026-03-19 17:15:00,51.66,51.7,51.48,51.53,155,51.53,15.0
2026-03-19 17:30:00,51.52,51.71,51.45,51.65,265,51.65,15.0
2026-03-19 17:45:00,51.61,51.66,51.56,51.65,80,51.65,15.0
2026-03-19 18:00:00,51.65,51.7,51.16,51.17,241,51.17,15.0
2026-03-19 18:15:00,51.21,51.49,51.13,51.43,189,51.43,15.0
2026-03-19 18:30:00,51.45,51.54,51.37,51.47,92,51.47,15.0
2026-03-19 18:45:00,51.52,51.52,51.18,51.26,101,51.26,15.0
2026-03-19 19:00:00,51.26,51.35,50.98,50.98,276,50.98,15.0
2026-03-19 19:15:00,51.05,51.31,51.05,51.27,62,51.27,15.0
2026-03-19 19:30:00,51.3,51.37,51.15,51.34,138,51.34,15.0
2026-03-19 19:45:00,51.34,51.48,51.27,51.36,104,51.36,15.0
2026-03-19 20:00:00,51.4,51.41,51.16,51.19,121,51.19,15.0
2026-03-19 20:15:00,51.19,51.28,51.08,51.08,189,51.08,15.0
2026-03-19 20:30:00,51.08,51.3,51.05,51.27,266,51.27,15.0
2026-03-19 20:45:00,51.27,51.68,51.22,51.64,219,51.64,15.0
2026-03-19 21:00:00,51.66,52.36,51.66,52.22,382,52.22,15.0
2026-03-19 21:15:00,52.22,52.22,51.91,51.94,442,51.94,15.0
2026-03-19 21:30:00,51.95,51.98,51.67,51.89,491,51.89,15.0
2026-03-19 21:45:00,51.9,51.91,51.56,51.58,929,51.58,15.0
2026-03-19 22:00:00,51.59,51.59,51.59,51.59,128,51.59,15.0
2026-03-20 15:30:00,51.61,52.01,51.22,51.38,156,51.38,15.0
2026-03-20 15:45:00,51.44,51.61,51.15,51.16,92,51.16,15.0
2026-03-20 16:00:00,51.35,51.44,51.24,51.24,45,51.24,15.0
2026-03-20 16:15:00,51.27,51.8,51.23,51.77,66,51.77,15.0
2026-03-20 16:30:00,51.85,52.07,51.85,52.0,137,52.0,15.0
2026-03-20 16:45:00,52.01,52.18,51.89,51.89,107,51.89,15.0
2026-03-20 17:00:00,51.89,52.15,51.8,52.15,82,52.15,15.0
2026-03-20 17:15:00,52.12,52.15,51.72,51.72,137,51.72,15.0
2026-03-20 17:30:00,51.67,51.82,51.59,51.79,75,51.79,15.0
2026-03-20 17:45:00,51.74,51.84,51.69,51.78,111,51.78,15.0
2026-03-20 18:00:00,51.78,51.83,51.67,51.68,78,51.68,15.0
2026-03-20 18:15:00,51.68,51.77,51.61,51.66,83,51.66,15.0
2026-03-20 18:30:00,51.64,51.64,51.48,51.62,79,51.62,15.0
2026-03-20 18:45:00,51.61,51.8,51.57,51.8,64,51.8,15.0
2026-03-20 19:00:00,51.73,51.8,51.51,51.61,71,51.61,15.0
2026-03-20 19:15:00,51.64,51.79,51.62,51.78,56,51.78,15.0
2026-03-20 19:30:00,51.78,51.8,51.57,51.76,110,51.76,15.0
2026-03-20 19:45:00,51.74,51.79,51.67,51.67,103,51.67,15.0
2026-03-20 20:00:00,51.7,51.71,51.43,51.44,118,51.44,15.0
2026-03-20 20:15:00,51.4,51.44,51.2,51.26,136,51.26,15.0
2026-03-20 20:30:00,51.26,51.26,51.08,51.1,103,51.1,15.0
2026-03-20 20:45:00,51.13,51.14,50.95,51.01,120,51.01,15.0
2026-03-20 21:00:00,51.05,51.12,50.99,51.1,82,51.1,15.0
2026-03-20 21:15:00,51.11,51.13,51.02,51.13,111,51.13,15.0
2026-03-20 21:30:00,51.1,51.15,50.79,50.96,233,50.96,15.0
2026-03-20 21:45:00,50.96,51.57,50.9,51.49,940,51.49,15.0
2026-03-20 22:00:00,51.48,51.48,51.48,51.48,222,51.48,15.0
2026-03-23 15:30:00,52.71,53.53,52.33,52.54,143,52.54,15.0
2026-03-23 15:45:00,52.52,53.09,52.52,52.86,268,52.86,15.0
2026-03-23 16:00:00,52.85,52.99,52.54,52.69,190,52.69,15.0
2026-03-23 16:15:00,52.68,52.94,52.6,52.62,134,52.62,15.0
2026-03-23 16:30:00,52.62,52.63,52.22,52.35,54,52.35,15.0
2026-03-23 16:45:00,52.35,52.66,52.29,52.59,159,52.59,15.0
2026-03-23 17:00:00,52.55,52.63,52.41,52.55,53,52.55,15.0
2026-03-23 17:15:00,52.55,52.59,52.25,52.25,78,52.25,15.0
2026-03-23 17:30:00,52.34,52.49,52.0,52.12,200,52.12,15.0
2026-03-23 17:45:00,52.11,52.18,51.63,51.64,127,51.64,15.0
2026-03-23 18:00:00,51.67,52.11,51.67,52.0,97,52.0,15.0
2026-03-23 18:15:00,51.99,51.99,51.82,51.85,220,51.85,15.0
2026-03-23 18:30:00,51.84,52.16,51.75,52.16,164,52.16,15.0
2026-03-23 18:45:00,52.12,52.21,52.02,52.09,55,52.09,15.0
2026-03-23 19:00:00,52.11,52.18,52.0,52.09,52,52.09,15.0
2026-03-23 19:15:00,52.06,52.11,52.0,52.03,88,52.03,15.0
2026-03-23 19:30:00,52.02,52.52,51.98,52.2,130,52.2,15.0
2026-03-23 19:45:00,52.2,52.31,52.15,52.31,56,52.31,15.0
2026-03-23 20:00:00,52.29,52.39,52.17,52.29,130,52.29,15.0
2026-03-23 20:15:00,52.28,52.39,52.14,52.29,136,52.29,15.0
2026-03-23 20:30:00,52.31,52.55,52.31,52.49,65,52.49,15.0
2026-03-23 20:45:00,52.5,52.54,52.43,52.49,48,52.49,15.0
2026-03-23 21:00:00,52.47,52.48,52.34,52.46,100,52.46,15.0
2026-03-23 21:15:00,52.45,52.49,52.37,52.44,137,52.44,15.0
2026-03-23 21:30:00,52.41,52.41,52.24,52.31,192,52.31,15.0
2026-03-23 21:45:00,52.32,52.37,51.94,52.01,730,52.01,15.0
2026-03-23 22:00:00,52.0,52.0,52.0,52.0,150,52.0,15.0
2026-03-24 15:30:00,50.7,51.98,50.7,51.9,98,51.9,15.0
2026-03-24 15:45:00,51.9,51.92,51.5,51.87,52,51.87,15.0
2026-03-24 16:00:00,51.79,52.1,51.69,52.1,112,52.1,15.0
2026-03-24 16:15:00,52.1,52.15,51.91,52.14,41,52.14,15.0
2026-03-24 16:30:00,52.12,52.2,52.04,52.2,41,52.2,15.0
2026-03-24 16:45:00,52.2,52.69,52.15,52.54,145,52.54,15.0
2026-03-24 17:00:00,52.71,52.79,52.64,52.78,60,52.78,15.0
2026-03-24 17:15:00,52.75,52.93,52.75,52.75,137,52.75,15.0
2026-03-24 17:30:00,52.8,52.88,52.79,52.87,53,52.87,15.0
2026-03-24 17:45:00,52.82,52.95,52.76,52.76,151,52.76,15.0
2026-03-24 18:00:00,52.79,52.79,52.48,52.64,53,52.64,15.0
2026-03-24 18:15:00,52.69,52.77,52.65,52.76,39,52.76,15.0
2026-03-24 18:30:00,52.73,52.73,52.53,52.69,36,52.69,15.0
2026-03-24 18:45:00,52.72,52.79,52.64,52.69,30,52.69,15.0
2026-03-24 19:00:00,52.75,52.75,52.38,52.39,48,52.39,15.0
2026-03-24 19:15:00,52.38,52.55,52.38,52.48,25,52.48,15.0
2026-03-24 19:30:00,52.55,52.6,52.43,52.46,36,52.46,15.0
2026-03-24 19:45:00,52.42,52.6,52.38,52.46,62,52.46,15.0
2026-03-24 20:00:00,52.46,52.5,52.28,52.34,58,52.34,15.0
2026-03-24 20:15:00,52.35,52.45,52.28,52.43,145,52.43,15.0
2026-03-24 20:30:00,52.46,52.71,52.4,52.49,180,52.49,15.0
2026-03-24 20:45:00,52.53,52.58,52.49,52.51,51,52.51,15.0
2026-03-24 21:00:00,52.52,52.64,52.38,52.48,134,52.48,15.0
2026-03-24 21:15:00,52.5,52.5,52.39,52.48,209,52.48,15.0
2026-03-24 21:30:00,52.46,52.51,52.4,52.49,239,52.49,15.0
2026-03-24 21:45:00,52.49,52.56,52.23,52.4,924,52.4,15.0
2026-03-24 22:00:00,52.42,52.43,52.42,52.43,162,52.43,15.0
2026-03-25 15:30:00,52.69,53.23,52.68,53.09,66,53.09,15.0
2026-03-25 15:45:00,53.01,53.03,52.47,52.66,88,52.66,15.0
2026-03-25 16:00:00,52.72,52.72,52.19,52.52,102,52.52,15.0
2026-03-25 16:15:00,52.5,52.79,52.48,52.67,111,52.67,15.0
2026-03-25 16:30:00,52.68,52.9,52.64,52.89,103,52.89,15.0
2026-03-25 16:45:00,52.83,52.98,52.79,52.97,42,52.97,15.0
2026-03-25 17:00:00,52.95,53.0,52.14,52.27,254,52.27,15.0
2026-03-25 17:15:00,52.26,52.51,52.02,52.49,348,52.49,15.0
2026-03-25 17:30:00,52.53,52.61,52.26,52.32,322,52.32,15.0
2026-03-25 17:45:00,52.29,52.43,52.24,52.43,217,52.43,15.0
2026-03-25 18:00:00,52.44,52.58,52.41,52.56,52,52.56,15.0
2026-03-25 18:15:00,52.53,52.68,52.47,52.61,42,52.61,15.0
2026-03-25 18:30:00,52.61,52.72,52.61,52.67,38,52.67,15.0
2026-03-25 18:45:00,52.59,52.91,52.56,52.91,53,52.91,15.0
2026-03-25 19:00:00,52.95,52.96,52.78,52.94,56,52.94,15.0
2026-03-25 19:15:00,52.89,52.95,52.83,52.85,68,52.85,15.0
2026-03-25 19:30:00,52.87,53.04,52.86,52.86,81,52.86,15.0
2026-03-25 19:45:00,52.86,52.86,52.62,52.62,41,52.62,15.0
2026-03-25 20:00:00,52.6,52.75,52.59,52.69,33,52.69,15.0
2026-03-25 20:15:00,52.68,52.79,52.66,52.7,47,52.7,15.0
2026-03-25 20:30:00,52.69,52.73,52.51,52.73,91,52.73,15.0
2026-03-25 20:45:00,52.69,52.72,52.5,52.61,29,52.61,15.0
2026-03-25 21:00:00,52.61,52.64,52.45,52.52,76,52.52,15.0
2026-03-25 21:15:00,52.53,52.67,52.4,52.43,153,52.43,15.0
2026-03-25 21:30:00,52.43,52.69,52.37,52.56,249,52.56,15.0
2026-03-25 21:45:00,52.57,52.8,52.46,52.7,868,52.7,15.0
2026-03-25 22:00:00,52.69,52.69,52.69,52.69,116,52.69,15.0
2026-03-26 15:30:00,52.61,53.15,52.2,53.04,68,53.04,15.0
2026-03-26 15:45:00,53.07,53.4,53.02,53.4,163,53.4,15.0
2026-03-26 16:00:00,53.38,53.58,53.24,53.54,82,53.54,15.0
2026-03-26 16:15:00,53.48,53.6,53.44,53.44,137,53.44,15.0
2026-03-26 16:30:00,53.44,53.63,53.14,53.23,122,53.23,15.0
2026-03-26 16:45:00,53.24,53.35,53.2,53.35,121,53.35,15.0
2026-03-26 17:00:00,53.32,53.47,53.09,53.23,150,53.23,15.0
2026-03-26 17:15:00,53.22,53.22,52.98,52.98,49,52.98,15.0
2026-03-26 17:30:00,52.98,53.06,52.91,52.92,71,52.92,15.0
2026-03-26 17:45:00,52.96,53.07,52.78,52.8,84,52.8,15.0
2026-03-26 18:00:00,52.83,53.02,52.83,52.91,115,52.91,15.0
2026-03-26 18:15:00,52.92,52.94,52.75,52.83,100,52.83,15.0
2026-03-26 18:30:00,52.8,52.83,52.68,52.73,55,52.73,15.0
2026-03-26 18:45:00,52.76,52.87,52.71,52.86,49,52.86,15.0
2026-03-26 19:00:00,52.87,52.92,52.75,52.75,44,52.75,15.0
2026-03-26 19:15:00,52.68,52.74,52.63,52.73,74,52.73,15.0
2026-03-26 19:30:00,52.75,52.8,52.64,52.68,75,52.68,15.0
2026-03-26 19:45:00,52.69,52.76,52.6,52.72,59,52.72,15.0
2026-03-26 20:00:00,52.74,52.78,52.44,52.49,107,52.49,15.0
2026-03-26 20:15:00,52.55,52.66,52.53,52.55,93,52.55,15.0
2026-03-26 20:30:00,52.57,52.75,52.57,52.65,97,52.65,15.0
2026-03-26 20:45:00,52.65,52.73,52.63,52.73,58,52.73,15.0
2026-03-26 21:00:00,52.73,52.73,52.54,52.54,86,52.54,15.0
2026-03-26 21:15:00,52.54,52.65,52.49,52.51,90,52.51,15.0
2026-03-26 21:30:00,52.5,52.76,52.47,52.64,199,52.64,15.0
2026-03-26 21:45:00,52.65,52.8,52.52,52.7,923,52.7,15.0
2026-03-26 22:00:00,52.7,52.7,52.7,52.7,128,52.7,15.0
2026-03-27 15:30:00,52.38,53.6,51.78,51.87,81,51.87,15.0
2026-03-27 15:45:00,52.02,52.02,51.59,51.75,99,51.75,15.0
2026-03-27 16:00:00,51.73,51.86,50.66,51.47,190,51.47,15.0
2026-03-27 16:15:00,51.55,51.83,51.47,51.51,127,51.51,15.0
2026-03-27 16:30:00,51.44,51.51,51.2,51.31,38,51.31,15.0
2026-03-27 16:45:00,51.33,51.39,51.2,51.34,81,51.34,15.0
2026-03-27 17:00:00,51.36,51.51,51.14,51.14,143,51.14,15.0
2026-03-27 17:15:00,51.18,51.47,51.08,51.29,81,51.29,15.0
2026-03-27 17:30:00,51.36,51.44,51.09,51.13,126,51.13,15.0
2026-03-27 17:45:00,51.28,51.37,51.23,51.29,69,51.29,15.0
2026-03-27 18:00:00,51.24,51.29,51.05,51.16,78,51.16,15.0
2026-03-27 18:15:00,51.21,51.38,51.2,51.24,66,51.24,15.0
2026-03-27 18:30:00,51.27,51.4,50.98,51.02,101,51.02,15.0
2026-03-27 18:45:00,51.06,51.2,51.03,51.03,53,51.03,15.0
2026-03-27 19:00:00,51.08,51.2,51.04,51.04,78,51.04,15.0
2026-03-27 19:15:00,51.08,51.13,50.87,50.87,123,50.87,15.0
2026-03-27 19:30:00,50.86,50.97,50.84,50.84,74,50.84,15.0
2026-03-27 19:45:00,50.85,50.87,50.77,50.82,43,50.82,15.0
2026-03-27 20:00:00,50.85,50.85,50.64,50.7,26,50.7,15.0
2026-03-27 20:15:00,50.76,51.07,50.76,50.9,82,50.9,15.0
2026-03-27 20:30:00,50.88,51.16,50.88,51.06,108,51.06,15.0
2026-03-27 20:45:00,51.04,51.22,50.99,51.22,75,51.22,15.0
2026-03-27 21:00:00,51.19,51.21,50.94,50.96,158,50.96,15.0
2026-03-27 21:15:00,50.96,51.0,50.77,50.81,197,50.81,15.0
2026-03-27 21:30:00,50.83,50.91,50.63,50.73,256,50.73,15.0
2026-03-27 21:45:00,50.73,51.1,50.56,50.93,810,50.93,15.0
2026-03-27 22:00:00,50.95,50.95,50.95,50.95,121,50.95,15.0
2026-03-30 16:30:00,51.51,52.07,51.14,51.7,73,51.7,15.0
2026-03-30 16:45:00,51.82,51.84,51.3,51.84,77,51.84,15.0
2026-03-30 17:00:00,51.91,51.96,51.61,51.73,76,51.73,15.0
2026-03-30 17:15:00,51.68,51.94,51.56,51.87,78,51.87,15.0
2026-03-30 17:30:00,51.86,51.96,51.78,51.92,45,51.92,15.0
2026-03-30 17:45:00,51.93,52.09,51.8,52.09,74,52.09,15.0
2026-03-30 18:00:00,52.11,52.32,51.83,51.84,109,51.84,15.0
2026-03-30 18:15:00,51.91,52.06,51.85,51.97,55,51.97,15.0
2026-03-30 18:30:00,51.96,52.25,51.88,52.07,59,52.07,15.0
2026-03-30 18:45:00,52.07,52.19,52.05,52.15,154,52.15,15.0
2026-03-30 19:00:00,52.18,52.18,51.97,52.12,117,52.12,15.0
2026-03-30 19:15:00,52.12,52.17,52.0,52.05,62,52.05,15.0
2026-03-30 19:30:00,52.04,52.11,51.94,52.0,66,52.0,15.0
2026-03-30 19:45:00,51.98,52.05,51.88,51.98,118,51.98,15.0
2026-03-30 20:00:00,52.01,52.06,51.89,51.98,55,51.98,15.0
2026-03-30 20:15:00,51.98,51.98,51.78,51.79,87,51.79,15.0
2026-03-30 20:30:00,51.79,51.87,51.68,51.87,237,51.87,15.0
2026-03-30 20:45:00,51.84,51.84,51.61,51.78,143,51.78,15.0
2026-03-30 21:00:00,51.78,51.79,51.65,51.69,66,51.69,15.0
2026-03-30 21:15:00,51.68,51.8,51.68,51.77,58,51.77,15.0
2026-03-30 21:30:00,51.78,51.95,51.78,51.91,139,51.91,15.0
2026-03-30 21:45:00,51.92,52.02,51.9,52.02,119,52.02,15.0
2026-03-30 22:00:00,52.01,52.04,51.79,51.9,170,51.9,15.0
2026-03-30 22:15:00,51.88,51.99,51.88,51.96,228,51.96,15.0
2026-03-30 22:30:00,51.96,52.08,51.92,52.0,308,52.0,15.0
2026-03-30 22:45:00,52.01,52.14,51.98,52.05,892,52.05,15.0
2026-03-30 23:00:00,52.04,52.04,52.04,52.04,152,52.04,15.0
2026-03-31 16:30:00,52.76,53.0,52.14,52.76,105,52.76,15.0
2026-03-31 16:45:00,52.79,53.1,52.69,53.1,60,53.1,15.0
2026-03-31 17:00:00,53.04,53.07,52.3,52.64,107,52.64,15.0
2026-03-31 17:15:00,52.65,52.69,52.1,52.35,156,52.35,15.0
2026-03-31 17:30:00,52.33,52.36,52.0,52.07,156,52.07,15.0
2026-03-31 17:45:00,52.08,52.08,51.16,51.6,438,51.6,15.0
2026-03-31 18:00:00,51.57,52.37,51.57,52.37,177,52.37,15.0
2026-03-31 18:15:00,52.37,52.45,52.05,52.16,89,52.16,15.0
2026-03-31 18:30:00,52.12,52.16,51.61,51.66,261,51.66,15.0
2026-03-31 18:45:00,51.66,51.87,51.62,51.63,138,51.63,15.0
2026-03-31 19:00:00,51.63,51.81,51.63,51.78,162,51.78,15.0
2026-03-31 19:15:00,51.74,51.88,51.51,51.51,140,51.51,15.0
2026-03-31 19:30:00,51.53,53.22,51.44,52.34,619,52.34,15.0
2026-03-31 19:45:00,52.32,52.32,51.74,52.09,224,52.09,15.0
2026-03-31 20:00:00,52.14,52.37,52.1,52.18,47,52.18,15.0
2026-03-31 20:15:00,52.23,52.34,52.11,52.12,87,52.12,15.0
2026-03-31 20:30:00,52.13,52.33,52.13,52.23,86,52.23,15.0
2026-03-31 20:45:00,52.23,52.4,52.22,52.28,49,52.28,15.0
2026-03-31 21:00:00,52.32,52.46,52.22,52.37,103,52.37,15.0
2026-03-31 21:15:00,52.35,52.41,52.11,52.11,146,52.11,15.0
2026-03-31 21:30:00,52.07,52.11,51.94,52.05,96,52.05,15.0
2026-03-31 21:45:00,52.15,52.35,52.11,52.26,88,52.26,15.0
2026-03-31 22:00:00,52.26,52.41,52.13,52.41,319,52.41,15.0
2026-03-31 22:15:00,52.41,52.56,52.27,52.53,363,52.53,15.0
2026-03-31 22:30:00,52.51,52.7,52.31,52.66,306,52.66,15.0
2026-03-31 22:45:00,52.68,52.75,52.07,52.27,1380,52.27,15.0
2026-03-31 23:00:00,52.29,52.29,52.26,52.26,202,52.26,15.0
2026-04-01 16:30:00,52.29,53.19,52.29,52.6,118,52.6,15.0
2026-04-01 16:45:00,52.67,53.06,52.56,52.91,175,52.91,15.0
2026-04-01 17:00:00,53.0,53.31,52.8,53.19,229,53.19,15.0
2026-04-01 17:15:00,53.23,53.42,53.22,53.41,161,53.41,15.0
2026-04-01 17:30:00,53.41,53.81,53.31,53.76,218,53.76,15.0
2026-04-01 17:45:00,53.78,53.87,53.6,53.83,228,53.83,15.0
2026-04-01 18:00:00,53.81,54.09,53.68,53.75,477,53.75,15.0
2026-04-01 18:15:00,53.74,53.84,53.53,53.59,351,53.59,15.0
2026-04-01 18:30:00,53.55,53.82,53.45,53.68,147,53.68,15.0
2026-04-01 18:45:00,53.72,53.86,53.72,53.77,92,53.77,15.0
2026-04-01 19:00:00,53.74,53.78,53.61,53.65,77,53.65,15.0
2026-04-01 19:15:00,53.66,53.76,53.55,53.64,177,53.64,15.0
2026-04-01 19:30:00,53.66,53.74,53.49,53.55,195,53.55,15.0
2026-04-01 19:45:00,53.58,53.68,53.54,53.67,90,53.67,15.0
2026-04-01 20:00:00,53.67,53.89,53.67,53.86,85,53.86,15.0
2026-04-01 20:15:00,53.88,53.91,53.8,53.84,89,53.84,15.0
2026-04-01 20:30:00,53.84,54.03,53.81,54.0,138,54.0,15.0
2026-04-01 20:45:00,54.04,54.04,53.85,53.94,227,53.94,15.0
2026-04-01 21:00:00,53.96,53.97,53.81,53.9,224,53.9,15.0
2026-04-01 21:15:00,53.89,53.92,53.68,53.83,318,53.83,15.0
2026-04-01 21:30:00,53.85,54.1,53.77,53.89,294,53.89,15.0
2026-04-01 21:45:00,53.92,53.92,53.62,53.8,280,53.8,15.0
2026-04-01 22:00:00,53.8,53.81,53.57,53.66,217,53.66,15.0
2026-04-01 22:15:00,53.68,53.75,53.6,53.73,244,53.73,15.0
2026-04-01 22:30:00,53.72,53.72,53.48,53.5,325,53.5,15.0
2026-04-01 22:45:00,53.5,53.53,53.31,53.48,1406,53.48,15.0
2026-04-01 23:00:00,53.48,53.48,53.48,53.48,153,53.48,15.0
2026-04-02 16:30:00,52.01,52.66,51.36,52.6,203,52.6,15.0
2026-04-02 16:45:00,52.7,53.25,52.65,53.16,71,53.16,15.0
2026-04-02 17:00:00,53.23,53.23,52.81,52.92,170,52.92,15.0
2026-04-02 17:15:00,52.97,53.09,52.89,53.05,258,53.05,15.0
2026-04-02 17:30:00,53.05,54.79,53.04,53.64,409,53.64,15.0
2026-04-02 17:45:00,53.65,53.79,53.46,53.79,122,53.79,15.0
2026-04-02 18:00:00,53.75,53.8,53.48,53.64,217,53.64,15.0
2026-04-02 18:15:00,53.6,53.69,53.45,53.6,160,53.6,15.0
2026-04-02 18:30:00,53.55,53.6,52.87,53.04,165,53.04,15.0
2026-04-02 18:45:00,53.04,53.17,52.96,53.08,287,53.08,15.0
2026-04-02 19:00:00,53.13,53.17,52.94,53.0,159,53.0,15.0
2026-04-02 19:15:00,53.04,53.07,52.87,52.99,181,52.99,15.0
2026-04-02 19:30:00,52.87,53.02,52.81,53.01,123,53.01,15.0
2026-04-02 19:45:00,52.97,53.05,52.92,53.04,110,53.04,15.0
2026-04-02 20:00:00,53.03,53.08,52.75,52.93,120,52.93,15.0
2026-04-02 20:15:00,52.93,53.05,52.88,52.95,72,52.95,15.0
2026-04-02 20:30:00,53.0,53.09,52.91,53.09,63,53.09,15.0
2026-04-02 20:45:00,53.13,53.13,52.98,53.08,151,53.08,15.0
2026-04-02 21:00:00,53.09,53.27,53.08,53.16,52,53.16,15.0
2026-04-02 21:15:00,53.17,53.2,52.87,52.93,92,52.93,15.0
2026-04-02 21:30:00,52.92,53.08,52.92,53.04,227,53.04,15.0
2026-04-02 21:45:00,53.06,53.24,53.06,53.13,66,53.13,15.0
2026-04-02 22:00:00,53.16,53.23,53.09,53.19,82,53.19,15.0
2026-04-02 22:15:00,53.22,53.42,53.2,53.37,155,53.37,15.0
2026-04-02 22:30:00,53.38,53.4,53.17,53.25,343,53.25,15.0
2026-04-02 22:45:00,53.25,53.34,53.0,53.13,760,53.13,15.0
2026-04-02 23:00:00,53.13,53.13,53.13,53.13,99,53.13,15.0
2026-04-06 16:30:00,53.13,53.3,52.42,52.78,188,52.78,15.0
2026-04-06 16:45:00,52.74,52.93,51.95,52.84,165,52.84,15.0
2026-04-06 17:00:00,52.79,53.11,52.56,53.02,150,53.02,15.0
2026-04-06 17:15:00,53.04,53.35,52.83,53.03,138,53.03,15.0
2026-04-06 17:30:00,53.04,53.3,52.83,53.22,207,53.22,15.0
2026-04-06 17:45:00,53.21,53.37,53.13,53.28,103,53.28,15.0
2026-04-06 18:00:00,53.21,53.26,53.01,53.07,171,53.07,15.0
2026-04-06 18:15:00,53.07,53.1,52.89,53.0,92,53.0,15.0
2026-04-06 18:30:00,53.06,53.07,52.91,52.96,37,52.96,15.0
2026-04-06 18:45:00,52.94,53.03,52.91,53.0,95,53.0,15.0
2026-04-06 19:00:00,53.03,53.08,52.96,53.03,89,53.03,15.0
2026-04-06 19:15:00,53.05,53.21,53.04,53.18,53,53.18,15.0
2026-04-06 19:30:00,53.18,53.32,53.17,53.24,47,53.24,15.0
2026-04-06 19:45:00,53.25,53.25,53.16,53.16,27,53.16,15.0
2026-04-06 20:00:00,53.18,53.18,52.99,53.04,53,53.04,15.0
2026-04-06 20:15:00,53.08,53.34,53.08,53.34,43,53.34,15.0
2026-04-06 20:30:00,53.32,53.44,53.26,53.38,148,53.38,15.0
2026-04-06 20:45:00,53.4,53.46,53.23,53.25,60,53.25,15.0
2026-04-06 21:00:00,53.23,53.37,53.22,53.22,46,53.22,15.0
2026-04-06 21:15:00,53.27,53.44,53.21,53.4,54,53.4,15.0
2026-04-06 21:30:00,53.4,53.56,53.4,53.54,138,53.54,15.0
2026-04-06 21:45:00,53.54,53.56,53.5,53.53,31,53.53,15.0
2026-04-06 22:00:00,53.56,53.6,53.46,53.51,111,53.51,15.0
2026-04-06 22:15:00,53.46,53.51,53.4,53.42,104,53.42,15.0
2026-04-06 22:30:00,53.4,53.71,53.4,53.67,260,53.67,15.0
2026-04-06 22:45:00,53.65,53.9,53.55,53.82,1257,53.82,15.0
2026-04-06 23:00:00,53.8,53.8,53.8,53.8,183,53.8,15.0
2026-04-07 16:30:00,52.9,53.74,52.9,53.51,66,53.51,15.0
2026-04-07 16:45:00,53.5,53.77,53.34,53.45,50,53.45,15.0
2026-04-07 17:00:00,53.31,53.43,52.98,53.13,93,53.13,15.0
2026-04-07 17:15:00,53.1,53.36,52.86,52.98,402,52.98,15.0
2026-04-07 17:30:00,53.03,53.08,52.62,52.66,56,52.66,15.0
2026-04-07 17:45:00,52.66,52.99,52.61,52.95,140,52.95,15.0
2026-04-07 18:00:00,52.95,52.97,52.69,52.79,118,52.79,15.0
2026-04-07 18:15:00,52.67,53.0,52.64,52.98,153,52.98,15.0
2026-04-07 18:30:00,52.97,53.26,52.97,53.2,65,53.2,15.0
2026-04-07 18:45:00,53.16,53.32,53.06,53.3,75,53.3,15.0
2026-04-07 19:00:00,53.35,54.12,53.21,53.27,495,53.27,15.0
2026-04-07 19:15:00,53.3,53.47,53.25,53.41,74,53.41,15.0
2026-04-07 19:30:00,53.35,53.52,53.31,53.43,54,53.43,15.0
2026-04-07 19:45:00,53.47,53.69,53.44,53.66,55,53.66,15.0
2026-04-07 20:00:00,53.66,53.72,53.61,53.67,52,53.67,15.0
2026-04-07 20:15:00,53.7,53.74,53.64,53.74,73,53.74,15.0
2026-04-07 20:30:00,53.77,54.25,53.75,54.01,132,54.01,15.0
2026-04-07 20:45:00,53.93,53.96,53.82,53.82,43,53.82,15.0
2026-04-07 21:00:00,53.82,53.82,53.69,53.73,48,53.73,15.0
2026-04-07 21:15:00,53.69,53.78,53.66,53.78,56,53.78,15.0
2026-04-07 21:30:00,53.77,53.8,53.58,53.61,60,53.61,15.0
2026-04-07 21:45:00,53.61,53.67,53.51,53.59,71,53.59,15.0
2026-04-07 22:00:00,53.67,53.67,53.46,53.51,75,53.51,15.0
2026-04-07 22:15:00,53.53,54.05,53.53,53.82,268,53.82,15.0
2026-04-07 22:30:00,53.82,53.82,53.66,53.76,142,53.76,15.0
2026-04-07 22:45:00,53.77,54.0,53.76,53.84,997,53.84,15.0
2026-04-07 23:00:00,53.83,53.83,53.83,53.83,169,53.83,15.0
2026-04-08 16:30:00,55.86,56.9,55.78,55.81,124,55.81,15.0
2026-04-08 16:45:00,55.8,55.8,54.82,55.14,250,55.14,15.0
2026-04-08 17:00:00,55.11,55.23,54.74,54.76,327,54.76,15.0
2026-04-08 17:15:00,54.88,55.04,54.76,54.78,251,54.78,15.0
2026-04-08 17:30:00,54.74,54.79,54.03,54.41,262,54.41,15.0
2026-04-08 17:45:00,54.36,54.38,53.87,54.04,245,54.04,15.0
2026-04-08 18:00:00,54.01,54.13,53.92,54.03,224,54.03,15.0
2026-04-08 18:15:00,54.03,54.7,53.98,54.57,193,54.57,15.0
2026-04-08 18:30:00,54.59,54.77,54.53,54.73,152,54.73,15.0
2026-04-08 18:45:00,54.75,54.81,54.61,54.81,69,54.81,15.0
2026-04-08 19:00:00,54.74,54.79,54.59,54.66,78,54.66,15.0
2026-04-08 19:15:00,54.55,54.63,54.46,54.63,81,54.63,15.0
2026-04-08 19:30:00,54.61,54.67,54.55,54.55,61,54.55,15.0
2026-04-08 19:45:00,54.54,54.56,54.35,54.46,92,54.46,15.0
2026-04-08 20:00:00,54.46,54.62,54.43,54.56,98,54.56,15.0
2026-04-08 20:15:00,54.5,54.63,54.42,54.63,74,54.63,15.0
2026-04-08 20:30:00,54.62,54.81,54.57,54.81,93,54.81,15.0
2026-04-08 20:45:00,54.83,55.45,54.81,55.45,152,55.45,15.0
2026-04-08 21:00:00,55.39,55.54,55.22,55.29,156,55.29,15.0
2026-04-08 21:15:00,55.25,55.37,55.0,55.06,146,55.06,15.0
2026-04-08 21:30:00,55.06,55.1,54.73,54.73,86,54.73,15.0
2026-04-08 21:45:00,54.75,54.79,54.55,54.57,88,54.57,15.0
2026-04-08 22:00:00,54.55,54.69,54.5,54.66,99,54.66,15.0
2026-04-08 22:15:00,54.65,54.92,54.65,54.82,242,54.82,15.0
2026-04-08 22:30:00,54.81,55.02,54.8,54.94,291,54.94,15.0
2026-04-08 22:45:00,54.96,55.26,54.96,55.21,772,55.21,15.0
2026-04-08 23:00:00,55.21,55.21,55.21,55.21,125,55.21,15.0
2026-04-09 16:30:00,54.88,55.18,54.48,54.56,99,54.56,15.0
2026-04-09 16:45:00,54.58,54.58,53.44,54.25,152,54.25,15.0
2026-04-09 17:00:00,54.25,54.42,53.86,54.31,146,54.31,15.0
2026-04-09 17:15:00,54.31,54.49,54.22,54.34,128,54.34,15.0
2026-04-09 17:30:00,54.35,54.37,54.1,54.29,136,54.29,15.0
2026-04-09 17:45:00,54.28,54.52,54.2,54.41,101,54.41,15.0
2026-04-09 18:00:00,54.41,54.58,54.23,54.58,225,54.58,15.0
2026-04-09 18:15:00,54.51,54.57,54.36,54.47,134,54.47,15.0
2026-04-09 18:30:00,54.41,54.97,54.41,54.9,259,54.9,15.0
2026-04-09 18:45:00,54.86,55.51,54.84,55.51,280,55.51,15.0
2026-04-09 19:00:00,55.55,55.72,55.5,55.62,110,55.62,15.0
2026-04-09 19:15:00,55.67,55.97,55.65,55.75,239,55.75,15.0
2026-04-09 19:30:00,55.75,56.01,55.72,56.01,177,56.01,15.0
2026-04-09 19:45:00,56.01,56.02,55.84,55.95,214,55.95,15.0
2026-04-09 20:00:00,55.98,56.05,55.84,56.03,158,56.03,15.0
2026-04-09 20:15:00,56.03,56.17,55.92,55.93,98,55.93,15.0
2026-04-09 20:30:00,55.93,55.97,55.87,55.87,142,55.87,15.0
2026-04-09 20:45:00,55.87,55.89,55.8,55.87,42,55.87,15.0
2026-04-09 21:00:00,55.89,55.89,55.7,55.83,145,55.83,15.0
2026-04-09 21:15:00,55.85,55.93,55.83,55.89,98,55.89,15.0
2026-04-09 21:30:00,55.87,55.88,55.65,55.68,146,55.68,15.0
2026-04-09 21:45:00,55.7,55.71,55.54,55.7,264,55.7,15.0
2026-04-09 22:00:00,55.71,55.87,55.61,55.86,404,55.86,15.0
2026-04-09 22:15:00,55.87,55.92,55.69,55.85,338,55.85,15.0
2026-04-09 22:30:00,55.85,56.0,55.55,55.61,366,55.61,15.0
2026-04-09 22:45:00,55.61,55.74,55.35,55.58,1420,55.58,15.0
2026-04-09 23:00:00,55.57,55.57,55.57,55.57,252,55.57,15.0
2026-04-10 16:30:00,55.82,56.13,55.21,55.96,58,55.96,15.0
2026-04-10 16:45:00,55.91,55.99,55.42,55.59,51,55.59,15.0
2026-04-10 17:00:00,55.46,55.85,55.46,55.85,69,55.85,15.0
2026-04-10 17:15:00,55.83,55.9,55.7,55.88,77,55.88,15.0
2026-04-10 17:30:00,55.88,55.94,55.48,55.53,64,55.53,15.0
2026-04-10 17:45:00,55.55,55.55,55.41,55.42,47,55.42,15.0
2026-04-10 18:00:00,55.47,55.55,55.3,55.55,39,55.55,15.0
2026-04-10 18:15:00,55.53,55.64,55.51,55.51,66,55.51,15.0
2026-04-10 18:30:00,55.52,55.52,55.31,55.32,100,55.32,15.0
2026-04-10 18:45:00,55.35,55.35,55.17,55.17,81,55.17,15.0
2026-04-10 19:00:00,55.14,55.32,55.14,55.28,27,55.28,15.0
2026-04-10 19:15:00,55.3,55.47,55.27,55.34,97,55.34,15.0
2026-04-10 19:30:00,55.33,55.39,55.26,55.36,59,55.36,15.0
2026-04-10 19:45:00,55.36,55.4,55.31,55.35,46,55.35,15.0
2026-04-10 20:00:00,55.36,55.38,55.24,55.27,38,55.27,15.0
2026-04-10 20:15:00,55.24,55.32,55.2,55.24,56,55.24,15.0
2026-04-10 20:30:00,55.24,55.4,55.21,55.3,47,55.3,15.0
2026-04-10 20:45:00,55.3,55.42,55.3,55.34,37,55.34,15.0
2026-04-10 21:00:00,55.33,55.36,55.08,55.12,78,55.12,15.0
2026-04-10 21:15:00,55.11,55.31,55.06,55.26,117,55.26,15.0
2026-04-10 21:30:00,55.27,55.32,55.17,55.2,88,55.2,15.0
2026-04-10 21:45:00,55.19,55.32,55.19,55.31,74,55.31,15.0
2026-04-10 22:00:00,55.32,55.37,55.25,55.36,123,55.36,15.0
2026-04-10 22:15:00,55.37,55.57,55.36,55.49,166,55.49,15.0
2026-04-10 22:30:00,55.49,55.67,55.44,55.53,202,55.53,15.0
2026-04-10 22:45:00,55.54,55.67,55.49,55.57,781,55.57,15.0
2026-04-10 23:00:00,55.54,55.54,55.54,55.54,206,55.54,15.0
2026-04-13 16:30:00,55.42,55.66,55.27,55.44,72,55.44,15.0
2026-04-13 16:45:00,55.53,56.36,55.4,56.36,71,56.36,15.0
2026-04-13 17:00:00,56.36,56.45,56.01,56.17,148,56.17,15.0
2026-04-13 17:15:00,56.17,56.27,56.05,56.15,74,56.15,15.0
2026-04-13 17:30:00,56.12,56.18,55.84,55.9,112,55.9,15.0
2026-04-13 17:45:00,55.91,56.05,55.72,56.02,105,56.02,15.0
2026-04-13 18:00:00,56.0,56.04,55.69,55.8,135,55.8,15.0
2026-04-13 18:15:00,55.8,55.87,55.66,55.77,105,55.77,15.0
2026-04-13 18:30:00,55.78,55.86,55.72,55.81,65,55.81,15.0
2026-04-13 18:45:00,55.81,55.95,55.73,55.88,100,55.88,15.0
2026-04-13 19:00:00,55.92,56.52,55.91,56.4,200,56.4,15.0
2026-04-13 19:15:00,56.43,56.83,56.43,56.82,248,56.82,15.0
2026-04-13 19:30:00,56.82,57.04,56.72,56.88,196,56.88,15.0
2026-04-13 19:45:00,56.88,57.33,56.88,57.08,193,57.08,15.0
2026-04-13 20:00:00,57.11,57.35,56.95,57.02,154,57.02,15.0
2026-04-13 20:15:00,57.02,57.15,57.02,57.13,78,57.13,15.0
2026-04-13 20:30:00,57.14,57.26,57.11,57.16,139,57.16,15.0
2026-04-13 20:45:00,57.13,57.27,57.13,57.24,94,57.24,15.0
2026-04-13 21:00:00,57.24,57.45,57.24,57.45,118,57.45,15.0
2026-04-13 21:15:00,57.4,57.49,57.38,57.46,132,57.46,15.0
2026-04-13 21:30:00,57.46,57.56,57.39,57.56,181,57.56,15.0
2026-04-13 21:45:00,57.56,57.64,57.34,57.38,145,57.38,15.0
2026-04-13 22:00:00,57.36,57.36,57.13,57.23,228,57.23,15.0
2026-04-13 22:15:00,57.24,57.46,57.21,57.42,238,57.42,15.0
2026-04-13 22:30:00,57.42,57.54,57.4,57.46,263,57.46,15.0
2026-04-13 22:45:00,57.47,57.68,57.36,57.54,1220,57.54,15.0
2026-04-13 23:00:00,57.53,57.53,57.53,57.53,164,57.53,15.0
2026-04-14 16:30:00,58.03,59.61,57.77,59.02,101,59.02,15.0
2026-04-14 16:45:00,59.09,59.09,58.68,58.74,58,58.74,15.0
2026-04-14 17:00:00,58.8,59.19,58.74,58.98,109,58.98,15.0
2026-04-14 17:15:00,58.99,59.59,58.95,59.57,285,59.57,15.0
2026-04-14 17:30:00,59.55,59.69,59.32,59.66,358,59.66,15.0
2026-04-14 17:45:00,59.66,60.04,59.65,60.01,317,60.01,15.0
2026-04-14 18:00:00,60.02,60.13,59.93,60.06,134,60.06,15.0
2026-04-14 18:15:00,60.06,60.4,60.03,60.31,110,60.31,15.0
2026-04-14 18:30:00,60.35,60.44,60.2,60.2,105,60.2,15.0
2026-04-14 18:45:00,60.2,60.28,60.14,60.15,46,60.15,15.0
2026-04-14 19:00:00,60.19,60.19,59.96,60.0,61,60.0,15.0
2026-04-14 19:15:00,60.0,60.03,59.86,60.01,100,60.01,15.0
2026-04-14 19:30:00,60.01,60.08,59.88,59.89,184,59.89,15.0
2026-04-14 19:45:00,59.89,59.96,59.64,59.69,263,59.69,15.0
2026-04-14 20:00:00,59.73,59.76,59.58,59.58,80,59.58,15.0
2026-04-14 20:15:00,59.49,59.69,59.4,59.55,154,59.55,15.0
2026-04-14 20:30:00,59.6,59.63,59.49,59.52,92,59.52,15.0
2026-04-14 20:45:00,59.51,59.58,59.26,59.34,157,59.34,15.0
2026-04-14 21:00:00,59.34,59.47,59.19,59.27,142,59.27,15.0
2026-04-14 21:15:00,59.3,59.34,58.98,58.99,144,58.99,15.0
2026-04-14 21:30:00,59.0,59.22,58.97,58.97,145,58.97,15.0
2026-04-14 21:45:00,58.97,59.07,58.91,58.99,165,58.99,15.0
2026-04-14 22:00:00,58.99,58.99,58.8,58.8,122,58.8,15.0
2026-04-14 22:15:00,58.8,58.8,58.47,58.48,213,58.48,15.0
2026-04-14 22:30:00,58.52,58.56,58.32,58.52,283,58.52,15.0
2026-04-14 22:45:00,58.51,58.74,58.37,58.65,1022,58.65,15.0
2026-04-14 23:00:00,58.66,58.66,58.66,58.66,157,58.66,15.0
2026-04-15 16:30:00,59.16,59.78,58.59,59.12,236,59.12,15.0
2026-04-15 16:45:00,58.96,59.22,58.54,59.22,36,59.22,15.0
2026-04-15 17:00:00,59.14,59.69,59.04,59.36,101,59.36,15.0
2026-04-15 17:15:00,59.31,59.51,59.17,59.51,103,59.51,15.0
2026-04-15 17:30:00,59.52,59.67,59.25,59.42,55,59.42,15.0
2026-04-15 17:45:00,59.45,59.45,59.29,59.29,92,59.29,15.0
2026-04-15 18:00:00,59.23,59.27,58.87,59.26,133,59.26,15.0
2026-04-15 18:15:00,59.31,59.43,59.24,59.37,52,59.37,15.0
2026-04-15 18:30:00,59.31,59.35,59.05,59.11,52,59.11,15.0
2026-04-15 18:45:00,59.03,59.24,59.03,59.11,109,59.11,15.0
2026-04-15 19:00:00,59.07,59.07,58.96,59.07,41,59.07,15.0
2026-04-15 19:15:00,59.05,59.12,58.91,58.96,61,58.96,15.0
2026-04-15 19:30:00,58.94,59.02,58.8,58.8,35,58.8,15.0
2026-04-15 19:45:00,58.78,58.88,58.65,58.76,55,58.76,15.0
2026-04-15 20:00:00,58.79,58.82,58.6,58.6,32,58.6,15.0
2026-04-15 20:15:00,58.59,58.84,58.59,58.79,34,58.79,15.0
2026-04-15 20:30:00,58.82,58.87,58.75,58.81,29,58.81,15.0
2026-04-15 20:45:00,58.83,58.83,58.67,58.71,53,58.71,15.0
2026-04-15 21:00:00,58.69,58.9,58.65,58.69,77,58.69,15.0
2026-04-15 21:15:00,58.67,58.76,58.62,58.72,71,58.72,15.0
2026-04-15 21:30:00,58.74,58.78,58.65,58.66,74,58.66,15.0
2026-04-15 21:45:00,58.66,58.7,58.6,58.68,85,58.68,15.0
2026-04-15 22:00:00,58.65,58.72,58.62,58.65,63,58.65,15.0
2026-04-15 22:15:00,58.62,58.65,58.46,58.51,108,58.51,15.0
2026-04-15 22:30:00,58.53,58.53,58.09,58.48,340,58.48,15.0
2026-04-15 22:45:00,58.45,58.54,58.17,58.5,556,58.5,15.0
2026-04-15 23:00:00,58.49,58.49,58.49,58.49,205,58.49,15.0
2026-04-16 16:30:00,58.11,58.47,56.95,57.43,209,57.43,15.0
2026-04-16 16:45:00,57.29,57.84,57.26,57.71,161,57.71,15.0
2026-04-16 17:00:00,57.67,57.8,57.35,57.67,153,57.67,15.0
2026-04-16 17:15:00,57.67,57.79,57.5,57.79,166,57.79,15.0
2026-04-16 17:30:00,57.83,57.88,57.31,57.53,115,57.53,15.0
2026-04-16 17:45:00,57.55,57.55,57.28,57.37,34,57.37,15.0
2026-04-16 18:00:00,57.38,57.68,56.96,57.57,282,57.57,15.0
2026-04-16 18:15:00,57.58,58.05,57.58,57.81,133,57.81,15.0
2026-04-16 18:30:00,57.83,57.97,57.68,57.71,225,57.71,15.0
2026-04-16 18:45:00,57.71,57.71,57.58,57.61,62,57.61,15.0
2026-04-16 19:00:00,57.59,57.73,57.5,57.55,33,57.55,15.0
2026-04-16 19:15:00,57.59,57.84,57.59,57.83,67,57.83,15.0
2026-04-16 19:30:00,57.83,57.85,57.62,57.75,70,57.75,15.0
2026-04-16 19:45:00,57.72,57.89,57.68,57.86,179,57.86,15.0
2026-04-16 20:00:00,57.94,57.96,57.5,57.52,230,57.52,15.0
2026-04-16 20:15:00,57.5,57.56,57.4,57.53,49,57.53,15.0
2026-04-16 20:30:00,57.53,57.6,57.46,57.6,44,57.6,15.0
2026-04-16 20:45:00,57.57,57.66,57.5,57.51,59,57.51,15.0
2026-04-16 21:00:00,57.52,57.67,57.52,57.63,111,57.63,15.0
2026-04-16 21:15:00,57.65,57.66,57.47,57.53,178,57.53,15.0
2026-04-16 21:30:00,57.51,57.66,57.5,57.65,83,57.65,15.0
2026-04-16 21:45:00,57.62,57.62,57.47,57.55,96,57.55,15.0
2026-04-16 22:00:00,57.57,57.68,56.91,57.04,667,57.04,15.0
2026-04-16 22:15:00,57.0,57.39,56.97,57.31,186,57.31,15.0
2026-04-16 22:30:00,57.32,57.32,56.83,57.02,192,57.02,15.0
2026-04-16 22:45:00,57.04,57.4,56.96,57.35,618,57.35,15.0
2026-04-16 23:00:00,57.36,57.36,57.36,57.36,135,57.36,15.0
2026-04-17 16:30:00,58.47,59.26,58.27,58.48,224,58.48,15.0
2026-04-17 16:45:00,58.51,59.26,58.39,59.26,155,59.26,15.0
2026-04-17 17:00:00,59.28,59.69,59.28,59.42,151,59.42,15.0
2026-04-17 17:15:00,59.42,59.45,59.22,59.45,166,59.45,15.0
2026-04-17 17:30:00,59.45,59.88,59.39,59.88,75,59.88,15.0
2026-04-17 17:45:00,59.91,59.95,59.56,59.57,73,59.57,15.0
2026-04-17 18:00:00,59.51,59.72,59.45,59.5,70,59.5,15.0
2026-04-17 18:15:00,59.56,59.61,59.36,59.4,82,59.4,15.0
2026-04-17 18:30:00,59.42,59.57,59.31,59.31,47,59.31,15.0
2026-04-17 18:45:00,59.31,59.61,59.17,59.55,89,59.55,15.0
2026-04-17 19:00:00,59.61,59.69,59.52,59.68,117,59.68,15.0
2026-04-17 19:15:00,59.68,59.71,59.12,59.27,139,59.27,15.0
2026-04-17 19:30:00,59.23,59.35,59.23,59.31,60,59.31,15.0
2026-04-17 19:45:00,59.34,59.44,59.32,59.38,47,59.38,15.0
2026-04-17 20:00:00,59.38,59.46,59.18,59.25,118,59.25,15.0
2026-04-17 20:15:00,59.25,59.3,59.04,59.15,81,59.15,15.0
2026-04-17 20:30:00,59.17,59.22,58.98,59.02,89,59.02,15.0
2026-04-17 20:45:00,59.01,59.26,59.01,59.15,145,59.15,15.0
2026-04-17 21:00:00,59.15,59.18,59.02,59.02,61,59.02,15.0
2026-04-17 21:15:00,59.08,59.35,59.08,59.27,102,59.27,15.0
2026-04-17 21:30:00,59.28,59.3,59.19,59.3,76,59.3,15.0
2026-04-17 21:45:00,59.32,59.36,59.2,59.23,99,59.23,15.0
2026-04-17 22:00:00,59.23,59.34,59.16,59.17,240,59.17,15.0
2026-04-17 22:15:00,59.16,59.21,59.1,59.21,120,59.21,15.0
2026-04-17 22:30:00,59.2,59.49,59.2,59.28,211,59.28,15.0
2026-04-17 22:45:00,59.28,59.44,59.17,59.23,903,59.23,15.0
2026-04-17 23:00:00,59.23,59.23,59.23,59.23,163,59.23,15.0
2026-04-20 16:30:00,59.1,59.51,58.61,59.33,109,59.33,15.0
2026-04-20 16:45:00,59.41,59.99,59.41,59.95,162,59.95,15.0
2026-04-20 17:00:00,59.97,60.23,59.95,60.1,121,60.1,15.0
2026-04-20 17:15:00,60.14,60.24,59.77,59.98,115,59.98,15.0
2026-04-20 17:30:00,59.94,59.96,59.6,59.71,152,59.71,15.0
2026-04-20 17:45:00,59.74,59.98,59.67,59.9,141,59.9,15.0
2026-04-20 18:00:00,59.9,59.91,59.56,59.81,154,59.81,15.0
2026-04-20 18:15:00,59.78,60.0,59.71,59.86,100,59.86,15.0
2026-04-20 18:30:00,59.9,60.04,59.79,59.98,132,59.98,15.0
2026-04-20 18:45:00,60.01,60.25,59.88,60.25,209,60.25,15.0
2026-04-20 19:00:00,60.2,60.26,59.88,59.88,90,59.88,15.0
2026-04-20 19:15:00,59.88,59.93,59.7,59.76,93,59.76,15.0
2026-04-20 19:30:00,59.78,59.86,59.72,59.84,91,59.84,15.0
2026-04-20 19:45:00,59.79,59.97,59.78,59.91,88,59.91,15.0
2026-04-20 20:00:00,59.97,60.14,59.92,60.11,64,60.11,15.0
2026-04-20 20:15:00,60.17,60.34,60.16,60.34,126,60.34,15.0
2026-04-20 20:30:00,60.33,60.41,60.2,60.23,203,60.23,15.0
2026-04-20 20:45:00,60.27,60.38,60.23,60.38,43,60.38,15.0
2026-04-20 21:00:00,60.37,60.42,60.28,60.34,197,60.34,15.0
2026-04-20 21:15:00,60.39,60.56,60.15,60.16,189,60.16,15.0
2026-04-20 21:30:00,60.2,60.44,60.13,60.34,196,60.34,15.0
2026-04-20 21:45:00,60.39,60.47,60.34,60.39,131,60.39,15.0
2026-04-20 22:00:00,60.39,60.55,60.27,60.5,190,60.5,15.0
2026-04-20 22:15:00,60.53,60.61,60.37,60.54,159,60.54,15.0
2026-04-20 22:30:00,60.54,60.71,60.49,60.53,325,60.53,15.0
2026-04-20 22:45:00,60.54,60.89,60.44,60.59,1172,60.59,15.0
2026-04-20 23:00:00,60.58,60.58,60.58,60.58,304,60.58,15.0
2026-04-21 16:30:00,60.72,61.29,60.0,61.23,197,61.23,15.0
2026-04-21 16:45:00,61.65,62.47,61.64,62.01,168,62.01,15.0
2026-04-21 17:00:00,62.01,62.31,61.66,62.12,200,62.12,15.0
2026-04-21 17:15:00,62.1,62.1,61.77,62.04,135,62.04,15.0
2026-04-21 17:30:00,62.04,62.07,61.61,61.82,100,61.82,15.0
2026-04-21 17:45:00,61.75,61.75,60.98,60.99,111,60.99,15.0
2026-04-21 18:00:00,61.04,61.1,60.67,60.86,113,60.86,15.0
2026-04-21 18:15:00,60.81,60.81,60.35,60.35,99,60.35,15.0
2026-04-21 18:30:00,60.42,60.53,60.12,60.43,179,60.43,15.0
2026-04-21 18:45:00,60.34,60.34,60.06,60.11,105,60.11,15.0
2026-04-21 19:00:00,60.07,60.46,60.07,60.28,68,60.28,15.0
2026-04-21 19:15:00,60.3,60.32,60.17,60.22,100,60.22,15.0
2026-04-21 19:30:00,60.23,60.37,59.84,59.84,85,59.84,15.0
2026-04-21 19:45:00,59.83,60.05,59.83,59.94,57,59.94,15.0
2026-04-21 20:00:00,59.9,60.06,59.71,60.05,179,60.05,15.0
2026-04-21 20:15:00,60.04,60.11,59.8,59.98,205,59.98,15.0
2026-04-21 20:30:00,59.99,60.2,59.85,60.16,140,60.16,15.0
2026-04-21 20:45:00,60.22,60.74,60.19,60.46,226,60.46,15.0
2026-04-21 21:00:00,60.44,60.49,60.09,60.14,97,60.14,15.0
2026-04-21 21:15:00,60.16,60.22,59.97,60.01,139,60.01,15.0
2026-04-21 21:30:00,60.05,60.15,59.98,59.98,107,59.98,15.0
2026-04-21 21:45:00,60.03,60.44,59.99,60.37,174,60.37,15.0
2026-04-21 22:00:00,60.32,60.43,60.28,60.3,207,60.3,15.0
2026-04-21 22:15:00,60.33,60.68,60.27,60.62,180,60.62,15.0
2026-04-21 22:30:00,60.58,60.58,59.8,59.84,323,59.84,15.0
2026-04-21 22:45:00,59.91,60.07,59.58,59.66,1223,59.66,15.0
2026-04-21 23:00:00,59.67,59.67,59.67,59.67,190,59.67,15.0
2026-04-22 16:30:00,60.38,60.59,59.75,59.75,134,59.75,15.0
2026-04-22 16:45:00,59.85,60.14,59.61,59.92,26,59.92,15.0
2026-04-22 17:00:00,59.93,59.96,59.55,59.66,58,59.66,15.0
2026-04-22 17:15:00,59.71,59.79,59.53,59.56,56,59.56,15.0
2026-04-22 17:30:00,59.55,59.56,59.07,59.07,197,59.07,15.0
2026-04-22 17:45:00,59.06,59.15,58.79,59.04,38,59.04,15.0
2026-04-22 18:00:00,59.03,59.06,58.78,58.83,152,58.83,15.0
2026-04-22 18:15:00,58.83,59.06,58.6,58.91,160,58.91,15.0
2026-04-22 18:30:00,58.92,58.92,58.59,58.59,66,58.59,15.0
2026-04-22 18:45:00,58.59,58.74,58.53,58.53,58,58.53,15.0
2026-04-22 19:00:00,58.5,58.54,58.41,58.53,54,58.53,15.0
2026-04-22 19:15:00,58.5,58.52,58.36,58.37,34,58.37,15.0
2026-04-22 19:30:00,58.37,58.54,58.34,58.35,72,58.35,15.0
2026-04-22 19:45:00,58.34,58.43,58.29,58.39,46,58.39,15.0
2026-04-22 20:00:00,58.39,58.65,58.33,58.43,92,58.43,15.0
2026-04-22 20:15:00,58.36,58.42,58.08,58.08,81,58.08,15.0
2026-04-22 20:30:00,58.08,58.23,57.95,58.19,80,58.19,15.0
2026-04-22 20:45:00,58.2,58.22,57.94,58.16,170,58.16,15.0
2026-04-22 21:00:00,58.19,58.34,58.17,58.21,85,58.21,15.0
2026-04-22 21:15:00,58.2,58.3,58.12,58.19,55,58.19,15.0
2026-04-22 21:30:00,58.18,58.3,58.17,58.22,53,58.22,15.0
2026-04-22 21:45:00,58.22,58.35,58.15,58.31,49,58.31,15.0
2026-04-22 22:00:00,58.32,58.43,58.23,58.29,64,58.29,15.0
2026-04-22 22:15:00,58.25,58.56,58.24,58.49,103,58.49,15.0
2026-04-22 22:30:00,58.51,58.64,58.35,58.62,99,58.62,15.0
2026-04-22 22:45:00,58.62,58.69,58.32,58.56,662,58.56,15.0
2026-04-22 23:00:00,58.58,58.58,58.58,58.58,152,58.58,15.0
2026-04-23 16:30:00,57.52,57.55,53.48,53.67,328,53.67,15.0
2026-04-23 16:45:00,53.5,54.17,52.75,52.75,409,52.75,15.0
2026-04-23 17:00:00,52.76,53.15,52.48,52.89,475,52.89,15.0
2026-04-23 17:15:00,52.84,52.92,52.15,52.82,458,52.82,15.0
2026-04-23 17:30:00,52.91,53.46,52.73,53.44,408,53.44,15.0
2026-04-23 17:45:00,53.44,53.7,52.8,52.9,309,52.9,15.0
2026-04-23 18:00:00,52.83,53.2,52.78,52.85,174,52.85,15.0
2026-04-23 18:15:00,52.84,52.88,52.47,52.6,335,52.6,15.0
2026-04-23 18:30:00,52.61,52.61,52.26,52.3,218,52.3,15.0
2026-04-23 18:45:00,52.3,52.37,52.0,52.34,257,52.34,15.0
2026-04-23 19:00:00,52.34,52.44,52.13,52.24,183,52.24,15.0
2026-04-23 19:15:00,52.3,52.61,52.23,52.47,206,52.47,15.0
2026-04-23 19:30:00,52.45,52.65,52.32,52.45,144,52.45,15.0
2026-04-23 19:45:00,52.42,52.62,52.17,52.54,205,52.54,15.0
2026-04-23 20:00:00,52.54,52.54,51.87,51.92,173,51.92,15.0
2026-04-23 20:15:00,51.89,51.98,51.4,51.41,105,51.41,15.0
2026-04-23 20:30:00,51.37,51.68,51.24,51.28,131,51.28,15.0
2026-04-23 20:45:00,51.31,51.87,51.19,51.75,93,51.75,15.0
2026-04-23 21:00:00,51.75,51.87,51.53,51.81,121,51.81,15.0
2026-04-23 21:15:00,51.8,52.17,51.76,52.15,279,52.15,15.0
2026-04-23 21:30:00,52.19,52.39,51.79,51.87,292,51.87,15.0
2026-04-23 21:45:00,51.95,51.99,51.72,51.94,171,51.94,15.0
2026-04-23 22:00:00,51.93,52.24,51.91,51.98,222,51.98,15.0
2026-04-23 22:15:00,52.01,52.17,51.88,51.91,269,51.91,15.0
2026-04-23 22:30:00,51.9,51.9,51.13,51.49,602,51.49,15.0
2026-04-23 22:45:00,51.47,52.28,51.39,52.23,1666,52.23,15.0
2026-04-23 23:00:00,52.2,52.2,52.2,52.2,212,52.2,15.0
2026-04-24 16:30:00,52.53,53.29,52.05,52.92,196,52.92,15.0
2026-04-24 16:45:00,52.92,53.43,52.88,53.31,421,53.31,15.0
2026-04-24 17:00:00,53.31,53.84,53.0,53.8,269,53.8,15.0
2026-04-24 17:15:00,53.73,54.13,53.71,54.02,249,54.02,15.0
2026-04-24 17:30:00,53.99,54.1,53.9,54.1,211,54.1,15.0
2026-04-24 17:45:00,54.1,54.29,53.88,54.04,252,54.04,15.0
2026-04-24 18:00:00,54.03,54.12,53.82,53.93,190,53.93,15.0
2026-04-24 18:15:00,53.94,54.01,53.81,53.94,123,53.94,15.0
2026-04-24 18:30:00,53.96,54.44,53.94,54.44,223,54.44,15.0
2026-04-24 18:45:00,54.46,54.61,54.35,54.53,116,54.53,15.0
2026-04-24 19:00:00,54.56,54.58,54.38,54.54,126,54.54,15.0
2026-04-24 19:15:00,54.58,54.69,54.5,54.6,123,54.6,15.0
2026-04-24 19:30:00,54.6,54.69,54.53,54.68,75,54.68,15.0
2026-04-24 19:45:00,54.68,54.74,54.61,54.64,110,54.64,15.0
2026-04-24 20:00:00,54.65,54.7,54.41,54.46,174,54.46,15.0
2026-04-24 20:15:00,54.44,54.61,54.43,54.59,69,54.59,15.0
2026-04-24 20:30:00,54.6,54.7,54.58,54.63,103,54.63,15.0
2026-04-24 20:45:00,54.64,54.66,54.49,54.58,82,54.58,15.0
2026-04-24 21:00:00,54.56,54.66,54.51,54.64,105,54.64,15.0
2026-04-24 21:15:00,54.63,54.66,54.43,54.43,99,54.43,15.0
2026-04-24 21:30:00,54.41,54.62,54.41,54.57,58,54.57,15.0
2026-04-24 21:45:00,54.57,54.57,54.34,54.37,103,54.37,15.0
2026-04-24 22:00:00,54.41,54.41,54.13,54.2,122,54.2,15.0
2026-04-24 22:15:00,54.19,54.35,54.03,54.19,275,54.19,15.0
2026-04-24 22:30:00,54.16,54.16,53.84,54.07,402,54.07,15.0
2026-04-24 22:45:00,54.07,54.32,53.89,54.19,1128,54.19,15.0
2026-04-24 23:00:00,54.19,54.19,54.19,54.19,202,54.19,15.0
2026-04-27 16:30:00,54.29,55.5,53.77,54.79,123,54.79,15.0
2026-04-27 16:45:00,54.75,54.95,54.56,54.72,63,54.72,15.0
2026-04-27 17:00:00,54.67,55.31,54.64,55.01,157,55.01,15.0
2026-04-27 17:15:00,55.02,55.13,54.71,55.0,114,55.0,15.0
2026-04-27 17:30:00,54.92,55.16,54.83,55.06,50,55.06,15.0
2026-04-27 17:45:00,55.09,55.09,54.86,54.96,42,54.96,15.0
2026-04-27 18:00:00,55.01,55.01,54.64,54.74,72,54.74,15.0
2026-04-27 18:15:00,54.81,54.98,54.66,54.83,256,54.83,15.0
2026-04-27 18:30:00,54.83,54.88,54.56,54.65,78,54.65,15.0
2026-04-27 18:45:00,54.67,54.81,54.48,54.7,176,54.7,15.0
2026-04-27 19:00:00,54.71,54.81,54.6,54.7,203,54.7,15.0
2026-04-27 19:15:00,54.7,54.8,54.64,54.68,64,54.68,15.0
2026-04-27 19:30:00,54.63,54.83,54.62,54.68,206,54.68,15.0
2026-04-27 19:45:00,54.72,54.85,54.65,54.71,89,54.71,15.0
2026-04-27 20:00:00,54.75,54.81,54.68,54.77,65,54.77,15.0
2026-04-27 20:15:00,54.81,54.99,54.76,54.93,86,54.93,15.0
2026-04-27 20:30:00,54.94,55.02,54.65,54.65,100,54.65,15.0
2026-04-27 20:45:00,54.7,54.7,54.57,54.6,37,54.6,15.0
2026-04-27 21:00:00,54.6,54.66,54.4,54.53,90,54.53,15.0
2026-04-27 21:15:00,54.53,54.79,54.51,54.77,72,54.77,15.0
2026-04-27 21:30:00,54.75,54.9,54.65,54.77,97,54.77,15.0
2026-04-27 21:45:00,54.77,54.91,54.77,54.85,52,54.85,15.0
2026-04-27 22:00:00,54.9,55.11,54.9,55.04,133,55.04,15.0
2026-04-27 22:15:00,55.07,55.28,55.07,55.25,133,55.25,15.0
2026-04-27 22:30:00,55.23,55.35,55.09,55.2,182,55.2,15.0
2026-04-27 22:45:00,55.21,55.25,55.02,55.12,727,55.12,15.0
2026-04-27 23:00:00,55.11,55.11,55.11,55.11,152,55.11,15.0
2026-04-28 16:30:00,55.0,55.29,54.0,54.06,84,54.06,15.0
2026-04-28 16:45:00,54.25,54.25,53.71,53.71,123,53.71,15.0
2026-04-28 17:00:00,53.67,54.28,53.67,54.2,120,54.2,15.0
2026-04-28 17:15:00,54.15,54.36,53.8,53.8,155,53.8,15.0
2026-04-28 17:30:00,53.8,53.9,53.64,53.79,83,53.79,15.0
2026-04-28 17:45:00,53.74,53.75,53.56,53.62,85,53.62,15.0
2026-04-28 18:00:00,53.65,53.83,53.61,53.66,112,53.66,15.0
2026-04-28 18:15:00,53.62,53.69,53.32,53.42,178,53.42,15.0
2026-04-28 18:30:00,53.42,53.45,53.21,53.41,88,53.41,15.0
2026-04-28 18:45:00,53.41,53.58,53.35,53.47,109,53.47,15.0
2026-04-28 19:00:00,53.48,53.48,53.35,53.4,109,53.4,15.0
2026-04-28 19:15:00,53.41,53.49,53.34,53.4,98,53.4,15.0
2026-04-28 19:30:00,53.4,53.45,53.08,53.13,101,53.13,15.0
2026-04-28 19:45:00,53.13,53.21,53.06,53.16,152,53.16,15.0
2026-04-28 20:00:00,53.16,53.17,52.99,53.16,98,53.16,15.0
2026-04-28 20:15:00,53.18,53.43,53.07,53.41,114,53.41,15.0
2026-04-28 20:30:00,53.41,53.65,53.34,53.65,105,53.65,15.0
2026-04-28 20:45:00,53.62,53.69,53.52,53.6,159,53.6,15.0
2026-04-28 21:00:00,53.55,53.62,53.52,53.6,149,53.6,15.0
2026-04-28 21:15:00,53.61,53.63,53.46,53.46,107,53.46,15.0
2026-04-28 21:30:00,53.44,53.44,53.31,53.4,111,53.4,15.0
2026-04-28 21:45:00,53.38,53.51,53.35,53.48,107,53.48,15.0
2026-04-28 22:00:00,53.46,53.57,53.32,53.49,106,53.49,15.0
2026-04-28 22:15:00,53.5,53.53,53.41,53.45,179,53.45,15.0
2026-04-28 22:30:00,53.42,53.58,53.41,53.58,279,53.58,15.0
2026-04-28 22:45:00,53.58,53.62,53.43,53.51,734,53.51,15.0
2026-04-28 23:00:00,53.51,53.51,53.51,53.51,210,53.51,15.0
2026-04-29 16:30:00,53.04,53.74,53.01,53.01,102,53.01,15.0
2026-04-29 16:45:00,52.94,53.28,52.8,53.0,157,53.0,15.0
2026-04-29 17:00:00,52.95,53.44,52.95,53.11,84,53.11,15.0
2026-04-29 17:15:00,53.01,53.22,52.85,52.95,25,52.95,15.0
2026-04-29 17:30:00,52.99,52.99,52.53,52.58,85,52.58,15.0
2026-04-29 17:45:00,52.55,52.55,52.3,52.3,43,52.3,15.0
2026-04-29 18:00:00,52.29,52.3,52.05,52.28,42,52.28,15.0
2026-04-29 18:15:00,52.21,52.25,52.0,52.05,48,52.05,15.0
2026-04-29 18:30:00,52.09,52.09,51.68,51.83,109,51.83,15.0
2026-04-29 18:45:00,51.88,51.9,51.52,51.74,401,51.74,15.0
2026-04-29 19:00:00,51.73,51.84,51.7,51.7,21,51.7,15.0
2026-04-29 19:15:00,51.69,51.74,51.65,51.7,21,51.7,15.0
2026-04-29 19:30:00,51.67,51.85,51.6,51.77,57,51.77,15.0
2026-04-29 19:45:00,51.77,51.77,51.63,51.63,38,51.63,15.0
2026-04-29 20:00:00,51.65,51.79,51.57,51.59,89,51.59,15.0
2026-04-29 20:15:00,51.59,51.71,51.59,51.66,62,51.66,15.0
2026-04-29 20:30:00,51.67,51.67,51.42,51.51,140,51.51,15.0
2026-04-29 20:45:00,51.46,51.6,51.4,51.56,73,51.56,15.0
2026-04-29 21:00:00,51.51,51.54,51.08,51.14,124,51.14,15.0
2026-04-29 21:15:00,51.11,51.28,51.03,51.26,114,51.26,15.0
2026-04-29 21:30:00,51.28,51.32,51.09,51.14,109,51.14,15.0
2026-04-29 21:45:00,51.14,51.34,51.14,51.34,66,51.34,15.0
2026-04-29 22:00:00,51.35,51.78,51.35,51.67,85,51.67,15.0
2026-04-29 22:15:00,51.66,51.78,51.53,51.54,50,51.54,15.0
2026-04-29 22:30:00,51.53,51.84,51.51,51.84,224,51.84,15.0
2026-04-29 22:45:00,51.87,52.05,51.87,51.97,833,51.97,15.0
2026-04-29 23:00:00,51.95,51.95,51.95,51.95,241,51.95,15.0
2026-04-30 16:30:00,52.42,52.75,51.9,52.75,90,52.75,15.0
2026-04-30 16:45:00,52.92,53.13,52.47,52.68,87,52.68,15.0
2026-04-30 17:00:00,52.68,53.09,52.53,53.02,85,53.02,15.0
2026-04-30 17:15:00,53.1,53.78,53.1,53.65,138,53.65,15.0
2026-04-30 17:30:00,53.67,54.0,53.62,53.97,155,53.97,15.0
2026-04-30 17:45:00,53.97,54.17,53.85,54.0,178,54.0,15.0
2026-04-30 18:00:00,54.0,54.03,53.84,53.96,97,53.96,15.0
2026-04-30 18:15:00,53.96,54.22,53.93,54.13,104,54.13,15.0
2026-04-30 18:30:00,54.2,54.37,54.08,54.25,123,54.25,15.0
2026-04-30 18:45:00,54.29,54.7,54.29,54.69,206,54.69,15.0
2026-04-30 19:00:00,54.64,54.82,54.59,54.67,199,54.67,15.0
2026-04-30 19:15:00,54.69,54.76,54.62,54.64,188,54.64,15.0
2026-04-30 19:30:00,54.64,54.66,54.48,54.6,108,54.6,15.0
2026-04-30 19:45:00,54.65,54.77,54.59,54.65,106,54.65,15.0
2026-04-30 20:00:00,54.61,54.76,54.5,54.55,83,54.55,15.0
2026-04-30 20:15:00,54.57,54.66,54.53,54.62,95,54.62,15.0
2026-04-30 20:30:00,54.64,54.8,54.63,54.66,125,54.66,15.0
2026-04-30 20:45:00,54.65,54.69,54.59,54.62,85,54.62,15.0
2026-04-30 21:00:00,54.62,55.03,54.59,54.92,167,54.92,15.0
2026-04-30 21:15:00,54.88,55.14,54.88,55.13,341,55.13,15.0
2026-04-30 21:30:00,55.13,55.5,55.09,55.5,426,55.5,15.0
2026-04-30 21:45:00,55.49,55.53,55.33,55.35,438,55.35,15.0
2026-04-30 22:00:00,55.37,55.75,55.37,55.74,546,55.74,15.0
2026-04-30 22:15:00,55.71,55.91,55.49,55.88,790,55.88,15.0
2026-04-30 22:30:00,55.88,55.93,55.25,55.38,697,55.38,15.0
2026-04-30 22:45:00,55.37,55.59,55.09,55.31,2159,55.31,15.0
2026-04-30 23:00:00,55.32,55.32,55.32,55.32,212,55.32,15.0
2026-05-01 16:30:00,55.08,55.21,53.6,53.88,101,53.88,15.0
2026-05-01 16:45:00,53.88,54.41,53.58,54.29,141,54.29,15.0
2026-05-01 17:00:00,54.25,55.01,54.25,54.81,249,54.81,15.0
2026-05-01 17:15:00,54.86,55.19,54.85,55.05,122,55.05,15.0
2026-05-01 17:30:00,55.05,55.22,54.95,55.2,155,55.2,15.0
2026-05-01 17:45:00,55.15,55.15,54.76,54.8,157,54.8,15.0
2026-05-01 18:00:00,54.76,54.97,54.76,54.93,113,54.93,15.0
2026-05-01 18:15:00,54.92,55.07,54.88,54.93,164,54.93,15.0
2026-05-01 18:30:00,54.94,55.26,54.92,55.25,220,55.25,15.0
2026-05-01 18:45:00,55.32,55.37,55.21,55.26,97,55.26,15.0
2026-05-01 19:00:00,55.26,55.33,55.17,55.2,75,55.2,15.0
2026-05-01 19:15:00,55.22,55.29,55.08,55.23,54,55.23,15.0
2026-05-01 19:30:00,55.24,55.24,55.01,55.03,60,55.03,15.0
2026-05-01 19:45:00,55.01,55.19,54.99,55.19,98,55.19,15.0
2026-05-01 20:00:00,55.2,55.33,55.18,55.27,106,55.27,15.0
2026-05-01 20:15:00,55.3,55.49,55.28,55.44,81,55.44,15.0
2026-05-01 20:30:00,55.45,55.56,55.33,55.4,88,55.4,15.0
2026-05-01 20:45:00,55.4,55.59,55.4,55.52,179,55.52,15.0
2026-05-01 21:00:00,55.52,55.54,55.26,55.26,156,55.26,15.0
2026-05-01 21:15:00,55.27,55.27,55.07,55.25,98,55.25,15.0
2026-05-01 21:30:00,55.23,55.32,55.23,55.32,232,55.32,15.0
2026-05-01 21:45:00,55.32,55.35,55.14,55.18,253,55.18,15.0
2026-05-01 22:00:00,55.14,55.46,55.14,55.46,265,55.46,15.0
2026-05-01 22:15:00,55.44,55.63,55.44,55.61,312,55.61,15.0
2026-05-01 22:30:00,55.6,55.64,55.15,55.17,492,55.17,15.0
2026-05-01 22:45:00,55.14,55.18,54.86,55.04,972,55.04,15.0
2026-05-01 23:00:00,55.02,55.02,55.02,55.02,245,55.02,15.0
2026-05-04 16:30:00,54.49,55.06,54.49,54.52,75,54.52,15.0
2026-05-04 16:45:00,54.63,54.92,54.32,54.32,58,54.32,15.0
2026-05-04 17:00:00,54.41,54.76,54.22,54.68,197,54.68,15.0
2026-05-04 17:15:00,54.73,55.19,54.7,55.05,83,55.05,15.0
2026-05-04 17:30:00,55.01,55.1,54.9,54.9,67,54.9,15.0
2026-05-04 17:45:00,54.94,54.99,54.64,54.64,53,54.64,15.0
2026-05-04 18:00:00,54.59,54.86,54.57,54.85,92,54.85,15.0
2026-05-04 18:15:00,54.83,54.91,54.56,54.57,84,54.57,15.0
2026-05-04 18:30:00,54.55,54.55,54.21,54.41,101,54.41,15.0
2026-05-04 18:45:00,54.34,54.34,54.2,54.33,46,54.33,15.0
2026-05-04 19:00:00,54.31,54.42,54.07,54.21,76,54.21,15.0
2026-05-04 19:15:00,54.17,54.38,54.12,54.33,68,54.33,15.0
2026-05-04 19:30:00,54.36,54.4,54.25,54.29,94,54.29,15.0
2026-05-04 19:45:00,54.25,54.44,54.2,54.34,240,54.34,15.0
2026-05-04 20:00:00,54.34,54.44,54.26,54.33,100,54.33,15.0
2026-05-04 20:15:00,54.33,54.71,54.29,54.64,188,54.64,15.0
2026-05-04 20:30:00,54.65,54.78,54.55,54.76,164,54.76,15.0
2026-05-04 20:45:00,54.75,54.8,54.58,54.58,113,54.58,15.0
2026-05-04 21:00:00,54.58,54.74,54.47,54.65,206,54.65,15.0
2026-05-04 21:15:00,54.63,54.77,54.53,54.65,87,54.65,15.0
2026-05-04 21:30:00,54.65,54.9,54.65,54.9,203,54.9,15.0
2026-05-04 21:45:00,54.87,54.95,54.8,54.87,156,54.87,15.0
2026-05-04 22:00:00,54.89,55.01,54.78,54.78,197,54.78,15.0
2026-05-04 22:15:00,54.78,54.78,54.55,54.57,240,54.57,15.0
2026-05-04 22:30:00,54.58,54.71,54.56,54.69,358,54.69,15.0
2026-05-04 22:45:00,54.69,54.78,54.61,54.75,703,54.75,15.0
2026-05-04 23:00:00,54.74,54.74,54.74,54.74,192,54.74,15.0
2026-05-05 16:30:00,56.37,56.87,55.31,55.31,331,55.31,15.0
2026-05-05 16:45:00,55.31,55.45,54.58,54.58,206,54.58,15.0
2026-05-05 17:00:00,54.62,55.53,54.55,55.44,230,55.44,15.0
2026-05-05 17:15:00,55.54,56.02,55.49,55.78,250,55.78,15.0
2026-05-05 17:30:00,55.78,55.78,55.5,55.73,67,55.73,15.0
2026-05-05 17:45:00,55.69,56.21,55.62,56.08,232,56.08,15.0
2026-05-05 18:00:00,56.11,56.21,56.05,56.11,152,56.11,15.0
2026-05-05 18:15:00,56.11,56.13,55.63,55.68,214,55.68,15.0
2026-05-05 18:30:00,55.7,55.71,55.41,55.53,120,55.53,15.0
2026-05-05 18:45:00,55.54,55.92,55.54,55.78,153,55.78,15.0
2026-05-05 19:00:00,55.8,55.91,55.73,55.73,122,55.73,15.0
2026-05-05 19:15:00,55.75,55.98,55.75,55.92,113,55.92,15.0
2026-05-05 19:30:00,55.92,55.92,55.62,55.68,118,55.68,15.0
2026-05-05 19:45:00,55.65,55.75,55.6,55.74,196,55.74,15.0
2026-05-05 20:00:00,55.74,56.02,55.71,55.96,377,55.96,15.0
2026-05-05 20:15:00,55.96,56.16,55.95,56.14,372,56.14,15.0
2026-05-05 20:30:00,56.13,56.27,56.02,56.27,256,56.27,15.0
2026-05-05 20:45:00,56.24,56.31,56.2,56.27,160,56.27,15.0
2026-05-05 21:00:00,56.26,56.66,56.19,56.64,417,56.64,15.0
2026-05-05 21:15:00,56.64,56.65,56.49,56.63,191,56.63,15.0
2026-05-05 21:30:00,56.61,56.65,56.3,56.36,273,56.36,15.0
2026-05-05 21:45:00,56.33,56.83,56.26,56.81,349,56.81,15.0
2026-05-05 22:00:00,56.81,57.0,56.71,56.71,277,56.71,15.0
2026-05-05 22:15:00,56.74,57.01,56.65,56.74,455,56.74,15.0
2026-05-05 22:30:00,56.71,56.77,56.59,56.64,453,56.64,15.0
2026-05-05 22:45:00,56.64,56.91,56.55,56.68,1684,56.68,15.0
2026-05-05 23:00:00,56.68,56.68,56.68,56.68,237,56.68,15.0
2026-05-06 16:30:00,56.68,56.68,50.29,50.72,1739,50.72,15.0
2026-05-06 16:45:00,50.68,51.39,49.77,51.15,612,51.15,15.0
2026-05-06 17:00:00,51.15,53.08,51.15,52.27,670,52.27,15.0
2026-05-06 17:15:00,52.39,53.08,52.19,52.19,1261,52.19,15.0
2026-05-06 17:30:00,52.24,52.58,51.88,51.95,915,51.95,15.0
2026-05-06 17:45:00,51.92,51.92,50.57,50.78,736,50.78,15.0
2026-05-06 18:00:00,50.75,50.97,49.79,50.46,1246,50.46,15.0
2026-05-06 18:15:00,50.46,51.0,49.59,49.7,518,49.7,15.0
2026-05-06 18:30:00,49.69,49.99,49.01,49.14,721,49.14,15.0
2026-05-06 18:45:00,49.14,49.18,48.09,48.2,746,48.2,15.0
2026-05-06 19:00:00,48.2,48.27,47.74,47.92,1015,47.92,15.0
2026-05-06 19:15:00,47.9,48.05,47.2,47.25,728,47.25,15.0
2026-05-06 19:30:00,47.3,48.02,47.21,47.84,967,47.84,15.0
2026-05-06 19:45:00,47.84,48.09,47.5,47.7,646,47.7,15.0
2026-05-06 20:00:00,47.67,48.07,47.63,47.92,485,47.92,15.0
2026-05-06 20:15:00,47.9,47.98,46.96,47.68,548,47.68,15.0
2026-05-06 20:30:00,47.68,47.91,47.12,47.34,425,47.34,15.0
2026-05-06 20:45:00,47.37,47.75,47.13,47.53,520,47.53,15.0
2026-05-06 21:00:00,47.55,47.7,47.11,47.13,355,47.13,15.0
2026-05-06 21:15:00,47.12,47.46,46.78,46.92,904,46.92,15.0
2026-05-06 21:30:00,46.92,46.95,45.9,45.93,724,45.93,15.0
2026-05-06 21:45:00,45.92,46.08,45.12,45.72,917,45.72,15.0
2026-05-06 22:00:00,45.72,47.02,45.65,46.85,1677,46.85,15.0
2026-05-06 22:15:00,46.85,47.52,46.33,46.5,1880,46.5,15.0
2026-05-06 22:30:00,46.47,46.81,45.84,46.48,2031,46.48,15.0
2026-05-06 22:45:00,46.48,47.54,46.23,47.4,4527,47.4,15.0
2026-05-06 23:00:00,47.41,47.41,47.41,47.41,194,47.41,15.0
2026-05-07 16:30:00,47.2,47.36,46.42,47.3,511,47.3,15.0
2026-05-07 16:45:00,47.29,49.35,47.29,48.69,526,48.69,15.0
2026-05-07 17:00:00,48.69,49.46,48.63,49.34,548,49.34,15.0
2026-05-07 17:15:00,49.34,49.44,48.67,48.77,579,48.77,15.0
2026-05-07 17:30:00,48.77,48.99,48.06,48.67,528,48.67,15.0
2026-05-07 17:45:00,48.67,49.24,48.32,48.51,649,48.51,15.0
2026-05-07 18:00:00,48.57,48.57,48.29,48.3,389,48.3,15.0
2026-05-07 18:15:00,48.32,48.65,48.2,48.63,364,48.63,15.0
2026-05-07 18:30:00,48.62,48.62,48.28,48.4,255,48.4,15.0
2026-05-07 18:45:00,48.37,48.68,48.36,48.64,228,48.64,15.0
2026-05-07 19:00:00,48.66,49.22,48.65,49.0,383,49.0,15.0
2026-05-07 19:15:00,48.99,49.43,48.85,49.43,483,49.43,15.0
2026-05-07 19:30:00,49.44,49.44,49.14,49.39,274,49.39,15.0
2026-05-07 19:45:00,49.4,49.4,48.74,48.88,307,48.88,15.0
2026-05-07 20:00:00,48.88,49.64,48.88,49.62,389,49.62,15.0
2026-05-07 20:15:00,49.58,49.76,49.36,49.67,516,49.67,15.0
2026-05-07 20:30:00,49.65,49.7,49.49,49.51,509,49.51,15.0
2026-05-07 20:45:00,49.49,50.07,49.49,50.07,385,50.07,15.0
2026-05-07 21:00:00,50.12,50.13,49.81,50.1,245,50.1,15.0
2026-05-07 21:15:00,50.08,50.31,49.98,50.25,290,50.25,15.0
2026-05-07 21:30:00,50.26,50.66,50.2,50.53,472,50.53,15.0
2026-05-07 21:45:00,50.51,50.56,50.24,50.36,491,50.36,15.0
2026-05-07 22:00:00,50.34,50.35,49.49,49.51,470,49.51,15.0
2026-05-07 22:15:00,49.48,50.07,49.36,50.02,577,50.02,15.0
2026-05-07 22:30:00,50.01,50.09,49.76,49.94,879,49.94,15.0
2026-05-07 22:45:00,49.94,51.0,49.94,50.91,2869,50.91,15.0
2026-05-07 23:00:00,50.91,50.91,50.91,50.91,204,50.91,15.0
2026-05-08 16:30:00,50.02,50.5,48.25,48.48,923,48.48,15.0
2026-05-08 16:45:00,48.46,49.26,48.1,48.37,216,48.37,15.0
2026-05-08 17:00:00,48.46,48.76,48.05,48.4,399,48.4,15.0
2026-05-08 17:15:00,48.32,48.61,47.91,47.99,332,47.99,15.0
2026-05-08 17:30:00,47.98,48.64,47.85,48.64,247,48.64,15.0
2026-05-08 17:45:00,48.64,48.67,48.29,48.3,175,48.3,15.0
2026-05-08 18:00:00,48.32,48.68,48.28,48.66,202,48.66,15.0
2026-05-08 18:15:00,48.64,48.72,48.43,48.66,216,48.66,15.0
2026-05-08 18:30:00,48.66,48.76,48.32,48.36,342,48.36,15.0
2026-05-08 18:45:00,48.32,48.71,48.05,48.71,405,48.71,15.0
2026-05-08 19:00:00,48.7,48.78,48.59,48.62,130,48.62,15.0
2026-05-08 19:15:00,48.64,49.22,48.62,49.22,192,49.22,15.0
2026-05-08 19:30:00,49.23,49.73,49.15,49.53,257,49.53,15.0
2026-05-08 19:45:00,49.55,49.94,49.53,49.58,347,49.58,15.0
2026-05-08 20:00:00,49.59,49.88,49.5,49.75,359,49.75,15.0
2026-05-08 20:15:00,49.75,50.09,49.75,49.88,361,49.88,15.0
2026-05-08 20:30:00,49.88,49.89,49.7,49.75,399,49.75,15.0
2026-05-08 20:45:00,49.79,49.83,49.41,49.48,342,49.48,15.0
2026-05-08 21:00:00,49.48,49.71,49.48,49.61,282,49.61,15.0
2026-05-08 21:15:00,49.61,49.68,49.21,49.4,395,49.4,15.0
2026-05-08 21:30:00,49.39,49.44,48.89,48.89,333,48.89,15.0
2026-05-08 21:45:00,48.88,48.93,48.15,48.23,219,48.23,15.0
2026-05-08 22:00:00,48.33,48.48,47.85,48.24,487,48.24,15.0
2026-05-08 22:15:00,48.24,48.52,48.12,48.48,492,48.48,15.0
2026-05-08 22:30:00,48.46,48.61,48.15,48.36,680,48.36,15.0
2026-05-08 22:45:00,48.37,48.54,48.15,48.37,1177,48.37,15.0
2026-05-08 23:00:00,48.37,48.37,48.36,48.36,214,48.36,15.0
2026-05-11 16:30:00,49.39,49.43,47.65,48.02,219,48.02,15.0
2026-05-11 16:45:00,48.17,48.71,47.92,48.62,96,48.62,15.0
2026-05-11 17:00:00,48.62,48.65,48.23,48.48,86,48.48,15.0
2026-05-11 17:15:00,48.63,48.91,48.53,48.75,95,48.75,15.0
2026-05-11 17:30:00,48.76,49.52,48.1,48.4,276,48.4,15.0
2026-05-11 17:45:00,48.39,48.52,47.72,47.91,226,47.91,15.0
2026-05-11 18:00:00,47.93,48.18,47.85,48.0,196,48.0,15.0
2026-05-11 18:15:00,47.94,48.16,47.82,47.85,156,47.85,15.0
2026-05-11 18:30:00,47.85,48.02,47.61,47.68,243,47.68,15.0
2026-05-11 18:45:00,47.69,47.87,47.49,47.71,318,47.71,15.0
2026-05-11 19:00:00,47.73,47.85,47.66,47.73,195,47.73,15.0
2026-05-11 19:15:00,47.72,48.17,47.68,48.15,154,48.15,15.0
2026-05-11 19:30:00,48.17,48.31,47.95,48.31,185,48.31,15.0
2026-05-11 19:45:00,48.23,48.34,47.71,47.84,166,47.84,15.0
2026-05-11 20:00:00,47.84,48.16,47.79,48.06,166,48.06,15.0
2026-05-11 20:15:00,48.0,48.12,47.86,48.04,148,48.04,15.0
2026-05-11 20:30:00,48.05,48.19,47.9,48.18,112,48.18,15.0
2026-05-11 20:45:00,48.2,48.26,48.05,48.09,95,48.09,15.0
2026-05-11 21:00:00,48.15,48.15,47.9,47.9,223,47.9,15.0
2026-05-11 21:15:00,47.91,48.0,47.88,47.88,140,47.88,15.0
2026-05-11 21:30:00,47.87,47.93,47.76,47.78,142,47.78,15.0
2026-05-11 21:45:00,47.77,47.81,47.65,47.71,158,47.71,15.0
2026-05-11 22:00:00,47.74,47.84,47.38,47.42,213,47.42,15.0
2026-05-11 22:15:00,47.42,47.53,47.31,47.47,285,47.47,15.0
2026-05-11 22:30:00,47.49,47.57,47.38,47.42,326,47.42,15.0
2026-05-11 22:45:00,47.42,47.53,47.34,47.42,947,47.42,15.0
2026-05-11 23:00:00,47.42,47.42,47.42,47.42,173,47.42,15.0
2026-05-12 16:30:00,47.87,48.32,47.79,47.89,149,47.89,15.0
2026-05-12 16:45:00,47.94,48.19,47.72,48.16,73,48.16,15.0
2026-05-12 17:00:00,48.12,48.23,47.93,48.13,85,48.13,15.0
2026-05-12 17:15:00,48.21,48.21,47.82,48.03,78,48.03,15.0
2026-05-12 17:30:00,48.03,48.3,48.03,48.3,26,48.3,15.0
2026-05-12 17:45:00,48.25,48.31,47.93,47.94,130,47.94,15.0
2026-05-12 18:00:00,47.93,48.06,47.92,48.02,80,48.02,15.0
2026-05-12 18:15:00,48.02,48.24,47.93,48.23,174,48.23,15.0
2026-05-12 18:30:00,48.24,48.29,47.91,48.19,133,48.19,15.0
2026-05-12 18:45:00,48.21,48.21,47.97,47.97,57,47.97,15.0
2026-05-12 19:00:00,48.07,48.12,47.83,47.87,66,47.87,15.0
2026-05-12 19:15:00,47.83,48.06,47.78,47.98,102,47.98,15.0
2026-05-12 19:30:00,47.98,48.34,47.98,48.14,132,48.14,15.0
2026-05-12 19:45:00,48.14,48.19,48.06,48.11,69,48.11,15.0
2026-05-12 20:00:00,48.04,48.15,47.71,47.76,95,47.76,15.0
2026-05-12 20:15:00,47.72,47.8,46.52,47.35,534,47.35,15.0
2026-05-12 20:30:00,47.27,47.53,47.14,47.44,288,47.44,15.0
2026-05-12 20:45:00,47.44,47.61,47.3,47.38,135,47.38,15.0
2026-05-12 21:00:00,47.37,47.48,47.36,47.39,128,47.39,15.0
2026-05-12 21:15:00,47.38,47.75,47.29,47.69,182,47.69,15.0
2026-05-12 21:30:00,47.72,47.79,47.62,47.76,150,47.76,15.0
2026-05-12 21:45:00,47.77,47.83,47.59,47.64,165,47.64,15.0
2026-05-12 22:00:00,47.64,47.66,47.54,47.66,178,47.66,15.0
2026-05-12 22:15:00,47.65,47.72,47.55,47.58,215,47.58,15.0
2026-05-12 22:30:00,47.58,47.61,47.31,47.54,234,47.54,15.0
2026-05-12 22:45:00,47.54,47.56,47.4,47.43,821,47.43,15.0
2026-05-12 23:00:00,47.42,47.42,47.42,47.42,233,47.42,15.0
2026-05-13 16:30:00,47.07,47.13,46.0,46.0,734,46.0,15.0
2026-05-13 16:45:00,46.0,46.58,45.61,45.79,459,45.79,15.0
2026-05-13 17:00:00,45.81,46.08,45.57,45.99,455,45.99,15.0
2026-05-13 17:15:00,45.97,46.09,45.35,45.37,263,45.37,15.0
2026-05-13 17:30:00,45.39,45.41,45.11,45.27,236,45.27,15.0
2026-05-13 17:45:00,45.27,45.46,44.85,44.92,296,44.92,15.0
2026-05-13 18:00:00,44.9,45.15,44.85,44.96,516,44.96,15.0
2026-05-13 18:15:00,44.95,44.99,44.8,44.82,194,44.82,15.0
2026-05-13 18:30:00,44.83,44.83,44.52,44.59,242,44.59,15.0
2026-05-13 18:45:00,44.58,44.71,44.53,44.71,133,44.71,15.0
2026-05-13 19:00:00,44.7,44.92,44.51,44.8,313,44.8,15.0
2026-05-13 19:15:00,44.8,45.02,44.8,44.82,150,44.82,15.0
2026-05-13 19:30:00,44.79,44.82,44.65,44.71,129,44.71,15.0
2026-05-13 19:45:00,44.72,44.88,44.64,44.72,94,44.72,15.0
2026-05-13 20:00:00,44.68,44.76,44.56,44.56,83,44.56,15.0
2026-05-13 20:15:00,44.55,44.55,44.19,44.27,113,44.27,15.0
2026-05-13 20:30:00,44.23,44.41,44.2,44.37,173,44.37,15.0
2026-05-13 20:45:00,44.4,44.41,44.23,44.3,110,44.3,15.0
2026-05-13 21:00:00,44.3,44.37,44.12,44.2,141,44.2,15.0
2026-05-13 21:15:00,44.2,44.81,44.2,44.34,545,44.34,15.0
2026-05-13 21:30:00,44.35,44.55,44.25,44.25,198,44.25,15.0
2026-05-13 21:45:00,44.25,44.54,44.25,44.5,201,44.5,15.0
2026-05-13 22:00:00,44.49,44.58,44.39,44.47,384,44.47,15.0
2026-05-13 22:15:00,44.45,44.93,44.4,44.45,600,44.45,15.0
2026-05-13 22:30:00,44.44,45.02,44.37,44.91,665,44.91,15.0
2026-05-13 22:45:00,44.91,45.09,44.65,44.9,1891,44.9,15.0
2026-05-13 23:00:00,44.89,44.89,44.89,44.89,213,44.89,15.0
2026-05-14 16:30:00,45.35,46.04,44.72,44.89,214,44.89,15.0
2026-05-14 16:45:00,44.89,45.36,44.75,45.16,173,45.16,15.0
2026-05-14 17:00:00,45.26,45.68,45.17,45.34,466,45.34,15.0
2026-05-14 17:15:00,45.33,45.34,44.99,45.1,341,45.1,15.0
2026-05-14 17:30:00,45.14,45.14,44.83,45.09,159,45.09,15.0
2026-05-14 17:45:00,45.1,45.4,45.08,45.25,270,45.25,15.0
2026-05-14 18:00:00,45.24,45.58,45.24,45.48,274,45.48,15.0
2026-05-14 18:15:00,45.47,45.5,45.23,45.4,376,45.4,15.0
2026-05-14 18:30:00,45.39,45.8,45.37,45.76,336,45.76,15.0
2026-05-14 18:45:00,45.76,45.8,45.44,45.5,319,45.5,15.0
2026-05-14 19:00:00,45.49,45.5,45.0,45.04,290,45.04,15.0
2026-05-14 19:15:00,45.04,45.17,45.02,45.05,98,45.05,15.0
2026-05-14 19:30:00,45.01,45.09,44.98,45.05,93,45.05,15.0
2026-05-14 19:45:00,45.12,45.14,44.89,44.96,141,44.96,15.0
2026-05-14 20:00:00,44.94,45.18,44.94,44.94,182,44.94,15.0
2026-05-14 20:15:00,44.97,45.07,44.78,44.78,154,44.78,15.0
2026-05-14 20:30:00,44.77,44.84,44.4,44.45,276,44.45,15.0
2026-05-14 20:45:00,44.47,44.64,44.4,44.45,335,44.45,15.0
2026-05-14 21:00:00,44.47,44.86,44.47,44.81,284,44.81,15.0
2026-05-14 21:15:00,44.87,44.98,44.73,44.77,207,44.77,15.0
2026-05-14 21:30:00,44.8,44.91,44.54,44.62,284,44.62,15.0
2026-05-14 21:45:00,44.61,44.93,44.53,44.58,360,44.58,15.0
2026-05-14 22:00:00,44.59,44.94,44.56,44.94,293,44.94,15.0
2026-05-14 22:15:00,44.93,44.98,44.75,44.88,365,44.88,15.0
2026-05-14 22:30:00,44.85,44.97,44.7,44.8,416,44.8,15.0
2026-05-14 22:45:00,44.79,44.82,44.64,44.74,1220,44.74,15.0
2026-05-14 23:00:00,44.74,44.74,44.74,44.74,144,44.74,15.0
2026-05-15 16:30:00,44.62,45.36,44.62,45.04,322,45.04,15.0
2026-05-15 16:45:00,44.94,45.21,44.54,45.21,273,45.21,15.0
2026-05-15 17:00:00,45.19,45.59,45.02,45.07,180,45.07,15.0
2026-05-15 17:15:00,45.11,45.33,45.05,45.28,199,45.28,15.0
2026-05-15 17:30:00,45.26,45.29,44.73,44.91,382,44.91,15.0
2026-05-15 17:45:00,44.91,45.18,44.79,45.05,299,45.05,15.0
2026-05-15 18:00:00,45.02,45.13,44.79,45.0,398,45.0,15.0
2026-05-15 18:15:00,45.01,45.01,44.77,44.77,285,44.77,15.0
2026-05-15 18:30:00,44.78,44.87,44.51,44.56,317,44.56,15.0
2026-05-15 18:45:00,44.56,44.84,44.52,44.71,446,44.71,15.0
2026-05-15 19:00:00,44.73,44.73,44.62,44.68,322,44.68,15.0
2026-05-15 19:15:00,44.71,44.71,44.5,44.66,325,44.66,15.0
2026-05-15 19:30:00,44.64,44.78,44.62,44.68,315,44.68,15.0
2026-05-15 19:45:00,44.69,44.74,44.45,44.52,276,44.52,15.0
2026-05-15 20:00:00,44.52,44.6,44.42,44.42,316,44.42,15.0
2026-05-15 20:15:00,44.42,44.57,44.31,44.36,262,44.36,15.0
2026-05-15 20:30:00,44.35,44.47,44.28,44.33,384,44.33,15.0
2026-05-15 20:45:00,44.32,44.4,44.17,44.23,189,44.23,15.0
2026-05-15 21:00:00,44.25,44.28,43.9,44.01,576,44.01,15.0
2026-05-15 21:15:00,44.01,44.14,43.91,43.92,291,43.92,15.0
2026-05-15 21:30:00,43.92,43.97,43.76,43.87,301,43.87,15.0
2026-05-15 21:45:00,43.85,43.87,43.67,43.75,382,43.75,15.0
2026-05-15 22:00:00,43.75,43.76,43.55,43.61,450,43.61,15.0
2026-05-15 22:15:00,43.61,43.79,43.58,43.71,635,43.71,15.0
2026-05-15 22:30:00,43.71,43.8,43.34,43.39,687,43.39,15.0
2026-05-15 22:45:00,43.39,43.43,43.2,43.31,2125,43.31,15.0
2026-05-15 23:00:00,43.3,43.3,43.3,43.3,341,43.3,15.0
2026-05-18 16:30:00,43.86,44.05,43.2,43.79,311,43.79,15.0
2026-05-18 16:45:00,43.81,44.71,43.81,44.59,516,44.59,15.0
2026-05-18 17:00:00,44.61,44.7,44.29,44.42,505,44.42,15.0
2026-05-18 17:15:00,44.48,44.9,44.47,44.8,537,44.8,15.0
2026-05-18 17:30:00,44.8,44.89,44.42,44.51,203,44.51,15.0
2026-05-18 17:45:00,44.6,45.13,44.56,44.75,218,44.75,15.0
2026-05-18 18:00:00,44.76,44.81,44.04,44.14,512,44.14,15.0
2026-05-18 18:15:00,44.17,44.36,44.02,44.34,116,44.34,15.0
2026-05-18 18:30:00,44.34,44.62,44.29,44.49,177,44.49,15.0
2026-05-18 18:45:00,44.51,44.62,44.4,44.4,204,44.4,15.0
2026-05-18 19:00:00,44.43,44.63,44.42,44.51,146,44.51,15.0
2026-05-18 19:15:00,44.58,44.64,44.29,44.3,131,44.3,15.0
2026-05-18 19:30:00,44.28,44.49,44.16,44.16,199,44.16,15.0
2026-05-18 19:45:00,44.16,44.23,44.05,44.15,240,44.15,15.0
2026-05-18 20:00:00,44.15,44.24,44.11,44.11,160,44.11,15.0
2026-05-18 20:15:00,44.13,44.32,44.04,44.23,307,44.23,15.0
2026-05-18 20:30:00,44.21,44.62,44.21,44.54,303,44.54,15.0
2026-05-18 20:45:00,44.54,44.65,44.5,44.57,202,44.57,15.0
2026-05-18 21:00:00,44.63,44.63,44.32,44.45,118,44.45,15.0
2026-05-18 21:15:00,44.46,44.58,44.4,44.47,136,44.47,15.0
2026-05-18 21:30:00,44.47,44.54,44.33,44.45,136,44.45,15.0
2026-05-18 21:45:00,44.45,44.59,44.33,44.48,245,44.48,15.0
2026-05-18 22:00:00,44.52,44.93,44.26,44.3,436,44.3,15.0
2026-05-18 22:15:00,44.3,44.41,44.16,44.35,500,44.35,15.0
2026-05-18 22:30:00,44.35,44.37,44.06,44.25,625,44.25,15.0
2026-05-18 22:45:00,44.25,44.48,44.12,44.44,1545,44.44,15.0
2026-05-18 23:00:00,44.43,44.43,44.43,44.43,206,44.43,15.0
2026-05-19 16:30:00,44.79,46.21,44.67,45.79,673,45.79,15.0
2026-05-19 16:45:00,45.79,46.19,45.66,45.94,810,45.94,15.0
2026-05-19 17:00:00,45.85,46.33,45.68,46.17,267,46.17,15.0
2026-05-19 17:15:00,46.22,46.54,45.95,46.0,495,46.0,15.0
2026-05-19 17:30:00,45.97,46.0,45.83,45.9,377,45.9,15.0
2026-05-19 17:45:00,45.86,46.19,45.64,46.07,277,46.07,15.0
2026-05-19 18:00:00,46.12,46.21,45.8,45.89,212,45.89,15.0
2026-05-19 18:15:00,45.92,45.92,45.5,45.56,260,45.56,15.0
2026-05-19 18:30:00,45.6,45.77,45.52,45.62,189,45.62,15.0
2026-05-19 18:45:00,45.63,45.66,45.5,45.53,208,45.53,15.0
2026-05-19 19:00:00,45.51,45.65,45.47,45.62,202,45.62,15.0
2026-05-19 19:15:00,45.61,45.72,45.48,45.5,126,45.5,15.0
2026-05-19 19:30:00,45.46,45.52,45.33,45.42,77,45.42,15.0
2026-05-19 19:45:00,45.42,45.65,45.38,45.62,137,45.62,15.0
2026-05-19 20:00:00,45.63,45.81,45.6,45.74,191,45.74,15.0
2026-05-19 20:15:00,45.76,46.04,45.73,46.04,198,46.04,15.0
2026-05-19 20:30:00,46.03,46.24,45.91,45.96,197,45.96,15.0
2026-05-19 20:45:00,45.92,45.99,45.86,45.97,170,45.97,15.0
2026-05-19 21:00:00,45.96,46.0,45.77,45.83,114,45.83,15.0
2026-05-19 21:15:00,45.85,46.04,45.82,45.84,191,45.84,15.0
2026-05-19 21:30:00,45.83,45.97,45.79,45.92,231,45.92,15.0
2026-05-19 21:45:00,45.92,45.92,45.54,45.64,254,45.64,15.0
2026-05-19 22:00:00,45.63,45.67,45.46,45.6,239,45.6,15.0
2026-05-19 22:15:00,45.64,45.67,45.51,45.6,290,45.6,15.0
2026-05-19 22:30:00,45.6,45.63,45.35,45.45,428,45.45,15.0
2026-05-19 22:45:00,45.45,45.56,45.3,45.48,1415,45.48,15.0
2026-05-19 23:00:00,45.47,45.47,45.47,45.47,239,45.47,15.0
2026-05-20 16:30:00,45.58,45.84,44.27,45.13,310,45.13,15.0
2026-05-20 16:45:00,45.06,45.34,44.92,45.3,106,45.3,15.0
2026-05-20 17:00:00,45.3,45.57,44.92,45.0,215,45.0,15.0
2026-05-20 17:15:00,45.09,45.69,44.9,44.99,181,44.99,15.0
2026-05-20 17:30:00,45.0,45.18,44.94,45.08,191,45.08,15.0
2026-05-20 17:45:00,45.14,45.58,45.06,45.55,190,45.55,15.0
2026-05-20 18:00:00,45.55,45.69,45.34,45.38,269,45.38,15.0
2026-05-20 18:15:00,45.36,45.8,45.36,45.74,202,45.74,15.0
2026-05-20 18:30:00,45.71,45.89,45.61,45.74,153,45.74,15.0
2026-05-20 18:45:00,45.74,45.74,45.53,45.58,215,45.58,15.0
2026-05-20 19:00:00,45.6,45.85,45.49,45.85,119,45.85,15.0
2026-05-20 19:15:00,45.83,46.0,45.69,45.69,182,45.69,15.0
2026-05-20 19:30:00,45.67,45.98,45.6,45.82,157,45.82,15.0
2026-05-20 19:45:00,45.87,45.98,45.81,45.93,86,45.93,15.0
2026-05-20 20:00:00,45.92,45.98,45.78,45.98,140,45.98,15.0
2026-05-20 20:15:00,46.02,46.15,45.83,46.05,151,46.05,15.0
2026-05-20 20:30:00,46.04,46.11,45.95,46.04,280,46.04,15.0
2026-05-20 20:45:00,46.03,46.08,45.97,46.04,108,46.04,15.0
2026-05-20 21:00:00,45.99,46.2,45.96,46.09,180,46.09,15.0
2026-05-20 21:15:00,46.08,46.22,46.05,46.13,154,46.13,15.0
2026-05-20 21:30:00,46.16,46.19,46.1,46.12,145,46.12,15.0
2026-05-20 21:45:00,46.12,46.16,46.02,46.15,101,46.15,15.0
2026-05-20 22:00:00,46.17,46.32,46.15,46.29,234,46.29,15.0
2026-05-20 22:15:00,46.31,46.53,46.26,46.39,278,46.39,15.0
2026-05-20 22:30:00,46.39,46.77,46.39,46.76,532,46.76,15.0
2026-05-20 22:45:00,46.74,46.78,46.53,46.71,1491,46.71,15.0
2026-05-20 23:00:00,46.7,46.7,46.7,46.7,158,46.7,15.0
2026-05-21 16:30:00,46.14,46.38,45.32,45.52,203,45.52,15.0
2026-05-21 16:45:00,45.7,46.25,45.7,46.24,61,46.24,15.0
2026-05-21 17:00:00,46.12,46.52,46.09,46.38,119,46.38,15.0
2026-05-21 17:15:00,46.4,46.6,46.33,46.51,168,46.51,15.0
2026-05-21 17:30:00,46.51,46.54,46.37,46.45,97,46.45,15.0
2026-05-21 17:45:00,46.49,46.73,46.49,46.68,121,46.68,15.0
2026-05-21 18:00:00,46.7,46.75,46.58,46.65,129,46.65,15.0
2026-05-21 18:15:00,46.63,46.8,46.6,46.72,241,46.72,15.0
2026-05-21 18:30:00,46.75,46.85,46.68,46.72,213,46.72,15.0
2026-05-21 18:45:00,46.7,46.76,46.58,46.7,275,46.7,15.0
2026-05-21 19:00:00,46.68,46.73,46.56,46.63,125,46.63,15.0
2026-05-21 19:15:00,46.63,46.64,46.42,46.43,286,46.43,15.0
2026-05-21 19:30:00,46.45,46.61,46.43,46.57,174,46.57,15.0
2026-05-21 19:45:00,46.57,46.66,46.55,46.56,242,46.56,15.0
2026-05-21 20:00:00,46.56,46.82,46.54,46.8,198,46.8,15.0
2026-05-21 20:15:00,46.8,47.26,46.8,47.05,424,47.05,15.0
2026-05-21 20:30:00,47.06,47.15,46.99,47.15,183,47.15,15.0
2026-05-21 20:45:00,47.16,47.38,47.12,47.25,282,47.25,15.0
2026-05-21 21:00:00,47.25,47.29,47.09,47.25,289,47.25,15.0
2026-05-21 21:15:00,47.24,47.39,47.18,47.33,274,47.33,15.0
2026-05-21 21:30:00,47.33,47.44,47.18,47.24,278,47.24,15.0
2026-05-21 21:45:00,47.25,47.31,47.01,47.05,206,47.05,15.0
2026-05-21 22:00:00,47.05,47.29,47.04,47.21,215,47.21,15.0
2026-05-21 22:15:00,47.2,47.32,47.16,47.21,283,47.21,15.0
2026-05-21 22:30:00,47.23,47.31,47.1,47.26,208,47.26,15.0
2026-05-21 22:45:00,47.26,47.37,47.16,47.37,1270,47.37,15.0
2026-05-21 23:00:00,47.38,47.38,47.36,47.37,133,47.37,15.0
2026-05-22 16:30:00,47.3,47.88,47.2,47.76,138,47.76,15.0
2026-05-22 16:45:00,47.91,48.15,47.59,47.67,180,47.67,15.0
2026-05-22 17:00:00,47.69,47.73,47.55,47.58,226,47.58,15.0
2026-05-22 17:15:00,47.55,47.72,47.18,47.26,849,47.26,15.0
2026-05-22 17:30:00,47.32,47.42,47.25,47.37,156,47.37,15.0
2026-05-22 17:45:00,47.38,47.57,47.34,47.34,123,47.34,15.0
2026-05-22 18:00:00,47.34,47.42,47.19,47.27,151,47.27,15.0
2026-05-22 18:15:00,47.27,47.47,47.27,47.47,86,47.47,15.0
2026-05-22 18:30:00,47.49,47.54,47.23,47.46,230,47.46,15.0
2026-05-22 18:45:00,47.46,47.68,47.43,47.63,141,47.63,15.0
2026-05-22 19:00:00,47.63,47.74,47.58,47.65,106,47.65,15.0
2026-05-22 19:15:00,47.67,47.89,47.67,47.86,74,47.86,15.0
2026-05-22 19:30:00,47.87,47.97,47.87,47.97,48,47.97,15.0
2026-05-22 19:45:00,47.98,48.0,47.89,47.89,87,47.89,15.0
2026-05-22 20:00:00,47.88,47.88,47.75,47.75,109,47.75,15.0
2026-05-22 20:15:00,47.77,48.13,47.77,48.13,139,48.13,15.0
2026-05-22 20:30:00,48.13,48.13,47.95,48.04,88,48.04,15.0
2026-05-22 20:45:00,48.04,48.08,47.96,48.02,113,48.02,15.0
2026-05-22 21:00:00,48.02,48.05,47.87,48.02,189,48.02,15.0
2026-05-22 21:15:00,48.02,48.16,47.97,48.01,317,48.01,15.0
2026-05-22 21:30:00,48.01,48.05,47.84,47.89,241,47.89,15.0
2026-05-22 21:45:00,47.89,48.14,47.79,48.13,214,48.13,15.0
2026-05-22 22:00:00,48.14,48.21,48.06,48.17,222,48.17,15.0
2026-05-22 22:15:00,48.2,48.25,48.07,48.14,417,48.14,15.0
2026-05-22 22:30:00,48.12,48.27,48.1,48.14,370,48.14,15.0
2026-05-22 22:45:00,48.14,48.27,48.06,48.23,1284,48.23,15.0
2026-05-22 23:00:00,48.21,48.21,48.21,48.21,180,48.21,15.0
2026-05-26 16:30:00,48.08,48.08,47.05,47.2,252,47.2,15.0
2026-05-26 16:45:00,47.26,47.74,47.26,47.63,148,47.63,15.0
2026-05-26 17:00:00,47.76,48.16,47.76,48.09,148,48.09,15.0
2026-05-26 17:15:00,48.03,48.14,47.94,48.09,126,48.09,15.0
2026-05-26 17:30:00,48.03,48.39,48.03,48.36,118,48.36,15.0
2026-05-26 17:45:00,48.4,48.57,48.37,48.39,88,48.39,15.0
2026-05-26 18:00:00,48.37,48.4,48.12,48.12,77,48.12,15.0
2026-05-26 18:15:00,48.11,48.11,47.86,48.0,72,48.0,15.0
2026-05-26 18:30:00,47.99,48.03,47.89,47.95,71,47.95,15.0
2026-05-26 18:45:00,47.88,47.93,47.81,47.89,97,47.89,15.0
2026-05-26 19:00:00,47.87,48.07,47.87,47.9,123,47.9,15.0
2026-05-26 19:15:00,47.95,48.26,47.92,48.25,196,48.25,15.0
2026-05-26 19:30:00,48.27,48.32,48.22,48.27,26,48.27,15.0
2026-05-26 19:45:00,48.27,48.31,48.24,48.25,49,48.25,15.0
2026-05-26 20:00:00,48.24,48.4,48.21,48.4,119,48.4,15.0
2026-05-26 20:15:00,48.33,48.43,48.33,48.38,78,48.38,15.0
2026-05-26 20:30:00,48.39,48.45,48.27,48.38,46,48.38,15.0
2026-05-26 20:45:00,48.39,48.44,48.3,48.41,101,48.41,15.0
2026-05-26 21:00:00,48.41,48.54,48.34,48.35,194,48.35,15.0
2026-05-26 21:15:00,48.35,48.51,48.29,48.38,286,48.38,15.0
2026-05-26 21:30:00,48.38,48.49,48.36,48.39,137,48.39,15.0
2026-05-26 21:45:00,48.39,48.56,48.39,48.48,209,48.48,15.0
2026-05-26 22:00:00,48.51,48.65,48.05,48.14,320,48.14,15.0
2026-05-26 22:15:00,48.11,48.14,48.02,48.13,136,48.13,15.0
2026-05-26 22:30:00,48.14,48.4,48.12,48.25,657,48.25,15.0
2026-05-26 22:45:00,48.26,48.47,47.88,47.97,1056,47.97,15.0
2026-05-26 23:00:00,47.97,47.97,47.97,47.97,227,47.97,15.0
2026-05-27 16:30:00,48.69,49.31,48.22,49.01,181,49.01,15.0
2026-05-27 16:45:00,49.02,49.37,48.38,48.68,308,48.68,15.0
2026-05-27 17:00:00,48.82,48.89,48.4,48.77,178,48.77,15.0
2026-05-27 17:15:00,48.79,49.07,48.71,48.71,169,48.71,15.0
2026-05-27 17:30:00,48.72,48.74,47.96,48.16,152,48.16,15.0
2026-05-27 17:45:00,48.09,48.09,47.7,47.96,102,47.96,15.0
2026-05-27 18:00:00,48.0,48.01,47.36,47.63,303,47.63,15.0
2026-05-27 18:15:00,47.67,47.75,47.51,47.54,90,47.54,15.0
2026-05-27 18:30:00,47.5,47.81,47.5,47.69,181,47.69,15.0
2026-05-27 18:45:00,47.62,47.73,47.5,47.5,99,47.5,15.0
2026-05-27 19:00:00,47.5,47.57,47.27,47.27,138,47.27,15.0
2026-05-27 19:15:00,47.27,47.42,47.26,47.36,80,47.36,15.0
2026-05-27 19:30:00,47.38,47.45,47.29,47.37,73,47.37,15.0
2026-05-27 19:45:00,47.34,47.53,47.3,47.51,54,47.51,15.0
2026-05-27 20:00:00,47.52,47.7,47.42,47.66,76,47.66,15.0
2026-05-27 20:15:00,47.65,47.65,47.43,47.43,71,47.43,15.0
2026-05-27 20:30:00,47.46,47.51,47.37,47.42,58,47.42,15.0
2026-05-27 20:45:00,47.41,47.43,47.23,47.29,97,47.29,15.0
2026-05-27 21:00:00,47.36,47.37,47.22,47.28,129,47.28,15.0
2026-05-27 21:15:00,47.28,47.5,47.28,47.34,95,47.34,15.0
2026-05-27 21:30:00,47.39,47.46,47.26,47.4,246,47.4,15.0
2026-05-27 21:45:00,47.44,47.51,47.34,47.47,112,47.47,15.0
2026-05-27 22:00:00,47.47,47.51,47.38,47.51,130,47.51,15.0
2026-05-27 22:15:00,47.48,47.59,47.42,47.56,196,47.56,15.0
2026-05-27 22:30:00,47.57,47.7,47.55,47.7,266,47.7,15.0
2026-05-27 22:45:00,47.72,48.13,47.72,48.1,878,48.1,15.0
2026-05-27 23:00:00,48.09,48.09,48.09,48.09,199,48.09,15.0
2026-05-28 16:30:00,48.35,49.6,48.0,49.6,88,49.6,15.0
2026-05-28 16:45:00,49.68,50.21,49.49,49.63,188,49.63,15.0
2026-05-28 17:00:00,49.65,49.86,49.12,49.86,303,49.86,15.0
2026-05-28 17:15:00,49.86,50.04,49.48,49.68,332,49.68,15.0
2026-05-28 17:30:00,49.77,50.01,49.42,49.98,91,49.98,15.0
2026-05-28 17:45:00,50.02,50.1,49.83,49.98,121,49.98,15.0
2026-05-28 18:00:00,49.98,50.25,49.91,50.25,93,50.25,15.0
2026-05-28 18:15:00,50.26,50.59,50.2,50.44,228,50.44,15.0
2026-05-28 18:30:00,50.46,50.63,50.46,50.63,77,50.63,15.0
2026-05-28 18:45:00,50.6,50.72,50.5,50.61,148,50.61,15.0
2026-05-28 19:00:00,50.58,50.77,50.41,50.74,198,50.74,15.0
2026-05-28 19:15:00,50.74,50.86,50.67,50.7,260,50.7,15.0
2026-05-28 19:30:00,50.72,50.88,50.66,50.79,176,50.79,15.0
2026-05-28 19:45:00,50.82,50.85,50.75,50.79,53,50.79,15.0
2026-05-28 20:00:00,50.8,50.97,50.77,50.94,98,50.94,15.0
2026-05-28 20:15:00,50.96,51.16,50.89,51.06,157,51.06,15.0
2026-05-28 20:30:00,51.02,51.06,50.94,51.03,72,51.03,15.0
2026-05-28 20:45:00,51.01,51.01,50.89,50.94,60,50.94,15.0
2026-05-28 21:00:00,50.94,51.02,50.9,50.98,148,50.98,15.0
2026-05-28 21:15:00,50.97,51.14,50.97,51.07,109,51.07,15.0
2026-05-28 21:30:00,51.08,51.21,51.01,51.09,206,51.09,15.0
2026-05-28 21:45:00,51.1,51.13,50.99,51.08,198,51.08,15.0
2026-05-28 22:00:00,51.04,51.2,50.98,50.99,238,50.99,15.0
2026-05-28 22:15:00,50.99,51.11,50.88,51.02,319,51.02,15.0
2026-05-28 22:30:00,51.02,51.03,50.71,50.75,322,50.75,15.0
2026-05-28 22:45:00,50.75,50.93,50.52,50.83,1239,50.83,15.0
2026-05-28 23:00:00,50.84,50.84,50.84,50.84,165,50.84,15.0
2026-05-29 16:30:00,50.61,51.29,50.54,51.0,143,51.0,15.0
2026-05-29 16:45:00,50.85,51.15,50.43,50.75,274,50.75,15.0
2026-05-29 17:00:00,50.72,51.14,50.72,51.09,107,51.09,15.0
2026-05-29 17:15:00,51.09,51.45,51.09,51.22,184,51.22,15.0
2026-05-29 17:30:00,51.22,51.51,51.11,51.48,114,51.48,15.0
2026-05-29 17:45:00,51.44,51.49,51.25,51.42,105,51.42,15.0
2026-05-29 18:00:00,51.4,51.45,51.22,51.38,109,51.38,15.0
2026-05-29 18:15:00,51.32,51.65,51.32,51.64,68,51.64,15.0
2026-05-29 18:30:00,51.63,51.78,51.63,51.67,122,51.67,15.0
2026-05-29 18:45:00,51.69,51.76,51.53,51.65,103,51.65,15.0
2026-05-29 19:00:00,51.65,51.76,51.55,51.75,74,51.75,15.0
2026-05-29 19:15:00,51.73,51.75,51.61,51.75,75,51.75,15.0
2026-05-29 19:30:00,51.75,51.9,51.67,51.86,106,51.86,15.0
2026-05-29 19:45:00,51.86,51.89,51.71,51.76,107,51.76,15.0
2026-05-29 20:00:00,51.76,51.85,51.74,51.84,84,51.84,15.0
2026-05-29 20:15:00,51.87,52.12,51.87,52.09,76,52.09,15.0
2026-05-29 20:30:00,52.09,52.1,51.82,51.88,178,51.88,15.0
2026-05-29 20:45:00,51.87,51.91,51.69,51.78,260,51.78,15.0
2026-05-29 21:00:00,51.73,51.82,51.65,51.76,257,51.76,15.0
2026-05-29 21:15:00,51.74,51.93,51.63,51.8,215,51.8,15.0
2026-05-29 21:30:00,51.82,51.88,51.62,51.64,188,51.64,15.0
2026-05-29 21:45:00,51.64,51.66,51.54,51.55,238,51.55,15.0
2026-05-29 22:00:00,51.54,51.57,51.38,51.38,202,51.38,15.0
2026-05-29 22:15:00,51.37,51.67,51.28,51.62,227,51.62,15.0
2026-05-29 22:30:00,51.65,51.65,51.45,51.48,395,51.48,15.0
2026-05-29 22:45:00,51.49,51.8,51.41,51.69,1467,51.69,15.0
2026-05-29 23:00:00,51.7,51.7,51.68,51.68,199,51.68,15.0
2026-06-01 16:30:00,51.45,51.66,50.78,51.07,187,51.07,15.0
2026-06-01 16:45:00,51.15,51.16,50.63,50.94,130,50.94,15.0
2026-06-01 17:00:00,51.03,51.28,50.87,51.04,230,51.04,15.0
2026-06-01 17:15:00,51.04,51.11,50.69,50.74,175,50.74,15.0
2026-06-01 17:30:00,50.74,51.11,50.74,51.11,139,51.11,15.0
2026-06-01 17:45:00,51.12,51.15,50.84,50.94,130,50.94,15.0
2026-06-01 18:00:00,51.06,51.49,50.94,51.33,171,51.33,15.0
2026-06-01 18:15:00,51.27,51.57,51.27,51.44,70,51.44,15.0
2026-06-01 18:30:00,51.42,51.66,51.42,51.63,81,51.63,15.0
2026-06-01 18:45:00,51.64,51.64,51.41,51.41,78,51.41,15.0
2026-06-01 19:00:00,51.41,51.52,51.3,51.52,74,51.52,15.0
2026-06-01 19:15:00,51.52,51.52,51.14,51.25,87,51.25,15.0
2026-06-01 19:30:00,51.28,51.41,51.16,51.23,156,51.23,15.0
2026-06-01 19:45:00,51.35,51.41,51.16,51.24,172,51.24,15.0
2026-06-01 20:00:00,51.24,51.29,51.15,51.18,83,51.18,15.0
2026-06-01 20:15:00,51.18,51.4,51.16,51.37,114,51.37,15.0
2026-06-01 20:30:00,51.38,51.58,51.27,51.49,144,51.49,15.0
2026-06-01 20:45:00,51.5,51.62,51.41,51.6,92,51.6,15.0
2026-06-01 21:00:00,51.59,51.81,51.57,51.79,124,51.79,15.0
2026-06-01 21:15:00,51.77,51.79,51.51,51.54,144,51.54,15.0
2026-06-01 21:30:00,51.52,51.58,51.36,51.4,148,51.4,15.0
2026-06-01 21:45:00,51.41,51.45,51.06,51.11,186,51.11,15.0
2026-06-01 22:00:00,51.08,51.12,50.69,50.72,166,50.72,15.0
2026-06-01 22:15:00,50.72,50.99,50.69,50.95,247,50.95,15.0
2026-06-01 22:30:00,50.95,51.02,50.78,50.87,349,50.87,15.0
2026-06-01 22:45:00,50.82,51.03,50.77,50.81,1049,50.81,15.0
2026-06-01 23:00:00,50.79,50.79,50.79,50.79,220,50.79,15.0
