time,Open,High,Low,Close,Volume,SPY_Close,VIX_Close
2025-06-09 16:30:00,1841.6107382550335,1845.3493746228212,1841.034900274557,1841.6107382550335,82.40731647244809,49.19,15.0
2025-06-09 16:45:00,1841.613660709422,1846.688640893518,1840.071197804339,1844.8323824952902,73.34197761077719,49.16,15.0
2025-06-09 17:00:00,1844.452206272773,1846.6593994459447,1826.3903648744013,1827.7971140433776,65.81990410056574,49.28,15.0
2025-06-09 17:15:00,1827.5607446090667,1833.7833988669774,1827.3771850876499,1833.5408895523412,141.82825911426667,49.33,15.0
2025-06-09 17:30:00,1833.3412348085897,1845.5285535733217,1832.8148748309643,1844.5183711020732,135.386885420346,49.19,15.0
2025-06-09 17:45:00,1844.85565586847,1844.9810958166581,1826.64615064081,1828.073908283931,138.92951035320633,49.45,15.0
2025-06-09 18:00:00,1828.4837382402557,1831.177080063244,1807.5820103781261,1807.9451198424658,143.24356527442026,49.83,15.0
2025-06-09 18:15:00,1807.7806468503152,1810.441204838852,1806.861638401063,1809.6735592870166,82.91064089613592,49.8,15.0
2025-06-09 18:30:00,1809.6268539740297,1810.0772531063756,1808.3740695581714,1809.040669385096,53.39562433008818,49.8,15.0
2025-06-09 18:45:00,1809.159745834185,1810.880307241943,1808.591264316322,1809.7665460542244,43.310455598986074,49.76,15.0
2025-06-09 19:00:00,1809.693939306691,1810.3785183656867,1806.3059397957861,1806.8652205154197,54.57542342651395,49.76,15.0
2025-06-09 19:15:00,1806.8770277294182,1814.1783284339997,1806.7632519422395,1813.3772889133404,78.24359057439472,49.84,15.0
2025-06-09 19:30:00,1813.436905984258,1818.5620236362545,1812.396527817243,1818.5224187820072,114.59406670746564,49.83,15.0
2025-06-09 19:45:00,1818.6466990704776,1822.3852362086238,1817.776964003469,1821.745274307392,123.11581546643502,50.06,15.0
2025-06-09 20:00:00,1821.8018308667156,1833.1677442589398,1819.3795658979561,1832.9951668308943,83.93482454662062,50.24,15.0
2025-06-09 20:15:00,1832.8219867248056,1839.5046645221882,1831.962804898409,1838.7946113356568,144.23790651086676,50.35,15.0
2025-06-09 20:30:00,1838.6603222274307,1840.373369242154,1832.3198192692469,1832.8585726031656,65.60738931311998,50.55,15.0
2025-06-09 20:45:00,1832.7144136676136,1834.363646267975,1832.3905393354141,1834.3516251565752,94.41657915563633,50.44,15.0
2025-06-09 21:00:00,1833.7063535866714,1834.1530216569354,1817.663485585462,1817.9724138884326,163.40673698114009,50.11,15.0
2025-06-09 21:15:00,1817.9480941268591,1827.3536516615218,1817.03627156638,1827.1160060880848,111.08554061758971,50.31,15.0
2025-06-09 21:30:00,1827.1852050663613,1827.6208547343067,1827.1082080224855,1827.1385032926978,99.14614793070587,50.24,15.0
2025-06-09 21:45:00,1826.9922352890785,1827.4170167024874,1826.7583231906813,1827.3594997308305,101.84450914101511,50.28,15.0
2025-06-09 22:00:00,1827.4231388481467,1828.6614452811727,1820.5669894461792,1820.9256822505356,173.09664642207736,50.1,15.0
2025-06-09 22:15:00,1821.025458738285,1828.3757604034229,1820.4621210185528,1827.4393973607293,183.04947989331754,50.1,15.0
2025-06-09 22:30:00,1827.050121394183,1828.2664565772131,1824.5342803749381,1825.7261947385603,283.92417370824455,49.94,15.0
2025-06-09 22:45:00,1825.665980647043,1827.3556994382031,1821.628223622112,1822.4427972072592,1363.4810650654626,49.88,15.0
2025-06-09 23:00:00,1822.4427972072592,1823.16407351711,1822.4427972072592,1823.16407351711,183.79250618265803,49.88,15.0
2025-06-10 16:30:00,1824.064803825142,1865.9673530184905,1819.3317289341599,1856.9167585290947,156.54774722453857,50.05,15.0
2025-06-10 16:45:00,1855.8265945248727,1868.747241164203,1853.9359636926397,1867.6993179046337,179.67155290242246,50.51,15.0
2025-06-10 17:00:00,1867.9923266374626,1874.5980847239189,1866.3454030802025,1873.084179644688,1016.2737415905467,50.39,15.0
2025-06-10 17:15:00,1872.545365423485,1891.362848546494,1870.0863791365148,1886.4619160091409,1156.9849845685533,50.77,15.0
2025-06-10 17:30:00,1886.6450598443826,1907.7190871724379,1885.4656246672141,1906.9614209534295,183.75919030475666,50.87,15.0
2025-06-10 17:45:00,1906.727412300679,1910.4509513567743,1900.8829057371127,1902.2817875877236,141.99989521369957,51.15,15.0
2025-06-10 18:00:00,1902.2525644816542,1902.6451490044794,1887.5970146107452,1890.0327320162942,361.3137658085162,51.08,15.0
2025-06-10 18:15:00,1889.7137380738054,1896.1353005263252,1872.4216876811279,1874.3114745135697,261.81797679936034,51.51,15.0
2025-06-10 18:30:00,1874.3129468533841,1886.117796574454,1871.4273947240579,1883.0109201236778,267.69680864323766,51.32,15.0
2025-06-10 18:45:00,1882.8726568527493,1894.2044968188457,1881.577044658292,1892.3097126209348,166.40617026381494,51.32,15.0
2025-06-10 19:00:00,1892.2410166583236,1892.4571237549214,1888.7691475997374,1889.602970200558,254.15180653887185,51.27,15.0
2025-06-10 19:15:00,1889.2416927871952,1891.5658513948954,1876.6684117329196,1878.9251277864857,98.74428833469108,51.24,15.0
2025-06-10 19:30:00,1879.0031203043015,1879.3017262637875,1872.9499105461148,1873.4348235965133,102.1698508879893,51.24,15.0
2025-06-10 19:45:00,1873.4589709760157,1877.9759630478877,1873.3794326099037,1876.695387813342,99.74643299016283,51.31,15.0
2025-06-10 20:00:00,1876.335650875975,1882.4742641439059,1875.9203385209285,1881.9449222774226,130.29977357424363,51.28,15.0
2025-06-10 20:15:00,1882.0606631809433,1884.6138759975856,1881.2667140432668,1883.923228316798,82.4090393458153,51.34,15.0
2025-06-10 20:30:00,1883.8821297461968,1884.447670377987,1876.1138526874392,1876.2902595081323,96.30005945239317,51.18,15.0
2025-06-10 20:45:00,1876.3159723581168,1877.0083858542755,1875.544258104896,1875.9650493670426,90.02966421126902,51.03,15.0
2025-06-10 21:00:00,1876.175702176715,1876.27332204098,1873.7537047692917,1875.3022102637867,124.37282408335297,50.86,15.0
2025-06-10 21:15:00,1875.3613425646004,1877.118938874252,1874.9964586507153,1875.3834748491377,115.7348793485396,50.76,15.0
2025-06-10 21:30:00,1875.618079511915,1882.9918094799837,1875.0346970750466,1880.712525693426,164.8687506618184,50.7,15.0
2025-06-10 21:45:00,1880.6161764049587,1884.4776497210512,1878.7647929449138,1884.2482704500749,181.77973923151262,50.94,15.0
2025-06-10 22:00:00,1884.4784684413582,1889.6322451953567,1883.5658741398927,1888.6678033704693,143.11080392992324,50.91,15.0
2025-06-10 22:15:00,1888.68994803846,1889.1056480552068,1887.5468140524554,1888.2083092197058,139.42699788820323,50.93,15.0
2025-06-10 22:30:00,1888.2782410584757,1889.5611506610555,1887.8504619456128,1888.4982688450104,284.25888850837765,50.91,15.0
2025-06-10 22:45:00,1888.729239971797,1908.1723991065144,1885.813490881952,1904.09288652138,1515.3646181665936,51.39,15.0
2025-06-10 23:00:00,1904.09288652138,1904.09288652138,1902.7553348250676,1902.7553348250676,143.17176360719537,51.4,15.0
2025-06-11 16:30:00,1903.6650636041586,1905.8645591639292,1892.962108139131,1894.874030406889,560.5942927503319,52.57,15.0
2025-06-11 16:45:00,1894.4891325327942,1896.4142272622994,1873.3548266932582,1876.1091894250212,362.8308129665176,52.16,15.0
2025-06-11 17:00:00,1875.6674830541983,1875.9221722844593,1862.0553843891473,1862.111407861169,396.33333804866226,52.52,15.0
2025-06-11 17:15:00,1862.0924271195927,1863.5889848290183,1857.1082989641845,1859.5544474167234,531.640212894199,52.69,15.0
2025-06-11 17:30:00,1859.3047496632075,1877.5160614740046,1859.1872353327103,1877.2702861641592,294.4984230826154,52.62,15.0
2025-06-11 17:45:00,1876.913484852512,1878.5243092838095,1863.3903843519538,1865.9499680163938,210.67554012949955,52.59,15.0
2025-06-11 18:00:00,1865.5666028594378,1872.9945026554801,1865.5052201250219,1872.2656424943973,155.72675344028303,52.58,15.0
2025-06-11 18:15:00,1872.0850502266178,1872.4181665919912,1863.7902898105967,1864.3771771981765,286.72989937646275,52.51,15.0
2025-06-11 18:30:00,1864.6927663407057,1864.709776398802,1862.7880327522553,1863.2231126788522,137.7168546884868,52.62,15.0
2025-06-11 18:45:00,1863.0700606955404,1864.225106699453,1862.9445293828337,1863.562598802387,226.3037586329429,52.46,15.0
2025-06-11 19:00:00,1864.2484092954344,1873.5836743818422,1862.567682762985,1869.7873757986956,280.40017305032046,52.24,15.0
2025-06-11 19:15:00,1869.8728200801133,1876.848532593934,1869.0100163634922,1875.4687403090663,173.57940412265464,52.29,15.0
2025-06-11 19:30:00,1875.4571400638245,1883.4802790575757,1875.1952540808663,1881.6797763307509,216.09501301179736,52.26,15.0
2025-06-11 19:45:00,1881.1868188038545,1881.3215160168254,1873.5447456980548,1875.7269015983447,158.63213286524,52.09,15.0
2025-06-11 20:00:00,1875.7279900727638,1876.0287870270852,1870.402886394541,1870.588646870252,197.72957708316056,51.98,15.0
2025-06-11 20:15:00,1871.0899318667996,1879.039080342951,1870.6888898557684,1877.5852003693271,388.468906461802,51.83,15.0
2025-06-11 20:30:00,1878.0803869004521,1879.1074176483362,1873.4029455199852,1873.7758207195707,422.1004181564242,51.68,15.0
2025-06-11 20:45:00,1873.851379232147,1873.8920538309567,1859.7723399209738,1861.581398500857,174.53055995106914,51.84,15.0
2025-06-11 21:00:00,1860.8632271805984,1862.4273350498856,1829.7669232932394,1831.9606113713962,139.2082059334142,51.33,15.0
2025-06-11 21:15:00,1831.686749156754,1832.3765306051507,1820.770401917783,1823.1989908775706,101.68891030527077,51.35,15.0
2025-06-11 21:30:00,1822.8827699536703,1836.2134985186137,1820.1260413167597,1832.3125190834476,88.45157518172279,51.54,15.0
2025-06-11 21:45:00,1832.6375885103996,1833.6095326448353,1830.2165134463496,1833.2873467720754,118.87269321104529,51.38,15.0
2025-06-11 22:00:00,1833.6158810880704,1840.1376185371055,1833.5731653217115,1839.4519704169584,166.6643446695489,51.43,15.0
2025-06-11 22:15:00,1839.4976395342592,1839.7290254860193,1836.77628980768,1837.1869863516613,134.44889936304767,51.55,15.0
2025-06-11 22:30:00,1837.1388103728605,1840.6132113010704,1836.7512925471071,1838.531957793526,407.727768343505,51.52,15.0
2025-06-11 22:45:00,1838.9258368318856,1845.2054294906104,1838.6229081250733,1845.1639137191116,821.6743580593632,51.55,15.0
2025-06-11 23:00:00,1845.1639137191116,1845.4868486565317,1845.1639137191116,1845.4868486565317,176.99669721514965,51.54,15.0
2025-06-12 16:30:00,1845.52913473451,1858.106026027661,1842.1865316318974,1855.6492169238272,163.20226208571395,50.99,15.0
2025-06-12 16:45:00,1855.8062099861954,1856.3124159238496,1848.5361084318279,1848.9335400891798,43.11127604530766,51.21,15.0
2025-06-12 17:00:00,1848.7141065190042,1849.5397020541698,1842.76009710021,1844.62603492878,156.41895035862032,51.05,15.0
2025-06-12 17:15:00,1844.1812768368143,1848.0393622463125,1837.8135111997758,1839.5909730245835,202.36244650335846,51.68,15.0
2025-06-12 17:30:00,1839.3640695200731,1841.6295412024617,1826.7511142009635,1827.0875573963897,252.312538030608,51.8,15.0
2025-06-12 17:45:00,1827.567973426679,1836.3029135939757,1827.5479112269124,1835.544245871832,185.92026871316565,52.0,15.0
2025-06-12 18:00:00,1836.3962779343865,1837.099740328392,1827.33676286155,1827.3898266138806,139.47751327804752,51.82,15.0
2025-06-12 18:15:00,1827.4348353417374,1831.970351783845,1823.891498486938,1826.5753768286104,74.55582514589835,51.54,15.0
2025-06-12 18:30:00,1826.5213730862529,1830.9986734319486,1825.2241846743746,1830.013935082612,151.29992902634314,51.39,15.0
2025-06-12 18:45:00,1829.924944177809,1833.568658460522,1829.8120855543225,1833.1864877510313,66.63874142235349,51.38,15.0
2025-06-12 19:00:00,1833.1867653352958,1837.7614823608042,1832.4881893388995,1837.6401528493557,116.55369010783508,51.36,15.0
2025-06-12 19:15:00,1837.5293699463818,1838.2554202296315,1836.2647710357342,1837.5627509391675,95.84917768814152,51.37,15.0
2025-06-12 19:30:00,1837.5277912615968,1839.266496742712,1833.0968458701518,1834.1082962207943,90.6543116820032,51.59,15.0
2025-06-12 19:45:00,1834.2133925233597,1835.3441396566898,1833.776166308223,1835.0170286948455,146.92924060479044,51.72,15.0
2025-06-12 20:00:00,1834.9397171480045,1834.9725464308813,1823.372593680399,1824.3737160705352,134.4465975241057,51.78,15.0
2025-06-12 20:15:00,1824.3435802075269,1824.3880783797729,1815.528728839398,1816.5816229935833,107.210918525166,51.72,15.0
2025-06-12 20:30:00,1816.5541094352186,1816.8878037510601,1810.3582529121095,1811.4506264301417,103.18384230838662,51.83,15.0
2025-06-12 20:45:00,1811.393417898983,1812.4280387496106,1803.7173322680828,1805.1973528946914,87.10402259879984,51.67,15.0
2025-06-12 21:00:00,1805.0897587459308,1810.0845590686008,1804.5012551591155,1809.3990048744713,84.97630449505674,51.53,15.0
2025-06-12 21:15:00,1809.584775152121,1810.4632862192307,1801.8748858198207,1802.2040640109608,120.73088573538065,51.45,15.0
2025-06-12 21:30:00,1801.8663044010536,1802.9341453540187,1801.8174486635135,1802.2800761174847,84.70181435181938,51.6,15.0
2025-06-12 21:45:00,1802.530314879954,1812.176017536,1802.477408398155,1811.472453386581,97.01631469925408,51.59,15.0
2025-06-12 22:00:00,1811.498304997365,1812.447290106852,1808.672745958702,1809.8990227637842,152.40261933575778,51.52,15.0
2025-06-12 22:15:00,1810.0800240932892,1820.396095737893,1808.5391993834385,1819.0854429352635,376.54605318765437,51.48,15.0
2025-06-12 22:30:00,1819.1545955320314,1819.202933602804,1816.9072110184231,1817.3349160187713,378.6606300463481,51.53,15.0
2025-06-12 22:45:00,1817.1098177340566,1819.7298266955245,1815.9768066156355,1816.3057059067592,1299.0185309862345,51.55,15.0
2025-06-12 23:00:00,1816.3057059067592,1817.4237406638554,1816.3057059067592,1817.4237406638554,250.3626881086683,51.53,15.0
2025-06-13 16:30:00,1816.2751542114854,1818.00122139778,1798.8402265861769,1801.0690537825071,145.1640726133543,51.0,15.0
2025-06-13 16:45:00,1800.9774178124187,1812.4961923732114,1797.9806684521739,1811.7652984149204,145.86215596686208,50.67,15.0
2025-06-13 17:00:00,1812.0320384597367,1813.9533060249637,1790.072810519122,1790.5787510631733,111.76922951529471,50.92,15.0
2025-06-13 17:15:00,1790.399354043766,1797.908977534441,1790.3106365622675,1795.605335627397,132.27430787061246,50.67,15.0
2025-06-13 17:30:00,1795.766391342739,1799.0976771216087,1794.0401672641656,1798.8313928189557,111.6330736069279,50.56,15.0
2025-06-13 17:45:00,1797.8025891809482,1799.1435701181967,1791.666635388838,1792.776672510217,138.8183536346712,50.82,15.0
2025-06-13 18:00:00,1792.6663548014214,1793.1973696438802,1778.4312387866394,1779.1339875679244,217.00512118259064,50.78,15.0
2025-06-13 18:15:00,1779.3442454476424,1782.9076664383572,1778.0136297995793,1782.5988311673966,96.71306129507423,50.89,15.0
2025-06-13 18:30:00,1782.575278075654,1783.92268716174,1781.8303946737767,1782.8320122091982,94.54224948064429,51.0,15.0
2025-06-13 18:45:00,1782.638711326164,1787.924942026542,1782.5590737183559,1787.6744147234535,70.67556142217832,51.1,15.0
2025-06-13 19:00:00,1787.5491249530705,1791.8010896021683,1787.2815511653382,1790.4859599155768,146.69181603201943,51.19,15.0
2025-06-13 19:15:00,1790.1650815090347,1799.259041750242,1789.0356295005095,1798.9499638819846,97.03735865296731,51.23,15.0
2025-06-13 19:30:00,1798.842743609599,1800.509625645236,1798.275855365369,1799.9440534847045,78.84038866984918,51.26,15.0
2025-06-13 19:45:00,1800.1793279688736,1801.4005193297996,1792.1950098748737,1793.3520222088227,107.60885965369307,51.27,15.0
2025-06-13 20:00:00,1793.2100243603034,1796.3014949418161,1793.0767140026335,1795.9243593046192,57.321605328747026,51.14,15.0
2025-06-13 20:15:00,1795.8062130875082,1801.1484319863905,1792.326612118234,1798.488137694274,88.19515224940788,50.96,15.0
2025-06-13 20:30:00,1798.1421959356885,1808.5176287349705,1796.6743346669718,1807.7625605569826,199.26233011568695,50.99,15.0
2025-06-13 20:45:00,1807.4860497337067,1815.9298502630286,1806.7036013011098,1815.1283972436631,141.65415130540515,51.1,15.0
2025-06-13 21:00:00,1815.6580553026654,1824.1362308379566,1811.5477044503837,1820.1734654721345,305.42558395604084,50.82,15.0
2025-06-13 21:15:00,1820.337001523175,1835.5544783079629,1818.5724082628694,1834.034114389828,137.49515833976497,50.63,15.0
2025-06-13 21:30:00,1833.5941491937199,1833.9803860406232,1817.7904317234272,1818.8673970294278,291.20886956177367,50.5,15.0
2025-06-13 21:45:00,1818.720389689817,1819.25584977141,1813.4516413582699,1814.9944210060248,173.95354352393713,50.59,15.0
2025-06-13 22:00:00,1814.987001688837,1818.0693424999845,1807.0245560900428,1807.943526965351,334.4905996913572,50.66,15.0
2025-06-13 22:15:00,1807.6773452376017,1808.790034099907,1804.410124185878,1804.954035549574,313.3445179974763,50.5,15.0
2025-06-13 22:30:00,1804.4868031358972,1804.7644647684613,1794.170042728215,1794.9163983153499,232.65214598874638,50.55,15.0
2025-06-13 22:45:00,1794.8708453609784,1807.26073144428,1794.351140221584,1803.1275369276657,975.1701569135431,50.53,15.0
2025-06-13 23:00:00,1803.1275369276657,1804.4953851398639,1803.1275369276657,1804.4953851398639,230.61875176184407,50.52,15.0
2025-06-16 16:30:00,1805.285643235441,1809.169889112096,1724.2302047516328,1733.035284299879,92.38827834922539,50.4,15.0
2025-06-16 16:45:00,1733.6752494669834,1737.0979999109124,1702.9082388700083,1711.58168523268,81.9422495235447,50.72,15.0
2025-06-16 17:00:00,1711.1865735306378,1720.4361963460728,1709.880322283035,1718.3065644435148,50.25998395994693,50.66,15.0
2025-06-16 17:15:00,1718.3274263114142,1736.3100786822995,1716.3761489702329,1735.791607580591,74.11946274380372,51.0,15.0
2025-06-16 17:30:00,1735.7318674324229,1756.7448706791502,1735.0362929467376,1756.7021347322195,166.5513774128132,51.15,15.0
2025-06-16 17:45:00,1756.6688608571446,1802.0409777936454,1754.2045436060807,1801.4129229169894,119.34256715425349,51.29,15.0
2025-06-16 18:00:00,1801.3007108186314,1812.4743154064442,1800.4431443229173,1808.7130003761345,211.3882025388297,50.95,15.0
2025-06-16 18:15:00,1808.601020465611,1809.161111731271,1803.3659879577956,1804.274333461791,107.54593017143691,51.0,15.0
2025-06-16 18:30:00,1803.506827588589,1804.5627752701705,1785.3588954457214,1786.5318251777157,75.10842885273343,51.09,15.0
2025-06-16 18:45:00,1786.802686058527,1791.7262062665109,1785.6020274275497,1791.016625416634,69.55648235641215,51.11,15.0
2025-06-16 19:00:00,1791.0900601761712,1792.13033513942,1787.5193639777683,1787.8622696065659,56.07089849950171,51.33,15.0
2025-06-16 19:15:00,1787.5634193137732,1787.961582827249,1787.2153004304164,1787.2857562560034,66.30763902953166,51.39,15.0
2025-06-16 19:30:00,1787.3258663219583,1787.8170002009601,1787.1453650394835,1787.408458089084,38.81866575775231,51.38,15.0
2025-06-16 19:45:00,1787.356317295615,1789.3727291249509,1787.1436593812555,1788.4730394839466,48.377663865675906,51.32,15.0
2025-06-16 20:00:00,1788.4375208135332,1794.3434405085738,1788.0881125669798,1793.9734318497399,66.44717394192823,51.34,15.0
2025-06-16 20:15:00,1793.761717477023,1799.420317460458,1793.1969765100534,1799.2109540899157,68.62975991030217,51.59,15.0
2025-06-16 20:30:00,1799.2735422410904,1800.6749025007416,1798.843292216667,1799.8190544576219,65.52962901393107,51.52,15.0
2025-06-16 20:45:00,1799.5308806522717,1799.6808752804154,1785.6250656199509,1785.9066268169395,82.89958764433294,51.24,15.0
2025-06-16 21:00:00,1785.7555263126742,1786.1829332571742,1779.1619265544296,1779.1998038127588,93.88687084321337,51.19,15.0
2025-06-16 21:15:00,1779.4516580093966,1780.5662328955761,1775.9748123317822,1776.256267240024,65.06260656541505,51.01,15.0
2025-06-16 21:30:00,1776.244893642794,1778.7941017895553,1776.018633788706,1778.7598314886657,95.85530036437508,51.05,15.0
2025-06-16 21:45:00,1778.7223217038566,1800.273597278461,1777.9056554226736,1799.2922501499786,215.61368851044253,51.3,15.0
2025-06-16 22:00:00,1799.3803063433024,1802.5707028046584,1798.631075717393,1801.687069252135,296.41654169573223,51.31,15.0
2025-06-16 22:15:00,1801.5880277776187,1808.1322395565655,1801.2613560062553,1808.1147999756145,196.43888883199793,51.23,15.0
2025-06-16 22:30:00,1808.060228959375,1808.7672781049398,1807.325119684501,1807.9831621429573,155.68684473647696,51.31,15.0
2025-06-16 22:45:00,1808.093310350346,1808.479313211759,1794.009791208371,1796.0478365248728,1112.9193523374884,51.63,15.0
2025-06-16 23:00:00,1796.0478365248728,1797.931855332341,1796.0478365248728,1797.931855332341,142.28555449934314,51.63,15.0
2025-06-17 16:30:00,1798.1005497657636,1803.0840124733031,1768.5844409860981,1773.9600231936593,75.48545780725108,50.85,15.0
2025-06-17 16:45:00,1773.5596109051492,1819.2458622016636,1769.3599662363947,1817.9047107648696,187.5505947834888,50.88,15.0
2025-06-17 17:00:00,1818.194803908196,1820.3458302775914,1806.7934437065567,1809.3263080117933,141.4439655021748,50.96,15.0
2025-06-17 17:15:00,1809.5058901007974,1824.2823756885869,1809.3140325671727,1820.9816942738803,121.3842643548696,50.99,15.0
2025-06-17 17:30:00,1821.051981526211,1821.4243981362931,1815.6794959587708,1816.2980158461119,238.92340962161254,50.98,15.0
2025-06-17 17:45:00,1815.8382360844273,1828.1944369466669,1813.9890640177546,1828.0576513093954,348.6940359480051,51.1,15.0
2025-06-17 18:00:00,1828.034642090406,1832.9371061107825,1826.6851038053544,1831.0210674137184,216.43233848132706,50.96,15.0
2025-06-17 18:15:00,1830.3723440529814,1833.9603643560465,1823.6288540743037,1826.0057699917863,432.30221859855027,50.6,15.0
2025-06-17 18:30:00,1825.9944412755765,1826.2051694056177,1823.6224239498563,1824.9005087310577,316.65892464131895,50.4,15.0
2025-06-17 18:45:00,1824.409810106496,1826.528856866053,1819.6085129317446,1820.4991913499289,184.02498910364022,50.39,15.0
2025-06-17 19:00:00,1820.0583315345336,1828.2507675120285,1818.9313237979902,1828.0447046182683,214.00089213126807,50.67,15.0
2025-06-17 19:15:00,1828.1959063488166,1829.75163393664,1825.8815206212064,1826.785213730339,125.28060271017519,50.69,15.0
2025-06-17 19:30:00,1826.8751631091607,1827.8325409601227,1815.0557435568596,1816.3123440639915,294.73906052272594,50.65,15.0
2025-06-17 19:45:00,1816.1961134959392,1818.3411348576983,1798.2373968390486,1800.362828463266,224.70550338375773,50.42,15.0
2025-06-17 20:00:00,1800.0161513920893,1804.9845517296264,1796.3531975493618,1802.438302331302,337.4833622432178,50.16,15.0
2025-06-17 20:15:00,1802.2085063756142,1815.5268682107712,1801.7953042273252,1815.5251700897031,111.9061827716963,50.08,15.0
2025-06-17 20:30:00,1815.5866803358801,1818.4135136143464,1815.427174290375,1817.66334733353,121.5975032527855,49.99,15.0
2025-06-17 20:45:00,1817.5941596201892,1817.7103747073172,1816.6221499200653,1816.8277100658743,213.46494315371265,49.87,15.0
2025-06-17 21:00:00,1817.2374541094941,1820.5981227506506,1817.196031735731,1819.2908119461906,192.3336548935012,49.7,15.0
2025-06-17 21:15:00,1819.2301159873034,1834.8482185659823,1817.8278392756565,1834.7398726080103,259.84798401250305,49.55,15.0
2025-06-17 21:30:00,1834.7529400435858,1835.7575898302034,1834.2565974014453,1835.752687302785,225.0859917283182,49.4,15.0
2025-06-17 21:45:00,1835.487836764901,1837.098905110843,1832.54652700562,1832.604388149435,239.0087913789228,49.33,15.0
2025-06-17 22:00:00,1832.4973632998592,1845.4671078842882,1831.1097588400169,1844.586939044636,356.9200202476422,49.28,15.0
2025-06-17 22:15:00,1844.6638374650647,1857.0448142201735,1841.2089095457882,1851.9123175828054,304.6790378435571,49.36,15.0
2025-06-17 22:30:00,1851.817508076598,1868.4949399098641,1851.6561160293534,1865.7487870481482,258.25515318284533,49.33,15.0
2025-06-17 22:45:00,1865.5841090572505,1870.5971153654764,1864.1959606443277,1868.5336007910703,1015.025025144069,49.5,15.0
2025-06-17 23:00:00,1868.5336007910703,1868.5336007910703,1867.7916160806549,1867.7916160806549,175.80136612992686,49.5,15.0
2025-06-18 16:30:00,1868.7708201093574,1873.5946718740095,1827.176982255407,1832.6658569061178,68.69512895848658,49.22,15.0
2025-06-18 16:45:00,1832.7411324180757,1866.2822810468142,1828.6640425271667,1865.997790611603,53.89501582161955,49.45,15.0
2025-06-18 17:00:00,1866.3979122720193,1890.4130559398488,1864.8463441081578,1887.846562532405,123.56036550644127,49.51,15.0
2025-06-18 17:15:00,1888.1100464084284,1888.629561285466,1885.164550044566,1885.2914039522875,230.37899745463537,49.73,15.0
2025-06-18 17:30:00,1885.4982392833792,1886.6404205959677,1880.9912079406429,1881.7686530175788,294.4658358844815,49.78,15.0
2025-06-18 17:45:00,1881.6329682589394,1894.0232177013245,1880.1815143732672,1892.4725567441815,143.60872170558514,49.76,15.0
2025-06-18 18:00:00,1892.4418575043746,1893.924562702917,1885.7880256951867,1886.2464183663103,51.423665257355715,49.93,15.0
2025-06-18 18:15:00,1886.196996337406,1886.6254847125556,1877.1025484672714,1877.1388585318232,69.87600690005964,49.94,15.0
2025-06-18 18:30:00,1877.2546361164004,1881.8386977463974,1876.0823624990312,1881.6552083121312,93.49092192563485,50.0,15.0
2025-06-18 18:45:00,1881.8231516866726,1881.9216571764305,1877.1396751359594,1877.2764412528375,172.53521851534512,49.96,15.0
2025-06-18 19:00:00,1877.3175229404865,1878.8404507348832,1874.781008637683,1878.4273618424675,50.75315365673982,50.26,15.0
2025-06-18 19:15:00,1878.5852990923656,1879.3425176131475,1875.4985328406408,1876.4700259033332,114.84546722583187,50.26,15.0
2025-06-18 19:30:00,1876.3625730606734,1878.0256918155592,1876.233813483207,1877.729431331185,75.17156508649396,50.22,15.0
2025-06-18 19:45:00,1877.842019080759,1883.9944344494215,1876.1296137081024,1883.780014152232,69.92338586170509,50.27,15.0
2025-06-18 20:00:00,1883.9091880834178,1884.8111815704242,1881.901475623573,1882.3184402098632,49.444265291608644,50.15,15.0
2025-06-18 20:15:00,1882.3830548384042,1883.933674062129,1882.3342211921417,1883.481876778714,82.47268916370646,50.14,15.0
2025-06-18 20:30:00,1883.5216869581998,1885.3302637753354,1859.2366443982007,1859.5569680868844,98.50195326862276,50.06,15.0
2025-06-18 20:45:00,1859.7005902343485,1860.695757098345,1859.3754810658208,1859.4084735973192,84.67721910148417,50.14,15.0
2025-06-18 21:00:00,1858.9063658263092,1860.241488465533,1840.111237181008,1840.792476981037,87.65822282359952,50.01,15.0
2025-06-18 21:15:00,1840.8240075423093,1841.3205184046833,1833.8868951106917,1834.3110497231817,122.67353930329219,50.07,15.0
2025-06-18 21:30:00,1834.4288761552818,1834.7858662237506,1824.1257316170556,1824.1404955773,237.61370725003576,50.36,15.0
2025-06-18 21:45:00,1823.450143042919,1824.9359469284107,1814.701458262277,1815.0894515140171,188.5108060817754,49.87,15.0
2025-06-18 22:00:00,1815.340909083572,1837.1975369330091,1813.4779560608295,1837.0728823555908,220.03439658238221,50.33,15.0
2025-06-18 22:15:00,1836.609703386334,1837.500299466985,1813.657130940176,1817.0811057637738,224.80531972878765,50.0,15.0
2025-06-18 22:30:00,1816.9541360109502,1821.438981401524,1816.2472741476824,1820.1587290980694,426.2302066038131,50.26,15.0
2025-06-18 22:45:00,1820.1675773511051,1822.3849637655792,1813.4398475041644,1815.9480633360406,992.8055116113993,50.1,15.0
2025-06-18 23:00:00,1815.9480633360406,1817.1227475398096,1815.9480633360406,1817.1227475398096,162.1732150663311,50.13,15.0
2025-06-20 16:30:00,1817.187484369812,1851.0621331315372,1813.8693411596273,1848.7964501294382,212.0647535607497,50.4,15.0
2025-06-20 16:45:00,1848.8267781116574,1858.3811205629277,1846.776474737592,1857.5455061735188,117.67982236760844,50.36,15.0
2025-06-20 17:00:00,1857.2847631585337,1873.079255017329,1856.2024639955057,1872.0572679913548,54.659954446476185,50.24,15.0
2025-06-20 17:15:00,1872.2257944998014,1873.2767148378173,1868.5583040701633,1869.4028707142784,65.33855599913484,50.2,15.0
2025-06-20 17:30:00,1869.2490137001898,1870.4260576884446,1863.3849242749752,1863.4333947716148,63.944258051323715,50.17,15.0
2025-06-20 17:45:00,1863.8698151751319,1863.972799223359,1860.3254131209844,1861.2794552477053,114.55213455750336,50.15,15.0
2025-06-20 18:00:00,1861.2608929604573,1863.6179911876397,1861.0797237015624,1862.6123691976122,88.06078705797118,50.18,15.0
2025-06-20 18:15:00,1862.426186800846,1864.3739782658402,1861.9053567789326,1863.5038534429434,28.47524584922787,50.22,15.0
2025-06-20 18:30:00,1863.3578189880477,1863.4503236311275,1857.8236343421718,1858.0142884181103,38.1875597995115,50.34,15.0
2025-06-20 18:45:00,1858.2939883547551,1860.2395903526153,1857.119424937458,1857.5855487359609,31.74806347932176,50.2,15.0
2025-06-20 19:00:00,1857.524848032011,1859.6855269045313,1856.093812005117,1858.349934334687,27.528644274702277,50.17,15.0
2025-06-20 19:15:00,1858.234320306471,1866.396143145674,1857.9793570865586,1865.9515279790717,25.99017634206818,50.18,15.0
2025-06-20 19:30:00,1866.0329488345023,1873.0775393579393,1864.664938195988,1872.2063843479962,16.76768726159189,50.21,15.0
2025-06-20 19:45:00,1872.135923215487,1873.5952719876034,1864.726742477771,1866.2708240539268,31.924426008878672,50.22,15.0
2025-06-20 20:00:00,1866.3400666725547,1866.5265236479,1864.5756022953708,1864.7033220885646,47.13812396679036,50.23,15.0
2025-06-20 20:15:00,1864.9016052448324,1865.8228303906997,1851.470660389449,1851.7280563925574,61.67408965156534,50.07,15.0
2025-06-20 20:30:00,1851.768775109018,1853.7551130223153,1846.1170943210848,1847.4793273765001,111.12816839754578,49.94,15.0
2025-06-20 20:45:00,1847.7839994579012,1848.6975499826867,1847.0775815965073,1848.4392591226347,24.216732647680008,49.87,15.0
2025-06-20 21:00:00,1848.1651036574917,1857.1631578838505,1848.0845905060858,1855.7598661404274,27.45537728940885,49.92,15.0
2025-06-20 21:15:00,1855.5865104197765,1856.463780632596,1849.8742699153313,1850.6014310073767,36.76650380086579,50.03,15.0
2025-06-20 21:30:00,1850.5526097419277,1850.7528169782865,1845.7636441275322,1845.9346422229194,62.122234551041345,50.03,15.0
2025-06-20 21:45:00,1846.3899120608942,1846.9482042579575,1828.1567912548317,1828.9294956720428,135.31468961414674,49.86,15.0
2025-06-20 22:00:00,1829.158136042667,1829.4970756995506,1829.1440233261553,1829.258647131379,124.52374489669685,49.94,15.0
2025-06-20 22:15:00,1829.436177840769,1830.3220362421175,1824.6323734945047,1824.84555529441,163.92475525631042,50.0,15.0
2025-06-20 22:30:00,1824.778232883326,1825.4306711528482,1823.812717790804,1823.9450961026134,202.81671243934426,50.01,15.0
2025-06-20 22:45:00,1823.7656061503606,1825.5508975424887,1813.9092431491756,1815.1420835940994,874.7238297913576,49.87,15.0
2025-06-20 23:00:00,1815.1420835940994,1816.2215547492929,1815.1420835940994,1816.2215547492929,192.23021423175751,49.89,15.0
2025-06-23 16:30:00,1815.6321166456098,1818.389856742011,1760.6303851084565,1762.7060888327226,110.70911235275274,49.05,15.0
2025-06-23 16:45:00,1763.5286318165977,1764.2432797779252,1736.0462773219401,1736.9563127250121,81.2104206779632,49.27,15.0
2025-06-23 17:00:00,1736.8142372203838,1795.1827992753024,1734.0169877337883,1790.208079110734,236.23350674817394,49.92,15.0
2025-06-23 17:15:00,1790.153728186252,1793.4807148750865,1763.3132198011958,1766.4920936740184,88.75089477375906,49.58,15.0
2025-06-23 17:30:00,1766.7628965419287,1768.3911221800056,1753.1333086058944,1753.634626343168,42.403223023387156,49.42,15.0
2025-06-23 17:45:00,1753.0176343358435,1779.5227337598342,1751.4979551568117,1779.396188344244,46.93587983729464,49.15,15.0
2025-06-23 18:00:00,1779.4067881740295,1804.018030623892,1778.1019006281504,1803.407416023879,22.089988696277935,49.25,15.0
2025-06-23 18:15:00,1803.1749458588477,1805.704601929627,1791.9439665078175,1794.3315214011077,59.675090052897886,49.09,15.0
2025-06-23 18:30:00,1794.2535238064702,1794.5988567628826,1788.6725877022159,1791.0918808414935,64.4343839086556,48.94,15.0
2025-06-23 18:45:00,1790.967595282901,1796.695970855246,1790.6143366037413,1795.9151901600467,83.3912544192404,49.04,15.0
2025-06-23 19:00:00,1795.8070196344038,1807.9844215148303,1795.5929840229903,1807.9307328803734,80.40095825597025,49.03,15.0
2025-06-23 19:15:00,1808.0143997461598,1810.3423097804955,1791.165654253926,1793.437778213112,95.92039828616663,48.74,15.0
2025-06-23 19:30:00,1793.536234195809,1796.2551927069312,1788.9446759941673,1791.7738760632835,85.53976542598122,48.88,15.0
2025-06-23 19:45:00,1791.7109814404366,1801.1754138227757,1790.6910511116341,1799.8041023843641,49.46649920784839,48.66,15.0
2025-06-23 20:00:00,1799.8748086878666,1805.8322853647724,1799.2616600229005,1805.0464216563298,117.59335891039422,48.81,15.0
2025-06-23 20:15:00,1804.7150533397908,1806.6085108986154,1801.864611647396,1802.8498928636827,114.24164843441686,49.1,15.0
2025-06-23 20:30:00,1802.9582339590793,1803.397902198607,1802.6913570561198,1803.3549722294802,60.400518272928345,49.12,15.0
2025-06-23 20:45:00,1803.3265661473038,1803.7785089541387,1797.4539674768587,1797.9667886013838,60.35951952264877,49.18,15.0
2025-06-23 21:00:00,1797.910409592021,1799.3080090812748,1797.2309499143942,1798.8211786903953,102.60066284112807,49.26,15.0
2025-06-23 21:15:00,1798.7369583995048,1799.713529160926,1798.2767694155323,1799.2965778086314,64.15600856317391,49.29,15.0
2025-06-23 21:30:00,1799.2428581335716,1802.6200453810288,1798.7041555618832,1802.0577456281576,92.77957214851486,49.23,15.0
2025-06-23 21:45:00,1802.394738217699,1802.9177967464525,1798.7564811262641,1799.37269323391,130.6047271327622,49.2,15.0
2025-06-23 22:00:00,1799.3653129639933,1803.2105128768917,1799.222380765678,1802.7986534198658,85.26425572663886,49.22,15.0
2025-06-23 22:15:00,1802.640999806621,1810.5084004350747,1802.4084950279268,1809.93258014536,87.19328646486869,49.34,15.0
2025-06-23 22:30:00,1810.098103891054,1811.8218012130146,1810.0533273190013,1811.0229914472513,133.2744259940642,49.21,15.0
2025-06-23 22:45:00,1810.8979662523225,1817.3767370203618,1810.0459255005449,1815.997600619757,905.9437093836516,49.3,15.0
2025-06-23 23:00:00,1815.997600619757,1816.7893080656645,1815.997600619757,1816.7893080656645,145.39137077282714,49.3,15.0
2025-06-24 16:30:00,1816.314364080519,1827.570544399642,1814.3445370742272,1821.8691221467748,193.55505032116716,49.91,15.0
2025-06-24 16:45:00,1822.520592855092,1824.6967206983966,1801.3202278615229,1807.6728633283408,125.92411601047608,49.7,15.0
2025-06-24 17:00:00,1807.4412337522626,1816.1950452451822,1807.0822360302664,1815.3979287354855,161.00877468571855,49.99,15.0
2025-06-24 17:15:00,1815.5756853134749,1816.4677460733515,1815.5243074878485,1815.5470176840681,47.72262095764226,49.94,15.0
2025-06-24 17:30:00,1815.3246381889367,1834.9872294883955,1815.2354460265271,1832.3302372476733,62.608351640727065,49.88,15.0
2025-06-24 17:45:00,1832.2309118749122,1855.262301586578,1831.4200973302245,1853.7305500409207,195.4700092641731,50.08,15.0
2025-06-24 18:00:00,1854.1014426016518,1858.3720679950877,1851.9682689904196,1857.2330030894295,159.67887144560459,50.07,15.0
2025-06-24 18:15:00,1857.2543887202742,1858.0452472820323,1851.8168583096526,1852.8984378755983,71.43623574386748,50.0,15.0
2025-06-24 18:30:00,1853.139144262932,1853.4779306442738,1847.6773248582729,1848.197204911772,57.64532622483005,49.97,15.0
2025-06-24 18:45:00,1848.1715362712582,1852.6439535085365,1847.8641903063974,1852.259701069463,50.537602266616965,49.96,15.0
2025-06-24 19:00:00,1852.2923875502352,1854.464808366384,1852.272329261921,1853.9643543227703,48.28162136775652,50.05,15.0
2025-06-24 19:15:00,1854.4892629883295,1858.2590230959354,1853.7214572732664,1857.0017646810772,41.28432982334611,49.82,15.0
2025-06-24 19:30:00,1856.841334809999,1857.9301159409313,1849.2418006164646,1849.400349728382,52.83678413018993,49.75,15.0
2025-06-24 19:45:00,1849.087956574755,1858.0452459007743,1849.029444624413,1856.7608973201943,41.04912919144041,49.89,15.0
2025-06-24 20:00:00,1856.6597376791503,1859.0482686470682,1856.5143684100678,1858.2909734258196,53.3588052858713,49.85,15.0
2025-06-24 20:15:00,1858.377166222302,1858.5436069440254,1853.1416013921223,1853.686455622353,52.47387178090507,49.86,15.0
2025-06-24 20:30:00,1853.2429077866063,1853.8541762435343,1846.1318036115804,1846.795180394845,110.24191648428675,49.59,15.0
2025-06-24 20:45:00,1846.9596799582919,1850.8078801405036,1845.3808647480091,1850.7308912297663,71.38435312004779,49.78,15.0
2025-06-24 21:00:00,1850.814613593779,1852.4394027765607,1850.3903710795635,1852.0891136178743,87.83546680402415,49.95,15.0
2025-06-24 21:15:00,1852.2598849551998,1852.792917223086,1849.6951792143223,1850.815699681231,56.1410697623149,49.92,15.0
2025-06-24 21:30:00,1850.926489323638,1851.3341448734118,1850.494931789876,1850.5747430148047,45.134213354623306,49.96,15.0
2025-06-24 21:45:00,1850.6210369340909,1851.5288257922218,1848.3966793216189,1849.929948130814,102.48123304607597,50.05,15.0
2025-06-24 22:00:00,1850.0739749342565,1850.198588121624,1849.4404817387986,1849.8902579642215,141.34328592544736,49.97,15.0
2025-06-24 22:15:00,1849.9816298793523,1860.08538637451,1849.4864161971675,1860.0149768323874,197.06769624805514,50.12,15.0
2025-06-24 22:30:00,1859.9564726926255,1860.3714764361237,1848.2254866870483,1848.2576601942146,252.88190512953705,50.2,15.0
2025-06-24 22:45:00,1847.918038557789,1849.1353104273032,1843.2032905081803,1844.2119126748955,835.6322538437291,49.99,15.0
2025-06-24 23:00:00,1844.2119126748955,1844.3740752522608,1844.2119126748955,1844.3740752522608,173.13432204592516,50.0,15.0
2025-06-25 16:30:00,1844.3532668468972,1847.2266613254728,1842.1307187675118,1845.4356739216216,82.0206838424459,49.34,15.0
2025-06-25 16:45:00,1845.5302617563743,1847.6394202196666,1838.389890313511,1839.4663133429256,239.1544699759006,49.55,15.0
2025-06-25 17:00:00,1838.9911550148454,1840.0246307150917,1823.6398280462197,1825.413983011781,453.26456087017584,49.57,15.0
2025-06-25 17:15:00,1825.3534895249422,1829.1891838057047,1824.7482756752322,1828.0929873413584,174.5229020000529,49.4,15.0
2025-06-25 17:30:00,1828.0990449399912,1843.4839781965122,1826.438482552922,1843.2380835252902,216.33769499425745,49.58,15.0
2025-06-25 17:45:00,1843.336721496639,1844.038225722703,1832.743225215917,1833.4226759994212,179.5533934527472,49.62,15.0
2025-06-25 18:00:00,1833.6295457690087,1837.2768452218247,1831.4769767859104,1837.1513732471024,88.31301905365827,49.53,15.0
2025-06-25 18:15:00,1837.1808836995751,1837.2952016567779,1835.2045323068103,1835.7956924588987,120.9458037559267,49.58,15.0
2025-06-25 18:30:00,1835.5932817870384,1837.2356193317667,1834.9919901337414,1836.6121104916854,128.69129393958076,49.73,15.0
2025-06-25 18:45:00,1836.1304575288802,1836.5511026368276,1827.0865482693534,1828.061712897755,62.3576539944492,49.93,15.0
2025-06-25 19:00:00,1828.1854767934233,1828.4315255282793,1826.4943412540786,1827.1222527425232,37.557745155687094,50.03,15.0
2025-06-25 19:15:00,1826.9841074540157,1835.0388419850526,1826.831709848059,1834.181681526384,42.14932395880249,49.87,15.0
2025-06-25 19:30:00,1834.2919115905938,1838.2187344875126,1834.127352307763,1837.9718613152224,59.38453627759921,49.97,15.0
2025-06-25 19:45:00,1838.1939874432596,1848.4275618973327,1838.0185904637497,1847.9895904949337,137.30745603433104,49.92,15.0
2025-06-25 20:00:00,1847.727790463966,1856.1394090034046,1847.3374819637856,1855.5553599492862,77.48632159305774,49.96,15.0
2025-06-25 20:15:00,1855.6610123624723,1859.9051670870058,1855.2791490414766,1859.2189415537769,46.69038820911897,50.08,15.0
2025-06-25 20:30:00,1859.3833160036963,1867.16896809885,1858.2318279913097,1866.586822528433,55.19480406619215,50.02,15.0
2025-06-25 20:45:00,1866.684011019364,1868.1767485254545,1866.1049521255602,1867.5486075634628,39.386423524324265,50.02,15.0
2025-06-25 21:00:00,1867.1931635049264,1873.4481668149529,1867.0546219593587,1873.0829377193309,30.65983429203477,50.16,15.0
2025-06-25 21:15:00,1873.0196148901516,1873.1218031757076,1870.777236351464,1871.6083597459221,82.49596903958975,50.17,15.0
2025-06-25 21:30:00,1871.4862655260165,1872.1747171525503,1870.5288004037714,1871.5727206020808,53.70009033797633,50.23,15.0
2025-06-25 21:45:00,1872.9206953053736,1876.6636894308947,1817.2008928551438,1821.5048791577508,2033.3251053432673,52.56,15.0
2025-06-25 22:00:00,1822.0436199704181,1869.0169313772765,1821.2072704805462,1867.5735110771489,1810.4561170408524,52.2,15.0
2025-06-25 22:15:00,1865.8295541231992,1871.7305839585135,1835.9485047685741,1836.9612922828042,630.1931900021185,51.84,15.0
2025-06-25 22:30:00,1836.8146488220368,1853.8087506440806,1831.0140975728893,1852.8467761304746,551.78672707111,52.01,15.0
2025-06-25 22:45:00,1853.1861840416047,1856.89173176099,1846.0769793919965,1849.3671140933895,1259.26626115315,51.9,15.0
2025-06-25 23:00:00,1849.3686821893757,1850.1307501303058,1849.292583778856,1850.022579583627,204.9306043149555,51.88,15.0
2025-06-26 16:30:00,1850.2907269916823,1903.044161339529,1842.7911580129362,1901.0963877332283,311.1516796512956,51.92,15.0
2025-06-26 16:45:00,1900.9494104097175,1928.8625905228043,1898.408937957101,1928.6092429714668,136.40227563792715,52.18,15.0
2025-06-26 17:00:00,1927.9471711008548,1946.9371638978232,1923.8862657183086,1946.2116783120996,318.4743078965935,52.58,15.0
2025-06-26 17:15:00,1946.2028220559644,1947.772312213123,1915.240231644578,1916.334346055386,256.21431249636964,52.93,15.0
2025-06-26 17:30:00,1916.3613956397435,1919.0465983042689,1915.132735470036,1916.5070581607563,285.06854546895056,53.34,15.0
2025-06-26 17:45:00,1916.7026530276937,1919.1879913108678,1900.4725709347133,1901.3367360819072,185.1256250913427,53.32,15.0
2025-06-26 18:00:00,1901.809106217777,1906.2519550115944,1883.5318879910667,1884.1408936594337,238.05105916189441,52.84,15.0
2025-06-26 18:15:00,1884.1672798956301,1902.6521762281402,1882.2518750173804,1900.737891512854,273.9230738041421,52.85,15.0
2025-06-26 18:30:00,1901.0047536716543,1904.9529505368685,1900.5407653504235,1904.8720971961907,141.75702408251274,52.77,15.0
2025-06-26 18:45:00,1904.800582070513,1904.9138167808078,1898.1801329567995,1898.7033901312907,156.5320340016089,52.75,15.0
2025-06-26 19:00:00,1898.4279492030903,1901.3871347032264,1890.0889399120654,1890.5845336214459,128.74993244659356,52.74,15.0
2025-06-26 19:15:00,1890.670474056417,1891.7909888793115,1889.8586728980356,1890.2961834611904,150.08324835691147,52.77,15.0
2025-06-26 19:30:00,1890.337699881389,1891.1899249377732,1875.7317715994361,1876.7067959814112,128.91494140269918,53.02,15.0
2025-06-26 19:45:00,1876.8542429871234,1878.6354486948244,1864.2817811078298,1867.3271320017166,268.37991759702487,52.76,15.0
2025-06-26 20:00:00,1866.89835302102,1872.2861773227544,1866.4798573853698,1871.0504241520866,111.49232682564096,52.74,15.0
2025-06-26 20:15:00,1871.4679181183471,1879.612097930827,1869.77831689511,1879.5238394648898,131.83072700849087,52.56,15.0
2025-06-26 20:30:00,1879.6443061404668,1885.012478358129,1879.577643036919,1883.379806340692,183.64332897992847,52.63,15.0
2025-06-26 20:45:00,1883.3157166051465,1884.434156379981,1862.3906025322133,1862.6760851816912,153.34308683144195,52.42,15.0
2025-06-26 21:00:00,1862.5174777955863,1864.8134775947747,1862.0190010341198,1864.4796085008193,89.57180376345315,52.4,15.0
2025-06-26 21:15:00,1864.730728688345,1868.4103483361073,1863.2205359911775,1865.8667364846604,225.72927134490146,52.51,15.0
2025-06-26 21:30:00,1865.6565790553723,1870.9132279203525,1864.5247066486654,1869.8677840723456,133.98973326639307,52.67,15.0
2025-06-26 21:45:00,1870.538764804534,1889.4541903668883,1869.8656932260462,1887.2706054406228,288.10720648214937,52.66,15.0
2025-06-26 22:00:00,1887.1601375779069,1887.5394447969695,1870.32270964445,1872.4424711077647,374.76497465538205,52.58,15.0
2025-06-26 22:15:00,1872.679488781271,1873.2020420653191,1869.0142016659227,1869.0382612697517,145.63317677211285,52.55,15.0
2025-06-26 22:30:00,1868.9874348648218,1875.258584335364,1868.5030835717907,1874.755852687007,258.5178889238997,52.53,15.0
2025-06-26 22:45:00,1875.3923949858608,1876.9992890054605,1853.0867710996347,1853.165721826575,1580.6908674426675,52.82,15.0
2025-06-26 23:00:00,1853.165721826575,1853.4471189460626,1853.165721826575,1853.4471189460626,165.33096798481816,52.8,15.0
2025-06-27 16:30:00,1853.4710719530453,1868.8950705114296,1846.5235721313898,1868.8423181916994,422.58821051543526,52.49,15.0
2025-06-27 16:45:00,1869.0640435458263,1875.59219515896,1867.542855735898,1875.5111715689866,161.12768090553357,52.24,15.0
2025-06-27 17:00:00,1875.8900359142524,1882.5060148945051,1854.927370875164,1859.9819531670973,98.81904142736946,51.79,15.0
2025-06-27 17:15:00,1860.4835366236211,1875.8294224461476,1858.534416797585,1872.3771334047942,181.98131231019644,51.62,15.0
2025-06-27 17:30:00,1872.1963330796293,1887.850128498052,1871.274403744555,1887.1355809376478,221.2529756460148,51.71,15.0
2025-06-27 17:45:00,1887.1562512934465,1890.3307393216412,1887.112511241371,1889.3035035870423,229.65659870798407,51.84,15.0
2025-06-27 18:00:00,1889.6210026243855,1891.0562665546595,1887.4432621353312,1890.761517365777,212.42965085859504,51.86,15.0
2025-06-27 18:15:00,1890.582151784273,1892.4639363038737,1888.3532713370487,1890.6783968596528,173.22352825977936,51.62,15.0
2025-06-27 18:30:00,1890.9696222669331,1891.158967509332,1873.5088315587939,1875.809464954485,262.533921784656,51.93,15.0
2025-06-27 18:45:00,1875.7792733283766,1876.689986159376,1874.3859222974409,1874.7603098905424,203.71494338776685,51.95,15.0
2025-06-27 19:00:00,1874.8104876134466,1875.7769991874711,1871.7464349375728,1873.1996552843789,256.38113505875475,51.98,15.0
2025-06-27 19:15:00,1873.2283264987052,1881.2877448870297,1871.9492305487227,1878.3874395662374,162.69237740207927,52.09,15.0
2025-06-27 19:30:00,1878.2454316514015,1884.8943727354645,1877.0208429639044,1883.5139913765029,123.105155864854,51.95,15.0
2025-06-27 19:45:00,1883.4504525907153,1884.1766190170624,1869.6380904796479,1872.1103155864425,155.76215506949663,51.77,15.0
2025-06-27 20:00:00,1872.1748209335342,1875.6519114829446,1865.942387961914,1868.3597870440472,161.94423748172554,51.58,15.0
2025-06-27 20:15:00,1868.3510785453927,1873.0815030553056,1868.2430465267341,1872.9514550432516,136.9640774483094,51.62,15.0
2025-06-27 20:30:00,1873.2181146179253,1873.5433965105292,1865.5927384390413,1867.1263332121232,159.04453206705705,51.51,15.0
2025-06-27 20:45:00,1867.4581094988907,1867.5000600354554,1856.6719152710689,1857.4429121350106,92.52049485206066,51.58,15.0
2025-06-27 21:00:00,1857.489005820748,1858.4001535736224,1856.7662506210602,1857.9471246527037,104.66672183871707,51.48,15.0
2025-06-27 21:15:00,1857.7530359025948,1864.8647479271613,1857.3062484893546,1864.4036134312478,124.32188118976646,51.28,15.0
2025-06-27 21:30:00,1864.1853098922427,1865.0326892288558,1862.5199460948613,1863.920539478299,202.52396012896477,51.23,15.0
2025-06-27 21:45:00,1864.3179510961406,1874.9300646296815,1862.594369626113,1873.7773056111994,505.7812842750557,51.27,15.0
2025-06-27 22:00:00,1873.5632712552674,1881.2882644799063,1872.8547191680398,1879.8407323335252,208.44035238733395,51.26,15.0
2025-06-27 22:15:00,1879.8684833531381,1889.2145072851627,1878.455491655825,1888.1392750022758,447.30098095236235,51.47,15.0
2025-06-27 22:30:00,1888.223424119715,1892.5074197803135,1886.4597130377233,1892.1752872615834,394.8803380763389,51.5,15.0
2025-06-27 22:45:00,1892.020230268086,1937.0054092025082,1890.9842586729044,1936.1283844501265,1019.2870883322663,51.85,15.0
2025-06-27 23:00:00,1936.1283844501265,1936.1283844501265,1933.7859670388411,1933.7859670388411,239.0505496670232,51.84,15.0
2025-06-30 16:30:00,1933.0290727172276,1944.3255617909606,1857.8717487042193,1862.0830268705374,56.168571908362644,52.03,15.0
2025-06-30 16:45:00,1861.7587144707243,1896.034610804495,1857.3288096656497,1893.4455691514777,77.98523339539874,51.53,15.0
2025-06-30 17:00:00,1893.1598673249953,1894.8406115237767,1885.685817205751,1887.3239978332049,86.07867460580262,51.77,15.0
2025-06-30 17:15:00,1887.5913240868654,1887.6873040988505,1887.067054182283,1887.649068179653,98.48016382614229,51.82,15.0
2025-06-30 17:30:00,1887.647230731303,1896.3653105797082,1886.2714917533078,1895.9279710242618,46.831312069468865,51.74,15.0
2025-06-30 17:45:00,1895.8613626186054,1896.7405143158117,1886.4919994834918,1887.3681022425349,31.89854224531976,51.74,15.0
2025-06-30 18:00:00,1887.4009717226354,1888.4032266542542,1872.603187200771,1873.4918327075845,58.22297710735534,51.89,15.0
2025-06-30 18:15:00,1873.7961997573304,1875.686184075116,1842.5245883819443,1843.457177893887,37.61869393616196,51.48,15.0
2025-06-30 18:30:00,1843.307449091891,1844.2934184699163,1826.1802079565625,1829.8229974634123,39.04265696440181,51.28,15.0
2025-06-30 18:45:00,1830.0619540057585,1835.363561688943,1827.5995569863742,1834.2543430977817,26.605267544176918,51.19,15.0
2025-06-30 19:00:00,1833.8502342680674,1844.411254703873,1833.2861187679473,1841.079838489349,113.03216088867812,51.2,15.0
2025-06-30 19:15:00,1841.4025572576465,1844.241208795593,1840.9816514333752,1842.9705240583692,70.61631680887996,51.01,15.0
2025-06-30 19:30:00,1842.9693856470947,1843.2000379561275,1835.7047500869173,1836.3043296833578,70.05548824138708,50.95,15.0
2025-06-30 19:45:00,1836.2982242624355,1837.521830884439,1825.5786564502898,1826.0653003355799,57.072196046069976,50.95,15.0
2025-06-30 20:00:00,1825.9404549433239,1828.4306555324383,1825.7878181732387,1826.8398273893768,57.760686798812586,50.89,15.0
2025-06-30 20:15:00,1826.6186322051444,1826.862248396598,1825.0942299976414,1825.1627809855559,81.34703044416956,50.98,15.0
2025-06-30 20:30:00,1824.774224476323,1830.323556945094,1824.645790339412,1829.7505805922103,48.180353267178134,50.95,15.0
2025-06-30 20:45:00,1829.5970013971198,1836.838817096271,1829.3872289680837,1836.2974241027464,101.99244485307207,51.04,15.0
2025-06-30 21:00:00,1836.384609815446,1839.1279493183274,1836.131355878203,1837.954145340704,60.72095776748494,51.09,15.0
2025-06-30 21:15:00,1837.8624656607244,1841.3052326702998,1837.8054049184016,1841.2660040413168,49.191316849285116,51.11,15.0
2025-06-30 21:30:00,1841.003462490929,1843.000290621854,1840.6594307721796,1842.6843715655823,68.65874640785458,51.05,15.0
2025-06-30 21:45:00,1842.5302382737411,1848.4390936243224,1841.5676800310837,1847.330770414583,53.866357126868735,51.19,15.0
2025-06-30 22:00:00,1847.298145901619,1847.461181274177,1845.309568230117,1845.6751974564177,65.61330782039327,51.23,15.0
2025-06-30 22:15:00,1845.6019721884568,1846.351738321975,1844.6785818343758,1845.225658203763,99.02135823525556,51.32,15.0
2025-06-30 22:30:00,1845.2024383580535,1847.3345029494824,1843.512111955694,1846.656494606532,137.07182790358382,51.29,15.0
2025-06-30 22:45:00,1847.083251732947,1861.0613539134329,1846.3196768765092,1860.5145431789356,795.8768967408789,51.45,15.0
2025-06-30 23:00:00,1860.5145431789356,1860.5145431789356,1860.426411722847,1860.426411722847,151.40887059608818,51.45,15.0
2025-07-01 16:30:00,1863.571679657827,1892.5492407927948,1858.6593287441567,1882.5401574259788,366.5596673160696,50.35,15.0
2025-07-01 16:45:00,1881.3692598893963,1881.6404618674335,1874.222244641654,1874.3929030263114,255.22509005619654,50.33,15.0
2025-07-01 17:00:00,1873.8396470834589,1878.8873214945813,1872.052713934435,1874.468046550952,396.4268117649287,50.84,15.0
2025-07-01 17:15:00,1874.8751466954764,1897.0678936979334,1874.1620197139966,1894.9503251976791,286.6925513665753,51.32,15.0
2025-07-01 17:30:00,1894.680889506375,1894.898354986467,1848.8977597749702,1853.2602333658263,173.68698893246915,51.72,15.0
2025-07-01 17:45:00,1853.515641573058,1854.2289935919255,1837.3271416536377,1838.4235186627313,109.75634916126324,51.59,15.0
2025-07-01 18:00:00,1838.588126652049,1841.738226522082,1801.0613193844051,1801.132948288638,175.43286623390594,52.34,15.0
2025-07-01 18:15:00,1801.952951887633,1804.5868129552582,1759.3472841919756,1761.2692498930257,172.80155829780753,52.72,15.0
2025-07-01 18:30:00,1761.7443836927337,1762.4774770579747,1751.4762196295871,1754.8614415522436,160.13733853050348,52.97,15.0
2025-07-01 18:45:00,1755.5135676314428,1785.0375934567846,1754.6989346323583,1779.3225862260686,206.81384980161658,53.56,15.0
2025-07-01 19:00:00,1779.0956276568131,1780.7332586944128,1776.8118238872223,1777.4210546664558,230.031686263027,53.71,15.0
2025-07-01 19:15:00,1777.3704480103013,1785.2587176019647,1776.1980399423355,1782.0217311920098,284.11571255811094,53.42,15.0
2025-07-01 19:30:00,1781.7694199625123,1815.7585869383397,1779.343778858578,1811.9947992201444,224.21958722282565,52.61,15.0
2025-07-01 19:45:00,1810.845831706798,1850.2485617080667,1808.036825558129,1847.1484634299059,221.8904846698068,52.1,15.0
2025-07-01 20:00:00,1847.7099296241606,1849.311046592826,1845.0211108151302,1845.289692248607,212.7048661750432,51.91,15.0
2025-07-01 20:15:00,1845.5582528473424,1865.9580416771646,1843.5283075347272,1864.6975547379113,157.00983693520072,52.06,15.0
2025-07-01 20:30:00,1864.6024925136855,1866.2490213698782,1862.952418508382,1865.4026268351647,119.74115457840468,52.04,15.0
2025-07-01 20:45:00,1865.6376470325524,1866.2491727538356,1858.1839261046487,1859.1963421715534,168.61391482768798,51.96,15.0
2025-07-01 21:00:00,1858.9759027613522,1860.1223621548677,1852.296370387818,1852.623301505554,153.84850864998216,52.1,15.0
2025-07-01 21:15:00,1852.0584209023905,1852.3660300437932,1831.4434430146414,1834.8139013827385,137.27368239539922,51.9,15.0
2025-07-01 21:30:00,1834.974027270694,1835.029854659106,1830.5409879490264,1830.627764600315,122.83014751151065,51.93,15.0
2025-07-01 21:45:00,1830.3432386565273,1830.7167713965143,1827.386509746752,1828.05150125096,163.0082495964506,51.85,15.0
2025-07-01 22:00:00,1828.0100087467656,1836.5733611355197,1826.3452671160126,1834.9135487342112,138.70704668545918,51.8,15.0
2025-07-01 22:15:00,1834.9637871298808,1853.8224325347362,1832.786719667405,1852.317388025805,242.46115176066135,51.98,15.0
2025-07-01 22:30:00,1852.3786594511432,1852.5614380660506,1844.020162454202,1844.8849221943842,336.6363007806939,52.03,15.0
2025-07-01 22:45:00,1845.0287697772094,1848.9518770443804,1844.906576797873,1848.1839991987665,1053.5563287969596,52.08,15.0
2025-07-01 23:00:00,1848.1839991987665,1848.5993057858554,1848.1839991987665,1848.5993057858554,99.53476397413948,52.08,15.0
2025-07-02 16:30:00,1848.9955547276381,1870.587644241372,1848.3750800053904,1860.626081899121,218.79334615916312,51.95,15.0
2025-07-02 16:45:00,1860.399833596943,1862.2766616168924,1859.5085724498092,1860.9608587761545,94.8499013568795,52.19,15.0
2025-07-02 17:00:00,1861.0949365539275,1862.1086690923676,1826.7999413907983,1829.7191592712281,192.19856448173147,52.09,15.0
2025-07-02 17:15:00,1829.0171720015474,1851.6907111699545,1828.708071527397,1848.6804896121,63.57634739874736,52.39,15.0
2025-07-02 17:30:00,1849.226768778991,1851.0901039078394,1839.4108308392151,1841.5303801604177,83.38655169170237,52.41,15.0
2025-07-02 17:45:00,1841.084492367611,1842.1257501839252,1832.5338067010134,1834.7201070931796,53.47258721832047,52.23,15.0
2025-07-02 18:00:00,1834.598957167228,1836.470294917323,1823.6831274453814,1824.0444478825689,77.8788547147474,52.54,15.0
2025-07-02 18:15:00,1823.5413097059002,1823.6469718314218,1817.3104109797375,1818.5313031579155,70.24698998310582,52.88,15.0
2025-07-02 18:30:00,1818.3378645445637,1827.5658952048902,1816.6977973682567,1825.3632083299071,47.367593727101614,53.05,15.0
2025-07-02 18:45:00,1825.3676196426418,1827.4752458681971,1821.8425882718689,1822.481777983955,49.054806120616426,52.78,15.0
2025-07-02 19:00:00,1822.4089359993484,1825.71043677938,1821.4735865719024,1825.1234202405649,55.44374768331318,52.73,15.0
2025-07-02 19:15:00,1825.4023075306109,1828.5110218683312,1824.4621137875001,1828.1191428909951,41.66555811658611,52.52,15.0
2025-07-02 19:30:00,1828.1528053518587,1837.3495751097898,1827.8266824981847,1836.2018100366686,61.44710011417289,52.49,15.0
2025-07-02 19:45:00,1836.103701298577,1837.716335321787,1833.1787308605628,1833.975771518325,105.92940307241349,52.43,15.0
2025-07-02 20:00:00,1833.9502913903893,1834.1641468798932,1823.149499179774,1824.6330138183614,40.69371433675643,52.44,15.0
2025-07-02 20:15:00,1824.8656659719504,1836.2065244730818,1823.0453447899608,1834.920163936529,41.701253791753786,52.67,15.0
2025-07-02 20:30:00,1835.074264262907,1835.1669728504885,1831.5067463855712,1832.596617008927,36.18764083350742,52.5,15.0
2025-07-02 20:45:00,1832.4156043270807,1842.458484379178,1832.1158177855739,1840.9831746397847,49.5703762924905,52.63,15.0
2025-07-02 21:00:00,1840.709086701205,1854.9624954779936,1840.5648951846958,1849.6523594892622,95.37639132347154,52.95,15.0
2025-07-02 21:15:00,1849.7227981059514,1849.8200379325474,1848.747440513296,1849.0001189888897,41.22947890273636,52.88,15.0
2025-07-02 21:30:00,1849.0338205000967,1851.6810030888275,1848.919563633265,1851.2040403047963,54.553799385175864,52.94,15.0
2025-07-02 21:45:00,1851.0482083558782,1863.5272247231926,1850.506852868286,1862.67731274664,183.86153794733247,52.99,15.0
2025-07-02 22:00:00,1862.8281436035472,1881.505254158578,1861.7626572244321,1879.4557334056476,301.7164872114846,53.17,15.0
2025-07-02 22:15:00,1879.0875515815508,1879.505871369814,1876.3194361815956,1878.5904120559671,609.6946366625657,52.94,15.0
2025-07-02 22:30:00,1878.9220105290074,1879.6838845555342,1877.6714727179171,1879.5576843864712,748.2103831671182,52.91,15.0
2025-07-02 22:45:00,1879.7428326254987,1895.5432062666932,1878.5757674614601,1895.1269827195995,1357.5000410929304,53.21,15.0
2025-07-02 23:00:00,1895.1269827195995,1895.1269827195995,1894.1615519027946,1894.1615519027946,139.73808651577139,53.18,15.0
2025-07-03 16:30:00,1893.7242366497305,1905.5317767447737,1893.510844974097,1902.6773757698172,99.88264313710992,53.06,15.0
2025-07-03 16:45:00,1902.4109979358188,1906.7540881739392,1898.5457647410933,1902.263017016516,173.2187828186659,53.21,15.0
2025-07-03 17:00:00,1902.3358679421535,1905.8523465436026,1900.8001843027093,1905.5511344191052,145.03693990106066,53.07,15.0
2025-07-03 17:15:00,1905.5122267804875,1906.3110271480848,1897.2484697452962,1898.1321445907713,122.69718938826321,53.0,15.0
2025-07-03 17:30:00,1897.7194286982776,1898.5337747496562,1875.279609902496,1876.1031134039645,176.4646118916465,52.98,15.0
2025-07-03 17:45:00,1875.8814897318343,1876.7341401368124,1863.7060002181577,1863.8602083826806,39.611968068999104,52.99,15.0
2025-07-03 18:00:00,1863.9300241369665,1865.1863344136266,1858.837091388348,1859.0706930914748,84.99939732188787,53.03,15.0
2025-07-03 18:15:00,1859.1222581924737,1859.351631996166,1856.036587758701,1856.2603427585095,57.77341155108141,53.02,15.0
2025-07-03 18:30:00,1856.2804735535963,1858.628757061761,1854.5369452774753,1855.6416976415455,35.28418223935506,53.17,15.0
2025-07-03 18:45:00,1855.673255929591,1865.174760523823,1855.3196372994348,1863.9909903595606,83.28146411986955,53.12,15.0
2025-07-03 19:00:00,1863.872934428913,1872.787726997193,1862.8760494273624,1872.2410482588637,124.60181842148558,53.17,15.0
2025-07-03 19:15:00,1872.2722444198428,1873.3882678264501,1866.8683457057687,1867.102851199083,92.16592681950289,53.3,15.0
2025-07-03 19:30:00,1867.6408601496273,1872.073186648031,1866.2155313300566,1870.688347773291,185.13174418471283,53.41,15.0
2025-07-03 19:45:00,1871.0617530748355,1871.2618004134795,1863.0635620851015,1863.9871315331125,489.04477512571316,53.13,15.0
2025-07-03 20:00:00,1863.9871315331125,1864.2215267711529,1863.9871315331125,1864.2215267711529,96.20153554226074,53.14,15.0
2025-07-07 16:30:00,1863.6447271063857,1876.2147500553383,1862.1383562415192,1866.358905797803,257.3784010576578,52.36,15.0
2025-07-07 16:45:00,1864.9645552614065,1880.9297839776348,1864.3951410825498,1877.8496146107832,196.4178508888067,52.43,15.0
2025-07-07 17:00:00,1878.166712134099,1879.0222167916133,1874.3497556599502,1875.453666510281,255.16851417647186,52.67,15.0
2025-07-07 17:15:00,1875.712070953591,1887.1004055435324,1874.6431671293878,1886.5066715860573,328.6135095627535,52.46,15.0
2025-07-07 17:30:00,1886.2300512131296,1886.49242644867,1859.2884239388563,1862.4355483228558,253.57271128534808,52.16,15.0
2025-07-07 17:45:00,1861.950052252364,1861.9748632262933,1860.7986842952948,1860.8942144747782,143.50743185418534,51.93,15.0
2025-07-07 18:00:00,1860.490217735549,1893.5500170195012,1859.495270059249,1893.1449423589481,128.3084927793711,51.78,15.0
2025-07-07 18:15:00,1893.2909296468697,1893.8092661781309,1892.2591009976386,1892.6448431957467,75.64604450557052,51.47,15.0
2025-07-07 18:30:00,1892.6259083881885,1904.8384986147898,1891.6884190057706,1903.6531062168422,95.34556351108495,51.6,15.0
2025-07-07 18:45:00,1903.7996817062678,1904.304642493863,1901.5076908859955,1903.367053800316,83.3458823174955,51.65,15.0
2025-07-07 19:00:00,1903.3899546670684,1908.6900645641254,1903.2590615993888,1908.4544456202764,70.21560006641752,51.76,15.0
2025-07-07 19:15:00,1908.8334997720424,1910.4801137208503,1904.949958126213,1905.329715108686,103.64914537296724,51.64,15.0
2025-07-07 19:30:00,1905.3923770893955,1905.7928935297998,1902.034219560539,1902.5954070434543,80.00804771959154,51.6,15.0
2025-07-07 19:45:00,1902.797409449781,1903.1156796917212,1892.1143808506915,1893.4628275459786,82.08549416732002,51.48,15.0
2025-07-07 20:00:00,1892.9313644389974,1896.9499390222684,1892.2041836501653,1896.0520744315313,144.719613070903,51.43,15.0
2025-07-07 20:15:00,1895.8297091044547,1896.681700123961,1889.4798950378176,1889.7633255374149,112.17357964283006,51.5,15.0
2025-07-07 20:30:00,1889.6629389946695,1895.8422211818145,1888.0764134521344,1895.2497750325301,115.2828151796551,51.46,15.0
2025-07-07 20:45:00,1895.364176528634,1899.2271274823636,1894.7845066805494,1898.6212316398748,35.72228337715114,51.5,15.0
2025-07-07 21:00:00,1898.999861786063,1899.6429683843521,1898.2141075618456,1898.9760904205473,81.10850631293971,51.34,15.0
2025-07-07 21:15:00,1898.899512803892,1900.8370071827965,1888.0488426327438,1890.4149890205074,160.52584651634209,51.0,15.0
2025-07-07 21:30:00,1890.2788903132487,1895.5037350915995,1890.2376884493406,1894.239665765304,108.1052027275989,51.17,15.0
2025-07-07 21:45:00,1893.6595973876365,1893.8523937910288,1891.306666184776,1891.417728314129,202.25853317055234,51.41,15.0
2025-07-07 22:00:00,1891.6465071283483,1898.6903802102627,1891.405303205158,1898.4221219151789,239.10578249189035,51.26,15.0
2025-07-07 22:15:00,1898.2530418019965,1899.3265752375626,1871.7465705345817,1875.2483865210713,310.7281916237544,51.08,15.0
2025-07-07 22:30:00,1875.8753737346408,1876.5763089928312,1871.3156608518339,1871.8904891117302,284.7558304634569,51.06,15.0
2025-07-07 22:45:00,1871.4752110358365,1875.0016404625514,1830.4405968258934,1833.771803645115,1029.2888288564138,51.54,15.0
2025-07-07 23:00:00,1833.771803645115,1834.4343824923137,1833.771803645115,1834.4343824923137,135.41047421220284,51.53,15.0
2025-07-08 16:30:00,1834.9815815329446,1874.1300176043421,1833.032494848668,1872.6295895349854,200.40628755521743,51.66,15.0
2025-07-08 16:45:00,1872.2373162918673,1885.9383114370264,1869.834217416222,1882.695606577328,194.9372218678277,51.37,15.0
2025-07-08 17:00:00,1882.7546470322284,1884.450434742871,1873.9858967008356,1875.7102247245089,157.59518070803958,51.44,15.0
2025-07-08 17:15:00,1876.3314707861603,1877.60958709145,1833.762476939823,1836.0227085426393,196.29492826707374,52.18,15.0
2025-07-08 17:30:00,1835.8317494249989,1836.6185577652539,1748.3871647992776,1749.1947515074608,221.73620411003003,52.82,15.0
2025-07-08 17:45:00,1749.6298749919226,1754.7580893585036,1740.650254649579,1743.9430672534525,140.14703537731262,53.04,15.0
2025-07-08 18:00:00,1744.2629939390324,1785.8253917235409,1742.86494226061,1784.5350157863502,100.93542906747876,53.33,15.0
2025-07-08 18:15:00,1785.1163984291054,1806.6798622541946,1777.2243322198174,1797.301433794611,159.86791981065596,52.57,15.0
2025-07-08 18:30:00,1797.2968950354882,1797.6986967867322,1793.994768140685,1794.4711341997004,116.29238988739591,52.68,15.0
2025-07-08 18:45:00,1794.0104547581145,1806.8183825219917,1793.6112713902469,1804.6535189044273,86.85658554781573,52.87,15.0
2025-07-08 19:00:00,1804.6339903031055,1805.308002849295,1791.0390620407654,1792.127018063874,139.0685289585497,52.89,15.0
2025-07-08 19:15:00,1792.1848563320675,1794.5594763798022,1789.9392546590811,1793.075066699637,49.21456645038797,53.21,15.0
2025-07-08 19:30:00,1792.6973383363409,1795.9342082440844,1790.9759775736788,1795.1284802535858,78.57332370540949,53.07,15.0
2025-07-08 19:45:00,1795.1984220832255,1795.7140280866156,1792.1157208684353,1794.1330794089868,164.59081424606117,52.8,15.0
2025-07-08 20:00:00,1794.0879442378284,1809.515166247753,1793.597043124643,1808.57083774724,165.6598336339825,52.62,15.0
2025-07-08 20:15:00,1808.1723691207535,1816.2728789845214,1806.6911198873436,1814.3137771563029,125.19600424384929,52.64,15.0
2025-07-08 20:30:00,1814.2079114722258,1824.591362395397,1812.8530276957986,1822.7359210996726,61.81490226400332,52.51,15.0
2025-07-08 20:45:00,1822.6698286206545,1823.1568726921525,1818.0720202164528,1819.4335007577185,78.08321865514331,52.62,15.0
2025-07-08 21:00:00,1819.8630166729786,1830.3167069745323,1819.117121066048,1829.352627820569,69.37771846996087,52.79,15.0
2025-07-08 21:15:00,1829.413275051236,1849.272540469009,1829.370403455365,1847.5754035257073,123.4176668016653,52.88,15.0
2025-07-08 21:30:00,1847.7510664436272,1849.2561293837075,1841.5475527423782,1841.723333385367,59.790270649890594,52.82,15.0
2025-07-08 21:45:00,1841.6983636987918,1841.928156159124,1835.5765121872214,1835.9441503651833,118.48640805373599,52.87,15.0
2025-07-08 22:00:00,1835.4477048026165,1849.827163519047,1834.3128599997688,1848.6687468181299,125.79742133990344,52.7,15.0
2025-07-08 22:15:00,1848.818367222495,1849.7891092962395,1847.4231521177478,1847.851550505901,156.25194904443896,52.73,15.0
2025-07-08 22:30:00,1847.7608783672435,1855.751788998947,1847.5328004521896,1855.6468926896123,201.77033433102363,52.75,15.0
2025-07-08 22:45:00,1855.5615404841756,1856.1706692735247,1850.818381390432,1851.3589967552841,644.069258090938,52.68,15.0
2025-07-08 23:00:00,1851.3589967552841,1851.8062169621276,1851.3589967552841,1851.8062169621276,169.4706432120753,52.68,15.0
2025-07-09 16:30:00,1851.858653006776,1861.814205805242,1850.79617847541,1859.246427873627,209.2803146321244,53.18,15.0
2025-07-09 16:45:00,1859.7656599962122,1867.1478446041642,1857.7279928114372,1864.7436300427619,204.0660983307506,53.26,15.0
2025-07-09 17:00:00,1865.1192292810738,1890.5794162533016,1862.967817276529,1888.156747953843,194.34992416309677,53.28,15.0
2025-07-09 17:15:00,1888.8122907740863,1891.8792586025068,1879.7028013332936,1880.8027719432196,411.3151602964113,53.09,15.0
2025-07-09 17:30:00,1881.901439207196,1884.2376086292718,1851.7432865988555,1854.3447579014728,193.56338281709301,52.5,15.0
2025-07-09 17:45:00,1853.3474755144166,1854.2104846228574,1842.4031606577014,1844.8100178044022,89.55976659484489,52.24,15.0
2025-07-09 18:00:00,1844.089038942096,1853.7992335865586,1843.8484676815376,1853.1885497341787,96.12632370664014,51.93,15.0
2025-07-09 18:15:00,1852.6711936132162,1852.897034561805,1834.882664698457,1837.9139654979779,83.59510422270667,52.06,15.0
2025-07-09 18:30:00,1838.0612894368182,1847.0213652983994,1836.7093720878152,1845.354008858774,49.49467078864463,52.24,15.0
2025-07-09 18:45:00,1845.1630502606238,1845.2803797668953,1838.296178765369,1839.5268185881123,65.45526663565636,52.11,15.0
2025-07-09 19:00:00,1839.4646126822615,1845.9988784432117,1838.7455811076024,1845.7720020635606,68.21546805609778,52.14,15.0
2025-07-09 19:15:00,1845.7398682163655,1845.939939864609,1831.5112530410634,1832.3297467365646,57.526012694907465,52.01,15.0
2025-07-09 19:30:00,1832.410828479007,1832.9443414628404,1825.520157814316,1828.1530556582784,49.60768957126066,52.16,15.0
2025-07-09 19:45:00,1827.9326971841836,1828.4297619862014,1818.555104867962,1818.8818975706547,89.69076343364367,52.0,15.0
2025-07-09 20:00:00,1818.6150949999799,1819.1443569529108,1813.9770805287965,1815.0808774997672,63.43922282900521,52.19,15.0
2025-07-09 20:15:00,1815.0813857262772,1824.6054269083193,1813.74159017697,1821.3448065881032,230.4813217318279,52.37,15.0
2025-07-09 20:30:00,1821.573461764904,1822.2520275837182,1821.4431961882192,1821.4438876169156,46.54071934215337,52.38,15.0
2025-07-09 20:45:00,1821.4382357751465,1822.2425869849494,1820.8347133803125,1821.8584933329155,47.41791447906014,52.55,15.0
2025-07-09 21:00:00,1821.7158771371348,1823.3491407842423,1821.4643068574715,1822.4649225333494,68.59350998734742,52.6,15.0
2025-07-09 21:15:00,1821.6226365442378,1828.2434040311152,1819.8021611829859,1825.1318089771767,119.57548005042435,52.38,15.0
2025-07-09 21:30:00,1825.222668181686,1825.878678699106,1822.4122402079665,1822.5634757551109,76.6161813311051,52.35,15.0
2025-07-09 21:45:00,1822.4464961570093,1830.0134240281816,1821.9607410981414,1828.9840702725792,54.914730449641844,52.5,15.0
2025-07-09 22:00:00,1828.7287240143935,1837.465320350936,1827.5638415293176,1834.976993913573,81.37099243744176,52.43,15.0
2025-07-09 22:15:00,1834.431676815794,1843.5130720928119,1834.3421908707987,1841.9051662376887,295.33792337808313,52.65,15.0
2025-07-09 22:30:00,1841.7221650748447,1845.4319263417885,1841.2393669907474,1845.1539248656468,167.41743500105204,52.64,15.0
2025-07-09 22:45:00,1845.001135604183,1848.1793717185108,1844.4535740414567,1847.1532092791065,737.7894995662904,52.59,15.0
2025-07-09 23:00:00,1847.1532092791065,1847.7075285782676,1847.1532092791065,1847.7075285782676,186.19938489742714,52.59,15.0
2025-07-10 16:30:00,1846.9133711883505,1850.0599660579203,1845.3534096887486,1848.7609998365037,44.957530151283564,52.96,15.0
2025-07-10 16:45:00,1848.8456213018646,1848.9919932831522,1844.7414301815863,1846.4048331309791,37.79575177687791,53.27,15.0
2025-07-10 17:00:00,1846.2167981192435,1851.4389530234203,1827.8131652985844,1830.2131881849818,111.63454583541443,53.86,15.0
2025-07-10 17:15:00,1831.0844038123203,1832.762300265143,1817.0329656607,1819.3890635770451,112.49041647837544,54.24,15.0
2025-07-10 17:30:00,1818.3775960971655,1821.2321769023881,1795.6139526777386,1797.7210398095337,81.04787353979657,54.76,15.0
2025-07-10 17:45:00,1797.801465806263,1798.3905132987954,1781.7586256407249,1782.2914145869756,91.61372207262902,54.52,15.0
2025-07-10 18:00:00,1782.431552833183,1790.948058147442,1775.6240501107786,1788.0586735954587,145.9266261920913,55.22,15.0
2025-07-10 18:15:00,1787.5235554803874,1799.0626744823269,1787.0389731871612,1797.237297501345,209.05628970889265,55.21,15.0
2025-07-10 18:30:00,1797.2675790830133,1800.7997153900435,1796.7242661148223,1799.7340563340656,92.52460261543298,55.11,15.0
2025-07-10 18:45:00,1799.9705618440528,1802.0731888797006,1791.8447255493506,1791.9233926977322,106.41573698897557,54.87,15.0
2025-07-10 19:00:00,1791.9448655461997,1802.87488122529,1788.594722710769,1801.5391502699833,79.06394719958386,54.81,15.0
2025-07-10 19:15:00,1801.759216782936,1809.229188344771,1801.2197016270559,1808.9484010861386,62.555508652410865,54.91,15.0
2025-07-10 19:30:00,1808.6253248587984,1810.4806100702863,1807.9487775109142,1810.4134058058332,82.56506094279389,54.93,15.0
2025-07-10 19:45:00,1810.2527537242672,1811.9080641503526,1807.3453726689133,1807.9993647533956,111.20723920796854,54.93,15.0
2025-07-10 20:00:00,1808.2807247906633,1814.9930339759499,1806.6587365328285,1814.9783427766822,105.47051272130102,55.06,15.0
2025-07-10 20:15:00,1815.287613451332,1822.9311021555732,1814.8589916256185,1821.3367177775608,105.54419770849496,55.34,15.0
2025-07-10 20:30:00,1821.4169067280136,1822.8695351654171,1815.0456179174225,1815.3708798277767,111.02792887519354,55.34,15.0
2025-07-10 20:45:00,1815.5799732206165,1817.323102385888,1815.5521856236162,1816.614998044273,127.12887937962586,55.28,15.0
2025-07-10 21:00:00,1816.2494235990243,1821.5098562654039,1815.7481605592488,1820.5589038355738,255.3077371894279,55.29,15.0
2025-07-10 21:15:00,1820.7612491825043,1822.3368344925395,1814.9508457491063,1815.0823902128145,212.41519412287434,55.43,15.0
2025-07-10 21:30:00,1815.4433211050514,1819.2887347000649,1814.5667737742117,1818.7840998656238,315.0145106812296,55.32,15.0
2025-07-10 21:45:00,1818.5677130219137,1819.7330860081663,1800.8396414898812,1802.3260354541517,299.9366073504431,55.19,15.0
2025-07-10 22:00:00,1802.7996882023413,1813.5084211269027,1801.3670892668406,1813.1077839102118,348.942660696248,55.12,15.0
2025-07-10 22:15:00,1813.2180611454144,1844.5032422153718,1811.986518853451,1838.3053254296294,356.7431003156471,54.75,15.0
2025-07-10 22:30:00,1837.701171472315,1838.3005072272672,1836.099647141963,1837.2437687182894,297.1310729706625,54.78,15.0
2025-07-10 22:45:00,1837.4377043159668,1843.5570334732392,1836.4227792363763,1842.724261745721,1015.4233638825684,54.41,15.0
2025-07-10 23:00:00,1842.724261745721,1843.7971788951154,1842.724261745721,1843.7971788951154,174.11854165717222,54.41,15.0
2025-07-11 16:30:00,1844.278649919664,1846.7179147238674,1820.1650991953024,1822.0165328234289,52.130772339292605,53.66,15.0
2025-07-11 16:45:00,1822.2429879696908,1822.2555129399727,1819.705126515634,1819.8770132871448,93.71522152252335,53.77,15.0
2025-07-11 17:00:00,1819.623566983107,1822.8156682227382,1804.683468826173,1805.7547922764563,50.167786284662256,53.9,15.0
2025-07-11 17:15:00,1806.5030993074527,1823.1912037545624,1803.2839821579294,1823.1357684841446,89.36637589559831,54.22,15.0
2025-07-11 17:30:00,1823.4642943735546,1851.4006384590205,1818.7904241183346,1849.6595916027582,145.49983958658868,54.12,15.0
2025-07-11 17:45:00,1849.3700681877792,1850.114294848405,1833.1799304903543,1833.892476297175,95.40254331461723,53.91,15.0
2025-07-11 18:00:00,1833.8521958978743,1833.8603979154157,1825.901709995574,1826.7774174401416,68.6972752397989,53.88,15.0
2025-07-11 18:15:00,1826.9088833848077,1830.5740517863785,1825.388461232874,1829.4229952784287,58.91897264814045,53.74,15.0
2025-07-11 18:30:00,1829.3573738499533,1842.6114158431703,1828.5423694095684,1842.1721923776674,26.510414405877036,53.85,15.0
2025-07-11 18:45:00,1842.1013200207942,1842.8898609965413,1831.9756973202566,1832.7960287695741,57.96263798696197,53.73,15.0
2025-07-11 19:00:00,1832.8038122443036,1836.223543978445,1829.7295461556575,1835.4634353281585,45.75982296814439,53.66,15.0
2025-07-11 19:15:00,1835.3279046004109,1845.869536422878,1834.8983111628595,1845.2286191036137,32.38601589081567,53.68,15.0
2025-07-11 19:30:00,1845.0393348643843,1845.2439683781688,1840.6334810018636,1840.9372919667544,18.591122697750716,53.68,15.0
2025-07-11 19:45:00,1841.003178647298,1842.235719771607,1830.2055920355072,1830.3094630997366,35.121548542630585,53.87,15.0
2025-07-11 20:00:00,1829.7614793623823,1830.5695606242352,1828.064331490049,1828.4206140549325,38.18391352531825,54.02,15.0
2025-07-11 20:15:00,1828.2943357316785,1828.4220079663498,1825.6042789886285,1826.635545244838,30.325874996069995,53.91,15.0
2025-07-11 20:30:00,1826.1286636797556,1838.672527954076,1824.6259577746619,1836.9633804227399,78.33661513460062,53.96,15.0
2025-07-11 20:45:00,1836.3694513034475,1844.8464467997192,1835.4474280665368,1841.4475816314987,99.37745116872918,53.98,15.0
2025-07-11 21:00:00,1841.528906885481,1842.1748897670032,1829.4054384561873,1829.4177717096063,123.50870000159311,53.89,15.0
2025-07-11 21:15:00,1829.3847906324868,1833.281071464147,1827.7509897331583,1832.9475734946204,40.080094891753205,53.8,15.0
2025-07-11 21:30:00,1832.8161370213338,1834.6990152836167,1825.62653757257,1826.8747050137742,138.15174528654518,54.29,15.0
2025-07-11 21:45:00,1826.4284790468796,1844.1872093094726,1825.6931034735426,1843.396101460087,187.8435286360414,54.17,15.0
2025-07-11 22:00:00,1843.1806512118992,1843.263105099654,1836.9329420839117,1836.9798648336287,100.4682427193014,54.19,15.0
2025-07-11 22:15:00,1837.0516718933154,1837.0796406948477,1834.2494108209812,1834.432467261836,154.62680741700163,54.29,15.0
2025-07-11 22:30:00,1834.423083826546,1838.9517431664124,1833.80567382584,1838.031482336897,229.59261115876149,54.11,15.0
2025-07-11 22:45:00,1838.2058392555211,1846.2113224921263,1838.0418629481865,1845.3223226111957,605.7905400716276,54.14,15.0
2025-07-11 23:00:00,1845.3223226111957,1846.2600743387234,1845.3223226111957,1846.2600743387234,125.02619706369228,54.14,15.0
2025-07-14 16:30:00,1845.8912328646193,1856.4899763361193,1740.5871647444076,1746.7551146451162,174.1044585379369,52.72,15.0
2025-07-14 16:45:00,1745.9503578024169,1761.2614824165764,1743.294036254597,1759.2734619972723,99.55577685551903,52.77,15.0
2025-07-14 17:00:00,1759.0008453257612,1760.1284868918535,1747.1304892881076,1747.9904467164347,84.95194934302627,52.65,15.0
2025-07-14 17:15:00,1747.9490383317482,1757.1248397053607,1746.5027469968034,1754.4826121245085,41.150725603538476,52.55,15.0
2025-07-14 17:30:00,1754.169932774708,1759.3257890629702,1737.366943356005,1738.4118570388796,72.37547117487973,52.78,15.0
2025-07-14 17:45:00,1738.1771649678303,1747.0691985035737,1738.0307515227673,1744.9214729307666,31.48161687595449,52.64,15.0
2025-07-14 18:00:00,1744.9576918844257,1748.4326381194874,1732.355043212391,1733.1963363577618,161.9181348459721,52.64,15.0
2025-07-14 18:15:00,1734.2522433928596,1735.3278138280064,1716.5708501274512,1717.0291913299925,79.22455059559152,52.68,15.0
2025-07-14 18:30:00,1716.7343126348028,1742.492151965228,1715.5887759072896,1741.201297772165,146.73574563795378,53.23,15.0
2025-07-14 18:45:00,1741.2006436348831,1747.385627284304,1740.6885696055106,1746.0757489218604,62.07367287551913,53.08,15.0
2025-07-14 19:00:00,1745.6864482730175,1746.1740945431266,1739.9250301028299,1743.7929164107918,63.01664929994296,53.18,15.0
2025-07-14 19:15:00,1743.9773842465804,1756.3522278467037,1743.294343642711,1754.760709375877,96.81916942658698,53.08,15.0
2025-07-14 19:30:00,1754.9275625173145,1756.1979867924624,1751.8508470686393,1755.885843606052,86.24041440249455,53.19,15.0
2025-07-14 19:45:00,1756.0224569536124,1760.0439855666402,1754.956978105012,1759.858189195747,94.39706347646721,53.24,15.0
2025-07-14 20:00:00,1760.0887444728314,1767.355250838499,1759.7617911194632,1765.6180340105648,91.66870535877798,53.35,15.0
2025-07-14 20:15:00,1765.5002924857813,1765.5627966450702,1759.4603966350032,1761.1064178521065,93.42508819280444,53.15,15.0
2025-07-14 20:30:00,1761.071166039832,1766.930909564666,1760.8926770844432,1766.3038678987189,80.06369322702872,53.14,15.0
2025-07-14 20:45:00,1766.7206168167697,1767.5116248018182,1762.9415027875739,1764.1383674098788,115.44566701691303,53.07,15.0
2025-07-14 21:00:00,1764.3059923046892,1764.6319545121598,1763.8789147590567,1763.9220744374074,73.19005733600613,53.16,15.0
2025-07-14 21:15:00,1763.6633873300095,1774.1318521557962,1763.0962440210046,1772.988861494861,59.61985108862779,53.17,15.0
2025-07-14 21:30:00,1773.0515178638116,1773.2279743741751,1770.9787926605547,1771.2706260453074,89.27018398805285,53.26,15.0
2025-07-14 21:45:00,1771.1966552569368,1771.4703056558822,1761.3368676235214,1762.6402075930655,87.1374431319324,53.21,15.0
2025-07-14 22:00:00,1762.735386521853,1772.4455348180536,1762.4033258723266,1772.3326392830168,110.11247148169538,53.24,15.0
2025-07-14 22:15:00,1772.4104997045947,1794.36489167304,1772.3812791195749,1792.816737625409,130.37422926759248,53.2,15.0
2025-07-14 22:30:00,1792.1711813194308,1792.550815115606,1786.256947605559,1787.1463765352198,185.92184445792805,52.85,15.0
2025-07-14 22:45:00,1787.2489327288388,1788.686033605676,1760.0555392187655,1760.8386661262846,930.1095045021864,52.62,15.0
2025-07-14 23:00:00,1760.8386661262846,1763.988779897353,1760.8386661262846,1763.988779897353,226.08196691850003,52.62,15.0
2025-07-15 16:30:00,1764.3200173452792,1765.6563486126686,1753.344579083081,1757.0561560430228,76.25429888743597,52.56,15.0
2025-07-15 16:45:00,1757.196429765319,1760.2437067645922,1756.7391374329318,1758.4684299707526,66.95295411219699,52.54,15.0
2025-07-15 17:00:00,1758.9915688970061,1760.1184039409056,1748.0027065786594,1750.0810369367791,69.63507966511202,52.92,15.0
2025-07-15 17:15:00,1750.5766510924811,1774.3697565292878,1738.2424268073553,1771.8581713566964,167.6428791418327,51.9,15.0
2025-07-15 17:30:00,1771.866906905023,1785.3781276190803,1769.1878382706477,1783.7693608897252,135.81863699196035,52.17,15.0
2025-07-15 17:45:00,1784.146474922009,1784.5967121907624,1767.0223175412625,1767.2879891284383,141.5738545120947,52.05,15.0
2025-07-15 18:00:00,1768.2624049143851,1783.791312568403,1767.702659112755,1780.1322150849064,98.23252198530568,51.89,15.0
2025-07-15 18:15:00,1780.4813060119645,1813.9047340698978,1779.7178506793668,1812.8866115023902,81.7272692028207,52.12,15.0
2025-07-15 18:30:00,1812.9346849900953,1815.4260503066364,1812.3919002946404,1815.4153928976846,71.91043877689629,52.06,15.0
2025-07-15 18:45:00,1815.5391476646619,1817.53007641149,1811.3873055024178,1812.6348253836488,82.77599787738666,51.97,15.0
2025-07-15 19:00:00,1812.7189372509185,1812.7661320940397,1811.312569254247,1811.8176634863937,149.2177862619442,51.89,15.0
2025-07-15 19:15:00,1811.8208033095414,1816.3701062531904,1811.5104397847745,1816.3315613806878,74.89194605754395,51.78,15.0
2025-07-15 19:30:00,1817.019888384699,1817.6831328648816,1797.7718668299547,1799.3018183606243,53.20431664323326,52.04,15.0
2025-07-15 19:45:00,1799.0636876517283,1802.7685720075647,1796.8855149488406,1801.8197236113779,54.844164812116865,51.86,15.0
2025-07-15 20:00:00,1802.003301012547,1802.5160369265448,1801.612471126156,1801.8687507069446,52.893672951840884,51.94,15.0
2025-07-15 20:15:00,1801.842076681646,1817.753993761168,1800.6891492666,1817.650254517433,67.36744988397733,51.89,15.0
2025-07-15 20:30:00,1817.3521835435797,1818.793988790086,1816.6436367208203,1817.8674052582705,68.70471065177638,51.92,15.0
2025-07-15 20:45:00,1817.8334801260808,1830.664372067274,1817.1518793644407,1830.4580162082354,74.57794648672598,51.96,15.0
2025-07-15 21:00:00,1830.35951543988,1832.1065594036716,1822.6808239060272,1823.8770376264308,98.01832687941857,51.93,15.0
2025-07-15 21:15:00,1824.1341013569877,1834.2797536910907,1822.7410079827316,1831.9595161501595,188.04276264347914,51.56,15.0
2025-07-15 21:30:00,1831.972093715273,1834.6475331234235,1830.892120035222,1834.4353558059636,199.06999915776447,51.57,15.0
2025-07-15 21:45:00,1834.2512393451864,1835.6488998946159,1827.8420577938257,1828.7787756916323,197.13699403123857,51.48,15.0
2025-07-15 22:00:00,1829.0905399968578,1831.972425072255,1828.1826890456057,1831.0982857949607,270.39879512558343,51.49,15.0
2025-07-15 22:15:00,1831.3639842983475,1845.2069282217922,1830.437053576264,1842.1719520469119,192.32979912458845,51.41,15.0
2025-07-15 22:30:00,1842.5417141985133,1843.0785062535988,1838.5450793147081,1839.4339007819597,277.63617284939767,51.35,15.0
2025-07-15 22:45:00,1839.4941673160922,1842.0422779567962,1823.7994527226836,1824.6027686267162,644.8927387515361,51.41,15.0
2025-07-15 23:00:00,1824.6027686267162,1825.6541592521253,1824.6027686267162,1825.6541592521253,122.59479427120952,51.42,15.0
2025-07-16 16:30:00,1825.900194178933,1828.9657143285783,1814.852826583473,1817.1537120298538,27.849635578636637,51.72,15.0
2025-07-16 16:45:00,1817.0313224104427,1818.5859944095334,1814.0654873630517,1814.1383939749965,45.280582308957,51.49,15.0
2025-07-16 17:00:00,1814.1935234224227,1814.7952383085817,1810.6053434066237,1811.77999211472,86.07976347674456,51.15,15.0
2025-07-16 17:15:00,1811.7185575967658,1812.7116497422,1790.2578642973128,1791.7850609343361,87.77554328153936,51.23,15.0
2025-07-16 17:30:00,1791.3360676966267,1792.1422053945137,1772.7637362052599,1776.0719538168926,28.62933293444189,51.31,15.0
2025-07-16 17:45:00,1776.1327326694297,1788.1892077070158,1773.3771399908344,1785.7860185716945,129.96873427143353,51.15,15.0
2025-07-16 18:00:00,1785.7065791104478,1786.1587488646642,1784.7394304873642,1785.3417776053693,34.47355062211359,51.28,15.0
2025-07-16 18:15:00,1785.2106914835226,1787.7529301940758,1733.7261803767803,1735.094785465434,270.213263421393,51.06,15.0
2025-07-16 18:30:00,1735.2181459556577,1748.1802289481197,1733.815067215343,1747.879988559403,68.09061633433475,50.98,15.0
2025-07-16 18:45:00,1748.5677228211478,1762.6910163137566,1747.886984363468,1759.0825656849895,55.25248424141947,51.35,15.0
2025-07-16 19:00:00,1758.7317846867766,1759.5304882976136,1748.3631201140502,1749.0083472975675,51.349226105930356,51.04,15.0
2025-07-16 19:15:00,1748.9512833826038,1749.2562992107476,1744.8776819008078,1744.980975114379,24.985107784494417,51.18,15.0
2025-07-16 19:30:00,1744.8593618281332,1753.0381178456073,1744.8579812088276,1752.6078193647224,62.3460407328069,51.1,15.0
2025-07-16 19:45:00,1752.3351002030647,1763.5431804583245,1752.1586981999221,1761.2329956736821,91.60733005654438,51.29,15.0
2025-07-16 20:00:00,1761.169989427446,1774.0035353993103,1760.6242984799385,1773.559066598076,20.645243557915073,51.32,15.0
2025-07-16 20:15:00,1773.5361670596342,1777.5335830651316,1772.9704777905597,1777.2828075088487,36.181573260595144,51.24,15.0
2025-07-16 20:30:00,1777.4256020843504,1784.1414772302583,1777.2446858502594,1783.182581663636,36.51609816048814,51.25,15.0
2025-07-16 20:45:00,1783.2267264351888,1785.3735182615544,1782.3896400331014,1785.094003047866,28.32815609728002,51.33,15.0
2025-07-16 21:00:00,1784.892412521725,1793.4659839446776,1784.6763391533198,1792.9555814624616,47.15578034294979,51.33,15.0
2025-07-16 21:15:00,1793.8195740488986,1814.005900077825,1793.1668902855652,1813.9144959495297,247.69489184006125,51.86,15.0
2025-07-16 21:30:00,1814.0045670631816,1819.711123984113,1813.4946842553516,1819.3353081868318,59.83748229101911,51.81,15.0
2025-07-16 21:45:00,1819.067912939035,1821.2756455895442,1815.4451099725459,1815.452265580567,79.36131049003288,51.89,15.0
2025-07-16 22:00:00,1815.6987308608193,1816.4012074928337,1812.7241417266334,1813.1709596461667,99.63387786363049,51.83,15.0
2025-07-16 22:15:00,1813.2229279561873,1813.5559684495952,1812.5136267140015,1812.7097049931126,134.67446259892867,51.96,15.0
2025-07-16 22:30:00,1812.6798618763412,1819.660295384421,1811.0361863635403,1819.5533781949066,143.7119751000832,51.94,15.0
2025-07-16 22:45:00,1819.6254748481574,1831.4374784839058,1818.044856783454,1830.87070683924,420.0217940410543,51.8,15.0
2025-07-16 23:00:00,1830.87070683924,1831.675422794077,1830.87070683924,1831.675422794077,145.14652310211463,51.79,15.0
2025-07-17 16:30:00,1831.9873364006683,1834.9992350241882,1826.6173449964044,1826.7203704843594,40.98541474628715,52.23,15.0
2025-07-17 16:45:00,1826.8156493092654,1834.6311855140689,1825.1970444292313,1831.1258513586401,20.603720158235806,51.87,15.0
2025-07-17 17:00:00,1831.0614889184328,1832.0069401097928,1830.03350350537,1830.5014796680202,50.85060404378408,51.9,15.0
2025-07-17 17:15:00,1829.9218542088465,1841.2693657154393,1829.8410467117255,1841.0438685165013,37.34497556089332,51.85,15.0
2025-07-17 17:30:00,1841.1723587860301,1841.7026244515398,1821.5422898800323,1821.8542460489036,25.163609475096088,51.9,15.0
2025-07-17 17:45:00,1821.6681443383684,1828.6960101371003,1810.1031261632631,1810.396551932854,77.54679363753743,52.25,15.0
2025-07-17 18:00:00,1810.6191364449744,1812.037744500886,1803.0606006380656,1803.208016336135,108.31892852860369,52.17,15.0
2025-07-17 18:15:00,1803.345832231735,1804.6065103258595,1779.0141390761728,1780.8607784713176,36.61422310482012,52.2,15.0
2025-07-17 18:30:00,1780.7981473347265,1781.0979005896172,1777.0799305307632,1777.2385443401747,21.201965787389256,52.24,15.0
2025-07-17 18:45:00,1777.5854424904517,1777.6914755962298,1766.4364506415243,1769.4263349270389,61.91835496789859,52.38,15.0
2025-07-17 19:00:00,1769.4632368159603,1770.1173027233885,1768.8579734803347,1769.9505187261007,133.3018230820553,52.24,15.0
2025-07-17 19:15:00,1769.9817328333363,1781.5825951720708,1769.5151647399907,1781.095989266357,269.9975306990627,52.32,15.0
2025-07-17 19:30:00,1781.0564733157112,1783.6635594681895,1779.3545183458705,1783.0526181223247,89.68432162794244,52.61,15.0
2025-07-17 19:45:00,1783.3915890710978,1783.7105398958897,1776.3360863074715,1778.7012703262117,28.162289230955036,52.72,15.0
2025-07-17 20:00:00,1778.5803349570963,1784.0297298531834,1778.2172796592617,1781.7597306532468,141.48614884796132,52.83,15.0
2025-07-17 20:15:00,1781.6947626255705,1793.7154770597226,1780.8238317897785,1792.6374681183631,89.75766546024502,52.91,15.0
2025-07-17 20:30:00,1792.2309963116077,1793.0783487984984,1783.341277970602,1784.1991439230924,73.84047507672581,53.06,15.0
2025-07-17 20:45:00,1784.3531667582724,1784.9630843845277,1777.1893992448352,1779.1709981302065,63.469951483193846,52.99,15.0
2025-07-17 21:00:00,1779.066124942908,1786.913383749685,1777.6855176587185,1785.2564353139683,118.82600790188924,52.95,15.0
2025-07-17 21:15:00,1785.1767401252616,1787.1893774076805,1784.29924450796,1786.3666915174026,41.674047537001236,52.95,15.0
2025-07-17 21:30:00,1786.3119119378734,1791.2922682051008,1786.2374634104297,1791.1954476061453,72.32614523359251,52.93,15.0
2025-07-17 21:45:00,1791.202758885658,1794.7657137734916,1790.7071368379047,1793.6541704793658,55.07536508597789,52.96,15.0
2025-07-17 22:00:00,1793.375831186418,1803.1573563412048,1792.3524860327004,1802.5356192861677,91.93751019205406,53.09,15.0
2025-07-17 22:15:00,1802.250360262573,1802.789644173198,1799.049313134902,1799.4256294411266,132.86492936158479,53.05,15.0
2025-07-17 22:30:00,1799.4692818925912,1801.800480489971,1799.2552901623149,1801.325715364391,113.50573682455563,53.03,15.0
2025-07-17 22:45:00,1800.653796630522,1805.1513941355395,1799.7271475734458,1802.870270828933,862.2727011985337,53.31,15.0
2025-07-17 23:00:00,1802.870270828933,1804.7643817079504,1802.870270828933,1804.7643817079504,164.17574333513505,53.29,15.0
2025-07-18 16:30:00,1806.3994320138916,1808.1958472095455,1738.9523415861677,1743.841249436189,115.33603297674378,52.9,15.0
2025-07-18 16:45:00,1743.7681579515693,1757.3927977878245,1740.8079014470138,1757.1267203351908,112.9535427175777,52.67,15.0
2025-07-18 17:00:00,1757.4296752432924,1760.6700011509326,1756.2733819207622,1758.8117009046919,67.6045522466847,52.87,15.0
2025-07-18 17:15:00,1758.8014191302475,1760.620277098628,1742.4245659179353,1743.9970735114323,191.01010339970043,52.56,15.0
2025-07-18 17:30:00,1744.810534221101,1745.5512545681986,1741.9394012800421,1744.2916975584553,78.19714103532945,52.34,15.0
2025-07-18 17:45:00,1744.0693094850126,1771.2007193939562,1742.0875065097944,1769.3122063215196,224.87120907351704,52.52,15.0
2025-07-18 18:00:00,1768.886176747938,1769.3982215792282,1756.5669139669053,1757.333582728676,92.25174053600823,52.55,15.0
2025-07-18 18:15:00,1757.3183399375007,1757.8957270054202,1749.0980071411725,1750.6010545615152,93.46777194293603,52.62,15.0
2025-07-18 18:30:00,1751.2707257535624,1752.7635997320383,1738.155950844495,1738.1764605138123,64.13162547550763,52.25,15.0
2025-07-18 18:45:00,1738.4712505375733,1775.522607330091,1737.5578396356238,1773.9942296360182,52.379065177655896,52.61,15.0
2025-07-18 19:00:00,1773.8304038127458,1781.0995102980057,1769.6360282746953,1778.4167095065059,34.842128771878244,52.38,15.0
2025-07-18 19:15:00,1778.549152930379,1790.5638239828304,1776.3025300513702,1790.340033248255,45.63873762406568,52.1,15.0
2025-07-18 19:30:00,1790.5149797928013,1790.7346240589989,1782.9855530023033,1783.9039370944456,43.820900301432296,51.95,15.0
2025-07-18 19:45:00,1783.8667388535891,1786.794289836662,1766.2869677102851,1769.2327857867338,161.89191816815392,52.07,15.0
2025-07-18 20:00:00,1770.2903925325093,1781.1677571761159,1768.4044588267989,1779.8981594575716,19.831721934755983,52.25,15.0
2025-07-18 20:15:00,1779.7501168772887,1782.619856249653,1778.3738244673734,1782.1616695056293,182.7516152576234,52.13,15.0
2025-07-18 20:30:00,1782.321023029091,1788.2703158582021,1781.5113494448503,1787.6958270189266,102.23095228448751,52.12,15.0
2025-07-18 20:45:00,1787.8734598610595,1790.8100470002219,1786.72349590228,1787.4822471640393,86.41932596568213,52.0,15.0
2025-07-18 21:00:00,1787.341342313429,1793.1608066850324,1786.2782908768881,1790.8366578426899,47.35965751399609,51.87,15.0
2025-07-18 21:15:00,1790.7152178509725,1794.8857060397654,1790.0527964876085,1794.7279964054248,124.1393706505137,51.89,15.0
2025-07-18 21:30:00,1794.8898276987366,1802.8539560753522,1793.5402952046036,1802.440788063916,150.5841331500706,52.06,15.0
2025-07-18 21:45:00,1802.4776115464574,1812.9573694172313,1801.7343650068278,1812.9507571607246,87.65054871377222,52.23,15.0
2025-07-18 22:00:00,1813.0080776936913,1813.3036053419357,1804.0164755008225,1804.6668804715848,44.323421043810484,52.27,15.0
2025-07-18 22:15:00,1804.3894999241534,1804.4909183621096,1790.8242378267528,1792.2450207992247,252.6806111478222,52.24,15.0
2025-07-18 22:30:00,1792.4466169949121,1804.1683428804056,1791.883386069898,1804.105956358605,207.0653127390441,52.02,15.0
2025-07-18 22:45:00,1804.2246908367317,1827.0422304528747,1804.0896909733901,1823.8999117197498,1109.4313010290457,52.03,15.0
2025-07-18 23:00:00,1823.8999117197498,1824.9624975543106,1823.8999117197498,1824.9624975543106,168.67954860652733,52.02,15.0
2025-07-21 16:30:00,1825.822977976652,1826.3271759446145,1651.4088598388578,1653.5752393284786,668.863332703439,50.62,15.0
2025-07-21 16:45:00,1653.2630138790303,1665.2471494942308,1650.2930355219974,1664.0561339761657,544.0550757778548,50.87,15.0
2025-07-21 17:00:00,1663.5355273938026,1700.1699944284355,1661.297916441021,1699.8290914495701,104.90540347286718,50.88,15.0
2025-07-21 17:15:00,1699.7060553614174,1740.8615709496635,1697.1094842014782,1739.945130321954,98.48459399893153,51.16,15.0
2025-07-21 17:30:00,1739.7286880063834,1752.5130105654323,1737.662178477148,1750.4733050204588,94.88217903933014,50.91,15.0
2025-07-21 17:45:00,1751.004765775358,1752.0300635770777,1750.7628189813315,1751.380358987606,84.34119488406633,51.07,15.0
2025-07-21 18:00:00,1751.6895768963627,1754.0565945719866,1741.305309851841,1741.5439295391411,198.0470064512706,50.81,15.0
2025-07-21 18:15:00,1741.4002499389758,1744.682734364772,1740.9153558711334,1744.3157500816947,61.696030160519456,50.72,15.0
2025-07-21 18:30:00,1744.6394283582815,1746.607523473796,1744.4361152453464,1746.45047128673,116.74593936889308,50.81,15.0
2025-07-21 18:45:00,1746.2715796458326,1747.5460748341686,1730.454507599635,1731.7233601309022,195.66498873505242,50.45,15.0
2025-07-21 19:00:00,1731.7324121159584,1760.921420014092,1731.213157118203,1757.8780900096097,178.2354882117585,50.38,15.0
2025-07-21 19:15:00,1758.2109363729717,1787.8317165412586,1755.1538402161968,1783.9305086939125,114.2635015622402,50.24,15.0
2025-07-21 19:30:00,1783.5547425993507,1795.0797041086857,1781.938794870926,1794.818020467499,68.03246857940668,50.38,15.0
2025-07-21 19:45:00,1794.7677853886703,1797.0826450433426,1789.131444222108,1789.8831553208704,173.4317702619163,50.46,15.0
2025-07-21 20:00:00,1789.7373409892928,1800.9242630548501,1788.1586738510946,1799.8187730460722,154.33984589767854,50.48,15.0
2025-07-21 20:15:00,1799.857891111404,1807.8744555067974,1799.3058387229346,1806.8085273778472,103.86903510310124,50.62,15.0
2025-07-21 20:30:00,1806.890876830499,1813.0215017900005,1804.697773336473,1812.6144460245846,136.78466917717256,50.74,15.0
2025-07-21 20:45:00,1812.6005278768207,1821.8288081534808,1811.7551676154142,1821.5022579613033,184.03336318080713,50.66,15.0
2025-07-21 21:00:00,1821.4642596746853,1830.8026880063126,1820.874030725636,1830.282954778195,130.70592332881333,50.76,15.0
2025-07-21 21:15:00,1830.6215694851437,1840.7247620418327,1829.8796821616254,1840.4293830539743,251.6062028397709,50.88,15.0
2025-07-21 21:30:00,1840.474110744098,1844.3296781084086,1840.1754171237942,1843.8637487414198,181.117279088864,50.82,15.0
2025-07-21 21:45:00,1843.8826248498503,1850.3231730754703,1842.3295169779983,1846.939017345408,160.12373466294355,50.41,15.0
2025-07-21 22:00:00,1847.0095314035045,1847.6846519465607,1813.5116384939674,1813.5199846135124,242.36669793121396,50.08,15.0
2025-07-21 22:15:00,1813.8701718472341,1816.8539455602834,1813.1617183520168,1815.6307034547356,337.47288596744994,50.15,15.0
2025-07-21 22:30:00,1815.6746191253214,1817.425669168366,1809.259744445322,1810.7910766945706,262.89083936023457,50.06,15.0
2025-07-21 22:45:00,1810.5348519005042,1811.4827339842914,1789.478684537879,1789.940400730721,1389.2508458451819,50.26,15.0
2025-07-21 23:00:00,1789.940400730721,1791.787932262314,1789.940400730721,1791.787932262314,112.02464302555258,50.27,15.0
2025-07-22 16:30:00,1787.6699842400942,2023.7538012222074,1780.8991575617304,1995.2117973386084,330.0527307701863,53.05,15.0
2025-07-22 16:45:00,1994.8752615470285,2032.699896189662,1986.1137805145509,2029.1716570892775,241.20882470782698,53.31,15.0
2025-07-22 17:00:00,2029.0579590226778,2037.231873771679,2024.6883634151627,2029.7139362341068,176.2694744639991,52.67,15.0
2025-07-22 17:15:00,2029.4666444505995,2047.4565517816773,2026.8984726852239,2046.0019178602638,352.01042865562954,52.55,15.0
2025-07-22 17:30:00,2046.1991340112716,2047.2293307847094,2037.3590780390443,2037.5807795858782,133.94252779244985,52.09,15.0
2025-07-22 17:45:00,2037.291605589378,2044.5202535798517,2032.6337090759937,2038.1473499179074,153.1674404769879,52.38,15.0
2025-07-22 18:00:00,2037.8372440544915,2040.0801642052097,2016.622975817085,2018.9074888551063,191.75350693874444,52.32,15.0
2025-07-22 18:15:00,2019.2191127063654,2024.967745346492,2017.998887644882,2023.9167886958248,147.4547797464476,52.64,15.0
2025-07-22 18:30:00,2024.3811541910572,2024.9494561670358,2018.6073230950565,2018.7992796236254,102.3132691989004,52.48,15.0
2025-07-22 18:45:00,2018.5176969071374,2019.6539757050498,2001.3770005947151,2001.8213076339168,74.47198813491923,52.45,15.0
2025-07-22 19:00:00,2001.891039124416,2003.2912672659309,1997.706391798714,1998.5110858471626,60.37517392375226,52.64,15.0
2025-07-22 19:15:00,1998.188089649383,1998.8352924251456,1993.2134061357442,1993.3331321753578,62.51355133784679,52.54,15.0
2025-07-22 19:30:00,1992.89561467984,2009.201599257814,1992.0822742181795,2008.3416454275662,104.73454695602777,52.44,15.0
2025-07-22 19:45:00,2008.160710680007,2016.4847081529044,2007.20427365416,2015.234951408991,107.47018324678326,52.6,15.0
2025-07-22 20:00:00,2015.4875100710883,2016.372339671075,2010.940112337725,2011.195560811975,140.83382008365982,52.65,15.0
2025-07-22 20:15:00,2010.9314994242966,2013.5397418318687,2008.7125874492929,2010.570507588816,216.8748421108119,52.74,15.0
2025-07-22 20:30:00,2010.4494329864135,2010.4859359437319,2005.7598964173728,2005.9294328496026,119.70619410731766,52.66,15.0
2025-07-22 20:45:00,2005.940522900909,2006.7551420836319,1997.791189990718,1997.8239779407736,160.08547827035957,52.43,15.0
2025-07-22 21:00:00,1997.8314444396628,1998.5729370090214,1985.0610447076933,1986.045129875805,90.00643234764533,52.46,15.0
2025-07-22 21:15:00,1985.8787297049635,1986.901119330821,1982.0748704647547,1982.3616419960083,79.25028566451354,52.62,15.0
2025-07-22 21:30:00,1982.8457440381883,1984.9964537898245,1970.5573167324465,1973.187406691159,105.44297517576976,52.76,15.0
2025-07-22 21:45:00,1973.1311657784534,1973.991764987945,1960.1033699503605,1961.0575061943064,126.74283967827661,52.87,15.0
2025-07-22 22:00:00,1961.0851902769161,1964.6639436978235,1960.5517718229103,1963.8824083161608,112.41322761858632,53.02,15.0
2025-07-22 22:15:00,1963.7972554646503,1965.4770455393198,1963.3156329084038,1964.914301491802,133.406939856249,53.14,15.0
2025-07-22 22:30:00,1965.0495099902378,1966.854938068785,1939.4361620463994,1942.8379534740202,173.3007459763282,53.27,15.0
2025-07-22 22:45:00,1943.1782102372026,1945.4625558852197,1937.526052141725,1938.2960926400713,639.6872760817419,53.11,15.0
2025-07-22 23:00:00,1938.2960926400713,1938.2960926400713,1936.2969802600214,1936.2969802600214,198.84502774961166,53.12,15.0
2025-07-23 16:30:00,1935.4568994027895,1990.6935865815801,1933.6988481929961,1990.373805832701,540.0243564232298,55.0,15.0
2025-07-23 16:45:00,1991.4353285565803,2024.0462113821363,1986.6632819867796,2021.1536788964381,236.64553493124254,54.68,15.0
2025-07-23 17:00:00,2021.363376983727,2021.8417996483354,2019.8536258303864,2020.3011112682584,274.3427046067899,55.08,15.0
2025-07-23 17:15:00,2021.0033559462163,2024.7388070334005,1994.5857413847082,1995.7685913416935,145.86333312569838,55.35,15.0
2025-07-23 17:30:00,1995.748144876912,1996.5617823299583,1982.146521354193,1983.1122616438406,125.09979657047089,55.28,15.0
2025-07-23 17:45:00,1983.0349611476413,1986.7039883346606,1981.5743718290194,1986.439646325006,121.5855722140239,55.43,15.0
2025-07-23 18:00:00,1986.7073711088378,1988.3369667391735,1986.347833397564,1986.6191934314215,124.9183739336841,55.32,15.0
2025-07-23 18:15:00,1987.104801770779,2007.8226677134348,1982.0222563901489,2005.1050693037691,117.249610689675,54.97,15.0
2025-07-23 18:30:00,2005.5032744630698,2013.558901097761,2004.4513211097096,2012.6013212405626,148.05428202634042,55.1,15.0
2025-07-23 18:45:00,2012.6833772772552,2015.323713974563,2006.1453730710807,2008.4865774828274,271.94505973915193,55.35,15.0
2025-07-23 19:00:00,2008.4673169882694,2008.5737436731945,1995.0212729183663,1996.3553818062767,90.27349004785874,55.32,15.0
2025-07-23 19:15:00,1995.4430376667522,2000.4150011668385,1986.130412776125,1990.1561354051016,108.55941687443692,55.53,15.0
2025-07-23 19:30:00,1989.4731567242134,1990.447146491158,1986.3076736269109,1987.9470968998767,67.92488581265,55.18,15.0
2025-07-23 19:45:00,1987.8635395126955,1988.6500981887764,1982.0756399265179,1982.6202942371167,125.2698782263283,55.09,15.0
2025-07-23 20:00:00,1982.1652469218366,1984.3577783031217,1970.1818791482694,1972.4374617305502,190.83093700662408,55.31,15.0
2025-07-23 20:15:00,1972.8343180287834,1979.9348970679896,1970.6724435985097,1976.943593137368,185.66166199402923,55.68,15.0
2025-07-23 20:30:00,1976.652066042421,1977.5375621274334,1968.7811251402477,1970.6414938114262,195.74576475798756,55.75,15.0
2025-07-23 20:45:00,1970.3865032664512,1971.104600871553,1952.8319089610777,1954.0450715966242,287.8265197795999,55.41,15.0
2025-07-23 21:00:00,1953.9373578963518,1955.4555490069392,1952.4485179863325,1954.0874985339049,158.34555304251145,55.33,15.0
2025-07-23 21:15:00,1954.2279313200306,1954.3113540830402,1949.981679022018,1950.366989360451,212.67400509577215,55.34,15.0
2025-07-23 21:30:00,1950.1413974542445,1956.909643967806,1949.2779373393698,1950.3144816138185,368.13176866392126,55.14,15.0
2025-07-23 21:45:00,1950.4583074372883,1952.5324127334118,1949.5470259599942,1951.7816394487386,304.81768097781014,55.18,15.0
2025-07-23 22:00:00,1951.8666689566344,1952.7120094386248,1933.7479788401624,1934.2786148681623,465.16048738057435,55.56,15.0
2025-07-23 22:15:00,1934.4987734887764,1935.4665596194463,1927.1321949388514,1928.6891824433837,693.0498478872601,55.58,15.0
2025-07-23 22:30:00,1928.9054151659284,1942.1371608917154,1928.469618385284,1940.697567801518,332.00081593077596,55.56,15.0
2025-07-23 22:45:00,1940.6844563478674,1941.7440973884898,1919.7757372379472,1920.6021666705863,1965.2130588983514,55.31,15.0
2025-07-23 23:00:00,1920.6021666705863,1920.6021666705863,1919.5294919919097,1919.5294919919097,186.03591368590926,55.31,15.0
2025-07-24 16:30:00,1919.1365720851986,1920.978619933564,1798.0475174825497,1807.6854839645155,335.1446818285079,56.01,15.0
2025-07-24 16:45:00,1807.664125574218,1825.1018328624648,1805.5968913459951,1817.2253592423542,565.312262954256,56.85,15.0
2025-07-24 17:00:00,1817.6223978457772,1838.6606520451191,1805.3664028608412,1829.2784252981855,650.0741281619446,58.0,15.0
2025-07-24 17:15:00,1828.6687894663887,1834.9374860270298,1827.24829370916,1829.5053316718875,743.3901167293635,58.22,15.0
2025-07-24 17:30:00,1830.1219260594414,1856.8320110638151,1825.6047874280277,1855.8430786107767,413.5450534155734,58.22,15.0
2025-07-24 17:45:00,1855.8508721316775,1861.3483337092139,1798.6225237596784,1798.8465692526956,318.19103499906424,57.88,15.0
2025-07-24 18:00:00,1798.3003186188828,1811.1389680743637,1793.4482046680234,1810.9396415021859,529.9287989113101,57.93,15.0
2025-07-24 18:15:00,1810.7793993402804,1833.9463686020476,1809.3459127316844,1833.450804685757,512.7964099879667,57.89,15.0
2025-07-24 18:30:00,1834.125215574993,1836.0956546380335,1821.8777894480488,1821.997106837813,907.4948853484408,58.02,15.0
2025-07-24 18:45:00,1822.2223992352797,1824.3115466002505,1817.640813717359,1819.94645212261,460.78169162534545,58.05,15.0
2025-07-24 19:00:00,1820.290876211863,1821.670103821558,1811.5738152979338,1813.5467111984597,151.9453959814038,58.07,15.0
2025-07-24 19:15:00,1813.127280203944,1813.5776810426353,1801.315219341032,1802.9948966777513,186.00179742181166,58.06,15.0
2025-07-24 19:30:00,1802.7467136025032,1805.0969716248492,1797.2512419228449,1799.4623797004629,317.149391840928,57.74,15.0
2025-07-24 19:45:00,1799.2385285014273,1820.7247665372888,1798.2229952997789,1818.885519320979,186.39651844156955,57.62,15.0
2025-07-24 20:00:00,1818.9597718327598,1852.4649909466987,1815.459872602221,1850.814454636926,227.41102999515903,57.95,15.0
2025-07-24 20:15:00,1850.7388551129998,1850.823925294676,1848.4483730535567,1848.526736275349,556.3182473504575,58.16,15.0
2025-07-24 20:30:00,1848.3244372781146,1880.2168423993076,1846.7012292419663,1877.6760501119793,408.42109827371183,57.96,15.0
2025-07-24 20:45:00,1877.5371609703673,1880.8170200162915,1875.4550441595925,1880.7166017024354,407.7491621150903,58.21,15.0
2025-07-24 21:00:00,1880.4809995983,1902.2467635857874,1878.8365512929445,1901.2409473894031,266.6938000051332,58.31,15.0
2025-07-24 21:15:00,1901.1933036362502,1902.5338709826754,1899.7304288186328,1900.8318670194797,767.5420636997385,58.36,15.0
2025-07-24 21:30:00,1901.4806857101635,1906.7169151545163,1898.1060964466344,1900.3378182769247,233.0260977529262,57.87,15.0
2025-07-24 21:45:00,1899.8086738198303,1906.873751076994,1898.6996307688617,1906.7973846671318,248.91521878329667,58.11,15.0
2025-07-24 22:00:00,1906.9148768099399,1945.6429786955673,1905.7287169993435,1945.1977194018398,600.4958865420567,57.96,15.0
2025-07-24 22:15:00,1945.8704597476305,1965.814260476226,1941.7823196186444,1962.4140414711962,464.30475318116555,58.42,15.0
2025-07-24 22:30:00,1962.3577458951622,1964.619334986391,1950.4696830791663,1952.7059655094865,1018.2594906613654,58.41,15.0
2025-07-24 22:45:00,1952.5098087342824,1965.6804679608988,1951.8478856135023,1964.8582439817221,1954.54302559758,58.46,15.0
2025-07-24 23:00:00,1964.8582439817221,1964.8582439817221,1963.1961420172688,1963.1961420172688,121.17785567240804,58.47,15.0
2025-07-25 16:30:00,1962.267893196626,1968.4879956774869,1941.3198497638793,1943.8020087613327,183.74662030415288,58.36,15.0
2025-07-25 16:45:00,1943.7914284647875,1960.3949447840835,1942.3740393994422,1956.8006669085166,245.69061333693858,58.16,15.0
2025-07-25 17:00:00,1956.4149953064662,1959.3687952004414,1952.424856315518,1953.3374788084282,264.0305813142118,57.83,15.0
2025-07-25 17:15:00,1952.5249658472378,1957.680056210532,1952.4918355170842,1957.3144557315234,370.8079465737032,57.98,15.0
2025-07-25 17:30:00,1957.2323165845307,1958.1676941796663,1956.7867606917373,1957.8908789817406,188.6752327137019,58.25,15.0
2025-07-25 17:45:00,1957.3821292918344,1962.9319350354206,1955.4625101455733,1960.79780315701,318.02815126343404,58.18,15.0
2025-07-25 18:00:00,1960.793598309396,1966.766250796611,1960.7483474401163,1966.366565835211,133.23493141326728,58.41,15.0
2025-07-25 18:15:00,1966.8510188334408,1967.4298923922943,1933.1989582664016,1935.6280560855118,184.63154170972444,58.68,15.0
2025-07-25 18:30:00,1935.9227982024338,1938.803058201491,1935.4524519740044,1938.4212592747435,108.85996381488144,58.64,15.0
2025-07-25 18:45:00,1938.4361261690474,1940.0522668978103,1931.3359521881907,1932.2907619319656,253.1109762022115,58.71,15.0
2025-07-25 19:00:00,1932.6363808647443,1933.3650469926267,1912.21969045625,1912.736405173727,558.5234279473491,58.58,15.0
2025-07-25 19:15:00,1912.8463277689525,1914.4009400057716,1911.2242236765198,1911.8613559099465,177.26697908426442,58.56,15.0
2025-07-25 19:30:00,1911.7720394192515,1915.0028105851093,1910.7690227748228,1913.3053528448731,166.78969892949326,58.68,15.0
2025-07-25 19:45:00,1912.9382107639397,1914.3352693628858,1906.357604220067,1907.750267830516,209.85862310223447,58.6,15.0
2025-07-25 20:00:00,1908.129457140256,1916.5308921059875,1907.791180558431,1915.9946128353617,77.60944509332738,58.76,15.0
2025-07-25 20:15:00,1915.7166804291587,1918.1736625327708,1902.1800289197192,1903.1775024350413,209.88948530542189,58.82,15.0
2025-07-25 20:30:00,1903.309380974809,1903.7909822823374,1901.6489045754086,1902.301625220398,110.66624681552229,58.87,15.0
2025-07-25 20:45:00,1902.415395823562,1902.5673315139554,1897.5854653147421,1898.4112303074712,159.4089048195879,58.93,15.0
2025-07-25 21:00:00,1898.2250604367423,1900.612666590745,1898.024643376214,1899.4347224506248,196.381562655681,59.07,15.0
2025-07-25 21:15:00,1899.4710910339522,1901.4753420745046,1897.8561115929847,1901.056505165743,110.43736617588925,59.08,15.0
2025-07-25 21:30:00,1901.3277337005584,1901.450517301355,1896.1958848849586,1896.7403921601774,204.89468293149315,59.09,15.0
2025-07-25 21:45:00,1897.0007641979078,1902.6702687158595,1896.5678144483948,1902.2526541231111,188.0598180558267,59.17,15.0
2025-07-25 22:00:00,1902.138556904685,1905.363016923832,1901.1441640542341,1903.9103852406865,263.79122592684587,59.29,15.0
2025-07-25 22:15:00,1903.797212742918,1904.8526047612447,1892.7293552951458,1893.790914312344,431.188847930577,59.38,15.0
2025-07-25 22:30:00,1893.807904724888,1895.40678124863,1881.8017743857702,1882.350126003077,701.0511816939315,59.4,15.0
2025-07-25 22:45:00,1882.2396276110767,1883.8304848842586,1875.1604622226073,1878.5395561685866,1755.2246770748434,58.77,15.0
2025-07-25 23:00:00,1878.5395561685866,1879.5327160041932,1878.5395561685866,1879.5327160041932,103.29787488267998,58.78,15.0
2025-07-28 16:30:00,1880.1753826504657,1882.7498818625932,1874.8228995389636,1876.4259665111983,284.8517182441797,58.68,15.0
2025-07-28 16:45:00,1875.367941913987,1878.8163893464157,1875.0697475908487,1875.9742113841735,99.49320943370125,58.57,15.0
2025-07-28 17:00:00,1876.256124116225,1887.7905321951544,1875.3003341651477,1884.6991241315743,368.2696116282981,58.95,15.0
2025-07-28 17:15:00,1884.644087347415,1896.2501708095465,1882.145017836796,1895.1641633197294,529.6224183613058,58.81,15.0
2025-07-28 17:30:00,1895.1755670916632,1895.1867753816334,1880.9394419380149,1882.2992609071493,157.11154168798836,58.7,15.0
2025-07-28 17:45:00,1882.4338009325181,1882.8575875400538,1857.5101103120646,1862.2719622174357,183.36502311538226,59.04,15.0
2025-07-28 18:00:00,1862.6911574541803,1863.8261350492803,1850.0733521320126,1851.34564155603,131.20946739868182,59.27,15.0
2025-07-28 18:15:00,1851.6046824329849,1857.2400357231152,1849.8621811790267,1856.985494261712,241.3616068105761,59.41,15.0
2025-07-28 18:30:00,1856.8265943519937,1870.5732045119864,1855.8943359589803,1868.8594131252137,275.8713086270691,59.48,15.0
2025-07-28 18:45:00,1868.8438854050557,1870.351113348737,1866.4012590740358,1866.6686450191344,161.39213702234886,59.57,15.0
2025-07-28 19:00:00,1866.464267556476,1867.0480037742109,1825.906911092566,1828.7207217940454,95.42400458775548,59.91,15.0
2025-07-28 19:15:00,1828.1682255909077,1829.052927038188,1807.0894839927298,1809.653463752017,288.11221290779645,59.74,15.0
2025-07-28 19:30:00,1809.6372378201227,1810.4542647024948,1807.7619868724871,1808.1753167341726,109.0378469087426,59.72,15.0
2025-07-28 19:45:00,1808.468548628345,1809.048785699755,1805.6390376974277,1807.0291294173574,62.74727339285668,59.56,15.0
2025-07-28 20:00:00,1806.4122858067517,1808.8386146899995,1805.3216459865328,1807.3418391945586,112.26639192669185,59.91,15.0
2025-07-28 20:15:00,1807.336484574281,1810.594395378271,1807.2564916332024,1809.826361108393,228.36607891426135,59.75,15.0
2025-07-28 20:30:00,1809.8204121703418,1813.4504677130308,1809.4139775710028,1811.8773104238355,83.2007204526435,59.76,15.0
2025-07-28 20:45:00,1811.932194618379,1823.598687280687,1809.911665701574,1823.055051262572,192.13288319817488,59.86,15.0
2025-07-28 21:00:00,1822.7591944229632,1827.250255671704,1816.7032610924423,1817.5492167323828,362.2544292798837,59.76,15.0
2025-07-28 21:15:00,1817.2169761848984,1817.788893214105,1812.783317182285,1813.9170904178686,146.72085029368893,59.87,15.0
2025-07-28 21:30:00,1813.6395204198564,1822.1491474015083,1812.4151672884534,1821.3944907237278,259.05050419938436,59.99,15.0
2025-07-28 21:45:00,1821.6483601089271,1822.4070078129832,1812.2136486684642,1812.2780134783363,250.7381829306859,59.81,15.0
2025-07-28 22:00:00,1811.5594829354436,1831.2529761382812,1809.2666661740343,1822.606812047419,651.9631269522479,59.35,15.0
2025-07-28 22:15:00,1822.4903475308201,1826.4283073347765,1822.3732508773624,1825.8536472642995,441.1792803478893,59.3,15.0
2025-07-28 22:30:00,1826.9687828693577,1828.4686579740005,1820.6598757906343,1823.5558418218213,675.0202709902354,59.01,15.0
2025-07-28 22:45:00,1823.1512360907823,1855.5804933404172,1822.8730122091454,1855.01991659505,2568.583400808052,58.55,15.0
2025-07-28 23:00:00,1855.01991659505,1856.60139256947,1855.01991659505,1856.60139256947,252.81802414057057,58.55,15.0
2025-07-29 16:30:00,1857.255236552984,1903.039307399164,1855.3989728538995,1903.012507726132,154.70407839740722,58.33,15.0
2025-07-29 16:45:00,1903.6045028898607,1904.612509939229,1897.4169029688992,1900.5506726998233,145.64464639880086,58.65,15.0
2025-07-29 17:00:00,1900.0285781197038,1903.5056323325018,1881.2225370614995,1883.2054455918458,193.6434713340035,58.76,15.0
2025-07-29 17:15:00,1882.8955114658575,1885.3458892783126,1882.7961489991842,1882.8390501869542,118.02862347678648,58.44,15.0
2025-07-29 17:30:00,1882.9479909343145,1884.1092818815403,1867.5339775922644,1869.5564323754743,203.310808095849,58.47,15.0
2025-07-29 17:45:00,1870.3741013789572,1870.5286000112753,1855.212184115081,1857.376042016787,123.12879412700978,58.24,15.0
2025-07-29 18:00:00,1857.2549965217718,1861.5318011938982,1855.8380239862877,1861.135173843622,79.28427293180108,58.24,15.0
2025-07-29 18:15:00,1860.8840955330886,1872.942371997728,1858.2732191794091,1870.2155426059628,120.10228567492244,57.87,15.0
2025-07-29 18:30:00,1870.3667138916671,1872.9994481682097,1857.8368474827482,1861.4940738588655,214.37401002241586,57.66,15.0
2025-07-29 18:45:00,1861.7436006618245,1883.1668091155068,1858.9943998373385,1878.4021781930605,394.98607044779084,57.82,15.0
2025-07-29 19:00:00,1878.589602468354,1889.7175097518882,1877.6113176775768,1889.4081919286552,113.87213425241322,57.62,15.0
2025-07-29 19:15:00,1889.2198471053257,1901.7050478158721,1889.089953965131,1901.5512978403865,94.47260273400376,57.63,15.0
2025-07-29 19:30:00,1901.415983584437,1909.046886792793,1900.105171514876,1907.3265582510312,103.08998809404268,57.75,15.0
2025-07-29 19:45:00,1907.3630967801394,1917.7315129424096,1905.359335502281,1916.2813801303842,70.27993669982608,57.84,15.0
2025-07-29 20:00:00,1916.6693034232087,1919.6358365185317,1893.789626569241,1896.5889578531512,244.48846908257278,58.11,15.0
2025-07-29 20:15:00,1896.5510497510836,1896.9190410643685,1894.1013193550614,1895.3304773717532,122.17281308759294,58.16,15.0
2025-07-29 20:30:00,1895.3210240760625,1895.3626610730355,1880.3326691255295,1880.519933845998,114.23077034722125,57.93,15.0
2025-07-29 20:45:00,1880.324242798292,1883.9912426849141,1879.3889238578731,1881.897579225292,197.1018338022333,57.91,15.0
2025-07-29 21:00:00,1882.1937473900223,1883.0060542107208,1879.37626496758,1879.4184292710884,69.91431789033525,57.94,15.0
2025-07-29 21:15:00,1879.4413153317735,1880.7537424664024,1878.2610782320753,1879.0935129997993,57.62921717557948,57.92,15.0
2025-07-29 21:30:00,1879.3219315330857,1896.9678673232775,1878.8868103423245,1895.7174746053863,77.40297123097777,58.1,15.0
2025-07-29 21:45:00,1895.721593259977,1896.5601363722142,1894.5283358495637,1895.619884281456,203.54309235142293,58.17,15.0
2025-07-29 22:00:00,1895.6433771500149,1901.922271041106,1895.0084771070367,1901.072185058431,340.9146058584499,58.31,15.0
2025-07-29 22:15:00,1900.7383120096013,1901.1995174271221,1898.0918076133985,1898.4782316150322,309.4918808649306,58.19,15.0
2025-07-29 22:30:00,1897.6121530097869,1900.2649263620444,1896.6728329265147,1897.748828303669,342.9585655083781,57.9,15.0
2025-07-29 22:45:00,1897.9876233635034,1899.5429500902233,1897.5572708681577,1897.7408178073083,1142.764540086806,57.87,15.0
2025-07-29 23:00:00,1897.7408178073083,1897.8965480593838,1897.7408178073083,1897.8965480593838,180.61685321205564,57.87,15.0
2025-07-30 16:30:00,1898.1043616060147,1944.699572313794,1895.6517329019528,1939.7200322126853,101.53000261545385,57.68,15.0
2025-07-30 16:45:00,1939.283238424385,1962.466775945605,1938.4422332785578,1960.8298802441861,86.0453882166473,57.84,15.0
2025-07-30 17:00:00,1960.284405237465,1964.1344137538613,1957.8961177573792,1962.9061421327647,125.29836399671908,57.41,15.0
2025-07-30 17:15:00,1963.378943447293,1973.33875360029,1960.0000270876733,1972.1846470721885,126.07033866836008,57.63,15.0
2025-07-30 17:30:00,1972.6456530164241,1973.673104127293,1958.5621752008797,1958.6648957198593,150.67760023262576,57.6,15.0
2025-07-30 17:45:00,1958.5793086957083,1958.781090701926,1954.9638051307272,1956.491795398407,131.27268550035785,57.6,15.0
2025-07-30 18:00:00,1956.577183594737,1960.5816075368787,1955.860280444907,1959.918490118745,97.45768726952531,57.7,15.0
2025-07-30 18:15:00,1959.9507091112166,1963.705126791571,1958.1380041913085,1963.061962626819,161.5556473604099,57.63,15.0
2025-07-30 18:30:00,1963.0428040174813,1963.234314168966,1962.4625315139103,1962.5111707176782,112.91463438945149,57.64,15.0
2025-07-30 18:45:00,1962.9036735124882,1967.7303171762992,1961.1430314775712,1967.2100733603636,180.60005053207303,57.59,15.0
2025-07-30 19:00:00,1967.1140221460882,1971.1119067748941,1966.3657311984434,1970.3078183506034,66.11101931561322,57.77,15.0
2025-07-30 19:15:00,1970.4655917696518,1975.3947396824387,1970.0814709493407,1974.568432831884,90.82977040609363,57.87,15.0
2025-07-30 19:30:00,1974.5967263312052,1975.3240843594222,1973.276766207708,1973.630237320813,71.3268847244984,57.93,15.0
2025-07-30 19:45:00,1973.6270157616193,1974.1044159547332,1966.092199437037,1968.1864921057079,68.9754501482372,57.81,15.0
2025-07-30 20:00:00,1968.5063548164821,1970.7432445027032,1967.3119591102475,1970.3586149044506,76.05584225382034,57.99,15.0
2025-07-30 20:15:00,1970.3862858032758,1971.2250749735088,1957.0846949633847,1957.9716698374157,67.42291766886483,57.97,15.0
2025-07-30 20:30:00,1957.9440801873877,1964.208212203939,1956.6152348678704,1962.265973069964,89.26899518539689,58.24,15.0
2025-07-30 20:45:00,1962.660656277352,1962.8997946152085,1918.1732187859423,1921.2998444928844,99.1506605931659,58.1,15.0
2025-07-30 21:00:00,1921.7499495790191,1922.54958227733,1895.0020603463815,1896.404214952177,147.22222176170916,57.87,15.0
2025-07-30 21:15:00,1896.6334838301082,1900.5279483373893,1896.2638475439683,1900.1129427242515,119.06261830204991,57.92,15.0
2025-07-30 21:30:00,1898.2177926036456,1910.862261077736,1897.246205599077,1908.7432472951202,190.50567071036002,57.92,15.0
2025-07-30 21:45:00,1909.0044612588222,1917.766736639061,1877.1584310456315,1879.6124889590571,257.06403506952097,57.4,15.0
2025-07-30 22:00:00,1879.673179501758,1880.8522621657537,1871.3156740468553,1873.0243860515695,287.06700928249455,57.44,15.0
2025-07-30 22:15:00,1873.012563824822,1889.589799019547,1872.7891102105393,1889.387890711357,259.40087762103724,57.23,15.0
2025-07-30 22:30:00,1889.568821439911,1889.7625927366864,1882.305305505342,1883.9686601883777,331.6001983253715,57.17,15.0
2025-07-30 22:45:00,1884.1370879795056,1949.4628668715634,1883.9791348364731,1941.3655145339944,1567.9674229982259,57.71,15.0
2025-07-30 23:00:00,1941.3655145339944,1941.3655145339944,1940.1785936052158,1940.1785936052158,122.49165226496861,57.71,15.0
2025-07-31 16:30:00,1939.9457479510027,1946.792965629998,1934.5510686752261,1942.4906724465438,196.25734609045378,56.36,15.0
2025-07-31 16:45:00,1944.4751928856685,2040.344105590388,1935.891813048378,2028.3453163824936,546.4339267423045,57.61,15.0
2025-07-31 17:00:00,2028.774547374781,2030.6222301261585,2024.626933128812,2024.8438622411647,381.8371548135979,57.28,15.0
2025-07-31 17:15:00,2025.0910749934658,2026.6262617330506,2001.432730054108,2002.7601958664502,256.9607435805163,57.06,15.0
2025-07-31 17:30:00,2002.9485397917074,2005.3986397437843,1998.1127842661317,1998.3413931387809,156.83288165059633,57.1,15.0
2025-07-31 17:45:00,1998.9423127862608,2000.877614473986,1986.0719773158035,1992.6598130610973,145.76913367253118,56.82,15.0
2025-07-31 18:00:00,1993.2119791910907,1997.6572080716883,1958.9521912997102,1960.9351205101307,227.87007686840883,56.57,15.0
2025-07-31 18:15:00,1960.8932940685115,1961.9057653689451,1954.0760273750304,1954.4512792768044,104.26687599744282,56.43,15.0
2025-07-31 18:30:00,1954.6716591919999,1956.0440935561464,1945.7326029540195,1946.4031745363168,61.89561642796487,56.41,15.0
2025-07-31 18:45:00,1946.4419074615116,1954.8628268775515,1946.208306055608,1951.9788165630425,217.73524266933688,56.36,15.0
2025-07-31 19:00:00,1952.5272837835,1953.725222975228,1952.1118846137497,1952.1753590471835,190.2660156032224,56.59,15.0
2025-07-31 19:15:00,1952.408010649666,1953.5743471376145,1948.7479053889983,1949.0062457567828,178.10603485482793,56.7,15.0
2025-07-31 19:30:00,1948.8736545907154,1948.9277634909322,1945.9496001008108,1946.4096004279872,252.7765251836996,56.68,15.0
2025-07-31 19:45:00,1946.7800772242615,1947.8690861205605,1946.337511836036,1946.5067201522377,170.51865136799114,56.73,15.0
2025-07-31 20:00:00,1946.1280411284458,1949.750802899884,1945.6727241371716,1949.5267165463279,88.37172878670108,56.8,15.0
2025-07-31 20:15:00,1949.9657281126665,1955.1513973282888,1912.237192738511,1918.7677167631623,144.43325702810887,56.25,15.0
2025-07-31 20:30:00,1918.5537516707507,1918.6566041985675,1903.1183136115797,1904.8702997143057,164.7153258315097,56.06,15.0
2025-07-31 20:45:00,1905.6481700582115,1919.8106162803851,1904.4797243533396,1919.1197182187325,317.94377250562513,55.77,15.0
2025-07-31 21:00:00,1919.2188403425325,1919.9064464089079,1911.4893238618808,1911.7665043836741,210.56457269630127,55.7,15.0
2025-07-31 21:15:00,1911.2954424333575,1911.768810592558,1880.0048123130352,1882.2610991836489,112.59565136365049,55.99,15.0
2025-07-31 21:30:00,1882.1848502550379,1886.3830399810624,1881.1401817785854,1886.0791148371322,198.47691423776115,55.84,15.0
2025-07-31 21:45:00,1885.8143221731975,1894.0260888473153,1883.887549665016,1891.0430986976553,138.8795560489822,55.64,15.0
2025-07-31 22:00:00,1890.9070058000932,1891.8897107606233,1861.9997902934676,1864.1100943678593,130.98730395345564,55.38,15.0
2025-07-31 22:15:00,1864.0195450423935,1867.845812589804,1862.3805785182544,1866.14693885659,575.5232261458253,55.25,15.0
2025-07-31 22:30:00,1865.7967001611871,1877.7475319209511,1865.7362380890809,1876.7984267253441,409.2057599835851,54.9,15.0
2025-07-31 22:45:00,1876.9243483895225,1883.93579682799,1875.6732212193888,1882.0820063370716,1535.5540978784761,54.72,15.0
2025-07-31 23:00:00,1882.0820063370716,1882.1105387290859,1882.0820063370716,1882.1105387290859,216.49257181300715,54.73,15.0
2025-08-01 16:30:00,1881.0441987907016,1886.5208886694884,1815.5684238253957,1819.825146693712,542.9787118035014,53.72,15.0
2025-08-01 16:45:00,1818.753217397926,1831.4492145862232,1816.5665352422186,1829.6383027133334,207.56775163905547,53.77,15.0
2025-08-01 17:00:00,1829.8656710835028,1834.5001357755104,1815.873672281345,1819.9583236270562,333.7221355118684,53.36,15.0
2025-08-01 17:15:00,1820.2232504999204,1820.4676341733064,1811.5423509130628,1811.6152252053994,252.30725618373793,53.21,15.0
2025-08-01 17:30:00,1811.824153349938,1823.5796015338278,1811.3461565116859,1821.6523218225211,391.58305895427486,53.09,15.0
2025-08-01 17:45:00,1821.8976343342867,1849.5242748540488,1818.519414109585,1849.1964937408409,311.4125348945497,53.37,15.0
2025-08-01 18:00:00,1850.3464491367347,1903.0846032468744,1845.298600950137,1900.7176625613135,120.56388864364031,53.76,15.0
2025-08-01 18:15:00,1901.055771064123,1919.5680287731354,1900.4851574190204,1917.8859020511318,168.0685524610388,53.99,15.0
2025-08-01 18:30:00,1919.390998071019,1920.7188384100793,1915.127760557711,1916.9690696773266,224.60949070723754,54.36,15.0
2025-08-01 18:45:00,1917.6919333826993,1921.5577666108443,1917.097142391354,1920.0908092949678,90.76167116373361,54.54,15.0
2025-08-01 19:00:00,1919.6995678148492,1927.0411902641122,1919.5365252096208,1926.752164259572,174.1120007093405,54.77,15.0
2025-08-01 19:15:00,1926.4262023291167,1926.599454385359,1925.3333161420908,1926.110369525784,132.3475396798799,54.78,15.0
2025-08-01 19:30:00,1926.1078631160585,1927.5891667001479,1923.8447564306027,1925.2556700311395,101.64808588816213,54.62,15.0
2025-08-01 19:45:00,1925.4159699911863,1933.3860238802972,1925.0460546878403,1931.945139934414,107.96670532449922,54.4,15.0
2025-08-01 20:00:00,1931.9274486218235,1932.538457666143,1929.8656461459852,1930.6096610335105,85.53920864408283,54.51,15.0
2025-08-01 20:15:00,1930.8109680491611,1931.353136239627,1921.6507485150432,1922.5466089240533,103.82153056803004,54.67,15.0
2025-08-01 20:30:00,1922.4521053371072,1922.9667119082717,1912.157731530496,1914.1286450294006,116.44832137017345,54.41,15.0
2025-08-01 20:45:00,1913.988923399183,1919.3375027682068,1912.311462635846,1917.3154274639783,197.81999915146625,54.35,15.0
2025-08-01 21:00:00,1917.2118735733673,1917.6316148410133,1916.1415409289723,1916.935938912669,129.34282541939558,54.46,15.0
2025-08-01 21:15:00,1916.8489706703697,1926.144491396922,1913.1479181120892,1923.3323008571792,156.76322590853047,54.76,15.0
2025-08-01 21:30:00,1923.6540929206144,1934.179682139344,1922.2504458503386,1933.5536098219995,172.26650563331395,55.06,15.0
2025-08-01 21:45:00,1933.3730807751965,1936.2202577749656,1924.4650648927154,1924.7517361364678,168.61731257818883,54.75,15.0
2025-08-01 22:00:00,1924.7058032801228,1928.2035837779792,1924.0449496532033,1927.6316124168713,155.56813666160238,54.72,15.0
2025-08-01 22:15:00,1927.7826765754844,1929.7709321834022,1927.5769758461768,1929.1965784191816,226.44251320156127,54.62,15.0
2025-08-01 22:30:00,1929.146019109315,1930.6741749458113,1916.0835172084437,1916.8406155440125,221.01454825433692,54.71,15.0
2025-08-01 22:45:00,1917.1364590314672,1931.812989176798,1915.0843271043416,1931.1062843110449,999.5906830010822,54.9,15.0
2025-08-01 23:00:00,1931.1062843110449,1931.1062843110449,1929.560944598386,1929.560944598386,180.01446165587745,54.89,15.0
2025-08-13 16:30:00,1928.730046337742,1930.0620744545324,1872.167098197717,1873.3011962506305,69.1547290067119,53.41,15.0
2025-08-13 16:45:00,1873.4948847922176,1874.1846630679522,1847.5627828698757,1850.3650057065606,130.36185961898278,53.62,15.0
2025-08-13 17:00:00,1850.6777544640174,1853.7355567031946,1820.4582919565883,1822.079796827321,141.43739710660483,53.62,15.0
2025-08-13 17:15:00,1821.905643909049,1825.6442768946176,1820.6865017719774,1824.6256058048548,122.94191770203234,53.71,15.0
2025-08-13 17:30:00,1825.237841081334,1825.718239364556,1821.4021692674462,1823.5664106040977,107.24725609956505,54.0,15.0
2025-08-13 17:45:00,1824.0355757043242,1827.0451148949667,1820.7932883261806,1821.2692209064949,127.60213662579058,53.88,15.0
2025-08-13 18:00:00,1820.9831269698773,1836.9516148738226,1820.285621145227,1836.4064544055175,33.79552973637529,54.33,15.0
2025-08-13 18:15:00,1836.8792804759726,1843.6767382594037,1834.4482094595933,1843.3799219953087,111.89090775751997,54.58,15.0
2025-08-13 18:30:00,1842.824567974284,1850.0254658123536,1842.6687660956393,1848.0892479206107,134.74989439045302,54.71,15.0
2025-08-13 18:45:00,1848.602406366414,1856.1450229138352,1844.3143734001515,1854.1112503267823,162.80401736861236,54.41,15.0
2025-08-13 19:00:00,1853.8567392961402,1862.5104400946364,1852.4448890375434,1861.8284100880735,117.8086597035718,54.45,15.0
2025-08-13 19:15:00,1861.983561167864,1862.2457547110043,1848.1598639716765,1849.6269558287634,78.26177553345167,54.39,15.0
2025-08-13 19:30:00,1849.4334103282351,1850.0519669999808,1848.0411776977662,1848.2925945320965,91.96136848182424,54.46,15.0
2025-08-13 19:45:00,1848.2802566152263,1848.6630166465868,1833.9291264330393,1834.7371659699054,113.2896205485259,54.45,15.0
2025-08-13 20:00:00,1834.4023601599606,1837.2088069284664,1832.6164520441346,1834.4852208458508,88.48949789593985,54.15,15.0
2025-08-13 20:15:00,1834.4512235607917,1836.3182004600387,1832.8900807022208,1835.5112632873415,104.74223874039262,54.12,15.0
2025-08-13 20:30:00,1836.0154458173895,1848.0950579702585,1834.8462286360343,1846.3831288712308,194.51794735179112,53.99,15.0
2025-08-13 20:45:00,1846.3419516121983,1863.3508367864845,1843.24614295494,1861.8917840519878,369.0061382254221,53.71,15.0
2025-08-13 21:00:00,1862.8086583004613,1868.7254179930621,1861.169204692358,1868.2268901829118,62.0326260943368,54.1,15.0
2025-08-13 21:15:00,1868.1819173305062,1869.095229927896,1866.0948446125942,1866.3304299851948,115.57000097022696,54.1,15.0
2025-08-13 21:30:00,1866.709826165605,1871.7944938566973,1865.4958843908323,1870.517929085359,173.512519593929,54.01,15.0
2025-08-13 21:45:00,1870.2939728449703,1870.3956982720872,1867.6124169940279,1868.5001580041308,82.98787627775616,54.08,15.0
2025-08-13 22:00:00,1868.381749104522,1870.6560239795624,1867.4759369461476,1870.3336220923645,206.78471215045437,54.31,15.0
2025-08-13 22:15:00,1870.2597673080916,1876.4855707906656,1869.3540204852363,1876.0327795661315,129.33045867453708,54.38,15.0
2025-08-13 22:30:00,1876.4727447857167,1878.1666069284931,1870.2135456020205,1871.732082658877,244.15925516670123,54.59,15.0
2025-08-13 22:45:00,1871.781159518477,1881.2528311714018,1871.2529304328646,1880.7175848838683,663.5801860443879,54.72,15.0
2025-08-13 23:00:00,1880.7175848838683,1880.7175848838683,1880.6457570900898,1880.6457570900898,237.80715327030936,54.71,15.0
2025-08-14 16:30:00,1879.4934353520955,1885.3438434762172,1839.0847571127347,1840.1739319209958,116.88122625431485,53.34,15.0
2025-08-14 16:45:00,1839.7554173212875,1863.497226607988,1836.702867379927,1859.8108397494932,22.645930396633638,53.9,15.0
2025-08-14 17:00:00,1860.147375002052,1868.9830246755087,1857.577706887849,1868.0788180952966,144.1530565234039,53.7,15.0
2025-08-14 17:15:00,1868.3859209149182,1870.4611884361755,1865.7746152726547,1870.1608848982369,89.08724747486069,53.77,15.0
2025-08-14 17:30:00,1870.0876685051803,1870.6660211840822,1862.439254705174,1863.6036445441196,100.54117077978631,53.79,15.0
2025-08-14 17:45:00,1863.5048314057426,1864.8190017225852,1858.5132089543754,1858.5259299279078,45.469588795615664,53.83,15.0
2025-08-14 18:00:00,1858.6777607101437,1858.9723070181535,1852.9466386530576,1854.1878218669247,102.52478307657695,53.74,15.0
2025-08-14 18:15:00,1853.9723706235784,1857.8997648375478,1853.202441661233,1857.7926253505073,128.3179773942851,53.63,15.0
2025-08-14 18:30:00,1857.8896233677344,1858.0056519467873,1851.1915468862908,1851.2457933639835,57.242605446842425,53.69,15.0
2025-08-14 18:45:00,1851.3010591918483,1855.1576941705023,1850.7906139351114,1854.7143145219995,55.608032248881806,53.75,15.0
2025-08-14 19:00:00,1854.6182906091997,1857.1609107816873,1837.3730558249529,1837.740590597365,65.41376530989947,53.52,15.0
2025-08-14 19:15:00,1837.8206599863004,1838.0038555604176,1835.1138609396844,1836.9146132839753,66.86789434891364,53.47,15.0
2025-08-14 19:30:00,1836.931923523988,1840.1234049463587,1834.5390461608918,1838.4323251788162,61.03010402396046,53.44,15.0
2025-08-14 19:45:00,1838.4850365346717,1849.6685570253244,1838.3725368091848,1849.1410409040764,64.14499910878905,53.47,15.0
2025-08-14 20:00:00,1848.8724297010267,1849.4927553344623,1837.1037274112687,1838.4531405846276,58.798654249040446,53.3,15.0
2025-08-14 20:15:00,1838.5573302528203,1848.618901390148,1838.290965101956,1848.2876976811922,49.6137022391633,53.26,15.0
2025-08-14 20:30:00,1848.3856073805796,1849.5775947994894,1848.180963859335,1849.403333758342,46.14075611823607,53.25,15.0
2025-08-14 20:45:00,1849.5019659504617,1859.4071361757758,1847.9747432201787,1856.711902832384,74.18210062371705,53.54,15.0
2025-08-14 21:00:00,1856.7692423872297,1857.5300681563137,1856.3271210108858,1857.312080308537,48.464584034620856,53.5,15.0
2025-08-14 21:15:00,1857.2841248480865,1865.4391078459414,1857.0121925402705,1862.3255995666611,170.6797016318026,53.56,15.0
2025-08-14 21:30:00,1862.5050624994658,1862.8328033007538,1860.5392134963765,1862.2728507668155,108.3690378953462,53.67,15.0
2025-08-14 21:45:00,1862.2776907162595,1866.1348060231117,1862.1065740848946,1866.1334488528616,66.08647626021339,53.61,15.0
2025-08-14 22:00:00,1865.7441787606128,1866.5023963833446,1859.2164247806024,1862.0011641168026,232.2678740875944,53.8,15.0
2025-08-14 22:15:00,1862.148924709876,1871.0947898443394,1861.0543031139298,1869.1389343857225,250.1456793227107,53.7,15.0
2025-08-14 22:30:00,1868.9138135674505,1870.1704255176253,1865.4387233121865,1865.9434488624354,232.8146254842054,53.69,15.0
2025-08-14 22:45:00,1866.0453334753545,1867.9059268493395,1864.651222131938,1865.7950927454115,1083.993231469337,53.75,15.0
2025-08-14 23:00:00,1865.7950927454115,1865.9653586490258,1865.7950927454115,1865.9653586490258,179.0450338552323,53.74,15.0
2025-08-15 16:30:00,1865.8181467284235,1878.1562637087848,1865.0099638146569,1875.0002830410388,110.51497488693366,54.21,15.0
2025-08-15 16:45:00,1875.062250022644,1894.0679903382404,1873.6193160542123,1892.952927601398,52.75715513535128,54.04,15.0
2025-08-15 17:00:00,1892.6673081956994,1894.563911537484,1888.2317530477515,1889.6735279342495,67.6977296975483,53.81,15.0
2025-08-15 17:15:00,1889.809223628561,1889.8525611126165,1886.9697551968732,1887.7928040056681,57.07670539330948,53.88,15.0
2025-08-15 17:30:00,1887.8042395692833,1888.7692478111,1878.6815168902795,1879.4552069119484,64.64685819168224,53.92,15.0
2025-08-15 17:45:00,1879.3178366578368,1879.984197783949,1876.4359060818233,1877.0981631040747,89.78859238121356,53.87,15.0
2025-08-15 18:00:00,1877.3392339556196,1877.465817500097,1866.154568546282,1866.3630166366702,70.13290523766402,53.85,15.0
2025-08-15 18:15:00,1866.4346290648568,1866.9879876190928,1853.215814809173,1853.2780000627224,120.81387539658641,53.62,15.0
2025-08-15 18:30:00,1853.4651681249184,1857.4022308367607,1853.2369622807491,1855.769031385518,90.85827895354599,53.54,15.0
2025-08-15 18:45:00,1856.0542505927988,1865.6399874481576,1855.123843544591,1865.3680818967234,76.65805650615427,53.45,15.0
2025-08-15 19:00:00,1865.6499970381585,1888.1068187893693,1864.9414658475866,1887.0744739151648,53.474443388712594,53.56,15.0
2025-08-15 19:15:00,1887.1543454541984,1887.7526861926754,1883.6281605143465,1883.815059649489,43.83682771847768,53.58,15.0
2025-08-15 19:30:00,1883.7541217566684,1896.1200113346724,1883.206570678844,1895.20586157738,41.15082153062056,53.74,15.0
2025-08-15 19:45:00,1895.0695069243827,1895.4125909072234,1895.0617682581474,1895.2734404301561,83.39254318801817,53.72,15.0
2025-08-15 20:00:00,1895.2953433655655,1896.0319147988366,1893.7958783458819,1894.1066098367464,64.38410495137772,53.73,15.0
2025-08-15 20:15:00,1894.2574003288582,1896.8836597160732,1893.974067086696,1896.1029455083285,70.14723920470985,53.79,15.0
2025-08-15 20:30:00,1896.136737455074,1896.7003332277268,1895.4950304977592,1895.871560847929,95.62307818413939,53.82,15.0
2025-08-15 20:45:00,1895.397033197131,1896.7592184825128,1895.1030121596332,1896.559758380052,60.34050560847298,53.93,15.0
2025-08-15 21:00:00,1896.6796185850617,1896.8038659036567,1893.4425681690143,1893.7826532908118,83.19189813951002,53.92,15.0
2025-08-15 21:15:00,1893.861621781503,1894.0162337045795,1888.3969699669285,1889.015318161805,35.46632589112729,53.94,15.0
2025-08-15 21:30:00,1888.9802057195832,1890.013122698503,1881.6096065826284,1881.6490391360192,91.35323778499878,53.89,15.0
2025-08-15 21:45:00,1881.7747227118198,1884.3851502122268,1880.9013435878244,1884.277926301505,62.24710558931643,53.86,15.0
2025-08-15 22:00:00,1884.3577806106473,1884.8350076673332,1882.1839650913073,1882.5562147261187,100.82831923571743,53.84,15.0
2025-08-15 22:15:00,1882.447250382591,1882.8718005799533,1877.0558963312128,1877.8501157642622,123.82310577103988,53.7,15.0
2025-08-15 22:30:00,1877.9848350630489,1878.1266416672943,1877.0420526740197,1877.610536662212,207.4973494139737,53.68,15.0
2025-08-15 22:45:00,1877.3016143460895,1883.9783183963796,1876.3589385971095,1883.8798136385612,797.8670387787421,53.58,15.0
2025-08-15 23:00:00,1883.8798136385612,1883.8798136385612,1883.6834474879702,1883.6834474879702,119.86623815892199,53.6,15.0
2025-08-18 16:30:00,1883.6119063422705,1887.5412520599882,1872.581501502381,1873.2423900177225,71.00032367677314,53.72,15.0
2025-08-18 16:45:00,1872.9624816369026,1891.7369916023772,1872.8138199181235,1889.560664780929,104.07541718655123,53.87,15.0
2025-08-18 17:00:00,1889.6347084999957,1903.290120179175,1888.5861789786738,1902.8029840905695,100.72254166073844,53.81,15.0
2025-08-18 17:15:00,1903.0945886143177,1904.6885850891408,1902.5161818058068,1904.5688623311719,61.870497446827855,53.61,15.0
2025-08-18 17:30:00,1904.8729746206754,1913.2604366702258,1904.0199487713048,1912.9541160786882,116.17244288541839,53.7,15.0
2025-08-18 17:45:00,1913.107488925331,1922.7957744324367,1912.9041904652324,1921.9862343589218,142.93885757980803,53.78,15.0
2025-08-18 18:00:00,1921.7885464651492,1926.3631996289573,1921.4204526192436,1925.3072908210877,68.2849844433945,53.77,15.0
2025-08-18 18:15:00,1925.123249352581,1927.9105096404146,1924.6651522081809,1927.4341965163458,95.5173348538014,53.85,15.0
2025-08-18 18:30:00,1927.4852622649116,1935.2645068491208,1925.1015354839485,1933.790354937948,196.9957991092421,54.02,15.0
2025-08-18 18:45:00,1933.7812852520374,1937.6253754765642,1932.3162413996884,1935.401040533903,73.71118059393173,53.78,15.0
2025-08-18 19:00:00,1935.2954778717697,1937.6953675876982,1923.285881464945,1924.9619592154363,87.37905182506057,53.77,15.0
2025-08-18 19:15:00,1925.2850094219987,1927.125014104787,1925.1476457917274,1927.0819551054265,85.57181871715885,53.67,15.0
2025-08-18 19:30:00,1927.103269230226,1928.5174536667687,1915.8237223054166,1916.8002234050914,137.16082150036596,53.86,15.0
2025-08-18 19:45:00,1916.8921902421707,1917.5178722816302,1910.1299151864243,1910.8769477484345,63.50069404282215,53.9,15.0
2025-08-18 20:00:00,1911.1700706237425,1926.706529585153,1909.1233756922138,1925.2510293154478,228.83675530223505,54.08,15.0
2025-08-18 20:15:00,1925.2597652046575,1928.970456244194,1923.7799443200909,1928.5339903768017,147.40431606671123,54.06,15.0
2025-08-18 20:30:00,1929.3577120126622,1943.3886617940593,1926.9658345221894,1942.3890775392642,106.66486736338692,53.79,15.0
2025-08-18 20:45:00,1942.30935682129,1942.5215104038562,1939.374241603091,1939.7081029960434,63.59083942406509,53.82,15.0
2025-08-18 21:00:00,1939.6246102655386,1939.8689424769152,1929.894899867818,1931.2197357697235,111.31386750549372,53.72,15.0
2025-08-18 21:15:00,1931.1098337962042,1931.875385974372,1927.998868514426,1928.0400175629154,63.183625877627584,53.66,15.0
2025-08-18 21:30:00,1928.3215278865034,1928.9538609268538,1926.276326630392,1926.9271763643212,46.719759801797764,53.64,15.0
2025-08-18 21:45:00,1926.9866740801763,1927.3649649527501,1924.9236402671884,1925.808238896005,70.1511684321505,53.68,15.0
2025-08-18 22:00:00,1925.6871453937044,1932.1087792322892,1925.319796197899,1932.0714410612618,83.1332366941676,53.48,15.0
2025-08-18 22:15:00,1931.9890508736116,1932.0488084454978,1928.8380379252467,1929.0034775512415,79.90426589593278,53.48,15.0
2025-08-18 22:30:00,1929.326341461661,1931.9283968591035,1927.8653636382282,1928.67531395859,319.83616150461233,53.25,15.0
2025-08-18 22:45:00,1928.771133734819,1930.026587185707,1916.346692170017,1917.6736746000756,931.4506697501057,53.3,15.0
2025-08-18 23:00:00,1917.6736746000756,1917.6736746000756,1916.1922103882125,1916.1922103882125,95.36195802959045,53.29,15.0
2025-08-19 16:30:00,1916.1501419620213,1923.7791990860037,1914.2098648382664,1919.848683830532,78.92610463918692,53.99,15.0
2025-08-19 16:45:00,1919.9950432834362,1920.2157472597698,1908.5107306092275,1910.2993355914725,67.55847612067267,53.94,15.0
2025-08-19 17:00:00,1910.4297771371985,1911.6507692207833,1906.3028376680659,1906.7600820394168,66.87350578721724,54.12,15.0
2025-08-19 17:15:00,1906.3301925650158,1912.1085212674616,1903.3940916842753,1904.9431623490436,160.07059473257868,54.65,15.0
2025-08-19 17:30:00,1904.8927551723496,1908.6954706401239,1898.745993254082,1900.3124827399868,161.12503944509763,54.59,15.0
2025-08-19 17:45:00,1899.9987322955417,1915.9884001815908,1899.7835479904463,1914.9244025574553,96.24878499713176,54.31,15.0
2025-08-19 18:00:00,1915.1443158735615,1917.0649689000684,1910.415849747286,1913.5458314462478,99.07351906732575,54.5,15.0
2025-08-19 18:15:00,1913.682969157529,1915.321263275828,1909.3409182936298,1910.6195493109435,88.62537348522659,54.46,15.0
2025-08-19 18:30:00,1910.8608814296551,1911.1339652135441,1888.0732124771057,1890.4272400384202,72.7143874295554,54.39,15.0
2025-08-19 18:45:00,1890.575570410267,1892.0803602943547,1881.241316484182,1881.9912897285687,73.1743323462779,54.28,15.0
2025-08-19 19:00:00,1881.9736274349495,1882.3032712896322,1881.027237025037,1881.165620280892,55.842428071907484,54.37,15.0
2025-08-19 19:15:00,1881.4452052434456,1882.109573049424,1875.3942648420064,1876.5464605581935,83.35596220576144,54.37,15.0
2025-08-19 19:30:00,1876.7166642259342,1887.8498800437883,1875.2056368225956,1887.2489400543689,73.04246975543545,54.51,15.0
2025-08-19 19:45:00,1887.4549412718525,1887.8286973546915,1885.761579511272,1886.1100865679969,74.4846511522095,54.51,15.0
2025-08-19 20:00:00,1886.3100165626076,1892.4070043479921,1885.8316393956486,1892.3401901049206,113.8363032046323,54.5,15.0
2025-08-19 20:15:00,1892.3282113317193,1892.9325873573093,1891.644898092645,1892.0181920588195,53.54076402790384,54.48,15.0
2025-08-19 20:30:00,1892.0798472179865,1892.6710916525121,1891.6229387256703,1892.409274449989,94.59933611832027,54.56,15.0
2025-08-19 20:45:00,1892.5323950196018,1892.7803307215506,1889.0859652698089,1890.5874937836893,79.92186609928976,54.43,15.0
2025-08-19 21:00:00,1890.4048326023433,1891.984490470154,1889.3105474452998,1889.615060828799,125.78199316697491,54.34,15.0
2025-08-19 21:15:00,1889.4598084313325,1897.9104342320672,1889.236893046423,1897.5951955611984,110.1776274042907,54.29,15.0
2025-08-19 21:30:00,1897.3335891895215,1897.6809596960518,1879.951489363386,1881.0022516727797,110.71149250027715,54.45,15.0
2025-08-19 21:45:00,1880.9942329449136,1881.3105445973615,1875.4863263606987,1875.9152070006685,69.4415568448219,54.51,15.0
2025-08-19 22:00:00,1875.8622247764915,1876.0888921707378,1873.5332996368018,1873.5542754418582,171.66318477007826,54.61,15.0
2025-08-19 22:15:00,1873.3412829784586,1874.8974251201732,1873.10039173141,1873.8237084226287,347.4710728376916,54.61,15.0
2025-08-19 22:30:00,1873.845866831542,1877.9339135571552,1873.6591547571693,1877.548102836275,368.1567475845206,54.58,15.0
2025-08-19 22:45:00,1877.5136516546956,1887.050223037807,1874.8491316718178,1886.0522712687518,1003.3719953270205,54.89,15.0
2025-08-19 23:00:00,1886.0522712687518,1886.0522712687518,1885.7857861402265,1885.7857861402265,273.13560447065925,54.87,15.0
2025-08-20 16:30:00,1886.8736907644131,1905.4562671915676,1882.6872136274487,1904.515762959009,228.00261397727803,54.68,15.0
2025-08-20 16:45:00,1904.6608725691724,1916.7177419093591,1903.30493085292,1915.9420874224254,222.54857743232907,54.7,15.0
2025-08-20 17:00:00,1915.5582147225557,1916.0790564136512,1913.08559210847,1915.9142338243848,218.08442604323614,54.32,15.0
2025-08-20 17:15:00,1916.0718600413998,1923.2936656302381,1911.8500113352966,1922.5276710215633,193.78495202192622,54.2,15.0
2025-08-20 17:30:00,1922.5306285033678,1923.7886108707967,1921.2552652467837,1923.7749400407786,265.3328812000399,54.12,15.0
2025-08-20 17:45:00,1923.7367710671997,1924.1033046233629,1917.9172732896736,1919.4355986068042,108.98458816524287,54.17,15.0
2025-08-20 18:00:00,1919.2347308074475,1926.3542468549567,1917.79373035407,1925.1810956446438,100.75261493555212,54.32,15.0
2025-08-20 18:15:00,1925.0728705560227,1926.347939878742,1924.0485093789207,1925.9784135935327,127.72228848580075,54.5,15.0
2025-08-20 18:30:00,1925.9200082101047,1928.513041200958,1921.6183614570862,1923.3172839954505,174.06771657107035,54.32,15.0
2025-08-20 18:45:00,1923.4877035769762,1933.582333690916,1923.1811576731939,1932.4107639171875,55.763945415752566,54.18,15.0
2025-08-20 19:00:00,1932.4919936986016,1932.91098233309,1916.4231685387692,1917.3782537439633,77.60451014137462,54.31,15.0
2025-08-20 19:15:00,1917.7458194103249,1919.3860372314207,1904.1459928601514,1905.5122932187746,464.64186582766246,54.28,15.0
2025-08-20 19:30:00,1905.6123363099139,1906.4406134287865,1898.8340155722613,1899.135025953061,211.5661057777254,54.41,15.0
2025-08-20 19:45:00,1899.2384394104781,1900.6197211004876,1891.870954615183,1894.562778641975,179.03806439620527,54.31,15.0
2025-08-20 20:00:00,1894.5011215214101,1895.4431819880895,1891.8402896124476,1892.744860048484,134.14879340653914,54.39,15.0
2025-08-20 20:15:00,1892.448023236299,1892.7087225620467,1874.4144897509843,1875.5105284685553,179.7042602008735,54.25,15.0
2025-08-20 20:30:00,1875.4259805188633,1875.7053697952374,1869.2857949307513,1870.8427280869162,62.58924590189229,54.34,15.0
2025-08-20 20:45:00,1870.7759826121915,1871.2934489407896,1868.0209886782525,1868.0468942777302,153.5403490475305,54.34,15.0
2025-08-20 21:00:00,1867.2327592949896,1897.2930673428127,1866.2681891658103,1895.1538431676975,67.61210719001642,54.08,15.0
2025-08-20 21:15:00,1894.9721398087738,1907.7270703090944,1892.810934653925,1907.0504021654504,109.62498345053216,54.16,15.0
2025-08-20 21:30:00,1907.2881019534311,1908.2196204447932,1904.4475161664875,1904.7484835189455,149.06275837158154,54.28,15.0
2025-08-20 21:45:00,1904.8109801993483,1906.1637650671044,1900.0667463840773,1901.107595276394,173.24436078652167,54.2,15.0
2025-08-20 22:00:00,1901.047745140433,1902.2415341999015,1894.3691720458685,1894.4636765125535,185.6053604037714,54.31,15.0
2025-08-20 22:15:00,1894.5481300248405,1894.7059140002266,1876.944972140524,1878.004591688404,175.85554080969874,54.15,15.0
2025-08-20 22:30:00,1877.4456875323315,1879.056634872952,1877.345010935189,1878.4333195201139,136.3363778253945,54.39,15.0
2025-08-20 22:45:00,1878.5020752334162,1878.937741906048,1868.1212244923904,1869.0892725392177,742.7231552962046,54.33,15.0
2025-08-20 23:00:00,1869.0892725392177,1869.3542842252807,1869.0892725392177,1869.3542842252807,194.96394352395188,54.33,15.0
2025-08-21 16:30:00,1869.273426175122,1872.4325512192404,1826.0764776746598,1830.863812767151,339.3553761779001,54.39,15.0
2025-08-21 16:45:00,1829.7371504050009,1831.1547764954037,1809.856648420954,1812.1928209385424,290.8467440491805,54.06,15.0
2025-08-21 17:00:00,1812.021746962672,1818.8013470365534,1811.4386203902595,1818.620431714304,145.8529473488645,54.38,15.0
2025-08-21 17:15:00,1818.823776079455,1822.3539317150498,1818.5583628519873,1822.1206171957376,104.58501756500151,54.32,15.0
2025-08-21 17:30:00,1822.2110599228054,1830.222005313219,1821.0976854219552,1827.9445409272464,145.42777098129318,54.15,15.0
2025-08-21 17:45:00,1827.598856022475,1830.1578590023366,1815.5885558288978,1818.5938870381176,72.78034255144642,54.29,15.0
2025-08-21 18:00:00,1818.9200528381464,1825.6461646598434,1818.4113330406863,1824.8237800493473,126.97046775029257,54.31,15.0
2025-08-21 18:15:00,1824.3853235212362,1827.936700833455,1817.8636197625897,1818.4126291393375,131.5860906984787,54.63,15.0
2025-08-21 18:30:00,1818.3585696245314,1826.1999826105612,1817.5678370157477,1825.5667207093213,322.84028328311507,54.65,15.0
2025-08-21 18:45:00,1825.3578510447605,1828.133599122924,1824.2712184835796,1827.0560425280557,176.1183242688985,54.64,15.0
2025-08-21 19:00:00,1826.9352793119053,1828.0758701161653,1821.7507876432176,1822.4116912632198,92.04089576580955,54.59,15.0
2025-08-21 19:15:00,1822.3158626975394,1823.5872110844414,1821.841483835798,1822.805271468175,140.56485179227883,54.75,15.0
2025-08-21 19:30:00,1822.9333553929764,1827.8731719399516,1820.853745494785,1826.4680233238234,123.49091166857461,54.64,15.0
2025-08-21 19:45:00,1826.8099161475304,1837.0783541222854,1825.8708941633643,1834.8794040169212,77.4974716787791,54.76,15.0
2025-08-21 20:00:00,1834.8139286645455,1837.6161655406709,1833.940808593153,1836.3743899659926,106.96503023015262,54.9,15.0
2025-08-21 20:15:00,1836.096074186316,1853.1586094365027,1834.0923165077918,1851.944718235642,94.67617330214553,54.72,15.0
2025-08-21 20:30:00,1852.005583708619,1858.8141829020383,1851.1398671319048,1857.9989313254582,66.57645666145986,54.79,15.0
2025-08-21 20:45:00,1858.0958230007043,1858.103797925029,1855.5004474227987,1856.0513507029975,134.50732383558244,54.67,15.0
2025-08-21 21:00:00,1856.0946541050223,1862.5698724798808,1853.640091263199,1862.299615157874,182.61357971171603,54.75,15.0
2025-08-21 21:15:00,1862.4018853110185,1887.2921773050496,1860.8734095543684,1887.1070834957006,131.27000515200533,54.46,15.0
2025-08-21 21:30:00,1887.0868048352854,1899.2074818093242,1886.0945424393835,1899.1731581807426,119.73806916379284,54.37,15.0
2025-08-21 21:45:00,1899.1825190888069,1899.9298726338363,1893.8379200587615,1894.1085254910806,121.09528533614244,54.35,15.0
2025-08-21 22:00:00,1894.0719514383377,1894.833862529299,1885.037915531046,1885.7979712370568,170.20895515792552,54.21,15.0
2025-08-21 22:15:00,1886.0021152189006,1896.825174225367,1884.9338093570843,1896.0630967334066,353.5663244637949,54.23,15.0
2025-08-21 22:30:00,1896.559009656559,1896.9111082501195,1884.6709704767375,1885.6614962106523,272.19011368491164,54.06,15.0
2025-08-21 22:45:00,1885.7071868744563,1886.7976554725694,1872.6853256826068,1872.7564037372963,848.007836504934,54.02,15.0
2025-08-21 23:00:00,1872.7564037372963,1872.7564037372963,1872.7044074923622,1872.7044074923622,126.91276041161242,54.0,15.0
2025-08-22 16:30:00,1872.9457179290957,1901.1388708481359,1872.594924020394,1893.1160675168182,78.13660250786248,54.82,15.0
2025-08-22 16:45:00,1892.9626841227353,1893.528704680429,1891.082456456264,1892.3833413019852,43.964123555406545,54.89,15.0
2025-08-22 17:00:00,1893.696585697453,1894.2394500442015,1862.0878374145248,1863.9048692662898,182.6003555134944,56.7,15.0
2025-08-22 17:15:00,1864.0871993258536,1865.7935921076848,1854.9286330609693,1855.5293287665486,116.659443732341,56.83,15.0
2025-08-22 17:30:00,1855.3109991283209,1860.181847826521,1840.8396503512597,1842.8860671402724,107.86120868428087,56.79,15.0
2025-08-22 17:45:00,1843.1728421798832,1843.860655340717,1831.9332233008577,1834.7009271091988,55.88943481365829,56.86,15.0
2025-08-22 18:00:00,1834.706762891064,1862.510412369843,1832.7446745436325,1862.2434700430463,102.34473021117469,56.86,15.0
2025-08-22 18:15:00,1861.8939618228965,1869.9497267926124,1856.219087606173,1868.6640197256968,77.53246823432377,57.07,15.0
2025-08-22 18:30:00,1868.742264445095,1878.6785816204676,1868.3996931083016,1877.6059126827602,81.03088968110447,57.19,15.0
2025-08-22 18:45:00,1877.656140694784,1877.908957893749,1873.6150012000114,1873.9970202550799,59.591210645912945,57.13,15.0
2025-08-22 19:00:00,1874.4244758764503,1875.4703882254992,1867.470021768499,1873.4397029056418,113.78470436180488,57.38,15.0
2025-08-22 19:15:00,1873.827425256083,1874.596725043148,1858.4317325018862,1858.9835931684106,150.0045070242831,56.95,15.0
2025-08-22 19:30:00,1858.9627587570578,1860.0962879282697,1841.8680926971326,1841.9848995621953,83.026847058951,57.01,15.0
2025-08-22 19:45:00,1841.9148619382838,1841.9579782948979,1834.6969068094998,1835.5698093526319,66.24182824187709,56.93,15.0
2025-08-22 20:00:00,1835.5703267493286,1837.1214745283683,1818.748523191008,1819.3882483311852,140.514480116215,57.17,15.0
2025-08-22 20:15:00,1819.4844975928424,1819.537836860651,1797.016572794625,1798.4084892974738,149.232533533343,56.96,15.0
2025-08-22 20:30:00,1798.4802578734757,1798.5310135918855,1794.4794330531226,1795.2020741790616,124.51682435049563,57.01,15.0
2025-08-22 20:45:00,1795.269149308389,1808.082971829199,1795.1814132120915,1807.7206061584639,131.48085257649683,56.82,15.0
2025-08-22 21:00:00,1807.7109881496183,1810.0879628487007,1807.5273449643294,1809.6165761599523,73.23007966131011,56.74,15.0
2025-08-22 21:15:00,1809.8278408056653,1824.3139831563715,1808.956550830648,1823.335992252429,64.40848508812368,56.9,15.0
2025-08-22 21:30:00,1823.2716822872558,1827.3240899844795,1822.7908748490545,1826.53161277144,81.24161635885726,56.84,15.0
2025-08-22 21:45:00,1827.0570956648673,1836.786166569468,1826.6291469420285,1835.5344260151896,105.23385677778661,56.96,15.0
2025-08-22 22:00:00,1835.73658171463,1836.3491578927221,1829.7621645559248,1830.095850892496,157.2165175057992,57.17,15.0
2025-08-22 22:15:00,1829.9166320894487,1835.1105967477408,1828.0383943424285,1835.045038503898,252.99203506323673,57.15,15.0
2025-08-22 22:30:00,1835.0823330000596,1842.959614009844,1834.062958734437,1842.6620474661083,285.0657515723101,57.2,15.0
2025-08-22 22:45:00,1842.8913142111267,1843.3950314361866,1834.7051770980463,1837.2067227426555,816.626798296967,57.08,15.0
2025-08-22 23:00:00,1837.2067227426555,1839.081690258539,1837.2067227426555,1839.081690258539,115.70177586618321,57.09,15.0
2025-08-25 16:30:00,1838.1468951457837,1850.9428521066827,1830.4359141924704,1849.9260482867444,97.18514571144723,56.54,15.0
2025-08-25 16:45:00,1849.551676961972,1850.4059561052609,1840.721310441249,1842.4906942382602,159.2417825450512,56.33,15.0
2025-08-25 17:00:00,1842.6457967762044,1846.238614603242,1831.2559330368929,1831.3508294907847,242.973500705029,56.21,15.0
2025-08-25 17:15:00,1831.0161446108175,1831.9891384334708,1824.9622568884784,1826.1362880141905,144.14684128936227,56.39,15.0
2025-08-25 17:30:00,1825.8598323205144,1829.7393741879905,1825.2376958716259,1829.5792603875566,216.79295923860514,56.51,15.0
2025-08-25 17:45:00,1829.7044143730657,1834.7488896167738,1828.7759972621936,1833.1566084059198,117.99231487465256,56.35,15.0
2025-08-25 18:00:00,1833.114158184409,1834.2964818368896,1827.7629316521309,1828.4663921590172,172.82295550361812,56.22,15.0
2025-08-25 18:15:00,1828.3852874156157,1831.9047167974709,1828.3704876985607,1831.100101782465,120.52815708659969,56.31,15.0
2025-08-25 18:30:00,1831.0529178616675,1835.0965118647107,1830.6750922063532,1834.9902413138625,131.87429744663365,56.32,15.0
2025-08-25 18:45:00,1834.475898087188,1843.1009468990853,1833.7157134341244,1843.0724037114476,265.25537949518855,56.1,15.0
2025-08-25 19:00:00,1843.1596772012151,1855.153440542596,1842.7968794622236,1854.6026117648128,95.9541020664031,56.08,15.0
2025-08-25 19:15:00,1854.4231266218735,1866.0594943343149,1853.887536271217,1865.8102618554483,146.66615975102968,56.04,15.0
2025-08-25 19:30:00,1865.7421337076382,1865.8047815377895,1860.0770361936272,1861.019618107031,135.89061843789344,55.92,15.0
2025-08-25 19:45:00,1861.0784160107971,1872.7921219246005,1860.7554240009827,1872.401010237741,58.07452496648051,55.93,15.0
2025-08-25 20:00:00,1872.3574986810409,1873.2467407828437,1868.4409546936056,1869.8873386447804,167.40674704636749,55.97,15.0
2025-08-25 20:15:00,1869.752929323974,1880.0787795528913,1869.508044434853,1878.702227382151,96.16378787150168,56.1,15.0
2025-08-25 20:30:00,1877.901111237967,1879.4346834030987,1877.5806795638582,1878.5742375543055,115.90307923410532,55.89,15.0
2025-08-25 20:45:00,1878.624854325725,1879.8947830396326,1876.1873454776387,1877.439286615619,157.45191303790787,55.98,15.0
2025-08-25 21:00:00,1877.4526799834932,1878.3255640045302,1865.3333038917212,1867.1304263739014,227.6919969199474,56.06,15.0
2025-08-25 21:15:00,1867.0262544025557,1867.3455605767556,1866.4776186706401,1866.4836282900237,203.90514839823555,56.05,15.0
2025-08-25 21:30:00,1866.2197895913532,1866.6472553080112,1850.751032308761,1853.638636427523,195.2298500481011,56.19,15.0
2025-08-25 21:45:00,1853.6408003235856,1861.6762899845492,1852.8034490282344,1861.410779542692,189.29153949583235,56.28,15.0
2025-08-25 22:00:00,1861.5278849876804,1878.586683983963,1861.466718703142,1877.216938751121,293.060550572717,56.47,15.0
2025-08-25 22:15:00,1877.2345498530199,1878.45419286348,1870.670435744821,1871.509319497154,380.4777416287059,56.34,15.0
2025-08-25 22:30:00,1871.7176217180572,1873.5090851276254,1871.1255587909252,1873.465069160298,264.15766041225027,56.33,15.0
2025-08-25 22:45:00,1873.8608980049262,1874.5641622961075,1854.7529050439864,1861.9102425771653,1672.032464097862,56.73,15.0
2025-08-25 23:00:00,1861.9102425771653,1862.757986518501,1861.9102425771653,1862.757986518501,113.36298070251796,56.71,15.0
2025-08-26 16:30:00,1863.3525734361626,1890.1017666218836,1862.1469262173607,1887.5773865355015,83.62612437605493,56.85,15.0
2025-08-26 16:45:00,1887.5959507391972,1892.3862399387774,1885.9704421152487,1890.1086254590411,131.85814603279076,57.25,15.0
2025-08-26 17:00:00,1890.129218413239,1923.943157901145,1885.025148309559,1919.851623277162,178.96533222275622,57.31,15.0
2025-08-26 17:15:00,1920.5384991853098,1923.5585943709198,1905.746518794044,1906.3949702592922,122.26906578147835,56.82,15.0
2025-08-26 17:30:00,1905.9381693604853,1925.7779103083587,1904.7684066608836,1922.728715766368,114.56610893802629,56.54,15.0
2025-08-26 17:45:00,1922.733903007016,1923.6118288981593,1919.5190643642798,1922.5771438869215,89.94252552200587,56.53,15.0
2025-08-26 18:00:00,1922.8292901255616,1928.5461956976567,1922.8242705481396,1928.0997999745432,113.37132835342064,56.56,15.0
2025-08-26 18:15:00,1928.1423666710068,1928.3753548914883,1924.6978717969025,1925.0203684974483,97.0372850718258,56.59,15.0
2025-08-26 18:30:00,1924.9460625272397,1925.4943171064897,1921.0619752197347,1922.3076310897068,217.06698468408567,56.39,15.0
2025-08-26 18:45:00,1921.3855454517618,1922.7796578708985,1916.0914342590522,1921.8084879469588,121.77364882357668,56.77,15.0
2025-08-26 19:00:00,1921.567900139591,1922.3758187680546,1917.3827416869917,1917.7605108559526,99.22480755007912,56.77,15.0
2025-08-26 19:15:00,1918.1565327006967,1922.2155596295365,1917.9003891129234,1922.2076370296447,75.81543887476855,56.84,15.0
2025-08-26 19:30:00,1922.2403299107382,1925.2201686951155,1922.1130414329284,1923.9376421332952,87.37066204751294,56.84,15.0
2025-08-26 19:45:00,1923.8881269254603,1925.048368987878,1923.8519538465418,1924.7929078940822,70.56442349177345,56.82,15.0
2025-08-26 20:00:00,1924.8299397085432,1931.0253582766404,1924.5998194270685,1930.3103789381125,112.76125825217616,56.88,15.0
2025-08-26 20:15:00,1930.149699465705,1940.411685832807,1929.9451134579283,1938.6428437980717,128.987705437663,56.93,15.0
2025-08-26 20:30:00,1938.6147659787234,1939.0804723530946,1936.027065993517,1936.7719677844927,167.02149224681904,57.01,15.0
2025-08-26 20:45:00,1936.6622855769026,1937.037292196538,1935.3328821645903,1936.8157296457136,110.76962460213984,56.96,15.0
2025-08-26 21:00:00,1936.3664374429202,1937.394289987213,1926.575275531623,1926.8536728939187,161.7556596533941,56.75,15.0
2025-08-26 21:15:00,1926.5859955429821,1927.3420125604002,1925.0859490555615,1925.3717257847104,99.91956906209745,56.66,15.0
2025-08-26 21:30:00,1925.050049799698,1926.866535816815,1918.4230988770285,1919.2372912536332,107.98293154832923,56.55,15.0
2025-08-26 21:45:00,1919.5078549494838,1934.9673060039686,1915.9497452624842,1934.9120034949153,143.18545272631206,56.65,15.0
2025-08-26 22:00:00,1934.7551342322715,1936.4857146524294,1934.6527398411843,1935.389906364515,224.1410273526023,56.59,15.0
2025-08-26 22:15:00,1935.5146074573406,1935.9758717394975,1931.8291115474012,1933.1288785836368,243.6618949672265,56.71,15.0
2025-08-26 22:30:00,1933.220116589733,1936.4717149399676,1932.8879046979184,1935.6566737808357,400.54012400582315,56.64,15.0
2025-08-26 22:45:00,1935.6619446097607,1937.762083615188,1906.7321109155835,1910.2424633154678,814.7168737721813,56.8,15.0
2025-08-26 23:00:00,1910.2424633154678,1910.2424633154678,1909.7257227964349,1909.7257227964349,157.3825916659838,56.79,15.0
2025-08-27 16:30:00,1909.916024042686,1963.1796656858417,1901.9972203486623,1954.7123122217383,68.80240179444584,57.31,15.0
2025-08-27 16:45:00,1954.579864913412,1957.0000977768334,1949.0938767672308,1952.049557757196,36.85481707405887,57.07,15.0
2025-08-27 17:00:00,1952.3685022808775,1953.4400157961977,1951.1719642492965,1953.33380513157,37.49180537749763,57.14,15.0
2025-08-27 17:15:00,1954.1888841487535,1954.6759390288362,1925.7816321302405,1926.8212033100258,68.31280148083133,56.76,15.0
2025-08-27 17:30:00,1927.6201105708449,1928.00708118236,1919.0506644390296,1923.2804427809683,156.60081747885553,56.46,15.0
2025-08-27 17:45:00,1922.8700421639503,1938.18946060344,1922.380465226126,1935.8891599553092,84.17379072177005,56.39,15.0
2025-08-27 18:00:00,1935.8104303025298,1939.7890426413553,1934.3963551484742,1939.5364459090988,79.91411796528368,56.32,15.0
2025-08-27 18:15:00,1939.5369747999364,1939.9950420445682,1938.885591311045,1939.0423788108387,75.66007590186163,56.34,15.0
2025-08-27 18:30:00,1939.1356119572326,1939.2810929217449,1932.7789912785186,1933.6869934510373,101.66771656668209,56.24,15.0
2025-08-27 18:45:00,1933.284299139881,1933.6860743384655,1929.6333760921525,1930.2469724799896,148.23095687778294,56.41,15.0
2025-08-27 19:00:00,1929.9883195879534,1930.0205698135835,1917.0825010176202,1917.3237923788224,98.49106150180621,56.38,15.0
2025-08-27 19:15:00,1917.5869044089484,1921.2658225790656,1917.3801355062596,1919.255397857635,138.41072817677235,56.49,15.0
2025-08-27 19:30:00,1919.1368985318963,1925.5337630039658,1918.7205839271876,1923.7719176197515,165.5378231013198,56.31,15.0
2025-08-27 19:45:00,1923.1414380697183,1923.9210117484222,1899.6722631051455,1900.2349344480979,379.7908548265781,56.58,15.0
2025-08-27 20:00:00,1900.012724889496,1900.6346411252646,1894.0648168606285,1894.52367834358,138.4503953616549,56.49,15.0
2025-08-27 20:15:00,1894.585746019133,1895.6650329324204,1887.9560921716247,1888.3025330120463,85.67117322933633,56.57,15.0
2025-08-27 20:30:00,1888.2415174648343,1888.6045112804063,1885.9031211527222,1886.052183902636,47.21736039532347,56.6,15.0
2025-08-27 20:45:00,1886.0726678850183,1886.8539872810722,1885.9857074610381,1886.7382405388712,55.331022896450534,56.64,15.0
2025-08-27 21:00:00,1886.582667485803,1887.1941411265568,1874.4966363943342,1874.6734880393037,37.763379244508826,56.62,15.0
2025-08-27 21:15:00,1874.451689365387,1878.2896411482325,1874.0917158011334,1877.5552790838585,29.328535301223575,56.54,15.0
2025-08-27 21:30:00,1877.842067036185,1883.6815065917983,1877.5581982094966,1883.6000693025169,98.530441851649,56.54,15.0
2025-08-27 21:45:00,1883.646484940357,1884.401127745233,1882.20444946358,1883.1781352858764,73.61454969521812,56.59,15.0
2025-08-27 22:00:00,1883.1286208522063,1883.6309160906992,1870.1279919758001,1870.2169095410543,83.05353157697111,56.62,15.0
2025-08-27 22:15:00,1870.1450864850826,1870.8327410045945,1866.2809715764151,1866.9600008589077,119.55943066331342,56.77,15.0
2025-08-27 22:30:00,1867.301517723475,1877.5183572618398,1867.1851231556245,1877.426731318936,189.23295863432995,56.64,15.0
2025-08-27 22:45:00,1877.7276155526206,1877.9871741820464,1821.0529157079284,1822.8700551220495,985.4112971226169,56.18,15.0
2025-08-27 23:00:00,1822.8700551220495,1825.1963165909597,1822.8700551220495,1825.1963165909597,281.8383176909765,56.22,15.0
2025-08-28 16:30:00,1824.7076724208257,1830.476342989985,1783.1541265076157,1792.5824024910391,113.43807688321573,56.45,15.0
2025-08-28 16:45:00,1792.6011943904346,1811.1907250668269,1792.172015934036,1806.462986442806,118.63271645016488,56.44,15.0
2025-08-28 17:00:00,1806.6036353042812,1808.2144081904778,1796.2424020850776,1798.7725809672163,165.14701762439844,56.21,15.0
2025-08-28 17:15:00,1798.5802219357006,1807.9122971164638,1797.6587810992771,1806.0187044752192,343.24073281278027,56.11,15.0
2025-08-28 17:30:00,1805.9508770152768,1820.6353302087246,1799.9225937004417,1818.4698751999392,88.95231059039742,55.43,15.0
2025-08-28 17:45:00,1817.9998534496976,1878.2744383207353,1813.3621439325773,1869.4828860444106,505.2608548985113,54.69,15.0
2025-08-28 18:00:00,1870.0072591333221,1876.7279146916674,1852.943624320643,1854.1001722934136,626.4006990157791,53.85,15.0
2025-08-28 18:15:00,1853.2600064527455,1862.1917458641894,1849.78752154394,1861.0779895884377,429.81445517672665,53.51,15.0
2025-08-28 18:30:00,1861.4295359796388,1862.3828007388204,1820.3028716212393,1828.295265030304,970.0572196797023,53.56,15.0
2025-08-28 18:45:00,1828.502699841782,1859.1381451514005,1827.670654297353,1858.1251990031874,520.8766305116018,53.47,15.0
2025-08-28 19:00:00,1858.0433297970771,1862.1913072884156,1847.6885961940845,1849.356621468492,198.7349024866428,53.76,15.0
2025-08-28 19:15:00,1849.49952695457,1851.0654919661686,1843.0520140171852,1843.768226810698,280.3667638772411,53.79,15.0
2025-08-28 19:30:00,1843.6754125634752,1846.1050831549421,1843.642965987556,1845.5306509410225,93.45434108147202,53.94,15.0
2025-08-28 19:45:00,1845.3034077366162,1846.5729115520364,1824.6964925198347,1825.574293773808,191.72450040644406,53.74,15.0
2025-08-28 20:00:00,1825.6664833019954,1828.1069520069732,1824.5142349611983,1827.8767761966055,160.32091249597764,53.66,15.0
2025-08-28 20:15:00,1827.9887463706725,1835.1070823777325,1827.3514606009915,1834.8722751727757,165.1926770197222,53.5,15.0
2025-08-28 20:30:00,1834.7432626076247,1841.6242810182096,1834.5366792293823,1840.3444583624275,140.88775138062405,53.73,15.0
2025-08-28 20:45:00,1840.2124827551816,1841.8594776987272,1826.8128950152427,1827.3907357975218,167.0614204848853,53.59,15.0
2025-08-28 21:00:00,1827.3519565356862,1827.9383890980723,1825.3225972786752,1827.929026272076,174.46538805389795,53.61,15.0
2025-08-28 21:15:00,1827.8061850282495,1837.1117242749544,1827.342408032418,1836.3200031203767,274.3860319668703,53.75,15.0
2025-08-28 21:30:00,1836.6593973412264,1837.6876071559248,1820.411863908625,1822.4746487018579,429.47129591250496,53.8,15.0
2025-08-28 21:45:00,1822.561844412586,1822.8274918225807,1812.505226697283,1814.015772011842,337.14703448599613,53.92,15.0
2025-08-28 22:00:00,1814.0193305286728,1824.2481275274647,1812.7737190479895,1823.6795634870439,322.3260420141601,53.92,15.0
2025-08-28 22:15:00,1823.5708389228203,1826.8047998151872,1823.057200137933,1826.7982669228732,174.48072350987613,53.98,15.0
2025-08-28 22:30:00,1827.0253671768194,1835.8433665055456,1825.7240441921515,1834.807421518452,634.9334509913525,54.25,15.0
2025-08-28 22:45:00,1834.4639203559964,1875.1377652994204,1834.3976481474358,1874.8718344378717,1733.8076137079527,54.32,15.0
2025-08-28 23:00:00,1874.8718344378717,1875.0318962892286,1874.8718344378717,1875.0318962892286,183.7552277573344,54.33,15.0
2025-08-29 16:30:00,1875.7278226017843,1906.508448531607,1874.661922036754,1901.2269051283874,167.44832219416475,54.95,15.0
2025-08-29 16:45:00,1901.3500384554425,1931.378674767919,1900.1892293382177,1930.9857893903627,67.76057954615976,54.77,15.0
2025-08-29 17:00:00,1929.2614083102446,1929.6057158272176,1917.273258603576,1920.6962630758471,303.2214841644914,54.29,15.0
2025-08-29 17:15:00,1920.6444344604106,1922.275189998841,1908.492181326044,1909.3700405882375,151.6647139429434,54.23,15.0
2025-08-29 17:30:00,1909.4099443884822,1915.5183043843522,1906.896384208843,1914.593100847862,225.87418961247906,54.4,15.0
2025-08-29 17:45:00,1914.528324470567,1917.6460940636898,1913.7207459438252,1916.4368416909883,318.77476980911496,54.38,15.0
2025-08-29 18:00:00,1916.470829045073,1917.170327174318,1909.7687686202012,1910.1391661036932,78.19596986595067,54.23,15.0
2025-08-29 18:15:00,1909.8131537824345,1910.468562460608,1901.2974356843624,1902.4733435523465,160.23212022249348,54.25,15.0
2025-08-29 18:30:00,1901.543336785343,1932.9169763729235,1901.0939636658252,1931.6618400996335,337.4387368107186,54.55,15.0
2025-08-29 18:45:00,1931.4344260984592,1935.8360382719916,1930.5042496794179,1933.8792798395586,62.3675714175713,54.69,15.0
2025-08-29 19:00:00,1933.9390990811908,1936.063240748667,1926.2466642154995,1927.0101008824342,87.26815960060846,54.75,15.0
2025-08-29 19:15:00,1926.7708777075882,1928.1429250114165,1926.7247682674808,1927.9764362620201,62.325023444927275,54.73,15.0
2025-08-29 19:30:00,1927.7261435398439,1928.9997244459335,1927.4796347792822,1927.6328441038347,156.48080108285467,55.05,15.0
2025-08-29 19:45:00,1927.327212724061,1928.2227421679768,1924.8571485064824,1924.9615614072673,66.69788647652139,55.07,15.0
2025-08-29 20:00:00,1924.9281373778476,1926.8146356628397,1924.3406258052335,1926.5474026852812,118.26178594145358,55.07,15.0
2025-08-29 20:15:00,1926.7133849607703,1927.008069256071,1920.5326133514607,1921.4417033315196,53.78293020809095,55.1,15.0
2025-08-29 20:30:00,1921.4025794327988,1924.5597434147214,1920.777639779123,1923.2644108021325,42.864249084858265,55.19,15.0
2025-08-29 20:45:00,1923.2575755805997,1927.1550923125744,1923.1942590525814,1926.7581074893822,82.72935905586834,55.22,15.0
2025-08-29 21:00:00,1927.1138394317861,1933.0913665693322,1924.8130590448761,1929.830608749576,82.6466733821291,54.81,15.0
2025-08-29 21:15:00,1929.8348986605445,1930.3903859917064,1925.149606263792,1925.950938466928,41.86962943440815,54.86,15.0
2025-08-29 21:30:00,1925.9395471686134,1925.9679487483493,1923.5631595663301,1923.6372358013145,37.550293750706885,54.86,15.0
2025-08-29 21:45:00,1923.774710647002,1923.9400883072585,1918.6523834674597,1919.1569298931124,294.37070149273563,54.72,15.0
2025-08-29 22:00:00,1919.2569412990845,1919.8499857141016,1914.9906283930236,1915.1812403936872,120.42884432099576,54.6,15.0
2025-08-29 22:15:00,1915.2638214134217,1915.4593997006145,1907.208095587241,1908.6029299840945,229.5487904929318,54.38,15.0
2025-08-29 22:30:00,1908.5852822077172,1912.5605194701361,1907.2403562701581,1912.5307520182291,213.06651683643253,54.46,15.0
2025-08-29 22:45:00,1912.4354039187283,1914.371829138616,1893.0828250814268,1895.211424176235,879.3842440452378,54.63,15.0
2025-08-29 23:00:00,1895.211424176235,1895.211424176235,1894.7563530864122,1894.7563530864122,157.53427061101823,54.63,15.0
2025-09-02 16:30:00,1894.3035369148333,1899.016769222705,1853.5436571914465,1866.0414591867143,186.30104928859703,53.28,15.0
2025-09-02 16:45:00,1867.0983099450452,1883.1167614151325,1863.8625689230507,1878.462916825969,268.1081723010617,53.34,15.0
2025-09-02 17:00:00,1878.0634402892001,1878.576937750177,1862.9268514969915,1863.0377749079244,188.66044570998983,53.42,15.0
2025-09-02 17:15:00,1864.0405626966638,1900.4041100708935,1859.169313777824,1894.114008475688,122.44511939838203,52.96,15.0
2025-09-02 17:30:00,1894.2240566759135,1904.2245318253897,1894.036230577633,1903.7032925789445,48.98617485951126,52.92,15.0
2025-09-02 17:45:00,1903.4261773236735,1911.744716511227,1902.5508862770191,1911.4971173673753,46.86525640400502,52.75,15.0
2025-09-02 18:00:00,1911.6643198153208,1911.7294547675717,1889.2747450785494,1890.637849252727,164.93344078971558,52.57,15.0
2025-09-02 18:15:00,1890.5206982537366,1895.2955851629388,1889.9002574017131,1894.9362213798554,73.98118277583809,52.51,15.0
2025-09-02 18:30:00,1894.9415349172825,1895.6701991613998,1893.9802038850305,1895.4106741047574,39.82994135587639,52.37,15.0
2025-09-02 18:45:00,1895.3230090252998,1895.9242469659919,1881.8344363277058,1883.5845346229155,57.92599353098839,52.33,15.0
2025-09-02 19:00:00,1883.5253790853642,1887.4124580747339,1882.6240577091853,1884.6430391599215,182.75312736988167,52.62,15.0
2025-09-02 19:15:00,1884.9123994364973,1887.3014896710647,1880.89914836097,1886.8436541399412,88.55816249555501,52.47,15.0
2025-09-02 19:30:00,1886.8931059753631,1889.0150916747143,1885.9298718918958,1888.3383604856651,48.711399393856794,52.5,15.0
2025-09-02 19:45:00,1888.1475532133059,1888.733107395209,1887.4877342555762,1888.4574785012962,59.27141410101021,52.46,15.0
2025-09-02 20:00:00,1888.332974147447,1888.9993546719545,1888.2164074155028,1888.9898721765835,117.86361836823437,52.46,15.0
2025-09-02 20:15:00,1889.0616071492784,1903.819510465575,1888.3343562803914,1903.6357229158994,138.88595159343393,52.61,15.0
2025-09-02 20:30:00,1903.693910772102,1911.1656909582512,1903.5399278795044,1910.969673769725,87.69350084190368,52.73,15.0
2025-09-02 20:45:00,1910.8910560222162,1911.1357573721202,1897.4493512212914,1897.7382999321999,156.21975610184597,52.78,15.0
2025-09-02 21:00:00,1898.0755621327612,1898.1774360010895,1892.4382934815867,1894.772364919953,83.96693322492268,52.84,15.0
2025-09-02 21:15:00,1894.8327089456775,1895.400478189028,1893.2310266756435,1893.4326157625032,25.86137287332499,52.83,15.0
2025-09-02 21:30:00,1893.3132899987068,1894.3136078483203,1879.6349847181282,1880.6071887767373,71.67803415678839,52.86,15.0
2025-09-02 21:45:00,1880.385231120517,1883.8169848945572,1877.7871768675896,1882.1947800924572,52.29623336877353,52.99,15.0
2025-09-02 22:00:00,1882.1682246842886,1887.97272139109,1881.6733105407304,1887.190600075825,145.86184687515362,53.0,15.0
2025-09-02 22:15:00,1887.120267102796,1888.3708357446553,1878.0158412483167,1879.175908950628,158.1773530232117,53.14,15.0
2025-09-02 22:30:00,1879.3090234854635,1880.6618244442861,1879.20524148039,1880.5464495293672,170.25047826948992,53.19,15.0
2025-09-02 22:45:00,1880.9429017332577,1882.494723059679,1865.699626693889,1868.470069695556,639.1269989023954,53.44,15.0
2025-09-02 23:00:00,1868.470441325865,1868.4979476250053,1868.1581801856598,1868.162663745259,132.87491182445225,53.42,15.0
2025-09-03 16:30:00,1868.845119007899,1930.3354521759934,1861.2258861486146,1926.8241189691669,351.86695598834604,53.99,15.0
2025-09-03 16:45:00,1927.4607546970703,1932.8519877875929,1905.9912585850998,1906.928475952907,480.47948890625514,53.57,15.0
2025-09-03 17:00:00,1906.9463801682346,1911.240982642111,1905.942387670197,1910.1870923205363,203.8784243241805,53.44,15.0
2025-09-03 17:15:00,1910.344954112871,1912.4190714134886,1878.1131444785901,1880.221438108433,518.429747484432,53.17,15.0
2025-09-03 17:30:00,1880.3599629355967,1897.5417007152985,1880.252269283409,1897.0271174610316,235.64892669627037,53.34,15.0
2025-09-03 17:45:00,1897.1614630860568,1903.4020475807533,1896.1308909867614,1902.6856645745606,257.6992268928851,53.39,15.0
2025-09-03 18:00:00,1902.4710877514553,1903.7782842750112,1898.5134333490478,1899.7585755628634,248.97956148001077,53.37,15.0
2025-09-03 18:15:00,1899.5718522810796,1903.5221803733334,1898.2402158684606,1903.1602478918787,145.3190430471095,53.15,15.0
2025-09-03 18:30:00,1903.0929669039901,1903.8050220777782,1887.9729864213532,1888.7593188795177,178.64019960312547,52.96,15.0
2025-09-03 18:45:00,1888.5196870505226,1903.9009988695936,1887.1628391285956,1902.352661570177,156.48919877250944,52.89,15.0
2025-09-03 19:00:00,1902.1341160949007,1902.5133883637961,1899.3000516650861,1899.6934679672802,139.75484347065483,52.91,15.0
2025-09-03 19:15:00,1899.8868699765944,1901.1387556648344,1896.1699067761303,1897.7288509304028,169.57313725318315,53.07,15.0
2025-09-03 19:30:00,1897.7802431639898,1898.9000934639294,1894.417383526387,1894.4757220784115,168.85521607791884,53.11,15.0
2025-09-03 19:45:00,1894.3054034745735,1894.7053661884622,1890.4902242598441,1891.0131923742924,183.76228291002334,53.11,15.0
2025-09-03 20:00:00,1890.9851095361187,1893.7437910759127,1890.8815076009867,1893.3310178678832,119.88470011958256,53.11,15.0
2025-09-03 20:15:00,1893.3056305599607,1894.047708217161,1892.925101080475,1893.9028527703808,129.42684352484164,53.11,15.0
2025-09-03 20:30:00,1893.9510542261853,1898.1353944624013,1892.8515936328229,1897.9416746011102,116.65656844592405,52.89,15.0
2025-09-03 20:45:00,1897.6206520448177,1897.9481435534283,1895.8692028939024,1897.364117956805,142.0921482362053,52.95,15.0
2025-09-03 21:00:00,1897.0484569904481,1901.633924409902,1896.4404196438834,1901.2992295392835,116.46887208608949,53.01,15.0
2025-09-03 21:15:00,1901.4369170603097,1902.0255199398239,1896.8544657307823,1897.945049382904,119.54062975156175,53.25,15.0
2025-09-03 21:30:00,1897.7337299958376,1909.1251876299027,1896.2529716672966,1908.7315885168027,128.2199963444651,53.3,15.0
2025-09-03 21:45:00,1908.6872090444433,1909.9459121800162,1895.7054288776612,1896.340350064646,336.31085186052235,53.26,15.0
2025-09-03 22:00:00,1896.285063222836,1903.4213918598725,1895.2600557758765,1903.400156127422,265.29727071856837,53.26,15.0
2025-09-03 22:15:00,1903.3779466599915,1911.2049114140004,1901.5406283898647,1911.0914645232467,271.17423735699145,53.21,15.0
2025-09-03 22:30:00,1911.1102107968063,1911.3493084154816,1907.079328389982,1907.4706164526378,283.12964208516354,53.2,15.0
2025-09-03 22:45:00,1907.8602362782435,1927.753396062191,1905.416511315419,1927.2562550579873,1104.3184467725239,53.34,15.0
2025-09-03 23:00:00,1927.2562550579873,1927.2562550579873,1925.5664374168448,1925.5664374168448,159.99299718995994,53.34,15.0
2025-09-04 16:30:00,1927.0341155172168,1984.0200787910528,1922.9189849713155,1977.6129234133157,203.92720212176383,52.5,15.0
2025-09-04 16:45:00,1975.8026789313276,1978.679014789524,1972.783038676984,1975.9638220371385,61.96333401524345,52.64,15.0
2025-09-04 17:00:00,1976.628431733678,1981.9841928193812,1962.7689710137333,1968.4423447367362,212.14955688998677,52.58,15.0
2025-09-04 17:15:00,1967.663009205906,1967.7742290583647,1962.0581677900298,1962.2853691488665,398.04480008893495,52.56,15.0
2025-09-04 17:30:00,1963.1115573694647,1964.2849652495274,1961.7872781373253,1963.811254203135,250.651561531667,52.5,15.0
2025-09-04 17:45:00,1963.6584310697122,1979.5961062616611,1958.102329372052,1978.4477047769276,428.07541753246556,52.14,15.0
2025-09-04 18:00:00,1978.857928992645,1980.3068878551544,1976.883378650444,1978.0703842621704,345.4358944647681,52.28,15.0
2025-09-04 18:15:00,1978.4150470742757,1982.7600976619538,1961.4987124739575,1962.8767575228849,622.7048204646561,52.12,15.0
2025-09-04 18:30:00,1962.8027501884355,1966.2507522376445,1962.0849945940463,1964.9144803351621,161.28564226070364,52.11,15.0
2025-09-04 18:45:00,1964.842047606668,1969.696428552068,1963.68102015533,1968.6346724173893,102.83051317210955,52.11,15.0
2025-09-04 19:00:00,1968.4483742376742,1971.9073181813594,1967.4889165545774,1971.20849522867,239.13157117205398,52.17,15.0
2025-09-04 19:15:00,1971.291932547615,1971.530779742078,1969.0797787488502,1970.4955847631113,57.01334397386786,52.12,15.0
2025-09-04 19:30:00,1970.3654479737543,1971.1404685455884,1965.7447110769967,1966.2459212640067,60.171430057521285,52.41,15.0
2025-09-04 19:45:00,1966.046310301677,1966.6936770148354,1955.4672921210529,1955.7349032416278,67.63815508099354,52.53,15.0
2025-09-04 20:00:00,1955.8829340750174,1956.7561729462745,1944.4052278767103,1946.0849924508689,130.6427284730197,52.79,15.0
2025-09-04 20:15:00,1945.913860243748,1947.455823237543,1931.5601939340108,1932.4872634758362,110.18188853514195,52.82,15.0
2025-09-04 20:30:00,1932.4140530046939,1935.522057439628,1932.2999284483305,1933.1701916424588,80.16160381099337,52.92,15.0
2025-09-04 20:45:00,1933.2167265113364,1935.2937886473674,1926.8470571843675,1927.4119138255344,129.34483088711622,52.57,15.0
2025-09-04 21:00:00,1927.255334402154,1927.446483447585,1922.191966367832,1922.6818598637526,110.1640054553647,52.72,15.0
2025-09-04 21:15:00,1922.4682940292307,1922.8501441821188,1870.3203269720075,1871.9344987418194,147.3067026284602,52.44,15.0
2025-09-04 21:30:00,1872.2272896032166,1872.8198561793172,1862.2535391056847,1863.4843811586027,145.78554349649988,52.51,15.0
2025-09-04 21:45:00,1863.4237815230535,1878.4503399621374,1862.8191971718072,1877.3509172135011,144.90697622151177,52.74,15.0
2025-09-04 22:00:00,1877.2708871941923,1879.5923478208567,1872.032823225963,1872.8796088417594,148.3072901832142,52.92,15.0
2025-09-04 22:15:00,1872.8591951025992,1873.9832587487426,1872.4092320840841,1873.7787590080316,135.8287614467915,52.85,15.0
2025-09-04 22:30:00,1873.899155066447,1874.5016320483496,1859.7388811861392,1860.2924010684796,272.24143269473177,52.88,15.0
2025-09-04 22:45:00,1860.0185057092408,1874.9858475932115,1857.7970457205797,1874.772007971388,954.6237640292478,52.92,15.0
2025-09-04 23:00:00,1874.772007971388,1874.772007971388,1874.567703260328,1874.567703260328,210.53536851307993,52.92,15.0
2025-09-05 16:30:00,1874.83337311507,1901.5615212065125,1872.644478649848,1892.2665092310187,94.34453452940271,53.89,15.0
2025-09-05 16:45:00,1891.4135651234596,1937.2508314393212,1889.561048065725,1934.0340489940536,38.622158604948204,54.12,15.0
2025-09-05 17:00:00,1935.6882373108663,1983.0374324529485,1932.346120580428,1979.8948069754529,237.81672032081713,53.6,15.0
2025-09-05 17:15:00,1980.374692744266,1980.6282091123583,1971.6929649502322,1972.1405315807815,147.98159632966443,53.48,15.0
2025-09-05 17:30:00,1971.7757395697463,1973.6716103595893,1955.5178568941935,1957.1030147699291,196.94273093563473,53.18,15.0
2025-09-05 17:45:00,1956.7461854220212,1959.3392463150008,1946.9857739557624,1949.629420836847,319.7552426016247,53.03,15.0
2025-09-05 18:00:00,1949.7357535730084,1959.8374696654687,1945.517195334647,1959.1698830461692,460.4790605598081,53.49,15.0
2025-09-05 18:15:00,1958.671259006977,1960.1233538507224,1955.3369744886234,1955.9116936288547,170.44738420288894,53.59,15.0
2025-09-05 18:30:00,1956.518898334494,1958.099266972104,1946.182788478622,1949.2257665221575,282.60048299745534,53.91,15.0
2025-09-05 18:45:00,1949.1314469780464,1958.3038664407877,1947.2554226991715,1957.7585619262875,77.09350262086872,53.9,15.0
2025-09-05 19:00:00,1958.1538451408876,1958.1834351240884,1955.3029048151593,1955.8765608925967,79.41807990855153,54.13,15.0
2025-09-05 19:15:00,1955.6057395805306,1979.9433977946499,1954.9146908180437,1979.287154942743,122.27415840178672,53.86,15.0
2025-09-05 19:30:00,1979.2598079137636,1980.5581575042188,1976.7589583021702,1976.8869178511297,101.4270972873845,53.85,15.0
2025-09-05 19:45:00,1977.1554899330606,1990.2315937035537,1976.3073962608237,1989.0324490202738,106.98769593177178,54.04,15.0
2025-09-05 20:00:00,1988.9776433154957,1989.2718843527246,1987.014226077908,1987.3645917063973,68.67248164017043,53.97,15.0
2025-09-05 20:15:00,1987.4078418951747,1989.802043254658,1986.8692088695707,1989.7587897583194,141.22578797509718,53.99,15.0
2025-09-05 20:30:00,1990.0829979373148,1990.6994341743084,1977.5722874922776,1978.2362767237307,107.57046885114165,53.96,15.0
2025-09-05 20:45:00,1978.165567757888,1978.5882648710403,1970.8217238904022,1971.0970224954367,76.265431327782,53.95,15.0
2025-09-05 21:00:00,1970.6156808430908,1977.2947360949897,1970.5901866302165,1976.9123123923125,162.30693865031188,54.27,15.0
2025-09-05 21:15:00,1976.680443876474,1979.781481910227,1975.840459522093,1979.0557125368548,51.15786215306158,54.18,15.0
2025-09-05 21:30:00,1979.148451758772,1979.3602570061466,1974.6535531129546,1975.9419826241922,66.53166891216686,54.14,15.0
2025-09-05 21:45:00,1976.0408595011397,1977.0844015180767,1961.5519949273692,1962.307388265138,137.45938836972692,54.33,15.0
2025-09-05 22:00:00,1962.4761443329182,1963.2896041765762,1951.796972581667,1952.0597621509974,108.0029244149832,54.36,15.0
2025-09-05 22:15:00,1952.0249136526456,1952.1579755641849,1943.0468076099166,1943.3996999438823,214.19160280554306,54.39,15.0
2025-09-05 22:30:00,1943.1874393828818,1943.2285534991754,1929.7962419277233,1931.1261863248428,352.5912552757028,54.29,15.0
2025-09-05 22:45:00,1930.552749697738,1932.2043306959722,1929.9517360534126,1931.2771692246813,747.8410956342726,54.4,15.0
2025-09-05 23:00:00,1931.2771692246813,1931.2771692246813,1929.7620261719603,1929.7620261719603,142.2461622359084,54.41,15.0
2025-09-08 16:30:00,1930.1752261370445,1936.3376003501999,1922.262643982576,1922.7515231912244,238.8352544719247,53.69,15.0
2025-09-08 16:45:00,1922.8298003529528,1923.1435006612094,1873.7583009000157,1874.6907943143262,239.4842653327215,53.81,15.0
2025-09-08 17:00:00,1874.8089037146713,1877.70130848344,1869.152474863489,1869.452027300608,102.13312416114066,53.49,15.0
2025-09-08 17:15:00,1868.9666562690634,1870.7849885342239,1866.212072056482,1868.210386410425,187.5179878557864,53.59,15.0
2025-09-08 17:30:00,1867.8987269579457,1900.3539709968531,1864.9632607662031,1900.17366476307,107.0214138368628,53.83,15.0
2025-09-08 17:45:00,1900.6539888534385,1901.4417222552825,1885.0620531593715,1886.1631053643323,105.01857169805302,54.04,15.0
2025-09-08 18:00:00,1886.372399803494,1888.2171603037605,1882.2666873417174,1882.9253118551958,126.6670042458193,54.27,15.0
2025-09-08 18:15:00,1882.625914681064,1907.0489849204557,1882.1084832265499,1905.0261092279627,237.78777518402697,53.95,15.0
2025-09-08 18:30:00,1904.6100927267405,1909.4408913214552,1902.379761565368,1908.1731845224408,150.7156062776591,53.73,15.0
2025-09-08 18:45:00,1908.0857478667385,1912.1913242332405,1907.0713813237678,1910.6405676140685,78.16232719643811,53.73,15.0
2025-09-08 19:00:00,1910.597113727662,1911.4991050005158,1909.3302782827839,1910.3932536055836,80.6916100621488,53.77,15.0
2025-09-08 19:15:00,1910.914406959808,1913.3459653327347,1910.373215428124,1910.964362892701,42.45916384877464,53.57,15.0
2025-09-08 19:30:00,1910.9204715228184,1918.0568416706228,1909.1613985396864,1916.1059903361001,171.17029295566203,53.52,15.0
2025-09-08 19:45:00,1915.576553653653,1917.3919426949406,1902.2828116932042,1902.6382581947753,285.5552519914969,53.67,15.0
2025-09-08 20:00:00,1902.630185103356,1906.0989812233327,1902.3957562783698,1906.050893450835,107.49002140519285,53.65,15.0
2025-09-08 20:15:00,1906.0901100374542,1906.4726454269696,1897.4631090265364,1897.6647582191795,56.76195795391025,53.66,15.0
2025-09-08 20:30:00,1897.2576611086783,1899.3243812200726,1895.1161560481469,1899.2746046295947,154.5141524078125,53.45,15.0
2025-09-08 20:45:00,1899.381147953805,1899.5624805040547,1899.2275732532078,1899.4067078861058,229.40169863390506,53.34,15.0
2025-09-08 21:00:00,1899.5604379259566,1899.8195666254696,1894.835229008605,1896.1733343555854,158.04156581007808,53.41,15.0
2025-09-08 21:15:00,1896.22182766905,1899.15154078933,1894.8525481876156,1897.471293811205,237.23724505820024,53.74,15.0
2025-09-08 21:30:00,1897.3530432411671,1897.4959557334007,1893.4511159209346,1893.6559086701118,132.85097641848517,53.78,15.0
2025-09-08 21:45:00,1893.5718423695444,1894.4589093782147,1886.8667070344452,1887.5982370994402,93.12889059209576,53.89,15.0
2025-09-08 22:00:00,1887.2642432786358,1887.6788653417548,1882.568463378138,1884.109623049076,179.10189514887003,53.82,15.0
2025-09-08 22:15:00,1884.0926040860675,1885.196861376607,1878.308713863678,1878.8803470785838,152.7491070745923,53.85,15.0
2025-09-08 22:30:00,1878.9132803131472,1880.7130162819817,1878.8730992728697,1880.4986671872527,206.74447435266728,53.92,15.0
2025-09-08 22:45:00,1880.1946165756417,1881.165701138679,1866.3992752829038,1867.5181793036863,1235.9022708767736,54.13,15.0
2025-09-08 23:00:00,1867.5181793036863,1867.6466431086096,1867.5181793036863,1867.6466431086096,244.12227830188465,54.11,15.0
2025-09-09 16:30:00,1868.116805437242,1868.2926389262864,1836.5832801603947,1843.825258444664,134.28050945928777,54.34,15.0
2025-09-09 16:45:00,1843.0843366903123,1843.3374783058748,1835.202370294586,1835.5624074810007,114.0439436352192,54.24,15.0
2025-09-09 17:00:00,1834.0223983344347,1834.1199468863651,1812.473788887842,1814.1581182940101,410.0390320447364,53.85,15.0
2025-09-09 17:15:00,1813.9182820439694,1831.183617681867,1813.51109608041,1828.5889777973032,275.9306429965369,53.96,15.0
2025-09-09 17:30:00,1828.8557135780325,1833.454294711093,1827.983492425648,1831.7613695876696,317.3326144305484,53.92,15.0
2025-09-09 17:45:00,1831.959631925235,1832.9578692652722,1831.8349309685093,1832.603282707466,123.43121115434103,54.1,15.0
2025-09-09 18:00:00,1832.9302046260348,1837.5231468841905,1831.0223821613577,1837.2427173658948,119.91365432366449,54.05,15.0
2025-09-09 18:15:00,1837.245313864067,1837.5439767725065,1819.0138013118747,1819.742575382359,78.96103875600737,54.19,15.0
2025-09-09 18:30:00,1819.7003963230377,1822.221677864818,1818.7229287098626,1821.3518198363615,50.69969087943125,54.22,15.0
2025-09-09 18:45:00,1820.8891264558022,1848.3050270647086,1818.5568795588256,1847.8593739821688,97.2857353418945,53.89,15.0
2025-09-09 19:00:00,1847.9668360149055,1849.1076887101915,1846.856285996896,1848.6051023191308,225.938935266527,53.67,15.0
2025-09-09 19:15:00,1848.5697629460726,1850.7069755823427,1847.5325713380307,1850.0052948035895,163.89316721630797,53.7,15.0
2025-09-09 19:30:00,1849.9356640582682,1857.1095294659517,1849.0538348232676,1856.036875307055,164.19294532440796,53.61,15.0
2025-09-09 19:45:00,1856.2597788139467,1862.4350037028419,1855.5269048227253,1862.053810368718,107.41136840434218,53.75,15.0
2025-09-09 20:00:00,1862.0216772588406,1862.085162710574,1840.3504033724878,1842.2963568869418,119.12794865785442,53.54,15.0
2025-09-09 20:15:00,1842.6489658883675,1843.0148250629425,1826.2768532165624,1828.198084954882,53.523872527854614,53.73,15.0
2025-09-09 20:30:00,1827.9624822146206,1831.4454801360669,1827.2131136616288,1831.130484293458,123.91229450174622,53.79,15.0
2025-09-09 20:45:00,1831.7002007681021,1833.451452718781,1826.259364380439,1826.8644311699015,197.54157250837707,53.79,15.0
2025-09-09 21:00:00,1826.8169647741997,1834.6291090428992,1826.564484504755,1834.6112122797715,138.1111229438633,53.82,15.0
2025-09-09 21:15:00,1834.7086343105298,1835.513668704102,1833.3980291668063,1834.1398155880445,111.02338204064671,53.81,15.0
2025-09-09 21:30:00,1834.2775135076404,1835.1995152472018,1824.1133839017298,1824.4918990648512,151.65709252372122,53.87,15.0
2025-09-09 21:45:00,1824.375948714428,1825.1192633103367,1814.813912917763,1815.158082824935,265.3510505304083,53.87,15.0
2025-09-09 22:00:00,1815.2969505194699,1817.1076105692146,1797.9591046028459,1799.1426557956802,242.30531762916576,53.77,15.0
2025-09-09 22:15:00,1799.336485538261,1799.5048414552623,1798.5194996563332,1798.8411772835068,444.65355558354355,53.68,15.0
2025-09-09 22:30:00,1798.5766764971775,1801.8341588012186,1791.7475790381854,1800.6333460979304,544.2156945190173,53.98,15.0
2025-09-09 22:45:00,1800.4624181026336,1803.8235198835348,1798.3844302530144,1800.709398149651,788.9091284327039,54.21,15.0
2025-09-09 23:00:00,1800.709398149651,1802.9297269434164,1800.709398149651,1802.9297269434164,151.34591647586208,54.2,15.0
2025-09-10 16:30:00,1802.837935568534,1842.5505080135972,1798.8868824462259,1840.1494601837285,264.42198763355333,54.21,15.0
2025-09-10 16:45:00,1840.8137927974328,1842.11858042558,1838.2022892263021,1838.2779940553173,175.95064642411296,54.21,15.0
2025-09-10 17:00:00,1838.776885984579,1843.0221718398768,1777.4522795547657,1780.2660289093749,419.6825319565571,53.7,15.0
2025-09-10 17:15:00,1780.2279688382769,1794.063227999625,1777.2598961404485,1791.9740836004178,582.3582685594414,53.23,15.0
2025-09-10 17:30:00,1792.2117192536023,1803.3815164300204,1792.105595354578,1803.363275539703,370.3562787693498,53.38,15.0
2025-09-10 17:45:00,1802.799379601631,1809.6917822965645,1802.169376713481,1808.8775658664076,229.27014040235508,53.43,15.0
2025-09-10 18:00:00,1808.662391771072,1822.715340430358,1807.7117140330326,1822.4952780638116,321.33984659854457,53.31,15.0
2025-09-10 18:15:00,1822.5776288291731,1823.1227370370766,1811.7433074740843,1812.0749607092187,194.2825464535834,53.36,15.0
2025-09-10 18:30:00,1812.4059063191055,1838.1925622075019,1810.3859805120803,1836.546928028706,183.56790253617407,53.48,15.0
2025-09-10 18:45:00,1836.6104364713729,1836.9347385707938,1824.101237702734,1824.7288261385047,103.84404336023594,53.24,15.0
2025-09-10 19:00:00,1825.5169242204424,1839.9420330618834,1821.6109979094447,1839.1743178417987,89.24030596972358,52.99,15.0
2025-09-10 19:15:00,1839.65258918709,1843.095964610263,1798.9473764578393,1802.3571638556634,199.63542795720386,52.48,15.0
2025-09-10 19:30:00,1802.170870751461,1802.425001055231,1788.0372685537022,1790.5130538089818,182.7620435980053,52.38,15.0
2025-09-10 19:45:00,1790.456665629403,1815.3992049626395,1788.0608514071798,1813.133306643006,262.03545270690205,52.1,15.0
2025-09-10 20:00:00,1813.3064278099034,1814.7392284969171,1808.0436454626442,1810.8319982907533,836.1751186933728,52.14,15.0
2025-09-10 20:15:00,1810.7083897668297,1821.5002595317778,1809.5503735831303,1819.5235648368373,402.26367942476446,51.95,15.0
2025-09-10 20:30:00,1820.1239647299801,1825.150091313495,1820.015457454458,1822.6235111311787,122.05804955220219,51.73,15.0
2025-09-10 20:45:00,1822.1182985867642,1823.7472887290537,1818.9064898982515,1819.8584332155378,381.4338220353862,51.43,15.0
2025-09-10 21:00:00,1819.9589262587672,1840.53917963666,1817.627820032689,1836.8130372387748,176.93009471584455,51.42,15.0
2025-09-10 21:15:00,1837.0234617951223,1837.933077670903,1832.8418973698454,1834.1696962480116,81.21674110050306,51.31,15.0
2025-09-10 21:30:00,1834.083335014603,1834.8886836199968,1815.4780561459288,1815.8633938182488,118.58678260656612,51.17,15.0
2025-09-10 21:45:00,1815.68068546101,1815.7567604453882,1804.2660329695402,1807.9159090871701,152.83409493403622,51.29,15.0
2025-09-10 22:00:00,1807.886078554122,1818.4157589743236,1806.489749297313,1815.1060204257026,143.14879577157183,50.98,15.0
2025-09-10 22:15:00,1815.2609053415995,1820.3598488968532,1814.239597747212,1819.329307600278,251.27315551570754,51.02,15.0
2025-09-10 22:30:00,1819.2074795825126,1821.9399406230134,1806.5352491226056,1806.805036379703,358.4121760767246,51.08,15.0
2025-09-10 22:45:00,1806.4538895397789,1807.081874361123,1798.6651087676419,1798.6771551887641,2048.5538663225266,50.96,15.0
2025-09-10 23:00:00,1798.6771551887641,1800.3402951427797,1798.6771551887641,1800.3402951427797,204.0600859632536,50.96,15.0
2025-09-11 16:30:00,1800.801510072663,1805.6828583758413,1790.8054264574243,1792.2679865589678,115.06128600444589,51.78,15.0
2025-09-11 16:45:00,1793.1758058623052,1797.338603249097,1745.0607871444947,1751.4685373775133,139.32708919887673,52.15,15.0
2025-09-11 17:00:00,1751.7984483734365,1753.2103782578574,1741.0319182811336,1744.2245388414267,128.48470789053977,52.07,15.0
2025-09-11 17:15:00,1745.0561462073556,1746.5238464972717,1737.7346344751004,1739.1189347085833,149.57310710874512,52.29,15.0
2025-09-11 17:30:00,1739.6506239519845,1755.5598443149606,1737.8314481542686,1754.3628503685675,178.61170325159563,52.01,15.0
2025-09-11 17:45:00,1754.2017164498175,1766.036595439341,1752.5455819704403,1764.8865753428072,163.38413187802018,52.11,15.0
2025-09-11 18:00:00,1765.0161440515465,1768.3508151606518,1762.6422427764958,1767.2525252032083,84.58071503975258,52.24,15.0
2025-09-11 18:15:00,1767.1284637781791,1767.318920387527,1766.1362482002469,1767.2133601554788,117.66005396875056,52.28,15.0
2025-09-11 18:30:00,1767.1074882840082,1772.1107877616305,1765.4860590420274,1771.1549842011664,83.46812591571945,52.26,15.0
2025-09-11 18:45:00,1770.9603974275033,1771.6855330980661,1769.7088408349753,1770.2891357925405,77.54946940313157,52.33,15.0
2025-09-11 19:00:00,1770.2557845562226,1770.5927596278054,1768.4634927088887,1768.6164673018704,84.12611536602778,52.39,15.0
2025-09-11 19:15:00,1768.6973272104485,1768.8608588453444,1767.2315372447295,1767.3589599951224,90.22201584920604,52.53,15.0
2025-09-11 19:30:00,1767.3407696277595,1768.553335257759,1760.993730890822,1762.5389483518977,121.38690570821166,52.34,15.0
2025-09-11 19:45:00,1762.270999147291,1763.5354830220365,1754.8226773018307,1755.5342432942248,147.2590861106351,52.39,15.0
2025-09-11 20:00:00,1755.1953163498747,1761.635392181747,1754.7478726206257,1760.8942053328592,93.80323058499255,52.5,15.0
2025-09-11 20:15:00,1761.2075134546897,1769.5403020594977,1761.0921669403976,1768.6931726650207,47.962913498016476,52.6,15.0
2025-09-11 20:30:00,1768.7930984351183,1770.434979253196,1752.7875436550885,1754.9208141521617,192.3008773184169,52.77,15.0
2025-09-11 20:45:00,1754.693765776221,1758.5126283886584,1753.028034546145,1757.898297866339,141.45428921301527,52.68,15.0
2025-09-11 21:00:00,1758.0548899261464,1760.3724635493095,1757.6213393646642,1760.322161366458,217.47543850864443,52.95,15.0
2025-09-11 21:15:00,1760.7165396425728,1766.9466789026405,1759.709651083089,1766.519989432401,379.615370818818,53.05,15.0
2025-09-11 21:30:00,1766.6712148044094,1770.4934431053512,1764.108377219127,1769.8283986392132,299.85830582684065,53.1,15.0
2025-09-11 21:45:00,1769.2967784875793,1769.4822509498147,1761.6714879532099,1761.7256817055945,153.70654629788334,52.97,15.0
2025-09-11 22:00:00,1762.1191689924028,1762.4288508694508,1756.8886471425933,1757.4204336131688,123.37861981809071,52.88,15.0
2025-09-11 22:15:00,1756.734559786145,1763.686604874301,1756.6675257851277,1763.600967075993,248.4524813291499,53.23,15.0
2025-09-11 22:30:00,1763.524558548036,1782.3095746475046,1761.7754043733282,1779.375405534643,282.40686398051133,53.03,15.0
2025-09-11 22:45:00,1778.8709585484046,1779.0397483549295,1746.370644622851,1747.1939114568456,878.2660063257462,53.21,15.0
2025-09-11 23:00:00,1747.1939114568456,1750.8784120220064,1747.1939114568456,1750.8784120220064,134.64914637693377,53.21,15.0
2025-09-12 16:30:00,1751.1436333460454,1787.7896180969842,1751.0840424797816,1787.1459169950954,89.00498657245224,52.08,15.0
2025-09-12 16:45:00,1786.070535660608,1791.3515963664022,1782.0209863649018,1788.8808525451102,97.52596304143637,52.42,15.0
2025-09-12 17:00:00,1788.8272981178327,1800.2825222330662,1786.1373752453344,1799.1630224315718,130.28599704799538,51.86,15.0
2025-09-12 17:15:00,1799.6371978588438,1800.586279691097,1785.7705423181144,1788.0875794553695,105.61483135707724,51.54,15.0
2025-09-12 17:30:00,1787.8016343082115,1789.696064269033,1785.6599760888546,1786.517120840855,119.60685551233308,51.23,15.0
2025-09-12 17:45:00,1786.134068086791,1786.6930243297584,1770.1615362519358,1771.7325833288,114.9523805004043,51.16,15.0
2025-09-12 18:00:00,1771.698630478045,1774.0943668101281,1752.0059447796934,1753.0130022602332,178.75579246398684,51.12,15.0
2025-09-12 18:15:00,1752.9197820686966,1765.3479816870467,1751.7085846365405,1764.968391745603,216.6131951481328,51.03,15.0
2025-09-12 18:30:00,1764.76654838159,1765.7593332052677,1753.4330416792384,1753.997502672182,167.7039903400228,50.83,15.0
2025-09-12 18:45:00,1753.6323097770135,1755.1783067500237,1752.5835210500643,1753.2534736514974,226.87201156792023,51.03,15.0
2025-09-12 19:00:00,1753.4570394886987,1756.5908598800802,1737.0546353755658,1737.350959619241,158.0279732237239,51.17,15.0
2025-09-12 19:15:00,1737.4960432726832,1738.5080029386866,1727.5880553997044,1728.3684620959334,245.7421467464983,51.18,15.0
2025-09-12 19:30:00,1728.165194968909,1731.0599147717985,1726.1379402407115,1730.3358517293914,140.37362105238603,51.09,15.0
2025-09-12 19:45:00,1730.1688085083572,1730.5534538710442,1728.4905153751297,1729.6108367460943,137.47338638168551,51.14,15.0
2025-09-12 20:00:00,1729.6310863531173,1736.080305370387,1729.2601040745158,1735.369545684375,152.25206206835136,51.13,15.0
2025-09-12 20:15:00,1735.0832241750873,1746.6332757029343,1734.9552151787436,1745.3749316927103,122.43069195038642,51.34,15.0
2025-09-12 20:30:00,1745.4146904525476,1752.9061215200672,1745.3282768179427,1752.183456553691,112.20456122313675,51.46,15.0
2025-09-12 20:45:00,1752.6034910602891,1756.0593371544558,1752.5465069736101,1755.94308301977,112.81976570702378,51.19,15.0
2025-09-12 21:00:00,1755.9323060620072,1770.9834894654055,1754.7490541035656,1770.4185402403134,82.90487284894881,51.34,15.0
2025-09-12 21:15:00,1770.1999092451194,1770.4776875363114,1766.9517267681724,1767.0883918461948,72.30250951365514,51.5,15.0
2025-09-12 21:30:00,1767.142408223431,1771.8326823402315,1766.7330083532784,1770.313264433196,120.42663605178157,51.61,15.0
2025-09-12 21:45:00,1770.2718472232057,1783.5747071224018,1767.8886999298086,1782.1530341641262,146.99587031386267,51.54,15.0
2025-09-12 22:00:00,1782.1275748289104,1793.4707113961986,1781.0248246281794,1792.225674027351,152.25325242354964,51.53,15.0
2025-09-12 22:15:00,1792.2760438125379,1793.2043927770185,1787.9922142349183,1788.4668868009528,248.6527422654185,51.5,15.0
2025-09-12 22:30:00,1788.6499592319255,1788.8501123728258,1786.5057399864318,1787.445951675011,475.81849256509116,51.49,15.0
2025-09-12 22:45:00,1787.4602478490272,1809.2845157854501,1786.8587554289786,1807.9862826999115,923.7659447473449,51.26,15.0
2025-09-12 23:00:00,1807.9862826999115,1809.4337306018176,1807.9862826999115,1809.4337306018176,158.36800859908726,51.26,15.0
2025-09-15 16:30:00,1810.5708287032442,1819.3985247779242,1808.5991655594687,1816.4785340849087,57.06240665201776,51.5,15.0
2025-09-15 16:45:00,1817.0001453242785,1817.709266203635,1813.8310805976257,1816.444234694681,118.88340897650221,51.81,15.0
2025-09-15 17:00:00,1816.8593883599838,1819.0320883955717,1807.6482842126522,1807.9902902539498,68.63604859635196,51.42,15.0
2025-09-15 17:15:00,1808.0653710142203,1819.035081859063,1804.327259820692,1817.1438038520769,87.82424018270518,51.65,15.0
2025-09-15 17:30:00,1816.8986739217457,1817.6549330132889,1816.6528129209576,1816.850236694442,74.96157066301333,51.75,15.0
2025-09-15 17:45:00,1817.1250147256303,1818.561972029196,1815.869328215675,1817.6844543861116,175.4647505009887,51.74,15.0
2025-09-15 18:00:00,1817.7303267746831,1819.0232400684683,1816.5289319058572,1818.7991900239722,201.78331741133243,51.59,15.0
2025-09-15 18:15:00,1818.5728892096508,1818.8273362610857,1806.8513674950852,1807.7005936204323,108.41941021719768,51.23,15.0
2025-09-15 18:30:00,1807.6439095160988,1814.6758404589286,1806.9788090516595,1814.617414331046,51.28438769269378,51.36,15.0
2025-09-15 18:45:00,1814.4535967288577,1833.5263089094885,1813.529287961802,1833.298180425351,56.19098364336128,51.26,15.0
2025-09-15 19:00:00,1833.5558833711864,1834.4283896814452,1816.8696871652965,1818.0351014997148,80.241599106995,51.25,15.0
2025-09-15 19:15:00,1818.1798638627924,1823.1417957715332,1818.1424730449173,1822.4740115533384,112.19950243264331,51.36,15.0
2025-09-15 19:30:00,1822.4971085812967,1822.5121046183826,1819.6432431462524,1820.0341574484305,83.51996289762558,51.37,15.0
2025-09-15 19:45:00,1820.0282632860449,1824.7296721888822,1819.5169157241633,1824.6958868254812,131.29994255382243,51.46,15.0
2025-09-15 20:00:00,1824.5949045123605,1825.8611605344913,1824.1176070355884,1825.7964037527722,115.21080947894528,51.44,15.0
2025-09-15 20:15:00,1825.232096270321,1833.9809172219332,1823.507498240284,1832.9472754290157,148.24796548062514,51.27,15.0
2025-09-15 20:30:00,1832.6777662364348,1843.3322963106414,1832.598621760575,1842.5759642713635,107.9369785988087,51.37,15.0
2025-09-15 20:45:00,1842.4421779332658,1844.7700252948343,1839.776345459381,1844.2800611476257,103.20550545174552,51.37,15.0
2025-09-15 21:00:00,1844.08134379663,1855.045599565585,1843.6019246233122,1854.2524038777917,194.88757628942867,51.42,15.0
2025-09-15 21:15:00,1854.310664406238,1855.1300609175598,1834.4740666111895,1836.049831415226,236.00708403393773,51.28,15.0
2025-09-15 21:30:00,1836.2218187854783,1850.2745811521263,1835.8774231914444,1850.220173475296,164.64783153566705,51.45,15.0
2025-09-15 21:45:00,1850.190230033235,1854.2491275888156,1847.9550235733584,1853.2937533914167,297.1547210211987,51.4,15.0
2025-09-15 22:00:00,1853.5923581816226,1861.4736162531353,1853.1162029138236,1860.798633416447,256.7623613984484,51.26,15.0
2025-09-15 22:15:00,1860.6741883532843,1861.344125594802,1853.1353655557195,1853.5518733578303,317.80509619509564,51.26,15.0
2025-09-15 22:30:00,1853.5145300307856,1854.170773919997,1845.6506881814105,1846.6524811931558,496.27264266164997,51.46,15.0
2025-09-15 22:45:00,1846.6373525352283,1850.518988407545,1846.271281803548,1849.9123555244607,971.1853822385971,51.65,15.0
2025-09-15 23:00:00,1849.9123555244607,1849.9727383027396,1849.9123555244607,1849.9727383027396,240.10197837560642,51.62,15.0
2025-09-16 16:30:00,1850.068115222312,1866.9964556224943,1847.7146133983167,1860.0097317025568,392.18776304889275,51.68,15.0
2025-09-16 16:45:00,1860.118719407477,1896.6908927539375,1859.8878032481268,1889.7482720124365,560.59627971962,51.3,15.0
2025-09-16 17:00:00,1889.3098642638472,1892.3113916121085,1868.6470582095028,1870.1912676278216,226.18556481413418,51.1,15.0
2025-09-16 17:15:00,1869.8288890871997,1887.8612909823923,1869.8096733276918,1885.953999114276,666.1330661869757,51.36,15.0
2025-09-16 17:30:00,1886.3024120589344,1887.583395255538,1883.1672171320026,1884.332391867309,537.7026052823683,51.24,15.0
2025-09-16 17:45:00,1883.914537720276,1884.5072477177184,1880.2979821477363,1881.7688486180002,396.0358978162161,51.21,15.0
2025-09-16 18:00:00,1882.26695610124,1882.866753008289,1860.8827737553052,1862.5401079479382,678.3859951198947,51.43,15.0
2025-09-16 18:15:00,1862.6671861648392,1865.593292772275,1862.5116914145258,1865.4531964244943,462.77711303678007,51.2,15.0
2025-09-16 18:30:00,1865.2947673192248,1866.3167435417897,1847.0948406637035,1847.1807440419386,294.3646505574098,51.31,15.0
2025-09-16 18:45:00,1847.0396689770585,1852.9548151383703,1846.180233107383,1852.1297634719347,556.1565617038585,51.4,15.0
2025-09-16 19:00:00,1852.4914080716937,1853.5030420050914,1840.9041102026329,1841.0696870487498,490.53369024040495,51.29,15.0
2025-09-16 19:15:00,1841.2491664165818,1841.8209369481624,1840.766967001522,1841.5683080044194,158.80773408626965,51.26,15.0
2025-09-16 19:30:00,1841.5594480390275,1842.2101551917735,1841.0114948648798,1841.966755038598,117.38506031103512,51.3,15.0
2025-09-16 19:45:00,1842.002411625348,1855.9001083196583,1841.3521792880344,1854.7530717271015,377.20029340721726,51.44,15.0
2025-09-16 20:00:00,1854.5613400622606,1854.8957616380476,1849.4607485157728,1851.9029277541554,162.7479304687767,51.3,15.0
2025-09-16 20:15:00,1851.9200673627804,1851.9878936034352,1847.731272839216,1848.592880187471,223.76206060042995,51.27,15.0
2025-09-16 20:30:00,1848.535749532135,1848.9646591352298,1847.356084849525,1847.4614435788988,189.88534553567743,51.3,15.0
2025-09-16 20:45:00,1847.4506234519372,1856.4790594841506,1847.1448557360443,1854.7985411380778,309.93842873071975,51.39,15.0
2025-09-16 21:00:00,1855.009565050237,1857.4770642459102,1854.8719514727577,1856.8787789438823,201.96990461388387,51.35,15.0
2025-09-16 21:15:00,1856.8676335410698,1857.0196867920668,1854.734567022182,1854.8770701935698,199.25885074225192,51.3,15.0
2025-09-16 21:30:00,1854.688270773065,1855.1261605095917,1853.1448816179725,1853.8589643564535,264.7348332019828,51.37,15.0
2025-09-16 21:45:00,1853.7286498199096,1853.96439338339,1848.501893867834,1848.7557163735535,465.3546361035237,51.41,15.0
2025-09-16 22:00:00,1848.8203753529265,1860.986566269783,1846.2172757573262,1859.4362585188574,474.9928526204471,51.86,15.0
2025-09-16 22:15:00,1859.218552734633,1860.1146669512266,1839.0372496725117,1839.5215824487193,224.71083922249105,51.65,15.0
2025-09-16 22:30:00,1839.602593018145,1849.4115591067236,1839.0681112533255,1848.0308341221985,239.73349615121833,51.49,15.0
2025-09-16 22:45:00,1847.4816561040411,1852.609604781675,1845.1668396460755,1851.973688701391,1166.6060807959236,51.78,15.0
2025-09-16 23:00:00,1851.973688701391,1852.211722830176,1851.973688701391,1852.211722830176,280.94691282921093,51.78,15.0
2025-09-17 16:30:00,1850.9759248517526,1856.262677685384,1810.660920538507,1811.9917498098275,150.59845856331978,52.71,15.0
2025-09-17 16:45:00,1812.0148084942432,1813.3370674397922,1808.7803170296845,1812.387338146758,119.04344920542017,52.8,15.0
2025-09-17 17:00:00,1812.2224287719553,1846.6860534139605,1811.6261356883008,1843.5569958782676,195.60716188587944,52.43,15.0
2025-09-17 17:15:00,1843.97581904463,1856.4594905760262,1843.480321568276,1855.8921644545414,86.3363032190777,52.58,15.0
2025-09-17 17:30:00,1855.9375960617729,1857.351673574279,1849.2806621139378,1850.4789701961272,122.67303346080372,52.73,15.0
2025-09-17 17:45:00,1850.891292050196,1855.1423867192193,1850.8499329480808,1852.9862483612487,100.86889612782916,52.77,15.0
2025-09-17 18:00:00,1853.0872651835843,1853.1356733545838,1852.5995780678952,1852.639821618628,159.96057007981577,52.66,15.0
2025-09-17 18:15:00,1853.0023409630523,1857.2976947680884,1852.0590840761429,1856.6627586900288,58.05769278623312,52.8,15.0
2025-09-17 18:30:00,1856.6118682758884,1857.7458571829918,1849.3790431680895,1849.4607159044547,61.75561611267776,52.62,15.0
2025-09-17 18:45:00,1849.5595705388903,1850.8593080513451,1846.5640330373021,1849.5802798175678,72.87305619670201,52.7,15.0
2025-09-17 19:00:00,1849.8772999787911,1851.2532274548983,1833.6228344552844,1834.1788039223338,139.22245008668077,52.47,15.0
2025-09-17 19:15:00,1834.4377292343625,1835.8795796548764,1833.0259702137153,1835.172219924933,87.21283976518633,52.28,15.0
2025-09-17 19:30:00,1835.279131323225,1839.7207222964819,1834.2004638638637,1839.1306287685543,91.82903261946737,52.25,15.0
2025-09-17 19:45:00,1839.085452299184,1839.2786426350183,1838.265804690006,1838.6341745466818,58.582397552026066,52.24,15.0
2025-09-17 20:00:00,1838.5887457370798,1839.1477992254645,1820.3337715941511,1821.7905815072547,177.9252305636511,52.15,15.0
2025-09-17 20:15:00,1821.9955294391932,1829.9910485107387,1821.4597282450643,1829.2596283980747,87.94221090330032,52.11,15.0
2025-09-17 20:30:00,1829.5306172401013,1833.8864092722708,1828.6289671947927,1833.364027216231,133.7164889085029,52.17,15.0
2025-09-17 20:45:00,1833.2383763375424,1833.3856612116217,1828.6861164039994,1829.6607637118525,46.81049502105838,52.32,15.0
2025-09-17 21:00:00,1828.5652232939576,1834.7023582323957,1814.7778773993152,1821.1793447844107,277.8355630678151,53.12,15.0
2025-09-17 21:15:00,1820.7769397779746,1823.2512221389795,1795.0956441262576,1797.146251121019,111.2813618044816,52.98,15.0
2025-09-17 21:30:00,1797.9903125033231,1800.809245689437,1751.9049139139217,1753.5457775777288,161.07278427857543,51.92,15.0
2025-09-17 21:45:00,1752.6987109733766,1752.7069090443413,1734.1882597613105,1736.9581420231325,127.3836339898699,51.66,15.0
2025-09-17 22:00:00,1737.4346682046712,1769.9080960266633,1736.9701470273073,1764.7538340545432,195.56976912097488,51.36,15.0
2025-09-17 22:15:00,1764.9330965127215,1765.8916733127992,1760.0314533985008,1760.8055441373708,183.97801918676714,51.5,15.0
2025-09-17 22:30:00,1760.6207019718495,1774.177239761127,1759.479873547421,1772.1034268448188,187.3746462098139,51.56,15.0
2025-09-17 22:45:00,1773.230333591642,1774.1573598439875,1759.0975058166696,1760.1850955074906,1335.291454745017,51.52,15.0
2025-09-17 23:00:00,1760.1850955074906,1763.1216832286311,1760.1850955074906,1763.1216832286311,234.27332812242398,51.52,15.0
2025-09-18 16:30:00,1764.2120154912773,1767.102157454051,1761.0450349146925,1766.3788016310277,198.0237709662529,52.06,15.0
2025-09-18 16:45:00,1766.483557496004,1780.3200930056876,1766.3488927839442,1779.6895322706036,16.539783714025056,52.05,15.0
2025-09-18 17:00:00,1778.0415989246192,1778.9642153064715,1769.8763667013925,1770.80681684186,75.44978475790275,52.65,15.0
2025-09-18 17:15:00,1771.2791513152229,1772.4426337115199,1756.3934090728424,1757.1916656392975,58.59565259965345,52.74,15.0
2025-09-18 17:30:00,1757.4183206208536,1757.692574909184,1748.704871974297,1749.2992407994016,110.22348877351291,52.83,15.0
2025-09-18 17:45:00,1749.1812594807643,1750.4273734403591,1745.3491361013023,1747.466785537001,184.45228361121914,52.83,15.0
2025-09-18 18:00:00,1747.2009847454474,1748.0124996464765,1740.0761825113818,1740.422112539103,146.16993714337985,53.11,15.0
2025-09-18 18:15:00,1739.873410286754,1748.4831774796,1738.6800626228883,1748.0648699220849,204.4535211819044,52.9,15.0
2025-09-18 18:30:00,1748.576797755743,1749.0601594744671,1748.5017251817235,1748.6031782833138,83.19014987779451,52.98,15.0
2025-09-18 18:45:00,1748.2900569130577,1779.6654391834609,1746.8025414991953,1779.6025716529107,65.33377865825447,52.68,15.0
2025-09-18 19:00:00,1779.3883284491803,1779.5754498246176,1772.0497169633447,1772.1057778398078,50.4076671995595,52.78,15.0
2025-09-18 19:15:00,1772.1483647723255,1777.6835835164468,1771.0819676414278,1776.7744474748401,61.02462155557116,52.87,15.0
2025-09-18 19:30:00,1776.4273135716057,1776.8946526553325,1771.336663898764,1772.2882516637617,49.95561512954314,53.09,15.0
2025-09-18 19:45:00,1772.0698216068843,1772.7764240940303,1769.72277783013,1769.7555733957845,144.74873470402866,52.89,15.0
2025-09-18 20:00:00,1770.040251971295,1774.1282003880872,1767.1112187225938,1773.1193379700376,80.07880749714164,52.74,15.0
2025-09-18 20:15:00,1773.1931263019587,1773.8402603185093,1761.0763262121877,1763.2211913578085,65.54945236413305,52.86,15.0
2025-09-18 20:30:00,1763.1679648356262,1768.1908076093296,1762.8372413816005,1767.476308873898,70.81127614215623,52.85,15.0
2025-09-18 20:45:00,1767.479218800715,1781.5809889774666,1767.2837964310988,1780.7190535630061,90.79112048332676,52.73,15.0
2025-09-18 21:00:00,1780.6440320672464,1781.9360995779618,1780.056255621404,1780.6890347461947,77.35103749678966,52.76,15.0
2025-09-18 21:15:00,1780.6804938964406,1784.433860031069,1780.0516334528102,1784.2324231712475,62.443493315956694,52.71,15.0
2025-09-18 21:30:00,1784.1274756476876,1792.6589567565536,1783.5425898281028,1791.806255920014,187.16500814068857,52.7,15.0
2025-09-18 21:45:00,1791.664834114831,1795.9006720166358,1791.541180443887,1793.9213640563723,300.3538599441231,52.89,15.0
2025-09-18 22:00:00,1793.7984087266652,1794.9279916433275,1790.837302210857,1791.2114349183942,88.43803556018203,52.8,15.0
2025-09-18 22:15:00,1791.0575965181422,1791.6968456969798,1774.9817981883718,1775.5915874971663,140.37182688846065,52.77,15.0
2025-09-18 22:30:00,1775.912393772999,1789.547401170414,1774.7020406812587,1787.2491680067264,396.40328988588374,53.01,15.0
2025-09-18 22:45:00,1787.5429605829802,1789.9894143541085,1783.7557781329824,1787.9653316011895,995.3364386358422,52.99,15.0
2025-09-18 23:00:00,1787.9653316011895,1790.3800629283216,1787.9653316011895,1790.3800629283216,235.58136481332042,52.99,15.0
2025-09-19 16:30:00,1789.5067336628454,1801.6344182054497,1786.0648506937407,1795.1274001114987,107.37051450252463,52.85,15.0
2025-09-19 16:45:00,1795.0690671989987,1797.1041472324496,1787.0514557062118,1788.3001786955654,103.18217422430784,52.7,15.0
2025-09-19 17:00:00,1788.8483267248018,1791.0588259257513,1783.9304301327854,1784.3733740194566,88.34075599923823,52.51,15.0
2025-09-19 17:15:00,1783.9050802318309,1797.1908096679351,1778.655250161892,1796.5707392714767,181.82324515928804,52.46,15.0
2025-09-19 17:30:00,1796.538277984959,1797.6300994400456,1787.342345194542,1788.0984873170455,125.66412315384525,52.37,15.0
2025-09-19 17:45:00,1788.122931655689,1802.2977511851795,1787.770153231394,1799.9692088479085,117.22632875119356,52.23,15.0
2025-09-19 18:00:00,1799.9519396927265,1799.9852194420153,1792.9277973706744,1793.78722135271,93.52159616702674,52.24,15.0
2025-09-19 18:15:00,1793.6269854729935,1793.6569058335774,1782.4317485481488,1785.392869592632,77.45863594688514,51.96,15.0
2025-09-19 18:30:00,1785.6499167076038,1806.4265882169757,1784.5624236043573,1804.3461160315,100.90571336630575,52.1,15.0
2025-09-19 18:45:00,1804.4761448144686,1820.2711639081442,1804.4058414086687,1819.2501502194987,69.63115752752746,52.29,15.0
2025-09-19 19:00:00,1819.465261428646,1822.8547173868744,1819.4024439318353,1822.7598041028396,68.1813226169206,52.47,15.0
2025-09-19 19:15:00,1822.8597342956477,1823.16223371505,1816.9800878341264,1817.749446647779,73.24583557236218,52.41,15.0
2025-09-19 19:30:00,1817.8725974233016,1818.0995463080606,1814.4879648723127,1815.9090882975127,67.25163470041743,52.33,15.0
2025-09-19 19:45:00,1816.0434074073373,1818.2852127318927,1815.7527278509554,1817.7853383502313,74.23757946532149,52.36,15.0
2025-09-19 20:00:00,1818.0815438250022,1822.8555940820502,1817.8862130216994,1820.4671744085003,107.19866357144541,52.5,15.0
2025-09-19 20:15:00,1820.8367123038795,1821.4517290295234,1819.4058629036185,1821.2027281134306,82.93575997548382,52.49,15.0
2025-09-19 20:30:00,1821.5381312216953,1823.670683032392,1819.3588475519905,1821.8496523093042,216.12031413619525,52.44,15.0
2025-09-19 20:45:00,1821.7645230830415,1822.4221733826946,1820.4427577783752,1822.2730212889098,68.88843165161437,52.46,15.0
2025-09-19 21:00:00,1822.4436210288707,1822.6392181128501,1811.725453294492,1812.6181278685838,102.44983915767705,52.42,15.0
2025-09-19 21:15:00,1812.7912823276085,1812.8562102610088,1809.5558085214286,1810.5455812855575,134.1745168400532,52.56,15.0
2025-09-19 21:30:00,1811.176409354037,1825.4126804456114,1810.8995442279677,1824.4096024873834,317.3573575715431,52.73,15.0
2025-09-19 21:45:00,1824.2251215269434,1826.3346782120475,1815.8774228209354,1816.9535351504828,385.93562029465687,52.85,15.0
2025-09-19 22:00:00,1817.1723008517708,1821.0097158982103,1815.74687708934,1817.6512486580846,331.5871319983934,53.12,15.0
2025-09-19 22:15:00,1817.5141204007489,1818.0246032870245,1812.6783748904263,1813.9281904949473,523.9538522273499,53.23,15.0
2025-09-19 22:30:00,1814.036818916869,1817.9014217772176,1812.7211971472852,1816.2682781770466,433.9626911865828,53.2,15.0
2025-09-19 22:45:00,1816.1408410889055,1817.689828268783,1804.4666695132516,1809.0688896855975,1806.530769388831,53.15,15.0
2025-09-19 23:00:00,1809.0688896855975,1810.8844245492505,1809.0688896855975,1810.8844245492505,334.034451963699,53.15,15.0
2025-09-22 16:45:00,1810.3613390333956,1826.4270829457296,1807.079704994655,1825.2570975479637,54.10846926548831,53.96,15.0
2025-09-22 17:00:00,1826.0724592792699,1832.42943628974,1766.5964856474743,1771.1707382815644,224.07713250674283,53.09,15.0
2025-09-22 17:15:00,1771.2187775892376,1782.2905575095842,1770.6462899369405,1780.0602427247993,241.48072541580302,53.12,15.0
2025-09-22 17:30:00,1780.0844344580375,1780.3491513746665,1778.1149202137947,1778.2953991914394,120.99360794448859,53.13,15.0
2025-09-22 17:45:00,1778.894727563346,1781.5772989397417,1773.3885015076464,1774.7401846028586,156.818875502817,53.16,15.0
2025-09-22 18:00:00,1774.6388555499793,1781.6345209100348,1774.301675439399,1780.7067473632349,127.88273066034417,53.17,15.0
2025-09-22 18:15:00,1780.8300644714184,1784.7682028040313,1773.552136675437,1775.3267482281356,226.65282639123464,52.95,15.0
2025-09-22 18:30:00,1775.3405615706383,1784.2320902184936,1774.9588288456669,1783.257987170701,80.90683891244628,53.04,15.0
2025-09-22 18:45:00,1783.3125511215974,1783.9969543783418,1775.0131800423508,1776.5165217486979,65.04336901529012,52.83,15.0
2025-09-22 19:00:00,1777.1286754207647,1780.5926761179974,1771.1307897891443,1772.1401813756038,116.36403942237563,52.71,15.0
2025-09-22 19:15:00,1772.1537046025371,1773.5855949401098,1769.0538788837227,1769.163132536929,146.5925232038034,52.61,15.0
2025-09-22 19:30:00,1769.0429036850417,1769.9827877698879,1767.1252533254665,1767.9483401278255,127.59451014514144,52.65,15.0
2025-09-22 19:45:00,1768.5034649417344,1783.0448725365864,1767.473897063902,1782.9915218246877,120.34824536863096,52.67,15.0
2025-09-22 20:00:00,1782.8904442719295,1792.8321923127119,1781.376757501423,1792.2138756443771,210.50593507744773,52.55,15.0
2025-09-22 20:15:00,1791.97573547418,1804.9495026611394,1791.6170329503198,1804.3454236603816,73.52696791549951,52.64,15.0
2025-09-22 20:30:00,1804.1177535704512,1836.863174744918,1803.5790897079928,1833.7953682993466,141.01734128091098,52.93,15.0
2025-09-22 20:45:00,1833.636847812644,1834.0777275707535,1829.275932766481,1830.157888450823,93.90199169131054,52.95,15.0
2025-09-22 21:00:00,1829.871775960593,1831.5805969342218,1828.4374290734038,1831.3555592861364,139.82309916769657,52.9,15.0
2025-09-22 21:15:00,1831.2670815916772,1833.1217035811057,1821.5014938371637,1821.7967830016962,124.77897787598836,52.88,15.0
2025-09-22 21:30:00,1821.7819014830936,1821.8138928001304,1816.2910625364054,1817.1303996775014,122.91511634233487,52.88,15.0
2025-09-22 21:45:00,1817.3555798520579,1817.9099315446072,1813.8346257733788,1814.3813645140706,134.10698759065673,52.9,15.0
2025-09-22 22:00:00,1814.5614476316157,1814.8485293854158,1803.1339348465322,1805.1765220378832,222.91071694360704,52.94,15.0
2025-09-22 22:15:00,1805.3806887510755,1805.5835018144442,1794.2778055834651,1794.6363772046475,409.6728258267879,53.09,15.0
2025-09-22 22:30:00,1794.484932202,1795.7249083877002,1794.3145251443184,1795.6925861138855,470.265952546455,53.05,15.0
2025-09-22 22:45:00,1796.0395574741044,1797.4251848806343,1779.8292622140407,1780.3960085911092,920.6490563108689,53.05,15.0
2025-09-22 23:00:00,1780.3960085911092,1782.9798895484944,1780.3960085911092,1782.9798895484944,151.3426721894993,53.04,15.0
2025-09-23 16:30:00,1783.1764084312497,1785.0073089490293,1768.738045880363,1771.1260075619741,56.043028446422774,53.37,15.0
2025-09-23 16:45:00,1771.323013265935,1828.3870653416895,1771.0223643417567,1825.9749677634668,61.16981540365788,53.91,15.0
2025-09-23 17:00:00,1825.2512653524764,1827.513684159461,1818.0321902230198,1819.5983197947505,109.22513633952397,54.14,15.0
2025-09-23 17:15:00,1819.9000128375483,1823.8768735535896,1819.0966392751027,1822.911085130239,168.12686096813525,54.26,15.0
2025-09-23 17:30:00,1823.6093267088772,1824.8565819759956,1806.5616215909479,1806.6305395040015,84.82918252679066,54.36,15.0
2025-09-23 17:45:00,1806.7160973631626,1825.9650116802457,1806.565987034504,1825.3484454130214,104.23601424839279,54.36,15.0
2025-09-23 18:00:00,1825.11540529328,1842.5104793366606,1823.0536689077167,1841.1191392455016,74.75568672397989,54.09,15.0
2025-09-23 18:15:00,1841.1002560584736,1843.9946424446277,1841.0939764998973,1843.7240256954437,133.55448089777687,54.13,15.0
2025-09-23 18:30:00,1843.6126461347728,1844.5129813996716,1831.4549253289883,1832.1900971918226,67.235853397854,54.21,15.0
2025-09-23 18:45:00,1832.125162778855,1835.250034121743,1831.9695549993662,1834.0097954111616,53.27015050389239,54.08,15.0
2025-09-23 19:00:00,1834.1814617120342,1836.581239040691,1823.0158349941605,1824.875282627783,151.65525605435886,54.15,15.0
2025-09-23 19:15:00,1824.9345120403589,1839.6719416733306,1824.6140758318604,1837.9339749777785,180.8102570273366,54.17,15.0
2025-09-23 19:30:00,1838.1680258996935,1846.6674638320633,1837.8188257588342,1845.3104426626896,285.3283967535268,54.07,15.0
2025-09-23 19:45:00,1845.3890514676584,1845.8441051324482,1844.599536892127,1845.6331000104071,259.3340336326363,53.88,15.0
2025-09-23 20:00:00,1845.4682792735832,1845.6978571199509,1829.3769838008698,1829.6783641163129,73.84285423126482,53.91,15.0
2025-09-23 20:15:00,1829.5616361983543,1830.0167511338623,1820.4950569076939,1821.0760150707647,75.35841151407774,53.69,15.0
2025-09-23 20:30:00,1820.9865489871354,1826.9514459336826,1819.1284396927313,1826.4423424149675,104.37913924597241,53.66,15.0
2025-09-23 20:45:00,1826.4008460715306,1836.5262719276252,1825.311584013069,1836.3285540495497,159.95589377612092,53.46,15.0
2025-09-23 21:00:00,1836.5948132337228,1844.0252646110378,1835.4586394508137,1842.9311082712209,106.80924026581009,53.39,15.0
2025-09-23 21:15:00,1843.4075762041905,1845.5298842938712,1829.590175438351,1830.1900033675884,77.6644542615432,53.48,15.0
2025-09-23 21:30:00,1830.3939082875136,1835.848673189592,1828.7637453131274,1833.0064061850935,60.275039478354266,53.32,15.0
2025-09-23 21:45:00,1833.0517134618792,1846.487075445012,1831.7431131022115,1846.3667624180232,104.8572251554524,53.04,15.0
2025-09-23 22:00:00,1845.8184460880213,1846.228558210845,1819.8622680938981,1821.0709815019159,116.39837726451152,52.83,15.0
2025-09-23 22:15:00,1821.1455869323295,1823.684093478898,1820.8896268099793,1823.631985599374,259.76238407020827,53.01,15.0
2025-09-23 22:30:00,1823.3808352755332,1829.1355948169255,1822.9826492239774,1827.819811317221,387.8655137861263,52.96,15.0
2025-09-23 22:45:00,1828.493675894749,1829.1281913811902,1822.770965817984,1824.2629277901647,1409.985186007888,52.93,15.0
2025-09-23 23:00:00,1824.2629277901647,1825.505368462288,1824.2629277901647,1825.505368462288,300.2191954250988,52.92,15.0
2025-09-24 16:30:00,1825.8394664700563,1826.6938115120518,1811.7172189528567,1812.5162690372958,229.14022241482928,52.37,15.0
2025-09-24 16:45:00,1812.1364334899592,1813.7705015843856,1807.0209515203487,1807.4359152280983,325.6760691831764,52.17,15.0
2025-09-24 17:00:00,1807.4308736250516,1808.7011547798309,1800.1475267462954,1803.884691444824,159.8566784503322,51.84,15.0
2025-09-24 17:15:00,1804.1458485240346,1804.515125825295,1795.384198942443,1795.4285932960395,116.93850438652032,51.55,15.0
2025-09-24 17:30:00,1795.720996912399,1796.2830868013293,1791.001551271463,1792.8078898767867,122.686062820378,51.57,15.0
2025-09-24 17:45:00,1792.784737133231,1794.1295771137704,1790.6540908815673,1792.4548192769366,89.45803337721557,51.32,15.0
2025-09-24 18:00:00,1792.8178155124524,1801.9586523934408,1792.76297199753,1801.5520694163963,181.09178333370392,51.24,15.0
2025-09-24 18:15:00,1801.3344441279085,1801.6118474914933,1796.3016229154096,1800.5104693213955,134.74827102709236,51.38,15.0
2025-09-24 18:30:00,1800.5989359948214,1803.2695499360032,1795.0492450418037,1796.089337537422,126.8089030553669,51.28,15.0
2025-09-24 18:45:00,1796.2805039110694,1799.161603021152,1796.1978424784977,1798.2612706071445,145.137826827724,51.24,15.0
2025-09-24 19:00:00,1798.3105400457948,1799.7003763832272,1788.117675953281,1789.193649635244,126.22784239429674,51.19,15.0
2025-09-24 19:15:00,1789.0253665809394,1798.6934259313268,1788.3837703597308,1797.8103725370286,148.1297262341052,51.34,15.0
2025-09-24 19:30:00,1797.75123250858,1801.1610003040182,1795.856692632882,1800.494080387161,63.050547138059045,51.47,15.0
2025-09-24 19:45:00,1800.6555234207697,1802.5212865318053,1800.365049150196,1801.6650379786756,116.86500171589893,51.36,15.0
2025-09-24 20:00:00,1801.2947904222465,1817.405616726058,1798.7043313169306,1815.9046833166467,104.17065982994379,51.45,15.0
2025-09-24 20:15:00,1815.764587111672,1815.8719744680457,1805.390609995649,1806.0374477402333,85.84639423974619,51.38,15.0
2025-09-24 20:30:00,1806.1521979805366,1807.3572926310508,1792.8980840123108,1793.2692841726655,81.12761525410072,51.31,15.0
2025-09-24 20:45:00,1793.1948267634884,1797.6636529676255,1792.4906407661515,1796.0232888964058,51.707177269320646,51.19,15.0
2025-09-24 21:00:00,1795.7461248462366,1798.9479378742783,1795.4628193318404,1797.411783542285,150.9836811130604,51.14,15.0
2025-09-24 21:15:00,1797.6408167320344,1800.4944255647285,1796.7870204497858,1800.4209433529284,95.25649790257626,51.17,15.0
2025-09-24 21:30:00,1800.3393763940958,1801.3081250610871,1800.2712716719984,1800.6074042509179,69.46988106404865,51.14,15.0
2025-09-24 21:45:00,1800.5735906139014,1806.1865697701116,1800.1032169059104,1805.9571173641614,158.96562574607452,51.08,15.0
2025-09-24 22:00:00,1805.799556479861,1817.5755273952404,1805.7075829778207,1816.7602708354532,246.94128491599432,51.17,15.0
2025-09-24 22:15:00,1816.7034891038418,1822.656929832124,1816.3334859361053,1821.8755656493654,215.11683673695714,51.25,15.0
2025-09-24 22:30:00,1821.6318343964626,1821.6557859706754,1820.51873872476,1821.2582623286405,275.03678145223,51.39,15.0
2025-09-24 22:45:00,1821.4853380311922,1823.6321889692108,1796.172374518313,1796.8480842958438,974.0312401953579,51.26,15.0
2025-09-24 23:00:00,1796.8480842958438,1798.3470924910941,1796.8480842958438,1798.3470924910941,203.1626561051181,51.22,15.0
2025-09-25 16:30:00,1799.0037881092321,1834.5608410496213,1796.647550557839,1829.2048028420695,264.20719590292015,51.11,15.0
2025-09-25 16:45:00,1828.9724108715768,1839.5236781142469,1828.7054625008643,1839.0706273596213,169.97353798896364,51.12,15.0
2025-09-25 17:00:00,1839.613112585465,1839.9342736344418,1830.4373104434942,1830.9290418901212,110.15324345168467,51.06,15.0
2025-09-25 17:15:00,1830.4244546103162,1840.0356356214177,1829.6069460428332,1837.6258070961032,222.76014390835056,50.98,15.0
2025-09-25 17:30:00,1836.8867120489617,1852.3300062804294,1834.8510936759017,1849.8695648031544,133.80611032940618,50.56,15.0
2025-09-25 17:45:00,1850.6498145057762,1874.801328461257,1849.533711331358,1873.160941881779,170.1197842537131,50.25,15.0
2025-09-25 18:00:00,1873.3367609389386,1876.2211702641255,1859.8237907735538,1862.8558232393218,254.90993083136837,50.58,15.0
2025-09-25 18:15:00,1862.9752058681545,1864.2121739740787,1857.4986131659227,1859.185513636119,427.99023678391126,50.52,15.0
2025-09-25 18:30:00,1859.2860582150063,1866.0159212665574,1858.5440223056976,1865.6105782650682,252.8404837119726,50.56,15.0
2025-09-25 18:45:00,1865.7316395021187,1866.230618375173,1864.4299965012376,1865.2738474842797,185.43214317692346,50.51,15.0
2025-09-25 19:00:00,1865.3056137563144,1866.3862177195042,1860.4972378227123,1860.7848642665458,97.01966550953168,50.55,15.0
2025-09-25 19:15:00,1860.5699155453435,1863.096638166961,1859.540409118882,1862.4680778525433,214.921221477355,50.35,15.0
2025-09-25 19:30:00,1862.6848363049646,1867.8871925643703,1861.7593844700932,1867.3560259549456,70.6514674422794,50.3,15.0
2025-09-25 19:45:00,1867.503050777718,1867.6870618568935,1866.7824702969526,1867.2540816317003,250.9859763908637,50.26,15.0
2025-09-25 20:00:00,1867.5114111565456,1869.6368817579237,1866.9783578774998,1869.151061139042,88.56911658032928,50.4,15.0
2025-09-25 20:15:00,1869.3941038871844,1869.4204906260243,1865.9883143997442,1866.2148216418168,71.54865070911602,50.25,15.0
2025-09-25 20:30:00,1866.2463400245451,1871.2440633030355,1866.2306708635224,1871.0828317659953,78.48036772265907,50.28,15.0
2025-09-25 20:45:00,1870.9007156983846,1870.907656350576,1864.8196751405865,1865.6714137048643,190.65170506573426,50.3,15.0
2025-09-25 21:00:00,1866.0282975165157,1866.8950800234857,1860.1125399557038,1860.7782744933784,269.24206072183875,50.29,15.0
2025-09-25 21:15:00,1860.605645751308,1861.8345554008642,1860.5609184855248,1861.5643734638347,86.06699590783724,50.44,15.0
2025-09-25 21:30:00,1861.6073501892752,1866.2898287001974,1860.939194702096,1865.9647729436542,160.37446376893251,50.53,15.0
2025-09-25 21:45:00,1865.9321257470765,1867.0216342666151,1857.2629053950961,1857.9005857266452,91.67165851898592,50.44,15.0
2025-09-25 22:00:00,1857.8321359182441,1858.4898149183048,1848.6052432953875,1849.686741460699,170.56710310129833,50.39,15.0
2025-09-25 22:15:00,1849.8325281317082,1851.4929265086876,1834.1534550907031,1835.0936932779352,183.26024991764956,50.34,15.0
2025-09-25 22:30:00,1835.1273701566759,1836.5847803020101,1835.0701302788048,1836.1219639776973,122.4157938332342,50.4,15.0
2025-09-25 22:45:00,1836.2253011907044,1837.8284024049783,1828.547781748421,1828.8522960228256,610.7101489638519,50.48,15.0
2025-09-25 23:00:00,1828.8522960228256,1829.5084509146593,1828.8522960228256,1829.5084509146593,128.79646960727746,50.48,15.0
2025-09-26 16:30:00,1829.3239843317826,1863.891140274273,1827.7388742036026,1862.6958222152266,194.8457681344772,51.45,15.0
2025-09-26 16:45:00,1862.296240293515,1866.085252663724,1846.9262824324232,1851.5287756483121,60.23654684273201,51.62,15.0
2025-09-26 17:00:00,1851.4486125927508,1854.9637819715215,1849.1589881320854,1852.6885247245614,173.03803073219012,51.27,15.0
2025-09-26 17:15:00,1852.6381839722333,1852.8053594447729,1848.051200717381,1850.6879226949136,90.00556457588749,51.63,15.0
2025-09-26 17:30:00,1851.0788031272425,1855.949359556719,1850.1829120012376,1855.5199925139325,65.3415678444415,51.54,15.0
2025-09-26 17:45:00,1855.4677666385362,1859.0679104862816,1855.3953892882225,1858.9671361534115,73.41322773464086,51.52,15.0
2025-09-26 18:00:00,1858.5166384512856,1858.6984077701538,1852.3112074613905,1852.856708675718,55.663957756399284,51.42,15.0
2025-09-26 18:15:00,1853.3150043767807,1853.903963510447,1851.4986806067134,1852.5147287891816,80.91884543194983,51.64,15.0
2025-09-26 18:30:00,1852.6147052659164,1863.3425472662752,1851.5636241297225,1862.1418558012901,62.97642743108069,51.77,15.0
2025-09-26 18:45:00,1862.1168661740705,1865.370279323059,1862.0136358885482,1863.90559801882,96.40917668606569,51.64,15.0
2025-09-26 19:00:00,1863.794402305595,1863.8361211140873,1849.2358499453364,1849.7398259367403,102.41160576732662,51.5,15.0
2025-09-26 19:15:00,1849.5692388351547,1855.6868626724392,1848.0979125292104,1854.951996310141,59.194177055426685,51.59,15.0
2025-09-26 19:30:00,1855.3627447588349,1856.9888847384464,1844.175898863636,1847.126313957539,85.37246006187944,51.66,15.0
2025-09-26 19:45:00,1847.1307091441438,1852.2611911413344,1847.1041069445914,1851.8044055051344,76.71060891385822,51.65,15.0
2025-09-26 20:00:00,1851.4176929581922,1862.297961985738,1850.9392323876673,1860.3056188717103,140.19521163030458,51.64,15.0
2025-09-26 20:15:00,1860.364660700384,1864.6611990092738,1858.676955223146,1863.4504801182309,301.4856647404759,51.82,15.0
2025-09-26 20:30:00,1863.706115236995,1866.223517791647,1861.946419540928,1864.6452075216766,231.88560145500057,51.83,15.0
2025-09-26 20:45:00,1864.6617848443564,1865.0249378941478,1863.6201708742863,1863.8427800080356,90.80911939415404,51.85,15.0
2025-09-26 21:00:00,1863.6899135768615,1869.5368211012499,1862.5389900577275,1867.745942932288,129.01720703049673,51.82,15.0
2025-09-26 21:15:00,1867.6514215415332,1868.1469401292943,1865.435791075297,1866.2933230767903,66.20926711685645,51.83,15.0
2025-09-26 21:30:00,1866.2155567247407,1867.3279358629263,1866.128862683359,1867.1978525479028,73.4674687610933,51.88,15.0
2025-09-26 21:45:00,1867.4397268321384,1873.1137865561745,1866.7776071024923,1872.5768011281493,75.98301673806905,51.95,15.0
2025-09-26 22:00:00,1872.5654098088783,1872.8159854804644,1868.3531390787919,1869.311610139811,166.7282605936503,52.0,15.0
2025-09-26 22:15:00,1869.0803482105546,1869.5024520440447,1865.1027287530612,1865.4690840956425,268.49292346151753,51.93,15.0
2025-09-26 22:30:00,1865.5627091075933,1865.7698483811182,1852.4350849771663,1853.2473476157513,320.7438479831029,51.73,15.0
2025-09-26 22:45:00,1853.2712605995293,1854.3046938211396,1847.5696568913347,1847.7372742971972,816.7345221009581,51.86,15.0
2025-09-26 23:00:00,1847.7372742971972,1848.0487095829405,1847.7372742971972,1848.0487095829405,94.91702711380948,51.85,15.0
2025-09-29 16:30:00,1847.1944658485957,1871.3524689422277,1842.3620632753841,1869.1971888696132,288.95154471303084,51.62,15.0
2025-09-29 16:45:00,1868.825145086224,1893.5035154484392,1868.4855334031513,1893.0681463499761,429.0329440508667,51.76,15.0
2025-09-29 17:00:00,1893.666927258534,1921.3438136523478,1890.6996364839263,1919.384125826132,727.5454205674906,51.55,15.0
2025-09-29 17:15:00,1919.4654352418504,1919.6215528128162,1895.5482544884073,1897.54068715832,464.7019308460315,51.49,15.0
2025-09-29 17:30:00,1897.7080687295015,1909.1734430465538,1896.560160902233,1906.8455596475937,465.7014339863899,51.66,15.0
2025-09-29 17:45:00,1906.887058845262,1915.0170811252067,1906.010755117006,1914.8888935853486,132.34332428953994,51.75,15.0
2025-09-29 18:00:00,1914.9444536624794,1916.066822577984,1910.6642833807923,1911.4528747251566,125.40139396210705,51.9,15.0
2025-09-29 18:15:00,1911.318858590442,1914.383143112464,1909.6235790726341,1911.7027143718885,239.7773581268117,52.0,15.0
2025-09-29 18:30:00,1911.6699968835394,1912.03497138097,1898.117330543341,1898.28090339701,299.50195060336205,51.97,15.0
2025-09-29 18:45:00,1898.6759282409548,1899.3505084684602,1898.0667300880025,1898.5790722374445,140.46741410829117,51.7,15.0
2025-09-29 19:00:00,1898.863889049757,1899.7287054809753,1889.8106446834156,1890.2566706301284,184.57995774431768,51.8,15.0
2025-09-29 19:15:00,1890.0365127658552,1892.34845878831,1889.9321384561101,1891.3049489057655,82.70218020349621,51.89,15.0
2025-09-29 19:30:00,1891.2696383300354,1892.023368402979,1879.045059178427,1880.2566618195444,104.14003632716236,51.83,15.0
2025-09-29 19:45:00,1880.4167515736442,1886.5681706916293,1879.1810595111895,1884.6545405042223,102.00021207118243,52.0,15.0
2025-09-29 20:00:00,1884.8938724376726,1889.3319510779338,1884.7411166972383,1888.8770262656521,108.59755750176114,52.02,15.0
2025-09-29 20:15:00,1889.292460148972,1889.9850382320308,1878.478253243972,1880.4456315308416,178.00261626495896,51.89,15.0
2025-09-29 20:30:00,1880.2938444520457,1880.9834569804723,1871.944505997323,1872.5370075118233,121.51093481752642,51.98,15.0
2025-09-29 20:45:00,1872.6991468981016,1873.2302479593993,1862.6428403570962,1862.9954772364295,174.46576381135233,52.1,15.0
2025-09-29 21:00:00,1863.002312269879,1863.9293518744666,1860.0922609886616,1862.04393727034,191.38886364734645,52.13,15.0
2025-09-29 21:15:00,1862.3427636488243,1862.8256333711167,1856.2504056359367,1857.7187053944892,180.20782759845216,52.38,15.0
2025-09-29 21:30:00,1858.0027196136477,1858.3224604986224,1834.563587806763,1835.1605366657818,90.2976871047756,52.06,15.0
2025-09-29 21:45:00,1834.9864123363575,1838.799578544248,1834.8108399599662,1838.2506051349585,133.47664332833418,52.06,15.0
2025-09-29 22:00:00,1838.343853986665,1838.5722230699575,1835.9644981761337,1836.2329072844007,331.386466573784,52.07,15.0
2025-09-29 22:15:00,1836.3821098871174,1837.1683363237614,1831.6918904224694,1831.788684543743,200.2063315891177,52.16,15.0
2025-09-29 22:30:00,1831.7824905939465,1832.1495352119296,1827.8761604529047,1828.3006334246227,531.506695915156,52.42,15.0
2025-09-29 22:45:00,1828.2197170426393,1841.4342339830737,1824.99254257369,1841.0169569784011,1249.838637095356,52.24,15.0
2025-09-29 23:00:00,1841.0169569784011,1841.61053869646,1841.0169569784011,1841.61053869646,162.18137142439224,52.23,15.0
2025-09-30 16:30:00,1842.3349655949598,1850.7569396877136,1837.868400461933,1838.4035977510964,108.69820981371231,52.4,15.0
2025-09-30 16:45:00,1838.5341115663668,1858.0813821581412,1833.0508839086394,1856.1281820468816,116.57968783138394,52.79,15.0
2025-09-30 17:00:00,1855.4636623767974,1857.0720166419653,1822.6233311853646,1823.0977402104388,196.0065460386388,52.41,15.0
2025-09-30 17:15:00,1822.9630765593101,1825.1288546790224,1821.381147799189,1823.9783429109393,183.58947754450506,52.29,15.0
2025-09-30 17:30:00,1824.0569316353278,1829.3402285723312,1823.37398179747,1827.4881056754252,251.8351805925746,52.23,15.0
2025-09-30 17:45:00,1827.3401096168632,1827.5667254709365,1823.9643069935871,1824.062789957047,86.61801491196367,52.24,15.0
2025-09-30 18:00:00,1824.0631587594944,1828.5945319351185,1823.9732007181342,1827.647177612695,186.51453786345158,52.27,15.0
2025-09-30 18:15:00,1827.1094024791496,1828.6253456905786,1819.655124159933,1821.62036659263,199.27884861311807,52.51,15.0
2025-09-30 18:30:00,1821.9778608606057,1827.779443766133,1821.7711942691062,1827.7347614104085,111.77904346942097,52.49,15.0
2025-09-30 18:45:00,1827.7362787212319,1830.76410268293,1827.4600833741758,1830.6389961513387,227.0458163818878,52.47,15.0
2025-09-30 19:00:00,1830.4409494228646,1831.9080937657277,1812.5524233733822,1812.7474173056416,364.1619166352261,52.52,15.0
2025-09-30 19:15:00,1812.17397758825,1826.6452122298292,1811.3205315845303,1825.412468479494,353.07931318758125,52.65,15.0
2025-09-30 19:30:00,1826.4812274786598,1828.3785339747471,1712.9439300549423,1716.4463535049297,250.58600696344985,53.48,15.0
2025-09-30 19:45:00,1716.7302291092822,1719.1680019375951,1710.7536473127243,1711.3163014552877,264.9452976521771,53.72,15.0
2025-09-30 20:00:00,1711.49937699578,1756.6258963220155,1709.1479742782315,1753.093164474522,869.8560761935745,54.32,15.0
2025-09-30 20:15:00,1753.706351504738,1754.2053912758756,1744.8643665001819,1745.8207398507402,363.0685952486045,53.93,15.0
2025-09-30 20:30:00,1746.0305667293856,1746.3296146312532,1734.7586584491717,1737.9383446575214,192.08353825299596,54.12,15.0
2025-09-30 20:45:00,1737.9877955266272,1738.305312507413,1732.7784430523038,1733.094910520791,188.70131532088243,54.29,15.0
2025-09-30 21:00:00,1732.9548278012849,1761.4614997954825,1729.533140464036,1760.7230482597554,288.8769714707135,54.65,15.0
2025-09-30 21:15:00,1760.6081169821432,1762.4608812130857,1743.809406874948,1744.9656346029587,365.8289730358503,54.66,15.0
2025-09-30 21:30:00,1745.0771522708956,1761.2130828276968,1743.8320955922652,1760.3444138080545,238.68387622617246,54.71,15.0
2025-09-30 21:45:00,1760.6553038702848,1765.8051428785004,1759.7373127710268,1764.2091578728391,218.95605833334312,54.81,15.0
2025-09-30 22:00:00,1764.1775345033425,1766.4896953382733,1754.5915140602258,1755.416612899595,294.0725917239784,54.97,15.0
2025-09-30 22:15:00,1755.745182580177,1756.683084504452,1754.0859891302193,1755.3171812133517,314.92070145401175,55.09,15.0
2025-09-30 22:30:00,1755.4634896716816,1757.6207403443213,1745.578463152261,1746.2277715053733,585.6579063183486,55.33,15.0
2025-09-30 22:45:00,1746.4778899092732,1779.4465652269453,1742.723899712585,1773.4483416447588,1657.6360904526512,55.64,15.0
2025-09-30 23:00:00,1773.4483416447588,1776.7895752527102,1773.4483416447588,1776.7895752527102,156.72932726267155,55.63,15.0
2025-10-01 16:30:00,1781.4481312984265,1785.8327842938897,1602.8405818742406,1612.3044864507522,385.3913323379934,57.03,15.0
2025-10-01 16:45:00,1613.7453273069384,1624.1127061151087,1602.6862715520836,1609.9091922810824,371.67029079655657,57.28,15.0
2025-10-01 17:00:00,1609.2583665831567,1610.5356961153182,1591.23733881018,1592.7493853927065,405.54170663286163,57.28,15.0
2025-10-01 17:15:00,1594.027061524306,1631.3197168170373,1591.4452708332476,1629.1489430721092,428.43958919163924,57.22,15.0
2025-10-01 17:30:00,1629.1010244178183,1630.2036627905143,1609.9007174367684,1610.7742993484203,204.49315714484726,57.56,15.0
2025-10-01 17:45:00,1610.6151921298008,1664.401849337014,1606.9965755758212,1663.1564864753966,176.31370664888453,57.92,15.0
2025-10-01 18:00:00,1662.607331103564,1670.9981850713455,1659.9754820153316,1670.9682626959539,222.46968505745375,58.05,15.0
2025-10-01 18:15:00,1671.0961972827622,1673.4487872537106,1656.2099966936196,1659.4239091493494,501.12719517008975,57.79,15.0
2025-10-01 18:30:00,1658.9646987114393,1664.689525091133,1654.6970905115058,1657.1042564822837,158.2660729963231,57.92,15.0
2025-10-01 18:45:00,1657.2124127420543,1658.910367283783,1654.6210626655447,1655.7844463006616,200.4027122453629,57.79,15.0
2025-10-01 19:00:00,1655.0089754063417,1657.0668715844179,1635.2556521596518,1636.2899820534026,178.96729633223927,58.4,15.0
2025-10-01 19:15:00,1636.8424366132335,1646.7847934443344,1636.7587966793667,1643.9158628904227,453.51465024550635,58.18,15.0
2025-10-01 19:30:00,1644.0619881013579,1644.6421201496662,1637.7909787878893,1640.2480946532946,189.42729804375423,58.24,15.0
2025-10-01 19:45:00,1640.7071291987475,1641.1287292749914,1628.7044099036111,1631.1919574432868,432.5189464865758,58.11,15.0
2025-10-01 20:00:00,1630.7583195634595,1637.94732876293,1630.3190401110976,1636.3198636026023,241.32659662441495,58.51,15.0
2025-10-01 20:15:00,1636.6810286684827,1637.9815803519637,1629.4239240397026,1629.6078304097089,212.46719391873043,58.59,15.0
2025-10-01 20:30:00,1629.3594878301813,1634.4405856092967,1628.9789931552896,1633.8075854609056,113.35548682167907,58.54,15.0
2025-10-01 20:45:00,1633.862709659901,1635.0217281692637,1631.5728855626346,1633.121747357837,130.18233279038287,58.53,15.0
2025-10-01 21:00:00,1632.9945749175802,1636.0927323124438,1632.5283540240252,1635.7718900959362,101.2523673699703,58.65,15.0
2025-10-01 21:15:00,1635.5013123229662,1694.0704783748224,1634.7474191595875,1691.5890147317027,301.0921533361442,59.12,15.0
2025-10-01 21:30:00,1691.364609717917,1705.2148488786934,1687.8666016249222,1700.6471237596731,180.48206191154662,59.34,15.0
2025-10-01 21:45:00,1700.317554522987,1711.488793780719,1699.4960744366333,1711.257832172077,330.2681337069321,59.48,15.0
2025-10-01 22:00:00,1710.8306683520896,1712.411093911082,1696.265455269113,1696.7455228405256,462.2173255594982,59.69,15.0
2025-10-01 22:15:00,1696.5954946756883,1698.1059542114308,1695.3671851297997,1696.3866038864933,259.6630298381591,59.86,15.0
2025-10-01 22:30:00,1696.4357858281196,1708.912414892629,1695.0231627390087,1707.4106948258595,631.5767427798908,60.01,15.0
2025-10-01 22:45:00,1707.7189854537187,1709.1270574957252,1702.50991434389,1703.071261616157,1706.6319348754473,59.91,15.0
2025-10-01 23:00:00,1703.071261616157,1709.5700810265914,1703.071261616157,1709.5700810265914,112.14711993699719,59.92,15.0
2025-10-02 16:30:00,1711.1894745239729,1722.388577226232,1654.506556076872,1657.2718242233673,377.4636806941357,60.3,15.0
2025-10-02 16:45:00,1656.1440029434566,1661.4435230954198,1653.166528583326,1660.1830591255884,223.16010989593946,60.73,15.0
2025-10-02 17:00:00,1659.7380075640863,1666.597483368719,1636.5491789686164,1640.826274527592,906.8088587549377,60.0,15.0
2025-10-02 17:15:00,1641.285878555151,1657.1853159308614,1639.9469197545072,1653.3888109984143,705.3450248616901,60.05,15.0
2025-10-02 17:30:00,1653.5779235307473,1658.4100850947852,1646.3676613492667,1648.042875347328,840.735152163212,60.0,15.0
2025-10-02 17:45:00,1647.577457500126,1653.3393696632463,1643.906903502399,1648.512174576601,1348.1397700915097,59.68,15.0
2025-10-02 18:00:00,1648.908106286456,1656.0230428149248,1648.4689645733436,1654.0593794423648,598.5913383221618,59.85,15.0
2025-10-02 18:15:00,1653.8848531056585,1654.6696096731882,1653.0743913944723,1654.1590312886797,288.2038777828424,60.0,15.0
2025-10-02 18:30:00,1654.0025151353789,1667.245566452777,1653.9637224172968,1666.7145718482845,306.47517163350557,60.15,15.0
2025-10-02 18:45:00,1666.8538963576461,1678.8799752816176,1666.3970059544758,1677.7742914334478,398.61551765436815,60.29,15.0
2025-10-02 19:00:00,1677.775991223261,1686.7626680298051,1677.696338306851,1685.2770362565905,242.11478020436377,60.45,15.0
2025-10-02 19:15:00,1685.116339071329,1689.7537336431822,1684.1603507379252,1689.4104875011299,575.928825257646,60.72,15.0
2025-10-02 19:30:00,1689.2157507155437,1710.4552583448415,1687.1558324912712,1708.611799971778,662.1932575018017,61.0,15.0
2025-10-02 19:45:00,1708.0903165441082,1715.861588829312,1707.8701956998286,1714.1393121905699,669.2878731443524,61.46,15.0
2025-10-02 20:00:00,1713.9464006471007,1715.7074874677157,1709.5007300740901,1712.6802042610968,892.9320755874512,61.12,15.0
2025-10-02 20:15:00,1713.0765340471078,1724.6477617725666,1711.2311289860945,1721.3780062285716,690.2794387690724,61.25,15.0
2025-10-02 20:30:00,1721.4894403851433,1760.956400175655,1720.7026536292292,1757.7241440016303,532.384029647871,61.51,15.0
2025-10-02 20:45:00,1758.293002375246,1765.6725273295049,1736.486160515703,1737.5724470874072,529.2254160741667,62.06,15.0
2025-10-02 21:00:00,1737.8294787504667,1762.1051929997404,1736.7344690911482,1759.52920209971,935.2931110790975,62.35,15.0
2025-10-02 21:15:00,1759.360515401922,1760.2340685193453,1744.837613461216,1745.4431864353728,776.776409934013,62.32,15.0
2025-10-02 21:30:00,1744.8664821393515,1757.3205434654317,1744.3633526288054,1756.0869610096374,676.1254131482657,62.63,15.0
2025-10-02 21:45:00,1755.6155126574038,1790.762095583056,1752.9260509666096,1789.464533492574,987.9746293610785,62.43,15.0
2025-10-02 22:00:00,1788.9239408930323,1804.3174698661055,1779.811957396528,1804.1679830919884,886.2528781465886,61.85,15.0
2025-10-02 22:15:00,1803.8189440991289,1813.6386432181748,1801.8842942808924,1812.5870106431448,622.9050740182294,62.09,15.0
2025-10-02 22:30:00,1813.0756147042089,1813.2908965907045,1801.156041446117,1802.7776668243382,929.0269034862274,61.64,15.0
2025-10-02 22:45:00,1803.3125018678866,1812.4960734198173,1801.818256603511,1810.5289888393697,2596.5091928924694,62.11,15.0
2025-10-02 23:00:00,1810.5289888393697,1814.0584035260079,1810.5289888393697,1814.0584035260079,291.13372990559554,62.09,15.0
2025-10-03 16:30:00,1812.739224251147,1824.3228672469163,1768.8688902257963,1777.7300439309686,502.8185237442779,63.49,15.0
2025-10-03 16:45:00,1779.1181480754117,1792.9698611922042,1769.8429078525228,1771.039336355239,344.06833012774723,63.15,15.0
2025-10-03 17:00:00,1772.1016800566538,1783.7717861671078,1765.025429973302,1782.3842475508454,354.78947587704306,63.35,15.0
2025-10-03 17:15:00,1782.30794755262,1783.10297419854,1776.2779016598527,1776.7198193695,274.23834384541163,63.18,15.0
2025-10-03 17:30:00,1777.07611502315,1778.496496891037,1759.3939835975734,1762.3554871707984,272.32374123090744,63.6,15.0
2025-10-03 17:45:00,1762.9471473213955,1765.1560710017245,1742.2860949879603,1742.6610676419293,746.8082559294193,63.41,15.0
2025-10-03 18:00:00,1742.6329686519632,1754.6588122405453,1739.9144329108885,1752.5786530592982,319.9981320073697,63.0,15.0
2025-10-03 18:15:00,1752.54685561212,1764.448206270067,1752.52527880412,1762.838037706164,368.984554863755,63.0,15.0
2025-10-03 18:30:00,1762.4790526753584,1778.1640971203676,1760.5236994347717,1776.8743484957313,296.15276979245164,63.55,15.0
2025-10-03 18:45:00,1776.174089804217,1794.0141818949894,1775.1465658355653,1793.0669704520365,145.47363355332348,63.65,15.0
2025-10-03 19:00:00,1793.0856400784464,1798.4367794844036,1788.7731930174314,1798.0175823274265,142.59406523175355,63.59,15.0
2025-10-03 19:15:00,1797.8144759497375,1806.1270919847168,1797.4183726842175,1805.4301897356547,178.16235097223404,63.44,15.0
2025-10-03 19:30:00,1805.168094875077,1814.5382338496217,1804.5568775197216,1813.381408688103,187.30406559246575,63.6,15.0
2025-10-03 19:45:00,1813.4843095141714,1816.1763061422273,1812.569505229464,1816.1110287760011,193.2851770006799,63.55,15.0
2025-10-03 20:00:00,1815.5727462423163,1816.2153132582328,1809.173097488611,1810.5811983072842,237.64612739929825,63.25,15.0
2025-10-03 20:15:00,1810.7947482608201,1836.8561629511853,1810.2645664447257,1836.2119068067686,139.24876800601425,63.28,15.0
2025-10-03 20:30:00,1836.3963954187366,1837.5415659178905,1830.4939880593788,1831.2720494958191,250.3377098912394,63.03,15.0
2025-10-03 20:45:00,1831.0600078788832,1833.4169869177883,1816.2881033571907,1818.7530776571389,247.1699525528227,62.63,15.0
2025-10-03 21:00:00,1818.7363052482256,1829.2659862085507,1817.4746684585207,1826.9977160391443,227.93057432019967,62.7,15.0
2025-10-03 21:15:00,1826.5688832888661,1836.2885849421184,1826.0813441772946,1835.9579559221638,137.69244611716996,63.03,15.0
2025-10-03 21:30:00,1836.0772255694667,1836.923950630118,1830.247281893265,1830.661251672061,241.73283093322178,63.0,15.0
2025-10-03 21:45:00,1830.6950050323353,1842.9680279220413,1830.5799726449482,1842.4627434614758,283.81020793114277,63.16,15.0
2025-10-03 22:00:00,1842.504365672555,1845.4265457716272,1842.3888112186323,1844.8489775499704,173.16095842441229,63.16,15.0
2025-10-03 22:15:00,1844.950029304267,1845.2262836812708,1837.1110236207091,1838.8752991489366,188.06958139216366,63.07,15.0
2025-10-03 22:30:00,1838.6642619412646,1856.9922031612484,1835.5202907483736,1855.7943592488123,659.5976339434409,63.01,15.0
2025-10-03 22:45:00,1855.2631449456785,1867.0110239665175,1854.014129774473,1865.9672339637325,1588.7151686658462,62.96,15.0
2025-10-03 23:00:00,1865.9773786303688,1867.6000114190012,1865.9528209630323,1867.5929516000153,174.83670283149758,62.95,15.0
2025-10-06 16:30:00,1867.9505694269353,1907.55198221715,1862.9751485130307,1903.8485099576635,119.76795439614394,62.99,15.0
2025-10-06 16:45:00,1903.4173485053648,1927.0492414525463,1902.6907772487118,1919.9098331808034,254.48742375738445,62.36,15.0
2025-10-06 17:00:00,1920.2956771340628,1925.014678370119,1916.4497016374585,1919.222393459243,399.4562435923291,62.25,15.0
2025-10-06 17:15:00,1919.8622669144722,1948.7113119982341,1919.7082128480104,1948.1196011810152,246.673049422276,62.08,15.0
2025-10-06 17:30:00,1948.8556741127156,1956.6964622814169,1941.8618857230445,1950.7960701201412,185.98061348576047,61.99,15.0
2025-10-06 17:45:00,1950.658470121152,1950.9518240605728,1949.4068567856493,1949.9823604643884,147.89326520950544,61.99,15.0
2025-10-06 18:00:00,1949.5090701285033,1950.2707700602837,1941.446558887578,1942.100373285665,149.11840691701212,62.04,15.0
2025-10-06 18:15:00,1941.0953627941324,1965.5379030643576,1940.3618506147366,1962.9615425156082,318.1378636186184,62.73,15.0
2025-10-06 18:30:00,1962.882262144952,1967.671044513604,1962.5818920807098,1966.77644697746,204.95548494487883,62.75,15.0
2025-10-06 18:45:00,1967.2723227980025,1967.2831227934842,1964.0112097060128,1964.099801722187,193.30662297672097,62.47,15.0
2025-10-06 19:00:00,1963.9145383181808,1964.5034159367551,1953.0200156166081,1954.9543987188774,109.37368179089258,62.34,15.0
2025-10-06 19:15:00,1954.859609763083,1955.9843371081354,1954.1945200856171,1954.603839026382,148.76773713329104,62.27,15.0
2025-10-06 19:30:00,1954.4730913545802,1954.9488164632708,1951.6304899614322,1952.596040603465,105.7164306075905,62.15,15.0
2025-10-06 19:45:00,1952.494615442746,1952.6976171162387,1940.8275610390135,1942.474962101385,131.64298889888107,62.12,15.0
2025-10-06 20:00:00,1942.4719878403237,1943.3245482463121,1927.003430829021,1927.6804590308495,106.43788729722556,62.09,15.0
2025-10-06 20:15:00,1927.2056965146787,1934.4358804886754,1924.6071209757092,1934.3878075644723,142.16406849277678,61.93,15.0
2025-10-06 20:30:00,1934.7210442871867,1935.0967455878413,1904.0055353538946,1905.480780455112,183.4057534416351,62.0,15.0
2025-10-06 20:45:00,1905.4516218488013,1909.254848342558,1905.3548710125917,1908.0080137046482,89.25723771210093,62.03,15.0
2025-10-06 21:00:00,1908.4283544308469,1909.2013279986413,1905.0394166066553,1905.8358546017155,109.5918932421865,62.04,15.0
2025-10-06 21:15:00,1905.388148251156,1923.6354238078104,1902.592399715363,1923.5193327017228,98.94809864290758,61.84,15.0
2025-10-06 21:30:00,1923.7720489777105,1924.1778207930329,1919.4730230659623,1920.160546980283,189.75839455865454,61.74,15.0
2025-10-06 21:45:00,1920.5144038105727,1927.2611615521903,1920.0726888206298,1926.967028082796,170.57716476944236,61.79,15.0
2025-10-06 22:00:00,1926.8317874864604,1928.2260062775283,1918.1304278325565,1920.3177622116268,200.77594012228136,61.51,15.0
2025-10-06 22:15:00,1920.1335587464782,1926.0309844799115,1919.6924298083331,1925.4794800089055,197.22310558806973,61.93,15.0
2025-10-06 22:30:00,1925.2842208461793,1932.2145370458938,1924.7315787370328,1930.6124476680661,203.8682578344943,61.82,15.0
2025-10-06 22:45:00,1930.3424900569034,1931.1499378057222,1924.7607567307934,1926.29325613036,1176.6352691956656,61.92,15.0
2025-10-06 23:00:00,1926.29325613036,1926.4507671712815,1926.29325613036,1926.4507671712815,136.09869399781127,61.92,15.0
2025-10-07 16:30:00,1926.4762076605707,1932.7812446276926,1886.9228374637898,1889.4450049760696,170.0590933452262,63.0,15.0
2025-10-07 16:45:00,1887.5262538793086,1905.8112948004825,1879.1658415960987,1901.5401395777612,151.3209920793596,62.67,15.0
2025-10-07 17:00:00,1904.213600392659,1934.159829927409,1903.81579181205,1934.1214191266806,188.53286355874408,61.55,15.0
2025-10-07 17:15:00,1933.8629106359706,1953.7956680192808,1931.2759297050502,1952.4212935614003,243.69410529808056,60.75,15.0
2025-10-07 17:30:00,1952.4741356638572,2010.7000199856561,1951.762356451702,2008.422583293972,281.5170644796915,60.79,15.0
2025-10-07 17:45:00,2008.117317430987,2009.062955202899,1988.4016839751137,1990.8890758919667,221.93303839338114,60.6,15.0
2025-10-07 18:00:00,1990.7928732321739,1991.4598479575607,1968.499004938474,1969.7614209234248,241.1714516950504,60.48,15.0
2025-10-07 18:15:00,1969.6779876654166,1970.2737651885518,1957.4243764090234,1959.3860245600874,148.04007572142336,60.42,15.0
2025-10-07 18:30:00,1959.3847513620071,1971.5055181353355,1957.96200765214,1967.0586860526505,124.79285063179773,60.18,15.0
2025-10-07 18:45:00,1967.0535839645813,1972.9819716588213,1965.2698730016612,1972.0089892343979,151.0371844329589,60.18,15.0
2025-10-07 19:00:00,1972.1881011381706,1973.6253553381666,1970.227212830329,1971.4725729087806,122.18630196965128,60.21,15.0
2025-10-07 19:15:00,1971.5448081413447,1974.1496222180795,1953.0455390186921,1955.0562012246837,205.38248045470357,59.96,15.0
2025-10-07 19:30:00,1955.2502459989373,1961.8159744775994,1953.9190943741949,1961.3294196701795,231.05766374227505,59.91,15.0
2025-10-07 19:45:00,1961.3276522667459,1962.1743349734575,1951.3290438954325,1951.6375486159043,249.8642831041389,59.87,15.0
2025-10-07 20:00:00,1951.7257693010029,1966.0027707920324,1945.916690923286,1964.9041775308376,487.1511416609065,59.6,15.0
2025-10-07 20:15:00,1964.865820922852,1981.3813339785543,1964.4420165027557,1980.2070465467732,199.71739263686962,59.62,15.0
2025-10-07 20:30:00,1980.3771255409386,1981.038565947965,1979.8154824133678,1981.0323929672754,183.63472656145476,59.69,15.0
2025-10-07 20:45:00,1981.124701044954,1985.5788220257878,1980.3853559703523,1983.9914994647406,199.20928879557096,59.52,15.0
2025-10-07 21:00:00,1983.9529718597905,1984.8763692131004,1976.7190887454922,1977.292894659867,177.293473371259,59.49,15.0
2025-10-07 21:15:00,1977.2470952982137,1978.1515981987166,1958.8655985769062,1959.086648610076,192.6430658893068,59.47,15.0
2025-10-07 21:30:00,1959.0646541118383,1959.156310860157,1952.8076303078778,1953.2208542781136,144.35150992826834,59.46,15.0
2025-10-07 21:45:00,1953.2289196058275,1953.8681213009152,1940.8154239372077,1942.2806683777053,273.60322398501916,59.58,15.0
2025-10-07 22:00:00,1942.2585698887074,1942.6094044687995,1917.6676217597355,1919.0348247092452,306.26465250916254,59.35,15.0
2025-10-07 22:15:00,1918.8690080400902,1936.9074539723213,1918.392061529403,1936.4735596265568,277.130032744588,59.19,15.0
2025-10-07 22:30:00,1936.6437776943135,1937.298574851985,1936.2552462574265,1936.631251165699,296.45019357861435,59.0,15.0
2025-10-07 22:45:00,1936.876953685565,1943.3696507335042,1935.7051899603211,1941.262224433593,1397.3024760182352,59.18,15.0
2025-10-07 23:00:00,1941.262224433593,1941.262224433593,1940.4605993113234,1940.4605993113234,136.45085604413543,59.19,15.0
2025-10-08 16:30:00,1939.936074730544,1942.1896229846716,1930.4299508600066,1937.6388789524722,86.14642945751612,59.69,15.0
2025-10-08 16:45:00,1938.394537132528,1986.7442855013774,1936.241846544659,1984.0789867978044,116.84290457791832,60.68,15.0
2025-10-08 17:00:00,1982.3998091511976,1984.1891513341907,1974.592390022317,1979.077853881658,250.53877838893374,60.38,15.0
2025-10-08 17:15:00,1979.4556234167617,1988.1900520441118,1979.0318794766886,1987.039966611577,143.00682440290254,60.5,15.0
2025-10-08 17:30:00,1986.6232122798372,1989.4916560900308,1982.4155821851004,1984.2894784412067,107.86768436643592,60.68,15.0
2025-10-08 17:45:00,1984.0391363731842,1984.3399018788725,1977.8940784296694,1979.39490347853,120.01353610962155,60.7,15.0
2025-10-08 18:00:00,1979.5005208561754,1981.1924414286455,1958.4399588546262,1959.7466602368156,142.86965021968211,60.48,15.0
2025-10-08 18:15:00,1959.621526202838,1960.1211892711426,1942.0379492353707,1943.6413125655379,107.35732633030989,60.43,15.0
2025-10-08 18:30:00,1943.4805876958799,1944.3343817529485,1940.515659421353,1941.071260110698,109.06441522812685,60.45,15.0
2025-10-08 18:45:00,1940.886307336308,1945.0346915977443,1938.2622999593987,1940.2751057065052,190.3373973781615,60.31,15.0
2025-10-08 19:00:00,1940.545719373589,1941.9815082706966,1919.5682945190981,1923.4529329262361,201.4418533787354,60.49,15.0
2025-10-08 19:15:00,1923.2255594279923,1923.656197693904,1922.7609929176767,1923.084486554353,163.47766294721941,60.49,15.0
2025-10-08 19:30:00,1923.0701396281195,1924.9363641978848,1921.9950066059403,1922.215051739509,88.58821005543756,60.3,15.0
2025-10-08 19:45:00,1922.1709130698168,1922.6270735951957,1913.1811340058564,1913.2191417368404,81.55141443005866,60.34,15.0
2025-10-08 20:00:00,1913.505857336846,1915.3405860007697,1901.7319761450342,1902.5477440516354,77.07249144710508,60.46,15.0
2025-10-08 20:15:00,1902.8352766845987,1910.5661065383435,1901.9444187068282,1910.2914067705274,84.6449735380217,60.76,15.0
2025-10-08 20:30:00,1909.9024385336988,1914.2285235731554,1908.9858289061485,1913.408412376209,130.12017845976177,60.72,15.0
2025-10-08 20:45:00,1913.6188370913965,1915.9449118821435,1904.1889832522677,1904.4039679340096,303.16309098121747,60.61,15.0
2025-10-08 21:00:00,1904.2615804743618,1908.091603857065,1904.1267118199723,1907.1427223760647,179.0358137994379,60.73,15.0
2025-10-08 21:15:00,1907.2303616584832,1926.6532719709178,1906.1496878896971,1922.9396304527083,132.46240843862364,60.93,15.0
2025-10-08 21:30:00,1922.8102859070532,1928.2912377773196,1922.3972184078393,1927.054388665079,148.21412926408752,60.95,15.0
2025-10-08 21:45:00,1927.1881072432366,1927.539348832499,1923.0262781691645,1923.322697508722,88.53268745869735,60.61,15.0
2025-10-08 22:00:00,1924.0797208647948,1925.700787072642,1915.617708613131,1916.4341538316455,153.20318440897404,60.36,15.0
2025-10-08 22:15:00,1916.4678430478107,1917.5773770812725,1911.1301285160523,1911.9270093582718,214.38538281018572,60.57,15.0
2025-10-08 22:30:00,1911.8051846361825,1915.7407999042937,1910.2269149395102,1915.572746951072,324.7708375418069,60.4,15.0
2025-10-08 22:45:00,1915.5210826706605,1919.054705026142,1914.8617065958465,1918.5226969267155,821.9897230476138,60.57,15.0
2025-10-08 23:00:00,1918.5226969267155,1918.5565603495393,1918.5226969267155,1918.5565603495393,132.5144388791382,60.56,15.0
2025-10-09 16:30:00,1919.9077659572658,1924.801711238559,1919.0136792856135,1924.36806739286,79.07774798223,60.73,15.0
2025-10-09 16:45:00,1924.5570571893948,1943.2397426817631,1923.839038678389,1940.1334929397017,127.51589915379859,60.4,15.0
2025-10-09 17:00:00,1939.544390971841,1943.0106629378856,1939.5333430603573,1940.0180592117135,194.26172065080067,60.19,15.0
2025-10-09 17:15:00,1939.221087610129,1961.3242270056262,1939.1990863329515,1959.2748333990214,199.49522745664558,59.81,15.0
2025-10-09 17:30:00,1959.280177643231,1972.6125450546529,1957.6978528461289,1970.998484039689,69.45538761990262,60.07,15.0
2025-10-09 17:45:00,1971.4626710776993,1977.6861845601538,1955.8270219878548,1956.4965666846506,198.70900198395333,60.32,15.0
2025-10-09 18:00:00,1956.1306567878426,1956.6808956152706,1932.4924211835248,1932.9896762023964,121.10826070224684,60.13,15.0
2025-10-09 18:15:00,1933.4616264709377,1958.3788755721735,1933.278510015713,1956.0616904958513,181.7124150321222,60.06,15.0
2025-10-09 18:30:00,1956.0461538992638,1957.165521966115,1955.0644780325883,1956.8101448535776,130.9882372836989,60.1,15.0
2025-10-09 18:45:00,1956.3665459239558,1957.1673589971479,1927.2390267898118,1928.443865295304,118.62191309030042,60.49,15.0
2025-10-09 19:00:00,1928.3001384598683,1928.6495961175135,1919.242670019964,1920.119746806852,110.55479051160427,60.48,15.0
2025-10-09 19:15:00,1920.4162165564182,1924.8671632954452,1920.2899737371263,1924.1788133732252,73.57344184552562,60.37,15.0
2025-10-09 19:30:00,1923.855174799534,1924.318241010806,1918.9683479129292,1920.832756879688,95.4472437241936,60.25,15.0
2025-10-09 19:45:00,1920.6388608298967,1920.7934308492406,1914.0765932385987,1914.4837582668063,89.68261316881454,60.06,15.0
2025-10-09 20:00:00,1914.715931588388,1929.4584576869038,1914.6673302853292,1927.4032939348808,80.57510487765543,60.1,15.0
2025-10-09 20:15:00,1927.4445821028303,1928.148574357899,1918.9010543419229,1919.5344676359446,87.86090252212921,60.06,15.0
2025-10-09 20:30:00,1919.3751574040805,1919.793809270266,1913.956663590052,1914.1732993161293,55.86956544938795,60.14,15.0
2025-10-09 20:45:00,1914.2959858456563,1915.680123420132,1914.0589414749165,1915.444074010484,81.291644364979,60.16,15.0
2025-10-09 21:00:00,1915.8624371358135,1920.5567100353514,1914.3262272138036,1918.9275962215052,102.33931897767792,59.8,15.0
2025-10-09 21:15:00,1918.9978309092871,1923.9179046296797,1918.9871290989022,1923.702949809779,104.00490782471846,59.94,15.0
2025-10-09 21:30:00,1923.625075287868,1927.9150084956027,1923.2066949205578,1927.202155271088,91.1870304877484,59.86,15.0
2025-10-09 21:45:00,1927.0661694425253,1929.8184521262222,1925.1065153033887,1928.4910787856825,165.88394291127815,59.78,15.0
2025-10-09 22:00:00,1928.608730144354,1940.2624076554605,1925.5807112786101,1937.6644534445275,248.68440843990695,60.08,15.0
2025-10-09 22:15:00,1937.3864041910028,1938.638317509271,1932.0075128869628,1933.8755287762208,202.57605481478248,59.91,15.0
2025-10-09 22:30:00,1934.213220445036,1936.1750347881841,1933.3855654970541,1933.7523166767808,217.82878967546037,59.88,15.0
2025-10-09 22:45:00,1934.166708860174,1936.7363378872965,1933.039668236549,1934.2147082345336,905.5477318834604,59.88,15.0
2025-10-09 23:00:00,1934.2147082345336,1934.2147082345336,1933.8435124837883,1933.8435124837883,103.28630235415342,59.9,15.0
2025-10-10 16:30:00,1934.0737036604569,1952.9700214476375,1928.8673522873898,1951.8689775397952,47.52457977555037,59.93,15.0
2025-10-10 16:45:00,1952.6606292038664,1961.5196334627278,1948.277958307611,1960.8238922329504,51.163184236941284,59.42,15.0
2025-10-10 17:00:00,1961.5906433918378,1965.1774640977233,1957.2831111979203,1957.9319313889705,69.35812341909919,59.12,15.0
2025-10-10 17:15:00,1958.9218877308579,1958.9564375750685,1937.924756428845,1939.5908950276232,114.60330995445871,59.39,15.0
2025-10-10 17:30:00,1939.2414579443966,1939.764078137932,1939.1401624513005,1939.1715642536262,103.56660421765439,59.37,15.0
2025-10-10 17:45:00,1938.8505488448013,1939.0720825212952,1932.6226777405443,1933.8955066637109,74.7327625276904,58.88,15.0
2025-10-10 18:00:00,1934.182018485471,1941.7181243073708,1930.9831527560095,1936.3155845372378,161.47134389960877,58.75,15.0
2025-10-10 18:15:00,1936.0223012243464,1980.830701335039,1936.0164089965422,1979.9802529671565,140.46705908711834,58.25,15.0
2025-10-10 18:30:00,1981.0382000288548,1982.952996641499,1966.6526947640095,1967.4828576854043,137.76484039480053,58.41,15.0
2025-10-10 18:45:00,1968.2598469059212,1974.0070236442493,1960.8421731431515,1971.5609175029542,187.52629789275412,58.2,15.0
2025-10-10 19:00:00,1971.2928796960412,1982.360759276129,1971.279676214587,1982.0886065773113,208.84608889991475,58.15,15.0
2025-10-10 19:15:00,1982.0507457461076,1982.5538785977153,1980.859561042919,1981.6706839226288,141.55066523949952,58.3,15.0
2025-10-10 19:30:00,1981.2099901052604,2038.8418410736563,1979.731943486867,2035.4061934308008,487.2545859779893,58.77,15.0
2025-10-10 19:45:00,2035.2676529247417,2041.3473718218029,2015.2895781870584,2017.895580993963,186.13499188266528,58.22,15.0
2025-10-10 20:00:00,2017.8215251533131,2019.9635647376704,2017.3271510519332,2019.342974419359,164.86947209302156,58.35,15.0
2025-10-10 20:15:00,2019.5856680606935,2019.8193404642423,2009.4340534208493,2009.633588872693,93.31171417998299,58.51,15.0
2025-10-10 20:30:00,2009.3228929994693,2009.6989411817935,2000.670123011225,2003.261802016932,92.82425479365091,58.68,15.0
2025-10-10 20:45:00,2002.513102907072,2004.4586513542708,2000.5714387566952,2003.5296622406986,99.61828199844572,58.75,15.0
2025-10-10 21:00:00,2003.2746130047376,2006.128531812111,2003.1815442685129,2005.7014187980901,177.90414342429085,58.76,15.0
2025-10-10 21:15:00,2005.37451259836,2010.7697455538673,2004.35164946572,2008.5046360443835,163.12899324377048,59.04,15.0
2025-10-10 21:30:00,2008.3100825527702,2020.9058670183106,2007.6733280698263,2017.4472141511515,327.8552648360095,58.78,15.0
2025-10-10 21:45:00,2017.52258639301,2018.3642395706402,2009.4465175700398,2010.753698827721,195.8516741385094,58.49,15.0
2025-10-10 22:00:00,2010.3532100955397,2011.2570984026315,2000.361293741951,2002.0027980717198,102.3946261722971,58.33,15.0
2025-10-10 22:15:00,2001.7204503537503,2022.1633768153717,2001.2261424372725,2021.8891781338639,150.32518934752778,58.28,15.0
2025-10-10 22:30:00,2021.6429451549734,2026.9313978424846,2018.1061679051397,2023.9324446335977,197.05721084594995,58.52,15.0
2025-10-10 22:45:00,2023.6605261380837,2023.7348590883378,2013.1333136107612,2014.9287478352974,836.783386196715,58.65,15.0
2025-10-10 23:00:00,2014.9287478352974,2014.9287478352974,2011.8047992116124,2011.8047992116124,129.99744976349726,58.66,15.0
2025-10-13 16:30:00,2010.868043281632,2024.0261535254706,1951.275664483787,1955.3438766815011,137.92972706788458,58.78,15.0
2025-10-13 16:45:00,1955.9426332232729,1990.098127582457,1947.6269888879967,1988.4675787131941,166.46718349291424,59.44,15.0
2025-10-13 17:00:00,1987.8593903945714,1990.3040099633456,1972.3007754759872,1978.870325888503,203.76118209962647,59.56,15.0
2025-10-13 17:15:00,1978.5558025382588,1987.5828001750301,1977.1661905128965,1977.666771402359,183.94795588718156,59.08,15.0
2025-10-13 17:30:00,1977.3433386569475,1979.372110607599,1973.8053580377846,1977.6196596960363,107.9054729367335,59.55,15.0
2025-10-13 17:45:00,1977.8425245075196,1983.6600789912418,1975.5816186956672,1982.7010603209485,176.4985487617826,59.49,15.0
2025-10-13 18:00:00,1982.632394871361,1983.1125764899648,1965.2453042208713,1967.8220853494543,70.21455203498093,59.63,15.0
2025-10-13 18:15:00,1968.1004401861019,1968.9000809696001,1954.4517315156384,1954.8113585470305,166.90143868500707,59.49,15.0
2025-10-13 18:30:00,1954.4083749814195,1956.5181062281276,1953.8343210853775,1955.9091556396806,72.04353604198066,59.41,15.0
2025-10-13 18:45:00,1955.8981697819222,1960.6666699472994,1954.2454234682946,1959.4791997541593,71.81995613848389,59.4,15.0
2025-10-13 19:00:00,1959.3266323706296,1961.5218130742596,1957.0554287866642,1960.2068826135958,91.76858158477076,59.24,15.0
2025-10-13 19:15:00,1959.9600276945584,1961.6099525650984,1951.8642978321775,1952.8031547865003,96.0564938324773,59.24,15.0
2025-10-13 19:30:00,1952.7802616041104,1963.3756787555983,1950.981010784747,1961.0101115175491,114.84192967379754,59.38,15.0
2025-10-13 19:45:00,1961.3039318368542,1963.025965088463,1954.7080416337585,1954.9632937541905,87.04105808948415,59.38,15.0
2025-10-13 20:00:00,1954.637917029655,1956.416037937513,1945.4633297552157,1946.2858077520414,212.98858414121258,59.36,15.0
2025-10-13 20:15:00,1946.2655482176624,1947.2688535024784,1939.3910539417093,1939.7993058762752,95.83165560577216,59.36,15.0
2025-10-13 20:30:00,1939.4794754921286,1951.9857990961211,1938.92838440546,1950.072054436086,92.87643887795707,59.28,15.0
2025-10-13 20:45:00,1949.7009332789787,1956.0461584756697,1947.2208643635418,1955.7819481485074,137.33163796480554,59.41,15.0
2025-10-13 21:00:00,1955.7068657998946,1957.1125731368495,1955.0363811244542,1956.5678448503681,93.4271495086725,59.4,15.0
2025-10-13 21:15:00,1956.4486335261993,1969.3720340849118,1955.8582822191577,1968.9525170574593,135.2837789967655,59.62,15.0
2025-10-13 21:30:00,1968.8278765609527,1998.048962914008,1966.6966809295852,1997.9763156251477,109.87966682860987,59.47,15.0
2025-10-13 21:45:00,1997.9236216972238,1998.0290426379704,1978.2532036223097,1979.2283819618945,150.49957868967797,59.24,15.0
2025-10-13 22:00:00,1978.8266336319455,1980.1994902452093,1969.4949210385203,1969.8540287382225,127.56092205744359,59.13,15.0
2025-10-13 22:15:00,1969.5621710910345,1973.8395964454069,1958.2149717187224,1959.9103421487548,203.1540662660874,59.46,15.0
2025-10-13 22:30:00,1960.0220015758987,1960.554884386362,1950.6637692170236,1951.2423383918722,203.0554821977771,59.41,15.0
2025-10-13 22:45:00,1950.8393267842312,1952.5167441236779,1939.9379963873025,1940.161951311047,950.2241452523754,59.66,15.0
2025-10-13 23:00:00,1940.161951311047,1940.161951311047,1939.353772390225,1939.353772390225,124.66781602239742,59.65,15.0
2025-10-14 16:30:00,1939.6268587647346,1947.2339013329592,1893.5604250852912,1894.9904535879937,178.76994991306196,59.36,15.0
2025-10-14 16:45:00,1894.451626142587,1906.5253662796251,1893.7125135056076,1905.1366881537645,94.83620317239931,59.52,15.0
2025-10-14 17:00:00,1905.4298369643159,1909.0793814849703,1900.385070831634,1901.8901538953364,165.73129904675184,58.79,15.0
2025-10-14 17:15:00,1901.197023234649,1910.1531880333919,1900.6304946729358,1908.2459027731145,93.28588805429985,58.52,15.0
2025-10-14 17:30:00,1908.6036677018121,1915.127913212581,1907.7600247933415,1915.0850849546614,165.3579551270184,58.43,15.0
2025-10-14 17:45:00,1915.1781179916898,1923.4941972406189,1912.7321390202976,1922.0166302267437,78.18556853966666,58.65,15.0
2025-10-14 18:00:00,1922.0343267520557,1922.0515447923794,1917.3641741017923,1917.821869604933,98.28986876872537,58.73,15.0
2025-10-14 18:15:00,1918.2271378447183,1943.9525909982228,1916.6621340035804,1943.7427992668736,70.26923334247455,58.47,15.0
2025-10-14 18:30:00,1943.606685385098,1949.2915586859635,1942.9064673721775,1948.0349288872712,200.80158140148896,58.73,15.0
2025-10-14 18:45:00,1947.7402959830595,1951.9797576074516,1912.5534916459358,1916.2766802947872,85.51197532235334,59.01,15.0
2025-10-14 19:00:00,1916.6984794919488,1917.2960404530775,1904.413244525377,1904.9643649477796,326.41362375166636,59.03,15.0
2025-10-14 19:15:00,1905.3349889348067,1907.3481390831412,1891.3136742094953,1891.5934232361244,53.54985412385935,58.93,15.0
2025-10-14 19:30:00,1891.4023665738948,1892.965004347422,1890.7726848387567,1892.6865850016784,87.04899901303524,58.98,15.0
2025-10-14 19:45:00,1892.6552463492785,1893.965227763772,1891.020950016362,1893.5528862831627,71.27761929879742,59.2,15.0
2025-10-14 20:00:00,1893.652554770157,1893.7488335123494,1892.4243828654821,1892.6193429976686,42.20708544898533,59.22,15.0
2025-10-14 20:15:00,1892.6011248057946,1911.4359259694952,1891.2725267275255,1911.2524235767219,90.10558403881899,59.34,15.0
2025-10-14 20:30:00,1911.4855543590247,1924.8786166399432,1910.5177056414275,1921.962043725277,166.01501478224907,59.73,15.0
2025-10-14 20:45:00,1922.061282614396,1925.1162112170703,1922.0607020396517,1925.029603597232,109.78189778211811,59.71,15.0
2025-10-14 21:00:00,1924.9044704702094,1925.0210752865733,1914.2925907083484,1916.5942232351777,170.24007627299395,59.63,15.0
2025-10-14 21:15:00,1916.6342105750286,1917.0050700844677,1912.1410696574114,1912.5688322766678,84.88770353318131,59.56,15.0
2025-10-14 21:30:00,1912.5679135441724,1915.1228507168842,1912.3672450679746,1913.8271628174082,89.22787140824092,59.7,15.0
2025-10-14 21:45:00,1913.5563654970838,1914.9596971117512,1912.4932350402669,1914.5933669812669,179.59009974170795,59.6,15.0
2025-10-14 22:00:00,1914.2892349422725,1914.666334152595,1895.0329247210952,1895.9537507153996,215.37305843480542,59.92,15.0
2025-10-14 22:15:00,1895.787823415659,1897.1349056925017,1891.0271356289245,1894.4216216262132,231.31761304320128,59.85,15.0
2025-10-14 22:30:00,1895.130064889277,1895.299341287426,1890.972406693218,1892.1698662884764,389.06829249119846,59.38,15.0
2025-10-14 22:45:00,1892.4754905717975,1892.7041488024129,1887.5743116592919,1889.5983688620097,946.6180999715716,59.28,15.0
2025-10-14 23:00:00,1889.5983688620097,1890.2265605019072,1889.5983688620097,1890.2265605019072,140.37560274056773,59.27,15.0
2025-10-15 16:30:00,1890.9447913210831,1897.4179377265043,1855.6729794611006,1865.8965705333912,324.63903020513885,60.3,15.0
2025-10-15 16:45:00,1866.2815445534877,1868.1703040231396,1858.0365202301418,1859.567864891128,30.988108352820177,60.03,15.0
2025-10-15 17:00:00,1859.7149297707933,1864.6072468391947,1857.2531466658086,1864.0090173225476,66.31337527658836,60.16,15.0
2025-10-15 17:15:00,1864.1990661085442,1874.9069984096782,1861.0344361665589,1873.5291963243997,93.39278329357359,59.81,15.0
2025-10-15 17:30:00,1873.740767096359,1892.1887709577593,1871.5996301150358,1890.2712387210436,71.61381209200489,59.5,15.0
2025-10-15 17:45:00,1889.9884691574744,1890.1193266062287,1889.4097169717966,1889.6712374047959,40.11001691166141,59.62,15.0
2025-10-15 18:00:00,1889.4870045837704,1890.564643501916,1884.8116556602429,1886.8232126295288,37.17694644725125,59.66,15.0
2025-10-15 18:15:00,1886.572433427518,1892.3434179802275,1885.3319279952882,1892.0915959187523,30.57108971999699,59.73,15.0
2025-10-15 18:30:00,1892.7134117301864,1902.3826730858566,1888.3336365348334,1901.7167882131266,141.83832855618095,59.21,15.0
2025-10-15 18:45:00,1902.207584428955,1902.665253020685,1897.590763769062,1898.3023833500695,68.14763310294505,59.35,15.0
2025-10-15 19:00:00,1897.8886476111,1906.7145377003383,1895.1318924859572,1905.4132874214254,72.33089263465975,59.51,15.0
2025-10-15 19:15:00,1905.9107558603814,1919.2975788081287,1904.5852100344712,1918.5180439588491,51.20955525340407,59.71,15.0
2025-10-15 19:30:00,1918.5309097224956,1924.8121648203899,1918.1200388892753,1924.6191510226847,67.12384943552891,59.59,15.0
2025-10-15 19:45:00,1924.9089083711547,1942.772549442139,1924.0692390666222,1941.8590755840492,177.69478345125856,59.43,15.0
2025-10-15 20:00:00,1942.0791231291355,1942.4223885758372,1923.3400906638394,1924.3933535272163,90.59508179088594,59.03,15.0
2025-10-15 20:15:00,1925.1718079362618,1925.969150368394,1917.7964884047203,1925.471757634771,117.91564078024655,59.2,15.0
2025-10-15 20:30:00,1925.5451045118546,1928.196375564668,1924.7441427144674,1927.3414376105166,88.95181475016305,59.5,15.0
2025-10-15 20:45:00,1927.0091226770721,1929.66324593919,1926.5651484000077,1927.7736631208898,47.418023364130924,59.74,15.0
2025-10-15 21:00:00,1927.7557457969015,1928.0463872825,1921.9175996546846,1922.752524090867,98.70687045354471,59.65,15.0
2025-10-15 21:15:00,1922.8180967424382,1923.0385220875403,1915.5053930007032,1916.3149436197652,93.13097019683212,59.75,15.0
2025-10-15 21:30:00,1916.2943468350904,1916.6319025910566,1915.8750185620902,1916.4947028405568,45.00827823927043,59.73,15.0
2025-10-15 21:45:00,1916.5992522135589,1917.422493967128,1912.020605437643,1912.2157330437394,40.834415873306064,59.76,15.0
2025-10-15 22:00:00,1912.194151068665,1913.9936740285846,1910.5658655809518,1912.8084195453607,74.75081903297827,59.68,15.0
2025-10-15 22:15:00,1912.7074501094105,1914.209153602337,1907.212053372115,1908.3124868693144,118.86714741346194,59.73,15.0
2025-10-15 22:30:00,1907.9902608566044,1909.024484294468,1895.4925133187062,1895.5924386313006,113.75299111563791,59.59,15.0
2025-10-15 22:45:00,1895.4927893641075,1900.2509311746355,1895.227208907266,1898.2914181088681,586.9279128230664,59.58,15.0
2025-10-15 23:00:00,1898.2914181088681,1898.7930464592794,1898.2914181088681,1898.7930464592794,130.68677886537318,59.58,15.0
2025-10-16 16:30:00,1896.9035587780293,1928.9694840484426,1894.4496849269362,1925.3432520027054,153.4255185653894,60.37,15.0
2025-10-16 16:45:00,1924.301680532376,2047.126346799973,1920.6815586554878,2040.5524768818625,384.288007238628,61.55,15.0
2025-10-16 17:00:00,2038.648178569997,2052.9095328913468,2031.5750100017049,2048.3135301239313,442.41910013441776,61.75,15.0
2025-10-16 17:15:00,2047.8688700384084,2063.467039065649,2042.7838778604391,2060.1343877936497,403.3254810393203,62.11,15.0
2025-10-16 17:30:00,2060.895661732794,2063.464705098848,2027.9412865116112,2029.4292442893902,189.52705423567178,61.86,15.0
2025-10-16 17:45:00,2028.8636289183787,2030.1379021983555,2000.96337042131,2001.7883597877835,192.73473417187594,61.55,15.0
2025-10-16 18:00:00,2002.2354412228067,2044.1399726889824,2002.2094105970382,2041.024975149939,120.04157522730337,62.19,15.0
2025-10-16 18:15:00,2041.8702641315506,2044.8561371689286,2025.918235252963,2027.5387765058451,284.4167877592926,62.16,15.0
2025-10-16 18:30:00,2028.4013494696433,2029.2371090274844,1997.3115505665073,1999.239298197435,175.27138971725248,61.77,15.0
2025-10-16 18:45:00,1999.2661800861042,2001.4785196091007,1995.8172399207115,1996.1815231888395,101.38369768106824,61.67,15.0
2025-10-16 19:00:00,1996.53629829067,1997.66975616524,1993.6661101741752,1995.0126954607158,156.35294107092338,61.98,15.0
2025-10-16 19:15:00,1994.4756598158183,1996.6197061894757,1979.6350902345966,1980.00512109204,477.1417081487147,61.96,15.0
2025-10-16 19:30:00,1979.50491862363,1984.289081675692,1972.6575700187511,1974.0863817236618,451.7491929372238,61.83,15.0
2025-10-16 19:45:00,1974.1021955880785,1999.9132840748302,1972.8584112993365,1999.2552742174082,220.47789628734836,62.06,15.0
2025-10-16 20:00:00,1999.3566516832143,2000.942528462491,1988.5739348089908,1989.2429175545878,124.09471424992002,61.99,15.0
2025-10-16 20:15:00,1989.6256304621847,1990.5234708943128,1968.1529242599547,1970.998935862464,95.77087911641686,62.18,15.0
2025-10-16 20:30:00,1970.763876976756,1982.1712546151443,1970.6247901033787,1982.0347277076785,78.48274851176507,61.88,15.0
2025-10-16 20:45:00,1982.0982592514638,1986.6944723338634,1979.5988753359957,1985.5935815659877,105.90799755668323,61.76,15.0
2025-10-16 21:00:00,1985.6407923422169,1987.0128373577998,1972.8719960831136,1975.6329894083126,99.33909103202241,61.54,15.0
2025-10-16 21:15:00,1975.599572327417,1976.1423699336694,1958.437747049414,1959.1929614972573,114.35474501085051,61.5,15.0
2025-10-16 21:30:00,1959.1660810239473,1959.8996665582754,1942.6079828168306,1947.7947780133836,96.56717907571655,61.45,15.0
2025-10-16 21:45:00,1947.6498616724205,1947.9295617889084,1946.9925211258787,1947.78594417897,74.29395067640405,61.58,15.0
2025-10-16 22:00:00,1947.8304049114934,1954.297330807078,1946.7239993663757,1953.5966574407023,108.0402614542968,61.52,15.0
2025-10-16 22:15:00,1953.6338623115273,1954.2729187400514,1944.3137143559716,1944.893977391653,168.62016617839393,61.42,15.0
2025-10-16 22:30:00,1944.8240355708544,1945.1529588265091,1943.802253209564,1943.9655338929556,176.66945042409571,61.43,15.0
2025-10-16 22:45:00,1944.1560238807617,1953.2733687624598,1942.8750856794993,1951.8435994547183,958.040846472519,61.61,15.0
2025-10-16 23:00:00,1951.8435994547183,1951.8435994547183,1951.0982526155485,1951.0982526155485,220.5153950912133,61.6,15.0
2025-10-17 16:30:00,1951.9739845983356,2008.272349384821,1948.9325089762328,2004.1117916981207,186.2607959661492,62.26,15.0
2025-10-17 16:45:00,2003.5484083425245,2004.1707874853628,1971.932530011525,1975.113313573888,119.3018742727052,61.77,15.0
2025-10-17 17:00:00,1975.16611069515,1986.4239919954464,1973.313174306922,1981.7785832377176,145.62139279933874,61.99,15.0
2025-10-17 17:15:00,1981.20873729414,1986.8849334044726,1977.3236780604507,1983.6808373300378,204.88211133356145,61.67,15.0
2025-10-17 17:30:00,1983.7156256879416,1996.2243868203982,1983.3866744996315,1995.4736729098,111.23075907197664,61.54,15.0
2025-10-17 17:45:00,1995.1370732870973,2004.026996005471,1991.9991632121732,2001.4620196509416,86.0438888921368,61.61,15.0
2025-10-17 18:00:00,2002.0304498187504,2002.8435503975275,1959.3331428950503,1959.7965339402813,64.32550431093419,61.51,15.0
2025-10-17 18:15:00,1960.0040572895448,1961.0532874587311,1950.1998205750847,1953.0049589051916,64.0565180072356,61.76,15.0
2025-10-17 18:30:00,1953.530340821084,1957.5208307816158,1952.2234641434288,1955.9786047754117,92.55939538873258,61.95,15.0
2025-10-17 18:45:00,1956.156925723237,1956.4719964906387,1952.9371424252638,1953.262635542178,51.77663070737776,61.84,15.0
2025-10-17 19:00:00,1953.19668223911,1955.962043464522,1951.7597344696835,1955.873358193626,92.57055640334967,61.7,15.0
2025-10-17 19:15:00,1955.79217512704,1961.2219835643252,1955.021572587552,1961.0415438138575,97.33951229586155,61.76,15.0
2025-10-17 19:30:00,1961.3922264639314,1965.9633970053048,1960.4264261287738,1964.4733286867893,188.3247462939464,61.74,15.0
2025-10-17 19:45:00,1964.4068375524917,1967.2364942664994,1959.4690503821198,1959.6476796567129,190.71518503455036,61.65,15.0
2025-10-17 20:00:00,1959.4180086187805,1959.979503545393,1946.7540347133445,1947.8340417800034,123.99303314865,61.73,15.0
2025-10-17 20:15:00,1948.036887431077,1948.7892870294495,1943.206184186143,1944.5076188660362,143.32199157568232,61.81,15.0
2025-10-17 20:30:00,1944.5578971816776,1950.82935967002,1944.3642983726697,1950.493889338361,137.39699396614034,61.96,15.0
2025-10-17 20:45:00,1950.7332658328119,1951.5074676372649,1943.2400347053624,1943.295787717524,122.8363548671545,61.92,15.0
2025-10-17 21:00:00,1943.3472825274105,1948.1199331961882,1942.112326509222,1948.0608646556468,146.72381498352593,61.95,15.0
2025-10-17 21:15:00,1948.0557777355161,1959.4353220504393,1947.0778421180926,1957.455698217163,99.5129251650737,62.15,15.0
2025-10-17 21:30:00,1957.843832085873,1961.6206006387563,1955.0203342256527,1957.910158028052,245.3695431176841,62.15,15.0
2025-10-17 21:45:00,1957.7634304006554,1957.8235732277412,1945.6117591098402,1946.383231006571,91.31848656180239,62.14,15.0
2025-10-17 22:00:00,1946.283982011089,1946.7778256646736,1937.0490017808058,1938.2508809560172,148.55309354823106,62.17,15.0
2025-10-17 22:15:00,1938.0628139185346,1952.607907421825,1936.6408035938446,1951.5594341770134,164.3189518766828,62.0,15.0
2025-10-17 22:30:00,1950.9779047407965,1953.9100505679273,1943.1591755146312,1945.0310936425967,201.37197725916425,61.91,15.0
2025-10-17 22:45:00,1945.2994311531493,1947.2172803138012,1921.3887178507398,1921.9842340167115,656.3318521480942,61.87,15.0
2025-10-17 23:00:00,1921.9842340167115,1922.1897723441439,1921.9842340167115,1922.1897723441439,102.55820484338318,61.86,15.0
2025-10-20 16:30:00,1923.2451289451449,1936.466642370584,1921.2619322499952,1931.364780896456,136.3441574270296,63.04,15.0
2025-10-20 16:45:00,1931.8018331896833,1979.8419408004008,1926.4443567026283,1973.7961656265638,169.48586079293858,62.57,15.0
2025-10-20 17:00:00,1974.0149170627915,1979.6854959971708,1973.834993320159,1977.7381458832012,249.146547300959,62.77,15.0
2025-10-20 17:15:00,1977.477549924543,1986.7684203228264,1973.061219501885,1984.1051935558055,169.97355327290595,62.48,15.0
2025-10-20 17:30:00,1983.611172325324,2001.1994187311573,1981.241448788681,1995.560462518345,252.53651057887123,63.09,15.0
2025-10-20 17:45:00,1995.585193526,2001.9491837205537,1995.0033704532664,2001.8526616138088,78.74122682095242,63.22,15.0
2025-10-20 18:00:00,2002.2422772337204,2035.048464654544,1999.7592959250935,2033.649056239598,74.62665662967784,62.97,15.0
2025-10-20 18:15:00,2033.639446107856,2038.5964525666216,2032.4481472977593,2037.59964299536,146.50985167959013,62.97,15.0
2025-10-20 18:30:00,2037.4285599637046,2037.6009451429288,2019.9111400042764,2020.799952984379,72.56093041029638,63.01,15.0
2025-10-20 18:45:00,2020.495010198859,2023.093751610985,2019.9964160678203,2021.176259588547,148.45121574947882,62.82,15.0
2025-10-20 19:00:00,2021.2260202669552,2029.2199631361411,2020.07499062917,2028.384653691746,126.52248119466786,62.75,15.0
2025-10-20 19:15:00,2028.3200679317579,2030.6898034594817,2026.948753862597,2030.583866380212,45.52992408188265,62.72,15.0
2025-10-20 19:30:00,2030.5732231281088,2031.7515678760922,2026.09230907674,2026.238686404662,132.71427398732212,62.83,15.0
2025-10-20 19:45:00,2026.2057921181636,2030.7190875002234,2025.5893085842372,2029.7576740167574,90.88104030187375,62.87,15.0
2025-10-20 20:00:00,2029.6823201249,2033.3461022342042,2029.5730172742253,2033.0628477991163,89.53226672214466,62.91,15.0
2025-10-20 20:15:00,2033.1126626027774,2048.008438193032,2032.647977224674,2045.6549633862194,81.82602283094633,62.83,15.0
2025-10-20 20:30:00,2045.7666085038322,2046.015692217517,2035.8456699408678,2036.2517446197112,50.29536467291695,62.74,15.0
2025-10-20 20:45:00,2036.584960406865,2037.5158217255448,2029.6970644100925,2029.7059619227136,52.353837923103846,62.68,15.0
2025-10-20 21:00:00,2029.826444251081,2030.1387870138308,2024.9592968756442,2025.067356608095,162.64922445366625,62.67,15.0
2025-10-20 21:15:00,2025.2869030964366,2025.9087873956305,2018.1673330614071,2019.096622824174,64.21449711295658,62.55,15.0
2025-10-20 21:30:00,2018.9925266978212,2019.1504556735954,2012.0525390690184,2012.6656266838218,91.50318878561058,62.58,15.0
2025-10-20 21:45:00,2012.3093585080683,2012.8227142816954,1986.5453204266557,1987.4054727257433,119.69409182373369,62.52,15.0
2025-10-20 22:00:00,1987.402108554505,1990.1882083434887,1981.5414774356523,1982.9179863030313,130.90463242296926,62.63,15.0
2025-10-20 22:15:00,1983.0634660194537,1984.1359027980216,1982.389685549515,1983.328963792965,121.04116804990238,62.56,15.0
2025-10-20 22:30:00,1983.44041655636,1983.8193966000026,1978.5804285390197,1979.5309103327797,240.14391433722645,62.63,15.0
2025-10-20 22:45:00,1979.8261605217256,1995.7754558508786,1978.3517987013074,1994.8313637869383,576.596812030669,62.53,15.0
2025-10-20 23:00:00,1994.8313637869383,1994.8313637869383,1993.1326609517478,1993.1326609517478,128.30929187319202,62.54,15.0
2025-10-21 16:30:00,1996.1998209240357,2124.223799315299,1967.2981334614708,2111.8863614207185,268.7795740654959,63.19,15.0
2025-10-21 16:45:00,2112.067660544151,2116.5124813580915,2109.296391539778,2114.1156713743353,113.15530500915341,63.5,15.0
2025-10-21 17:00:00,2113.5593684382607,2119.536146606622,2112.231365255293,2117.983488195312,126.69980167186804,63.23,15.0
2025-10-21 17:15:00,2118.466522289384,2124.6244832497277,2116.577773220944,2124.0248523900023,187.65137857535575,63.87,15.0
2025-10-21 17:30:00,2124.078732403831,2137.7579347214432,2123.808325276729,2135.1136768828787,99.38569534031294,63.94,15.0
2025-10-21 17:45:00,2135.30759076135,2139.1807280624676,2129.04882158293,2132.3854512062017,245.0041080489093,64.21,15.0
2025-10-21 18:00:00,2132.7348394290248,2133.892493239048,2130.9834606378513,2133.630836346675,111.75893937509343,64.27,15.0
2025-10-21 18:15:00,2133.7904227602576,2134.839145257144,2128.8884004829506,2130.858159205949,62.48561868893907,63.96,15.0
2025-10-21 18:30:00,2130.6084396555198,2131.107308367303,2122.348920470197,2122.9536705007554,124.2010660095721,63.88,15.0
2025-10-21 18:45:00,2122.911232469453,2123.5669373329333,2120.417140183135,2123.1631371864673,248.25930250304117,64.04,15.0
2025-10-21 19:00:00,2122.9231474401736,2130.3235466352567,2122.247321929553,2129.5238941452094,95.74349167919367,63.97,15.0
2025-10-21 19:15:00,2129.6820900821876,2130.2650157672942,2122.9823667869605,2123.0860605299613,93.8213248979013,64.18,15.0
2025-10-21 19:30:00,2123.4267879996514,2123.554001557293,2122.3033275511734,2122.3445425746017,127.69640725085353,64.29,15.0
2025-10-21 19:45:00,2121.831473413109,2138.5540598421294,2119.011612446365,2135.12306429535,124.10750102646598,64.14,15.0
2025-10-21 20:00:00,2134.909600012595,2143.4826613663636,2134.3473139666385,2142.5657899825833,108.86218908089128,64.11,15.0
2025-10-21 20:15:00,2142.397482164354,2143.372313082906,2136.1824296689856,2136.7105701053747,182.78196331186618,64.1,15.0
2025-10-21 20:30:00,2136.6384198502096,2136.6447126455278,2117.659583421718,2118.186111497869,172.9592118823364,64.25,15.0
2025-10-21 20:45:00,2118.2735201502605,2121.131777365137,2114.1351201967927,2115.8950184426776,90.09046694054932,64.08,15.0
2025-10-21 21:00:00,2115.7729435874185,2116.121467706535,2085.9542231832247,2086.422066230401,82.31668363973671,63.8,15.0
2025-10-21 21:15:00,2086.49812944375,2088.774415810001,2085.9124645529932,2087.962304453446,108.92128240180823,63.73,15.0
2025-10-21 21:30:00,2088.120361501638,2088.5725691909092,2083.3023326950392,2084.504607208354,226.65633580306712,63.72,15.0
2025-10-21 21:45:00,2084.7614638358627,2089.6874135604453,2084.1514424754314,2087.9949410093773,162.23723503703704,63.6,15.0
2025-10-21 22:00:00,2087.686858616446,2091.0406011184564,2076.204974424156,2076.451391418454,153.73625510361822,63.87,15.0
2025-10-21 22:15:00,2076.6716909680877,2077.3205131796726,2063.0113886862678,2063.3982688530637,456.2011339773964,63.86,15.0
2025-10-21 22:30:00,2063.6468434545263,2064.3501168803305,2060.4512164858093,2060.9803466302424,302.4427717487728,63.79,15.0
2025-10-21 22:45:00,2061.6220405615554,2063.0725060505556,2053.6579909619,2054.6530246897887,953.7770420505742,63.46,15.0
2025-10-21 23:00:00,2054.6530246897887,2054.6530246897887,2051.2861291098156,2051.2861291098156,174.27197719532344,63.46,15.0
2025-10-22 16:30:00,2049.780319564189,2082.290743803941,2048.178282774642,2061.9379656760625,235.7578535233399,64.55,15.0
2025-10-22 16:45:00,2060.5612100708836,2196.4584073884407,2057.0505724696127,2193.8119678301473,223.39778282916336,63.6,15.0
2025-10-22 17:00:00,2193.2165163195646,2203.666381897256,2190.3202317552223,2201.141686226329,89.99951980884526,63.36,15.0
2025-10-22 17:15:00,2201.145154944661,2207.1357542109495,2199.279124651577,2206.401874728409,61.02557316250932,63.59,15.0
2025-10-22 17:30:00,2206.590552464046,2206.770470084511,2204.648506941016,2204.6898404557837,165.9723904960643,63.49,15.0
2025-10-22 17:45:00,2205.271353573284,2226.045615739742,2205.0722614022648,2223.232702658561,141.7273029517235,63.81,15.0
2025-10-22 18:00:00,2222.9445585555977,2228.5980066225443,2208.1163139423243,2208.4861224793035,77.94459589354305,63.49,15.0
2025-10-22 18:15:00,2208.472593201872,2211.416220463201,2174.307514200741,2176.0005831466365,129.38660519232346,63.75,15.0
2025-10-22 18:30:00,2175.9829180015877,2176.012858536681,2167.1724939012965,2168.447476305397,61.49314563037726,63.83,15.0
2025-10-22 18:45:00,2168.386887938225,2168.407487835907,2163.3239337718574,2163.5947526622845,60.23204249247192,63.69,15.0
2025-10-22 19:00:00,2163.6961098917463,2163.991797143198,2150.8282726632133,2151.6857989378923,70.14280395805801,63.63,15.0
2025-10-22 19:15:00,2151.7357850969115,2152.4115421535957,2144.061347433518,2144.4117939941293,68.28843576237199,63.61,15.0
2025-10-22 19:30:00,2144.515493737152,2145.45466276367,2115.616735651757,2120.5438260825094,127.80120758156967,63.71,15.0
2025-10-22 19:45:00,2120.6387498124272,2132.041014538235,2120.198855108343,2129.490494142028,108.29975315042927,63.66,15.0
2025-10-22 20:00:00,2129.594844759838,2130.527603284144,2128.5138458697998,2129.0040285128066,87.92830425722427,63.72,15.0
2025-10-22 20:15:00,2129.1644233430247,2130.9721358621728,2126.631557896624,2128.8016459363726,223.28117374702674,63.58,15.0
2025-10-22 20:30:00,2128.4728844205492,2133.1101627415906,2127.999700550797,2130.75927562717,94.03704685665255,63.38,15.0
2025-10-22 20:45:00,2130.9872362612555,2132.01228370967,2125.739849551961,2126.29909705197,79.87225661843672,63.6,15.0
2025-10-22 21:00:00,2126.3532191539157,2127.120112253389,2121.103457772804,2122.277075117311,108.55894718734575,63.59,15.0
2025-10-22 21:15:00,2122.171146055306,2123.7835656482994,2105.909915839145,2106.811811296336,150.18011013483343,63.66,15.0
2025-10-22 21:30:00,2106.854007390521,2107.725183487178,2085.5099856566358,2086.98560425429,207.95368397712411,63.59,15.0
2025-10-22 21:45:00,2087.036710061505,2087.7324579009055,2083.483220921195,2084.12850854182,177.88255272306222,63.68,15.0
2025-10-22 22:00:00,2084.4494899195724,2086.113104456161,2081.9262523947505,2083.872721068392,294.1148610175624,63.74,15.0
2025-10-22 22:15:00,2083.6066553486785,2095.596554482046,2083.01643610811,2092.0957074357857,212.9088702678893,63.9,15.0
2025-10-22 22:30:00,2092.4467276637056,2103.2922514735783,2092.303019462856,2103.1038482022086,258.32086691218177,63.92,15.0
2025-10-22 22:45:00,2103.1134224292955,2122.3486981052506,2101.9207680391455,2121.2537334648864,965.8904647177436,63.79,15.0
2025-10-22 23:00:00,2121.2537334648864,2121.2537334648864,2115.958756572208,2115.958756572208,193.35405544799656,63.79,15.0
2025-10-23 16:30:00,2114.775651470439,2125.347485478741,2086.9987983129513,2092.313890026046,232.20774405447108,65.2,15.0
2025-10-23 16:45:00,2091.7302599302266,2102.7012993793355,2091.603926958326,2097.532542876951,269.508428903232,65.07,15.0
2025-10-23 17:00:00,2096.480983551192,2148.932563328862,2094.6682144613987,2145.9758436285924,254.36801601048035,64.6,15.0
2025-10-23 17:15:00,2146.3419410559854,2173.11284372041,2145.7158794484562,2171.136506620106,320.5332278110512,64.84,15.0
2025-10-23 17:30:00,2171.724265212955,2177.2121228490146,2169.6734456907743,2176.8874105700547,194.59980158567768,64.86,15.0
2025-10-23 17:45:00,2176.407439926105,2177.5840367891096,2164.206622964157,2164.37701960904,133.78813594469014,64.64,15.0
2025-10-23 18:00:00,2164.185658283685,2165.7198845599555,2151.015804369666,2151.2362875120643,164.7736946529286,64.61,15.0
2025-10-23 18:15:00,2151.7221219296325,2169.143639471484,2148.251164464726,2167.5171851018263,197.43001718186477,65.12,15.0
2025-10-23 18:30:00,2167.4765616437367,2170.54579624941,2125.181023467286,2130.5612206560636,323.7996097972394,65.88,15.0
2025-10-23 18:45:00,2130.835332240421,2132.4739473617096,2123.452276519426,2123.688298000201,517.4580809027605,66.04,15.0
2025-10-23 19:00:00,2123.6559601440254,2124.281103404615,2117.515690177082,2117.812452197933,249.21641105518336,66.09,15.0
2025-10-23 19:15:00,2117.6647828939867,2128.9960055295255,2114.6905074258357,2128.2451853620705,257.7865358760514,66.13,15.0
2025-10-23 19:30:00,2128.180567873676,2129.462112689061,2119.9690989176243,2120.1510937016315,212.17466238782944,66.22,15.0
2025-10-23 19:45:00,2119.520020912267,2122.7690820777843,2091.3902526158145,2091.9215644014453,161.31547474484407,66.25,15.0
2025-10-23 20:00:00,2091.5459231292966,2094.1806825155268,2088.546657672485,2092.973724069646,212.29810528622068,66.09,15.0
2025-10-23 20:15:00,2093.2048483254603,2094.0738617624215,2081.7735578022516,2082.979548418369,197.70477620693723,66.12,15.0
2025-10-23 20:30:00,2083.2321587703677,2083.9894254291303,2079.232004169968,2079.7991985386298,177.21813705278132,66.14,15.0
2025-10-23 20:45:00,2080.1717257520945,2082.7655136383396,2071.974363322644,2074.4852722917053,171.62959708454173,66.01,15.0
2025-10-23 21:00:00,2074.6067410625387,2075.338542478965,2066.2795886248346,2068.2281304845264,107.23766294182155,66.0,15.0
2025-10-23 21:15:00,2067.6782585229375,2073.785497874188,2066.8009475172544,2072.6205718823016,212.46924149157073,66.08,15.0
2025-10-23 21:30:00,2072.4994473588963,2072.765770484557,2057.7376553784243,2059.0436062301133,91.44093523654011,66.15,15.0
2025-10-23 22:00:00,2059.282240774458,2059.627216795172,2051.531906449226,2052.9825891040905,98.26386330470179,66.19,15.0
2025-10-23 22:15:00,2053.326577992543,2056.7440336711884,2052.734170127278,2056.478534987514,187.8964074179272,66.32,15.0
2025-10-23 22:30:00,2057.085011905984,2057.7586635007424,2039.0828453771503,2041.3808880085667,308.0362994754425,66.0,15.0
2025-10-23 22:45:00,2041.2907599047337,2044.2053262441452,2012.6885037724624,2016.7997419451058,1179.5978156497813,66.05,15.0
2025-10-23 23:00:00,2016.7997419451058,2016.7997419451058,2015.1880139043435,2015.1880139043435,71.43961872066616,66.06,15.0
2025-10-24 16:30:00,2015.139359333535,2069.8154730323104,2009.3117812555552,2066.823741400983,113.5196003561683,66.62,15.0
2025-10-24 16:45:00,2066.8322145092607,2069.824654191205,2058.9583057230893,2060.1327997933604,187.35993778248766,66.24,15.0
2025-10-24 17:00:00,2061.294115979228,2063.4618921009155,2005.213469130161,2007.3195925278696,177.30932495269278,66.73,15.0
2025-10-24 17:15:00,2007.370284339624,2012.2118420001443,2006.5026917886441,2011.119750830713,101.81760410982703,66.63,15.0
2025-10-24 17:30:00,2011.125584234843,2013.1865253456162,1987.5359598875145,1988.5177266224523,135.96220390894985,66.64,15.0
2025-10-24 17:45:00,1988.5348607792077,1990.3889544092176,1987.019708594734,1989.7420756078568,119.2444317249093,66.54,15.0
2025-10-24 18:00:00,1989.8522451194128,1992.0795169780185,1979.8714017602856,1980.6455514577326,105.42501949455,66.63,15.0
2025-10-24 18:15:00,1980.7451268864602,1981.3442095184594,1972.6134237977203,1973.198863043582,146.4788481919182,66.6,15.0
2025-10-24 18:30:00,1973.0760167107212,1974.1811342270219,1970.3230702951025,1970.3350708362723,141.60726551714,66.62,15.0
2025-10-24 18:45:00,1970.0772968792635,1970.2888016770696,1967.8371280100364,1967.9641821948967,165.9314628441669,66.54,15.0
2025-10-24 19:00:00,1968.2401335750453,1970.2332238994766,1962.157753573581,1963.2361177558685,87.22621636013189,66.56,15.0
2025-10-24 19:15:00,1962.6796360735448,1970.5675805112658,1960.8132055136973,1968.3278563331087,127.63495868560439,66.24,15.0
2025-10-24 19:30:00,1968.5187629602856,1968.9178913279075,1966.2110027253805,1966.3040045783498,152.411979728682,66.25,15.0
2025-10-24 19:45:00,1965.9193041695069,1975.713902487471,1964.4067813339793,1974.6868340057968,123.73298835902105,66.43,15.0
2025-10-24 20:00:00,1974.550558079386,1979.3281007293538,1974.2695366759053,1978.0941945838467,99.20230563022558,66.62,15.0
2025-10-24 20:15:00,1978.2177789813777,1978.6074467808598,1973.690915762577,1973.7348533358504,75.37488944830748,66.52,15.0
2025-10-24 20:30:00,1973.7349439104914,1976.121056348803,1963.6755754212704,1964.3259349680643,93.90877339363989,66.42,15.0
2025-10-24 20:45:00,1963.963217939829,1964.6516190361774,1946.8761047177388,1947.7231105916621,113.87506756819383,66.43,15.0
2025-10-24 21:00:00,1947.8225251383676,1952.562686353381,1947.783397523096,1952.0917503379803,163.38999264422512,66.63,15.0
2025-10-24 21:15:00,1952.113761654785,1952.920358789281,1944.5317173938272,1945.9417723381655,152.53211399970144,66.31,15.0
2025-10-24 21:30:00,1945.9165883271496,1946.0623998593542,1935.4366174210973,1936.371867493853,170.150815451493,66.32,15.0
2025-10-24 21:45:00,1936.1801287467738,1936.9648866342102,1928.0987565351174,1929.2156092290713,248.72663083827058,66.05,15.0
2025-10-24 22:00:00,1929.2064412673446,1930.9908491234653,1920.9488462777808,1921.761452571941,190.38228012273737,66.1,15.0
2025-10-24 22:15:00,1921.6627869506985,1933.1822428649468,1921.1667506301767,1932.100811616544,383.6930788535918,66.01,15.0
2025-10-24 22:30:00,1932.5135900273697,1933.782315519373,1921.7646427434477,1922.1530103096154,317.6331123784496,65.98,15.0
2025-10-24 22:45:00,1922.0716198236585,1922.1366599814814,1904.1447590278185,1904.8792542812744,1426.3434518719357,65.91,15.0
2025-10-24 23:00:00,1904.8792542812744,1906.4541765468664,1904.8792542812744,1906.4541765468664,147.28729113594872,65.9,15.0
2025-10-27 15:30:00,1906.0064801214191,1947.4539223940408,1903.593402978184,1944.2249733311417,343.8557742199938,65.2,15.0
2025-10-27 15:45:00,1945.9385288948818,1948.0516028587842,1914.8634201575774,1917.7743130868992,168.40126065242106,65.14,15.0
2025-10-27 16:00:00,1917.0274405074272,1920.3557654470212,1908.5849684614225,1910.4990634121089,145.4893376910959,65.45,15.0
2025-10-27 16:15:00,1910.6171390575932,1920.9073478848254,1910.4454992205233,1919.4425256399004,121.89505022491795,65.47,15.0
2025-10-27 16:30:00,1919.3588459959026,1921.7141934085705,1888.8995453559367,1890.2245898109668,101.82287934256482,65.4,15.0
2025-10-27 16:45:00,1889.4553202383415,1891.396782277779,1851.1753441835099,1852.3525516218435,151.7609201237089,64.98,15.0
2025-10-27 17:00:00,1851.857807531188,1851.9680659053156,1851.3185551867489,1851.4905641818636,149.7365377352184,65.31,15.0
2025-10-27 17:15:00,1851.6551429070637,1886.460369318212,1851.2160574434565,1884.4725521360833,97.17125220491133,65.36,15.0
2025-10-27 17:30:00,1884.106154444954,1884.6136007266507,1877.495755076843,1878.0753858583532,142.73844488218296,65.11,15.0
2025-10-27 17:45:00,1878.1358988193654,1881.6023783836426,1878.0555864318728,1881.2183487121295,70.8847102464309,65.11,15.0
2025-10-27 18:00:00,1881.6214716831407,1893.7203944407602,1881.3331763182298,1892.6015440635708,67.56029335377154,65.04,15.0
2025-10-27 18:15:00,1892.6557795314252,1919.594571404853,1891.416661248502,1917.5067178752481,147.3542558943444,64.83,15.0
2025-10-27 18:30:00,1917.0138277377055,1918.1819981322444,1909.4917477782788,1910.2418249738118,100.964074907039,64.67,15.0
2025-10-27 18:45:00,1910.0982494861091,1911.9469620766322,1909.779895997954,1911.217747074577,72.88092531633725,64.65,15.0
2025-10-27 19:00:00,1911.1330629274394,1932.68108263038,1909.1949640352636,1930.6750333897717,90.46846458807399,64.43,15.0
2025-10-27 19:15:00,1930.6003809449123,1931.1514442059918,1918.4373650267125,1919.1919480347717,95.4042148510245,64.4,15.0
2025-10-27 19:30:00,1919.2354419289943,1934.5693044952952,1918.435368949658,1932.422674155879,76.46666060478735,64.62,15.0
2025-10-27 19:45:00,1932.465716454505,1932.482793162482,1926.9844901026986,1927.6128649616628,98.27909924009525,64.59,15.0
2025-10-27 20:00:00,1927.8879400516676,1930.7436558308987,1926.9828538010493,1929.5297259422377,107.42556679274885,64.68,15.0
2025-10-27 20:15:00,1929.5285434277273,1932.8423554394496,1924.492624318018,1926.428564448602,183.2689487925605,64.55,15.0
2025-10-27 20:30:00,1926.2209985115103,1926.6618256407621,1919.8124758549416,1920.2461572031998,93.83254198505956,64.47,15.0
2025-10-27 20:45:00,1920.454013482404,1920.6081677974605,1913.6350611946993,1914.9849377830383,64.89022313389995,64.52,15.0
2025-10-27 21:00:00,1915.3329275993185,1919.4451523858882,1914.446682759439,1917.8361493873276,97.80967149728632,64.38,15.0
2025-10-27 21:15:00,1917.895265963691,1929.4860231063153,1915.0860055409976,1929.4654019821812,156.20199076892027,64.58,15.0
2025-10-27 21:30:00,1929.4157923724076,1930.4610348416907,1929.0478732919828,1929.769540718675,154.8677094141224,64.67,15.0
2025-10-27 21:45:00,1930.1521725591679,1931.6980151126174,1925.5942883391792,1929.0185313346913,1518.8419347993597,64.25,15.0
2025-10-27 22:00:00,1929.0185313346913,1929.5881025581969,1929.0185313346913,1929.5881025581969,272.03812084217367,64.25,15.0
2025-10-28 15:30:00,1926.8215002909265,1927.2054966315625,1876.6059152053767,1879.439370611825,109.82332596398456,63.86,15.0
2025-10-28 15:45:00,1879.7498686271686,1897.7736970021617,1878.9949189495871,1896.0764690700223,130.0263114278111,63.82,15.0
2025-10-28 16:00:00,1896.4357649667907,1912.7089268451866,1894.0250719724513,1909.358265940026,77.8545298324486,63.78,15.0
2025-10-28 16:15:00,1911.0533632473955,2036.098861240426,1907.4203020130988,2030.8358263607752,131.79876056086835,64.93,15.0
2025-10-28 16:30:00,2030.5725364943635,2031.5171171477928,2022.4819915262708,2024.7273193103515,92.64274550387914,65.1,15.0
2025-10-28 16:45:00,2024.777649281737,2026.0777833069553,2017.2916268337713,2018.5147510137913,80.31159225156895,65.05,15.0
2025-10-28 17:00:00,2018.706443359852,2035.3574132653644,2011.807943590898,2034.2828547523186,127.18684825839168,64.47,15.0
2025-10-28 17:15:00,2034.3099986250609,2041.0834457002925,2030.1720635027202,2040.300090612434,148.46623774293863,64.33,15.0
2025-10-28 17:30:00,2040.3390386155263,2041.0482834003276,2029.008409417423,2030.4711416563848,107.79681637757251,64.27,15.0
2025-10-28 17:45:00,2030.4782251775093,2031.5609090915373,2023.8540345836702,2024.969716342329,82.23544102829139,64.24,15.0
2025-10-28 18:00:00,2025.023569952057,2027.6487158224704,2024.3467107375457,2026.3625726192638,75.89167181651572,64.05,15.0
2025-10-28 18:15:00,2026.5980416869415,2026.8566131057062,2014.301603633257,2016.0180818962692,55.66750360216189,64.29,15.0
2025-10-28 18:30:00,2016.39309077878,2016.803165398389,2009.7509539241528,2009.7840833398834,77.06782653293719,64.35,15.0
2025-10-28 18:45:00,2009.687905426973,2011.2752335424225,2008.7977416908718,2009.0054405745025,37.43453168934087,64.44,15.0
2025-10-28 19:00:00,2008.9506644461699,2019.2044108952894,2007.676049090311,2018.2598187204376,52.89880094697058,64.36,15.0
2025-10-28 19:15:00,2018.1926432863331,2019.107978559444,2011.2979510486969,2011.9452007158843,49.694727392202154,64.26,15.0
2025-10-28 19:30:00,2011.7174131894951,2014.8092982425496,1979.4478569442115,1980.6360603380388,67.58520679153754,63.95,15.0
2025-10-28 19:45:00,1980.1736846946626,1980.7433046607755,1957.7797619341627,1959.839746177035,53.82768812627802,64.0,15.0
2025-10-28 20:00:00,1959.8430830748741,1960.1164461390626,1952.4574549744532,1953.28206461691,62.85185142825928,64.03,15.0
2025-10-28 20:15:00,1953.3582547145063,1954.4164739431835,1942.9736776456516,1944.7877117033768,64.7107787169855,63.94,15.0
2025-10-28 20:30:00,1944.7614143240369,1945.0003663594675,1942.9181698996017,1943.150844975479,73.53849808741649,63.84,15.0
2025-10-28 20:45:00,1943.1486616662194,1945.5646613371644,1933.5594707783475,1933.573851280747,80.80954735292819,63.98,15.0
2025-10-28 21:00:00,1933.6802711281841,1934.976607219425,1924.459284472343,1925.9125449831301,119.06860197347332,63.77,15.0
2025-10-28 21:15:00,1926.196663042559,1926.8764771929018,1920.2638155241614,1921.535947511727,163.544284279673,63.88,15.0
2025-10-28 21:30:00,1921.455879392355,1921.877461777941,1919.0140364772415,1919.0293760998723,281.59337700711575,63.86,15.0
2025-10-28 21:45:00,1918.5327549281305,1943.1669742114755,1917.1933950230941,1940.9357786695848,681.9337542576551,63.94,15.0
2025-10-28 22:00:00,1940.9357786695848,1941.0821313073777,1940.9357786695848,1941.0821313073777,167.00346427504644,63.94,15.0
2025-10-29 15:30:00,1942.8585737564056,1949.1593862301554,1938.7785327943836,1940.5102359854368,189.03188022602342,63.76,15.0
2025-10-29 15:45:00,1939.6490946316044,1939.6720359595004,1924.3434308019366,1925.2659555379032,98.40761461649912,63.36,15.0
2025-10-29 16:00:00,1925.6655444147345,1926.8026783125442,1916.6608659772214,1918.3980356875384,165.0026059441746,63.7,15.0
2025-10-29 16:15:00,1918.6189022166143,1922.9970864791217,1918.152773870444,1921.6032052156577,128.81648012524113,63.72,15.0
2025-10-29 16:30:00,1920.725843530612,1928.916529157383,1917.2361071776998,1928.461117297995,60.53441582754677,63.47,15.0
2025-10-29 16:45:00,1928.5480595495546,1929.4135504618655,1921.492983946349,1921.5463211742467,43.82856630335424,63.43,15.0
2025-10-29 17:00:00,1921.7445450854011,1924.1968494493558,1921.400311896595,1921.545990799509,54.452935342284974,63.28,15.0
2025-10-29 17:15:00,1921.4751672738873,1921.7178086146782,1903.5061419571382,1903.7415262509976,59.719506032089875,63.47,15.0
2025-10-29 17:30:00,1903.6730234010058,1906.3485322395286,1902.6600417476102,1905.93865934933,26.301531963192822,63.5,15.0
2025-10-29 17:45:00,1905.8510301765782,1912.136755113047,1905.7302829936207,1911.6821167804942,84.92504612487284,63.57,15.0
2025-10-29 18:00:00,1911.6264075335778,1911.703365436701,1910.7538528969592,1910.8865074511862,136.50424011158395,63.57,15.0
2025-10-29 18:15:00,1910.8416892479686,1922.9676050581595,1910.47142982211,1922.3732346368902,81.76500139289499,63.66,15.0
2025-10-29 18:30:00,1922.2952234502986,1922.551346692805,1916.9081918392362,1918.5874369680785,73.32582635936402,63.76,15.0
2025-10-29 18:45:00,1918.5399818820501,1920.3822909782184,1918.3659056066394,1919.8286121419171,49.79461441023285,63.67,15.0
2025-10-29 19:00:00,1920.093606436874,1920.6441602051193,1917.0781465000669,1919.5521742481706,28.379606490108873,63.57,15.0
2025-10-29 19:15:00,1919.3205276425138,1920.1562934315218,1918.9084619094401,1919.6307825228873,57.03639672793141,63.58,15.0
2025-10-29 19:30:00,1917.8143813344668,1919.6671640301292,1908.1716045510168,1912.7370445961546,147.75255143461305,63.12,15.0
2025-10-29 19:45:00,1913.0951157689124,1917.1457852533977,1910.2429802053696,1915.921812426158,175.13778265384946,63.29,15.0
2025-10-29 20:00:00,1915.7976893249242,1939.7070391644768,1910.3110466506796,1934.800933640238,84.90676813333216,63.01,15.0
2025-10-29 20:15:00,1934.6651689035523,1951.4514120414372,1932.0748615292584,1950.8338485405236,61.63169889902328,62.76,15.0
2025-10-29 20:30:00,1950.720706429485,1951.268512626351,1941.6475183118796,1946.2517416609103,180.32267061539082,62.18,15.0
2025-10-29 20:45:00,1946.3604088280404,1960.2395524690621,1944.0273326274369,1959.9050005343788,165.3198761539304,61.97,15.0
2025-10-29 21:00:00,1959.6384396841313,1960.9636629214979,1944.1560671595837,1944.5634157734212,267.30955310908416,61.77,15.0
2025-10-29 21:15:00,1944.788591761,1956.9103243691918,1942.8187483476136,1955.4399156018617,182.55004753274696,61.6,15.0
2025-10-29 21:30:00,1955.1238067379825,1955.3882570367746,1945.6082252318279,1945.8300876278006,322.4083531917207,61.65,15.0
2025-10-29 21:45:00,1945.689356241449,1969.2218960486236,1944.0266923949691,1966.6045812923842,917.223618787615,62.02,15.0
2025-10-29 22:00:00,1966.6045812923842,1966.6045812923842,1965.5739465028532,1965.5739465028532,134.24596073730876,62.02,15.0
2025-10-30 15:30:00,1966.3192756596018,1968.1789278581848,1957.3341271313536,1961.798696809247,98.86296752028667,62.03,15.0
2025-10-30 15:45:00,1961.703531081329,1962.0721218179428,1914.1014077384839,1916.3358733707785,85.50229319433573,61.87,15.0
2025-10-30 16:00:00,1916.8187459766223,1918.799510911531,1895.0667425562215,1899.403954920728,134.41958030894932,61.46,15.0
2025-10-30 16:15:00,1899.555462206436,1914.534735820194,1899.3961835235393,1913.2879187286158,103.85963131859877,61.27,15.0
2025-10-30 16:30:00,1913.6258473679115,1929.1204212096527,1913.5144698392276,1927.2217781685977,75.20766656044619,61.42,15.0
2025-10-30 16:45:00,1927.2189766711954,1932.6286486168328,1926.0855606362122,1932.2293454489181,63.07011085000306,61.66,15.0
2025-10-30 17:00:00,1932.3280821930975,1943.0115378515354,1932.3256646298973,1942.0543565009245,73.17270929636815,61.73,15.0
2025-10-30 17:15:00,1941.6978221903478,1952.1784447559558,1938.4904007115858,1950.5477443191658,68.68263244872841,62.05,15.0
2025-10-30 17:30:00,1950.2002381421141,1962.1633722950278,1948.2473155010744,1961.699251153665,77.04791501756824,61.83,15.0
2025-10-30 17:45:00,1961.661751602206,1976.6651089586167,1960.065161956028,1974.9040177204006,134.75876818747204,62.06,15.0
2025-10-30 18:00:00,1974.7239286051422,1988.2446043698194,1974.5726538368158,1988.0612640027293,64.26387879092297,62.01,15.0
2025-10-30 18:15:00,1988.3482702121084,1989.7977196646877,1987.2195328023658,1989.528164391952,146.89745804598803,62.08,15.0
2025-10-30 18:30:00,1989.6315245667522,1999.417925378125,1986.535923684651,1996.4026934915348,78.41987956743404,62.0,15.0
2025-10-30 18:45:00,1996.2432504411017,1997.323576152765,1989.0312709129607,1991.6852381236372,55.87794312166335,61.96,15.0
2025-10-30 19:00:00,1991.6391980634173,1992.41633210556,1984.7730426424978,1984.9492658321221,98.5559658689154,61.79,15.0
2025-10-30 19:15:00,1984.9774551465669,1997.9097430872641,1984.5061813761229,1997.5720658823152,56.00985594287453,61.93,15.0
2025-10-30 19:30:00,1997.5490058901205,1997.742889619099,1995.928447016593,1996.7273498989784,65.02289818368905,61.71,15.0
2025-10-30 19:45:00,1996.7647857707002,1999.2531275036204,1996.551053893978,1999.1461906848886,97.73139833844188,61.76,15.0
2025-10-30 20:00:00,1999.1694716324985,1999.653959567715,1994.3712583067347,1996.291426478747,44.679799170488444,61.43,15.0
2025-10-30 20:15:00,1996.144059108722,1996.5069757060019,1990.9346280691639,1991.6129725716612,63.32936512234615,61.38,15.0
2025-10-30 20:30:00,1991.0659392659024,1991.9451009294805,1986.959252580401,1989.304339086555,63.7111141833065,61.31,15.0
2025-10-30 20:45:00,1989.2330749098537,2000.2708324919838,1989.1961009478764,1998.5452659792359,98.63061883196323,61.46,15.0
2025-10-30 21:00:00,1998.7947258197248,2003.5299317450508,1998.6821560424673,2002.743655944652,132.3568045665079,61.07,15.0
2025-10-30 21:15:00,2002.6822157692402,2003.2448450881525,1988.8884139675808,1989.575536442485,165.7788402343153,61.04,15.0
2025-10-30 21:30:00,1989.7983014364222,1990.4156084484225,1986.9735775361512,1987.1446916356906,195.79554533212396,61.17,15.0
2025-10-30 21:45:00,1987.123823659316,2012.8982140198232,1983.77733715891,2012.7080171610658,592.5985445257734,60.93,15.0
2025-10-30 22:00:00,2012.7080171610658,2012.7080171610658,2010.275204763507,2010.275204763507,111.2548211628173,60.96,15.0
2025-10-31 15:30:00,2011.0198120732398,2016.6123606354834,1960.9453806834708,1964.8231407027758,199.17040154269648,60.93,15.0
2025-10-31 15:45:00,1966.2379774941269,2073.4736610573673,1957.5380684649272,2063.6710742787714,251.96138760244526,61.87,15.0
2025-10-31 16:00:00,2062.8420924042734,2084.1183840537365,2057.1529334334687,2080.6048362403108,122.07267594255457,62.39,15.0
2025-10-31 16:15:00,2080.611193605684,2082.9882401301093,2074.012061543528,2076.1988794030867,90.29534730738216,62.52,15.0
2025-10-31 16:30:00,2076.7431021491934,2080.3034357430242,2063.2759254486414,2067.8325529337485,208.651788065791,62.79,15.0
2025-10-31 16:45:00,2067.9162477096365,2075.694945073764,2066.54869078834,2075.347214834029,62.445449592814995,62.68,15.0
2025-10-31 17:00:00,2075.576321541499,2077.6239362435585,2061.6077148114578,2062.5572724724757,76.10070534119244,62.62,15.0
2025-10-31 17:15:00,2062.116050792997,2071.0901391376638,2060.5618255380464,2070.3938930510485,83.37770918558337,62.37,15.0
2025-10-31 17:30:00,2070.820893282869,2073.678961512225,2070.5738804978705,2072.0195227802624,79.9648813783851,62.55,15.0
2025-10-31 17:45:00,2071.860185652229,2073.4003453732444,2070.4621442860157,2070.8754868116853,43.89995002710632,62.71,15.0
2025-10-31 18:00:00,2070.4316550069157,2070.715680982992,2066.515623271895,2066.849325352249,24.665363872383168,62.54,15.0
2025-10-31 18:15:00,2066.7376993670696,2067.5944821195712,2059.8954142018797,2060.5994283498703,50.78003973035403,62.5,15.0
2025-10-31 18:30:00,2060.0807104724727,2067.828850413462,2057.5269402188264,2065.7535693582945,70.49794257540891,62.61,15.0
2025-10-31 18:45:00,2065.397099423764,2065.533583044133,2048.501429782724,2049.472170128244,197.57222108174076,62.33,15.0
2025-10-31 19:00:00,2050.014419192131,2051.453311609092,2034.6035161024702,2035.0419249148013,21.97381358396513,62.56,15.0
2025-10-31 19:15:00,2034.9130520266335,2040.696251825725,2033.5117847146917,2040.4895341139538,43.05398856162822,62.67,15.0
2025-10-31 19:30:00,2040.1264091542416,2043.6964464578193,2039.3383588485974,2043.3372613229524,98.98396806516934,62.68,15.0
2025-10-31 19:45:00,2043.3410144534214,2043.705403899298,2042.7755510601392,2042.8982221652423,32.20892178337352,62.7,15.0
2025-10-31 20:00:00,2042.4700925093634,2045.693530490235,2041.275918436811,2044.873922726033,56.05319609580383,62.42,15.0
2025-10-31 20:15:00,2045.0479869944238,2046.270610345873,2039.9267678454169,2040.2026277191887,73.21601532779854,62.56,15.0
2025-10-31 20:30:00,2039.976392381443,2044.0937373559814,2039.848053600871,2043.9275073460296,71.307388813201,62.49,15.0
2025-10-31 20:45:00,2044.0422655417774,2045.4231838018682,2042.0733855804872,2042.3707002898311,62.40603930521153,62.83,15.0
2025-10-31 21:00:00,2042.0181953933002,2044.199706979492,2030.9146184684744,2032.6902106516752,75.9320929129818,62.68,15.0
2025-10-31 21:15:00,2032.9931704848723,2033.1740677476448,2027.962778336476,2029.049001019412,69.80493369924648,62.76,15.0
2025-10-31 21:30:00,2029.1183804792531,2037.3683584600437,2028.7144671926255,2036.6498544407882,280.1496619685997,62.78,15.0
2025-10-31 21:45:00,2036.6082226160052,2037.2432558068351,2011.7210508193828,2013.9937393668192,784.448066805977,62.57,15.0
2025-10-31 22:00:00,2013.9937393668192,2013.9937393668192,2011.657996419301,2011.657996419301,176.1445460669833,62.57,15.0
2025-11-03 16:30:00,2010.7780247044927,2021.4903378190643,1891.8491850986725,1904.322307901532,222.42230935038322,61.55,15.0
2025-11-03 16:45:00,1903.9030125894515,1908.1362669098564,1901.803318257007,1904.357263548953,89.50461337482344,61.76,15.0
2025-11-03 17:00:00,1903.9896606953466,1904.9295144554387,1895.2727003165246,1895.3234830209858,115.33593672337688,61.42,15.0
2025-11-03 17:15:00,1895.9993201419773,1898.2713596857209,1863.6734478628723,1863.6816581484347,67.67790438303143,61.16,15.0
2025-11-03 17:30:00,1863.4064247749318,1873.9639251169563,1861.3086893655461,1873.4381965443652,77.39867241763135,61.27,15.0
2025-11-03 17:45:00,1872.828931509262,1873.2375108907804,1872.3006936747115,1872.7521363254953,64.78220934415536,61.51,15.0
2025-11-03 18:00:00,1872.492666292237,1872.7878963053718,1855.6471785832769,1856.5230634002783,53.420514723930644,61.4,15.0
2025-11-03 18:15:00,1856.7983331568305,1866.4171753309101,1855.2319272798397,1866.243371920681,38.76590854964438,61.18,15.0
2025-11-03 18:30:00,1866.1845468138813,1882.1434696276553,1865.1979026260262,1880.8774587910839,104.27553217276669,61.26,15.0
2025-11-03 18:45:00,1880.8490416381055,1895.4526998756362,1879.2042162783216,1894.473295228879,68.1207890298877,61.35,15.0
2025-11-03 19:00:00,1894.7212248194305,1898.548814993994,1894.5239983695421,1898.5366737984812,71.0288616549689,61.39,15.0
2025-11-03 19:15:00,1898.3637260940734,1900.723267681569,1898.0818690151523,1899.5077876435628,85.26861287002316,61.35,15.0
2025-11-03 19:30:00,1899.5815064172482,1906.6478290062494,1899.1532550140587,1906.4486208149763,69.42117449729633,61.41,15.0
2025-11-03 19:45:00,1906.3212252300646,1920.668379937913,1904.7389778041884,1919.8490141826617,53.85959762203858,61.55,15.0
2025-11-03 20:00:00,1919.9710650417403,1928.9605800996558,1918.607627514804,1927.8708208547673,52.00823031067043,61.4,15.0
2025-11-03 20:15:00,1927.8086481727305,1929.1904014931913,1920.3434692187493,1921.5354484591521,80.8869790428588,61.28,15.0
2025-11-03 20:30:00,1921.4432997100018,1926.3494368173508,1919.1706428893617,1925.929390723255,140.98036423107416,61.48,15.0
2025-11-03 20:45:00,1926.085827379933,1930.8519169474166,1926.040467476834,1928.2307812223166,97.55267453300576,61.36,15.0
2025-11-03 21:00:00,1928.4527313595308,1930.9147639022972,1909.2807812679166,1909.512715912581,169.05096114410296,61.5,15.0
2025-11-03 21:15:00,1909.4881734350572,1913.0654727304002,1909.3741001311944,1913.0617230463513,122.89687987572225,61.56,15.0
2025-11-03 21:30:00,1912.9667652604462,1930.8597996319832,1912.6447570723747,1930.4616513489448,97.43607890714236,61.58,15.0
2025-11-03 21:45:00,1930.6988968401076,1933.9992152278428,1930.1135249827262,1933.5499271893782,104.38563528658693,61.53,15.0
2025-11-03 22:00:00,1933.737280679434,1950.150419870335,1933.6806723658578,1949.451812166907,161.96895164987544,61.37,15.0
2025-11-03 22:15:00,1949.3481892928367,1950.5249672674092,1947.9092504206583,1948.7380052687101,233.00870734652798,61.11,15.0
2025-11-03 22:30:00,1948.6272739036874,1949.1163503821083,1948.1169574171554,1948.1604845023423,206.50981650343283,61.19,15.0
2025-11-03 22:45:00,1948.7361069099857,1957.4060631029217,1945.1485137972015,1955.8534735849764,1268.2546719599165,61.26,15.0
2025-11-03 23:00:00,1955.8534735849764,1955.8534735849764,1954.9842982011644,1954.9842982011644,143.68317386571604,61.26,15.0
2025-11-04 16:30:00,1954.7329892895436,1958.6912299930646,1899.5551255395883,1904.7868560216837,477.29680987710145,61.96,15.0
2025-11-04 16:45:00,1904.8745799281533,1940.7452332268288,1902.4964773319284,1937.491827143511,275.5943686004784,61.46,15.0
2025-11-04 17:00:00,1937.6958655241642,1971.1132565763803,1936.1463930967384,1970.2946120316892,410.59563837086284,61.84,15.0
2025-11-04 17:15:00,1970.253762204505,1971.6698606612736,1945.27571548108,1946.743261340843,280.9362803411517,62.38,15.0
2025-11-04 17:30:00,1947.2024566132523,1960.7365850524818,1946.5329097271222,1959.5718899083654,222.2065212614017,62.33,15.0
2025-11-04 17:45:00,1959.9188641264668,1960.047111266575,1956.4721888027573,1958.0807221541268,104.49499603185929,62.35,15.0
2025-11-04 18:00:00,1958.3005416876717,1965.6931565195325,1956.289539129778,1963.5847815370619,118.48701003313414,62.5,15.0
2025-11-04 18:15:00,1963.8032992148164,1966.6515389137253,1963.407196687846,1965.2168380735282,179.67947509594734,62.47,15.0
2025-11-04 18:30:00,1965.2200795110375,1978.9417054755547,1963.4089068697328,1977.1724765334852,188.10373465255967,62.32,15.0
2025-11-04 18:45:00,1977.3553618226952,1979.4917451862623,1975.4287914833633,1976.9744871725698,152.76290133738803,62.36,15.0
2025-11-04 19:00:00,1977.4747638979704,2000.7838929759332,1972.054606309543,1998.2075963076966,71.88897269039818,61.9,15.0
2025-11-04 19:15:00,1998.3803756699035,1998.770658739235,1997.5119969622408,1998.056375829195,86.2581456042659,61.89,15.0
2025-11-04 19:30:00,1998.299046037886,2003.6738455439502,1997.1493606352522,2000.5636663603636,102.94813347052863,61.67,15.0
2025-11-04 19:45:00,2000.717506185131,2002.2153453472895,1989.6442707202227,1990.6401708641158,77.34473000613764,61.62,15.0
2025-11-04 20:00:00,1990.992744279508,2002.4349377337016,1990.1458298180592,2001.8615957276593,112.2844748392838,61.45,15.0
2025-11-04 20:15:00,2001.632830294131,2005.2627539091807,1999.9569532589687,2005.0471101380683,171.58635992177977,61.18,15.0
2025-11-04 20:30:00,2004.9895397294006,2012.7362523390814,2004.0904851271557,2011.957654048969,232.20652495798242,61.12,15.0
2025-11-04 20:45:00,2011.9099177012863,2014.6866727455115,1993.7874288958192,1996.8186021954314,155.23983730815823,61.2,15.0
2025-11-04 21:00:00,1996.5767777908886,1996.6199016190312,1972.7078777739891,1973.051706448892,385.92402836788324,60.94,15.0
2025-11-04 21:15:00,1972.588057721003,1984.0772709260243,1971.5115667085624,1982.816278620891,275.20628949176876,61.03,15.0
2025-11-04 21:30:00,1983.2533603323488,1987.3512634226681,1980.7470663601837,1986.199825198208,565.0168862777793,61.28,15.0
2025-11-04 21:45:00,1985.917129487132,1987.0882372151075,1960.935020693211,1964.384194124315,291.58721494291524,61.18,15.0
2025-11-04 22:00:00,1964.4741702327992,1989.1780341606136,1963.8232528061947,1986.4515895630757,456.4761163672067,61.61,15.0
2025-11-04 22:15:00,1985.3818035127586,1988.8942694619725,1961.349654633776,1966.0634685734822,603.1892458270343,61.09,15.0
2025-11-04 22:30:00,1966.2739550098972,1982.2200821688489,1964.937052234181,1981.9054281343845,850.8117123765443,61.02,15.0
2025-11-04 22:45:00,1981.5059331531927,1983.7245863003548,1979.06752822554,1979.130807208306,1498.4015531115554,61.1,15.0
2025-11-04 23:00:00,1979.130807208306,1979.130807208306,1977.5294015367406,1977.5294015367406,169.4663398065701,61.1,15.0
2025-11-05 16:30:00,1978.594137366522,2239.9301261683477,1926.9487227648146,2199.7384784609912,996.0488103170921,59.25,15.0
2025-11-05 16:45:00,2198.3053264931373,2211.3810851299913,2107.0060961185886,2123.3988293306,521.0013365908242,59.19,15.0
2025-11-05 17:00:00,2122.115033117874,2138.3710768336127,2042.3029135399424,2047.1105896014215,572.00595713968,60.81,15.0
2025-11-05 17:15:00,2047.5565993759594,2067.5384999188714,2001.9097790390722,2007.7473163156078,610.1718233542917,58.41,15.0
2025-11-05 17:30:00,2008.722223986056,2058.315860827611,2002.3753172371933,2048.2486867067773,657.1637383633637,59.34,15.0
2025-11-05 17:45:00,2047.4855015114465,2049.054716043454,1988.3948662210357,1995.6564299017637,294.0700889214087,58.91,15.0
2025-11-05 18:00:00,1994.301461737035,2000.984691454513,1896.9551391140785,1904.5419084196658,325.74956338414364,58.21,15.0
2025-11-05 18:15:00,1904.5618168619255,1939.2564989049936,1903.4713090858388,1933.2789968328668,249.3482683828674,58.65,15.0
2025-11-05 18:30:00,1933.593290989499,1934.7000810759946,1921.9701665133973,1923.1802426430684,243.1008159481499,59.15,15.0
2025-11-05 18:45:00,1924.2962974697793,1927.4395867208073,1913.7238537725236,1914.1318504738838,317.19567118020626,59.47,15.0
2025-11-05 19:00:00,1913.7345010997374,1915.6832847746953,1886.7225540467691,1888.3888555832289,354.37196368659056,59.4,15.0
2025-11-05 19:15:00,1888.237228742284,1890.3241839300342,1873.352331324944,1875.1580743875004,342.48882589544394,59.1,15.0
2025-11-05 19:30:00,1875.8807404714394,1881.7993782984058,1873.7054569338866,1878.9779370569468,224.15601717678325,59.51,15.0
2025-11-05 19:45:00,1880.0024686599577,1898.403948685464,1878.4962362821714,1897.6871459342435,184.31798360858332,59.5,15.0
2025-11-05 20:00:00,1896.8873411025854,1898.8881662464476,1867.4643632294474,1872.5895086324383,432.0726498739138,59.1,15.0
2025-11-05 20:15:00,1872.3468046107428,1894.9278010455216,1870.4833066293543,1894.1477914765833,124.08194863883826,59.16,15.0
2025-11-05 20:30:00,1894.2729850788394,1894.5435952106504,1886.3930497419888,1888.134604491547,162.38386246442013,59.4,15.0
2025-11-05 20:45:00,1887.9815464355086,1889.6394653201276,1881.63233520596,1881.772790113921,181.89437438123565,59.33,15.0
2025-11-05 21:00:00,1881.1854649488284,1933.4842243354854,1879.8265706398834,1931.0567351344146,498.48354783740336,60.0,15.0
2025-11-05 21:15:00,1931.147407736565,1935.2893210423563,1930.4981151592885,1934.5998532379276,147.46087416342525,60.15,15.0
2025-11-05 21:30:00,1935.4864870510885,1939.7998376339963,1924.90786173866,1926.294719207979,206.07155316278474,60.68,15.0
2025-11-05 21:45:00,1925.8229170387804,1927.8972165894486,1922.0175755365394,1922.303129801943,317.9602863317033,60.42,15.0
2025-11-05 22:00:00,1922.842974658861,1940.2685572913242,1919.9266104782262,1939.078031598479,209.60055977552062,60.27,15.0
2025-11-05 22:15:00,1938.803945252634,1962.562707546745,1935.7156512685326,1962.3726774295674,320.2685343691913,60.02,15.0
2025-11-05 22:30:00,1962.7061327262945,1963.0688655069773,1927.066080632757,1927.0779728237583,740.8502666842664,59.3,15.0
2025-11-05 22:45:00,1928.7469331351933,1937.0684656410297,1922.902783227255,1929.4750854519687,1619.8058721445054,59.93,15.0
2025-11-05 23:00:00,1929.4750854519687,1929.4750854519687,1929.1860289322103,1929.1860289322103,116.42044670091198,59.94,15.0
2025-11-06 16:30:00,1928.621731182712,1936.2362323645702,1850.4537379350588,1857.3462383289145,247.55056153262058,59.53,15.0
2025-11-06 16:45:00,1857.7876461648343,1859.553949960385,1854.2305938885986,1854.3490209568397,248.71848983107662,59.04,15.0
2025-11-06 17:00:00,1854.1490020654137,1859.6064008869585,1844.1787902780823,1851.8291864878513,267.2376053470481,58.41,15.0
2025-11-06 17:15:00,1852.1164728309695,1878.7558562367294,1848.5580091491188,1876.7264416580272,276.2666949500144,58.44,15.0
2025-11-06 17:30:00,1876.5225559584774,1921.7603406386509,1876.1600205191962,1915.8699850127998,460.3909354352814,57.61,15.0
2025-11-06 17:45:00,1916.32626524787,1916.5176928834928,1906.8997991792194,1907.2647731664972,248.6473029381363,57.36,15.0
2025-11-06 18:00:00,1906.4226197951582,1909.391200883529,1898.7245625819803,1901.2284399608798,408.88073501706435,57.21,15.0
2025-11-06 18:15:00,1900.75586894576,1912.4011609532924,1897.8384205977065,1912.2847508099137,198.5021934142166,57.18,15.0
2025-11-06 18:30:00,1911.5531631078452,1913.4350255644608,1901.0270979477666,1902.6238531470908,151.77894860306964,57.45,15.0
2025-11-06 18:45:00,1902.5981399843697,1911.758445968081,1902.2106976169414,1910.2596127124023,268.4624997644469,57.15,15.0
2025-11-06 19:00:00,1909.6598997407036,1911.234813045712,1906.2056308234285,1910.5308444525679,205.86730498580235,57.42,15.0
2025-11-06 19:15:00,1910.3548929393046,1910.4801892381545,1900.052510599389,1902.1565925727882,105.21617309137608,57.56,15.0
2025-11-06 19:30:00,1901.5580450047944,1903.4323685855022,1878.037427687768,1880.2566635725216,101.5521139547178,57.15,15.0
2025-11-06 19:45:00,1880.5702650340982,1892.6029637294432,1879.3611541442904,1891.8176289117905,141.201933252175,57.12,15.0
2025-11-06 20:00:00,1891.5341774510832,1892.9132326162476,1890.8482061957673,1891.3401336260138,77.97590981455699,57.26,15.0
2025-11-06 20:15:00,1890.7947945785013,1921.3929915187814,1889.687555846734,1918.5369059971433,54.17417929522146,57.47,15.0
2025-11-06 20:30:00,1918.634276457221,1919.2352506260872,1910.0479723861356,1911.5180662806354,125.3180212132325,57.6,15.0
2025-11-06 20:45:00,1911.857694701017,1913.5152480103432,1910.0361403569545,1913.4237389526359,87.80643941375054,57.61,15.0
2025-11-06 21:00:00,1913.392989991338,1937.5332633151736,1913.363021194151,1936.4373495968443,88.28599147205294,57.63,15.0
2025-11-06 21:15:00,1936.429143456298,1937.8855623491247,1928.1310236063969,1928.294597041616,156.4753708153393,57.79,15.0
2025-11-06 21:30:00,1928.841721362808,1932.0860684969468,1900.5817106074408,1900.6344422827553,240.90420984737455,58.16,15.0
2025-11-06 21:45:00,1900.904332612762,1917.4037941313898,1900.4122213618512,1916.251306290169,212.89437726145513,58.3,15.0
2025-11-06 22:00:00,1916.4000738050986,1917.0836006862955,1906.69344241161,1907.3899873325595,339.082817474485,58.59,15.0
2025-11-06 22:15:00,1907.0382378992977,1907.3124724408794,1901.4101118478623,1904.195031255691,335.8107659183825,58.2,15.0
2025-11-06 22:30:00,1904.3158254731813,1905.1897425884795,1898.025721564599,1899.241998831825,436.1610207643583,58.3,15.0
2025-11-06 22:45:00,1898.7517127925244,1903.78314965629,1897.8160883871856,1902.138736750208,1352.3741204262026,58.18,15.0
2025-11-06 23:00:00,1902.138736750208,1902.228230599662,1902.138736750208,1902.228230599662,162.75486782837422,58.18,15.0
2025-11-07 16:30:00,1903.4872705151968,1904.5456484368888,1889.7535223548443,1889.8711929279648,142.5405824647126,57.24,15.0
2025-11-07 16:45:00,1890.9335748077783,1907.6527945356604,1888.438482286801,1902.8809413362892,86.49514429697199,57.14,15.0
2025-11-07 17:00:00,1903.154465856891,1904.7222242976748,1880.6138541664313,1882.0144895288395,173.24554620952782,57.48,15.0
2025-11-07 17:15:00,1880.6651004902221,1884.1348666137471,1862.187094215274,1862.5571984133412,148.88105077893772,57.19,15.0
2025-11-07 17:30:00,1861.737775829898,1863.9709475239074,1854.0663361298732,1857.7409729288545,209.52182144926482,57.58,15.0
2025-11-07 17:45:00,1857.5537639940896,1859.4346738819956,1843.0492753879798,1843.8942536601442,136.85145912481704,57.48,15.0
2025-11-07 18:00:00,1843.8524054327956,1844.0431748030946,1840.6292689741142,1842.0183328448265,182.577826684729,57.51,15.0
2025-11-07 18:15:00,1841.4220576582554,1850.8572612171815,1840.601947532492,1848.3192200637184,158.29782738158005,57.86,15.0
2025-11-07 18:30:00,1848.28267758265,1848.4508370588926,1847.2369772630675,1847.4994372800825,127.68321274335996,57.82,15.0
2025-11-07 18:45:00,1847.9301803794563,1848.468605715879,1843.2286109565912,1845.384300409941,154.35242138587557,57.63,15.0
2025-11-07 19:00:00,1845.503234403781,1845.665161120851,1844.3893851505427,1845.359764875593,95.00084489314577,57.42,15.0
2025-11-07 19:15:00,1845.447882981215,1845.6565017170556,1831.6564593361015,1835.331336207082,194.56740150877025,57.14,15.0
2025-11-07 19:30:00,1835.0833272918142,1843.10778604527,1834.3158454737488,1843.0272714004284,129.2442241954048,57.09,15.0
2025-11-07 19:45:00,1842.5583283848025,1859.5537456459697,1841.908359173452,1859.30005280155,97.83603549659404,57.03,15.0
2025-11-07 20:00:00,1859.0007043262322,1860.268094125282,1855.1181908642718,1855.9276835302746,87.63183050304548,56.98,15.0
2025-11-07 20:15:00,1855.1624373271757,1863.3791531907705,1854.5079080182554,1863.1364218512456,117.81247958571726,56.68,15.0
2025-11-07 20:30:00,1863.1523247680047,1865.0123548308452,1862.7657812710434,1862.7811573767178,83.78854602537078,56.76,15.0
2025-11-07 20:45:00,1862.8869259840783,1868.3770127087107,1861.7893241486627,1867.5840306978398,137.07616943275403,56.78,15.0
2025-11-07 21:00:00,1867.3487604514798,1883.8916234651888,1866.747003572814,1882.5477574418435,88.85004484607619,56.8,15.0
2025-11-07 21:15:00,1882.5963498071262,1891.629473898085,1881.8223023337478,1889.69523514491,141.63097221065354,56.89,15.0
2025-11-07 21:30:00,1890.5825468459898,1897.967488581881,1849.1494688835796,1853.6454619537321,89.36879539262156,57.32,15.0
2025-11-07 21:45:00,1854.3300682302859,1864.7455452470213,1852.0158125023825,1861.8178153051254,124.09500702276867,57.46,15.0
2025-11-07 22:00:00,1862.0464075674458,1878.3853684957014,1861.7504807257258,1875.9534621578464,150.65819794494897,57.4,15.0
2025-11-07 22:15:00,1875.8997315896925,1877.743502566996,1871.1677196422963,1872.4707191822174,205.0865601154407,57.16,15.0
2025-11-07 22:30:00,1872.7601207048958,1890.1828933218933,1872.1701893529466,1889.5966105382224,176.8024278912955,57.45,15.0
2025-11-07 22:45:00,1889.9547375208288,1890.7742999339662,1880.8651320250551,1882.992012334517,1154.4698207168183,57.42,15.0
2025-11-07 23:00:00,1882.992012334517,1883.4241876762442,1882.992012334517,1883.4241876762442,198.98682310524217,57.41,15.0
2025-11-10 16:30:00,1884.4921568875138,1894.602148849811,1876.9962578046782,1891.3861185661551,141.24872592583856,57.94,15.0
2025-11-10 16:45:00,1891.126425098193,1893.0256625429488,1861.0583400344003,1863.5079763101446,105.1277032586654,58.29,15.0
2025-11-10 17:00:00,1863.3152309148652,1864.0352693919363,1858.7277236589407,1860.7643633429102,116.43525365515056,58.17,15.0
2025-11-10 17:15:00,1860.4897987862294,1894.887454046514,1858.0680250832595,1893.7190494297065,117.0598642523355,57.48,15.0
2025-11-10 17:30:00,1893.8784696471823,1895.2192293787814,1857.1034785094566,1857.7648632427947,617.2750241674544,57.3,15.0
2025-11-10 17:45:00,1857.4115856630247,1860.486048250365,1843.664292012367,1843.8018239985809,118.86401572742233,57.26,15.0
2025-11-10 18:00:00,1843.6539339841,1843.717975997112,1825.0478863328856,1827.4222313011562,80.71330161789561,57.49,15.0
2025-11-10 18:15:00,1827.6170532957951,1827.8303304264696,1825.2054960667253,1826.4851826599415,159.93868840391826,57.17,15.0
2025-11-10 18:30:00,1826.5407712503609,1827.9118266899077,1825.2655217198856,1826.0675529515806,92.44156644218948,57.29,15.0
2025-11-10 18:45:00,1826.1442270148748,1839.0265690907638,1825.6781099817051,1837.7319941756257,155.19214194635106,57.17,15.0
2025-11-10 19:00:00,1837.632434733813,1850.5693503368382,1836.8241981528654,1849.586862926134,85.1977154964255,57.07,15.0
2025-11-10 19:15:00,1849.9103165245976,1863.8450191994857,1848.2924998584472,1861.0392819729032,74.44308597539728,57.29,15.0
2025-11-10 19:30:00,1861.4199052312722,1863.7776361696722,1860.284510536816,1863.2492811034235,127.26842080327712,57.17,15.0
2025-11-10 19:45:00,1863.4499064682884,1868.8778480410479,1862.6695990698806,1868.3247812429038,120.5462659845595,57.33,15.0
2025-11-10 20:00:00,1868.4425968492683,1869.0672493151899,1858.534397624474,1859.127494406831,97.22243464225521,57.13,15.0
2025-11-10 20:15:00,1859.3364320060878,1868.777850025554,1859.0783519422514,1868.2683849286204,100.68666563644985,57.27,15.0
2025-11-10 20:30:00,1868.416074466019,1869.959882303403,1861.619705458391,1861.9144418665544,124.82014789426852,57.22,15.0
2025-11-10 20:45:00,1862.5384246353328,1869.5484276934858,1862.3346980112742,1869.441721875282,108.13187651764409,57.12,15.0
2025-11-10 21:00:00,1869.6869702786476,1880.9101150912543,1867.839251605428,1879.8919842756409,72.50609267380456,57.24,15.0
2025-11-10 21:15:00,1879.8600100547408,1885.7990761418812,1878.4949008950719,1884.6482929628764,151.75602696498567,57.44,15.0
2025-11-10 21:30:00,1884.4260892510188,1885.1165178190454,1881.989163202022,1883.5308892493213,212.6416074586917,57.44,15.0
2025-11-10 21:45:00,1883.4783106745376,1886.7345342661065,1883.4663780560877,1886.6238594576316,172.23317398157968,57.39,15.0
2025-11-10 22:00:00,1886.5148661988158,1887.1228992818833,1852.3099009107402,1854.0979884565118,216.0334206068312,57.61,15.0
2025-11-10 22:15:00,1854.2063789689228,1858.37393391491,1853.7007356773531,1857.5035478514494,217.93428847833593,57.56,15.0
2025-11-10 22:30:00,1857.1547801701647,1860.33272480828,1855.881003880814,1859.0619448817067,164.1348687489198,57.89,15.0
2025-11-10 22:45:00,1859.7567849852069,1861.1434860489055,1854.3446874532538,1856.403826966217,1171.6703848374525,57.48,15.0
2025-11-10 23:00:00,1856.403826966217,1857.5757178089439,1856.403826966217,1857.5757178089439,218.82312558906338,57.46,15.0
2025-11-11 16:30:00,1856.693427643432,1867.0628091031972,1851.2900115377468,1864.4325026152685,237.067851817322,58.46,15.0
2025-11-11 16:45:00,1864.3022070654147,1869.0570820957307,1830.6493838779859,1830.9775542585412,211.2150342925404,59.25,15.0
2025-11-11 17:00:00,1830.611483036178,1833.1843330566792,1830.177548637458,1831.034712811207,157.72300390539036,59.23,15.0
2025-11-11 17:15:00,1830.4480407210413,1838.654591293878,1825.5262973331949,1834.2109428608208,253.2157300578228,59.17,15.0
2025-11-11 17:30:00,1833.8936455677947,1841.468676617373,1830.9527706048927,1837.6579749525088,278.8400952013309,59.03,15.0
2025-11-11 17:45:00,1837.3271280539686,1841.7931138805127,1837.231159200736,1841.7350755006682,160.69660364291474,58.93,15.0
2025-11-11 18:00:00,1841.7395860119204,1864.100542880609,1840.6309950411407,1859.9803209662161,204.2633186421155,58.82,15.0
2025-11-11 18:15:00,1859.789642906932,1859.833575368381,1847.3326934316326,1847.5371450914545,182.08262083991008,58.58,15.0
2025-11-11 18:30:00,1847.2114934656659,1861.0525029471294,1846.8494431840763,1856.9850747519697,86.71762309999663,59.11,15.0
2025-11-11 18:45:00,1856.9839403916637,1869.8482762215613,1856.2840137172846,1869.0877085590616,129.19660199283635,59.03,15.0
2025-11-11 19:00:00,1869.3779013080182,1869.3882042508478,1849.9009599914461,1852.5749637526487,136.61511756145111,59.09,15.0
2025-11-11 19:15:00,1853.1827956829284,1859.385251888823,1850.8989429058438,1859.1152855237372,106.63602889690516,59.38,15.0
2025-11-11 19:30:00,1859.1497350437794,1861.620150962773,1856.47751031021,1856.5936249983827,78.56135148110627,59.5,15.0
2025-11-11 19:45:00,1856.6605470117233,1857.1339729995434,1852.6291354583564,1853.5896064844708,100.98714415228439,59.4,15.0
2025-11-11 20:00:00,1853.5236048039192,1853.9419426279173,1844.930623232412,1845.48958320685,109.67342965078808,59.69,15.0
2025-11-11 20:15:00,1845.5456807146634,1847.0089226060938,1845.4821359441878,1846.8739018356973,75.02830016000716,59.69,15.0
2025-11-11 20:30:00,1846.9938208903452,1873.6190587452459,1845.8491869406423,1869.8301199979412,170.48956099722363,59.71,15.0
2025-11-11 20:45:00,1870.1532690270233,1870.4956587579366,1860.1027826075642,1860.3370927181072,155.5502100295943,59.77,15.0
2025-11-11 21:00:00,1859.9768311498472,1860.5778175031298,1852.4001568056171,1852.9189693222652,118.94216654515226,59.64,15.0
2025-11-11 21:15:00,1852.851875301634,1854.5184598399633,1842.5970212388345,1842.6901226961982,147.25860421294706,59.86,15.0
2025-11-11 21:30:00,1842.8518698962414,1874.0804147909753,1841.1334267629372,1872.7916885978236,182.74256953082966,59.53,15.0
2025-11-11 21:45:00,1872.7836112247887,1872.915830737436,1866.629509248567,1869.9683630172015,280.9414864815192,59.69,15.0
2025-11-11 22:00:00,1869.719553489094,1869.8270958997343,1868.7634466260763,1869.5397204066,298.0459915344287,59.47,15.0
2025-11-11 22:15:00,1869.278102954404,1869.631110822427,1867.7151654741988,1868.6134851811487,276.8603178091917,59.57,15.0
2025-11-11 22:30:00,1868.7758319783356,1869.2230242895469,1862.1609285887696,1863.0310826890754,156.36387765056568,59.57,15.0
2025-11-11 22:45:00,1862.6621114161871,1863.0772343320336,1855.1927711090602,1857.6302163621685,1285.1624819393376,59.18,15.0
2025-11-11 23:00:00,1857.6302163621685,1859.2669050673471,1857.6302163621685,1859.2669050673471,209.6449822663657,59.18,15.0
2025-11-12 16:30:00,1860.356153494064,1937.6178040101825,1860.2460360253326,1931.2018479572207,116.5467160258755,59.95,15.0
2025-11-12 16:45:00,1931.3866732862593,1931.6823413233237,1917.9720541637607,1919.0486251628997,186.08888889297543,60.07,15.0
2025-11-12 17:00:00,1918.9982807122203,1931.9423045481533,1914.993342852063,1928.570628805781,366.07104900125927,59.96,15.0
2025-11-12 17:15:00,1928.1538956533043,1928.6656658962834,1912.4977231139326,1913.1504484272596,218.02352818007074,59.79,15.0
2025-11-12 17:30:00,1913.1059694438115,1916.7190598817012,1886.5785549351517,1888.3486008518555,275.2602662260077,59.88,15.0
2025-11-12 17:45:00,1888.8896253579148,1908.6160285607675,1885.6862001163124,1908.2518003311059,160.06906851268593,60.22,15.0
2025-11-12 18:00:00,1907.8582494630875,1920.227595767653,1907.3639933451402,1920.1587320223673,120.28980211014436,60.39,15.0
2025-11-12 18:15:00,1919.7609701417412,1930.3616726529922,1918.5826997521572,1930.2133764296457,114.19740887408167,60.43,15.0
2025-11-12 18:30:00,1929.8607989434463,1930.7353361356406,1918.1019354039122,1924.146910131634,72.2811562893895,60.98,15.0
2025-11-12 18:45:00,1924.139286893802,1926.9726504006833,1919.8296354108627,1920.4418460633408,98.24611690892698,60.7,15.0
2025-11-12 19:00:00,1920.305107214754,1930.080436948375,1919.5336869786702,1928.8679035866408,203.58593100737298,60.81,15.0
2025-11-12 19:15:00,1929.0245773545196,1934.0360276095694,1928.721514574068,1931.3638762794326,95.36186892832463,60.69,15.0
2025-11-12 19:30:00,1931.5600279260834,1931.99277064547,1927.7807760366811,1928.7910204950217,193.02879141550633,60.73,15.0
2025-11-12 19:45:00,1928.864873049227,1929.5819177702044,1910.9926262781225,1914.1655537257207,137.0378631890948,60.91,15.0
2025-11-12 20:00:00,1914.2724535722866,1916.2205338094695,1913.1248629358504,1916.046390308584,169.9057215477357,61.02,15.0
2025-11-12 20:15:00,1916.1040588819553,1926.0032110188556,1915.0081867445317,1924.776306286785,103.16998552927049,61.03,15.0
2025-11-12 20:30:00,1924.7775153693458,1924.8024849607366,1917.8994214582804,1918.8535167748853,216.99105009904574,60.98,15.0
2025-11-12 20:45:00,1918.510821958615,1925.0992706373497,1916.8745423407527,1924.7453054772513,147.23505929211873,60.91,15.0
2025-11-12 21:00:00,1924.4838593347315,1930.3118407086952,1922.171223447147,1928.321455939048,323.44220255013244,60.98,15.0
2025-11-12 21:15:00,1928.0924058263859,1933.3312364648593,1927.9503880627544,1932.8824832014943,158.0301892426351,60.98,15.0
2025-11-12 21:30:00,1932.8274037120175,1947.4433985914027,1931.9272217274004,1946.7621537917023,110.11029172364975,61.3,15.0
2025-11-12 21:45:00,1946.8039982975095,1947.6211618168275,1941.454193774981,1941.5869472408249,351.892442712506,61.3,15.0
2025-11-12 22:00:00,1941.187644994223,1942.4756227385908,1924.1010512075986,1924.1831965259255,289.41223967296645,61.21,15.0
2025-11-12 22:15:00,1924.206275135036,1926.716453206011,1916.5744466328786,1919.5180523265321,301.26944455699527,61.42,15.0
2025-11-12 22:30:00,1919.2583625647028,1932.1330746690903,1918.7020070068952,1929.940677969676,529.917804667942,61.49,15.0
2025-11-12 22:45:00,1929.566779223614,1930.5881422226332,1921.9170772697983,1922.3120649431985,1649.3156186023343,61.4,15.0
2025-11-12 23:00:00,1922.3120649431985,1922.4788033128114,1922.3120649431985,1922.4788033128114,127.64545272547001,61.4,15.0
2025-11-13 16:30:00,1920.6265143646465,1928.0208863114417,1797.8640655420809,1813.7236484418734,182.46940038569687,61.61,15.0
2025-11-13 16:45:00,1814.1608030164537,1871.5640593747164,1812.0540164958204,1865.6906168693697,205.29085623976906,61.92,15.0
2025-11-13 17:00:00,1865.5891376906825,1888.2291355007976,1862.9744187865576,1887.9319242613342,178.69210945502994,62.2,15.0
2025-11-13 17:15:00,1888.1910880378402,1897.4100502705699,1886.9279652815262,1897.3556293318225,310.9310899307465,62.07,15.0
2025-11-13 17:30:00,1897.2334367657177,1908.2155212926327,1896.977241332405,1907.553627375885,232.77155344300667,61.98,15.0
2025-11-13 17:45:00,1907.4461513792717,1913.770441347965,1906.7879322762524,1912.4045459097633,222.7143931712056,61.77,15.0
2025-11-13 18:00:00,1913.0199630259613,1916.2504303114304,1910.4753420649436,1911.2755695601563,125.14066597366651,61.95,15.0
2025-11-13 18:15:00,1911.0519759240012,1911.322027021591,1910.712282007741,1911.2040539078455,88.41483841886709,61.97,15.0
2025-11-13 18:30:00,1911.9799150615888,1913.5698051464576,1899.5212835095576,1901.0836561832537,125.46251761158551,61.79,15.0
2025-11-13 18:45:00,1901.8375721170448,1946.6612920974778,1899.3888704269364,1944.3659602327716,75.81776886569043,61.56,15.0
2025-11-13 19:00:00,1944.6013050656036,1949.0951345485978,1942.9818803969004,1948.5441985923205,161.19334560433327,61.33,15.0
2025-11-13 19:15:00,1948.3480875402036,1950.6496508692499,1940.2039876574022,1940.7137620067701,99.1363812478401,61.74,15.0
2025-11-13 19:30:00,1941.0161785532357,1944.5327060368259,1938.0044112242572,1944.017933403599,73.2004857528216,61.74,15.0
2025-11-13 19:45:00,1943.9667880090562,1945.0177987560917,1935.139737665799,1936.3715963394532,35.784926588800374,61.55,15.0
2025-11-13 20:00:00,1936.2070543095806,1948.1553487363783,1935.4398830660346,1948.0907849345606,80.90906309924063,61.42,15.0
2025-11-13 20:15:00,1947.8932906160737,1952.292893222968,1932.7883088177916,1933.1102838313784,139.86463337630772,61.13,15.0
2025-11-13 20:30:00,1932.8504640067713,1942.269835033105,1928.32609241594,1942.1156828272258,106.72074976274507,61.25,15.0
2025-11-13 20:45:00,1941.7846489545057,1956.7511240925205,1941.7369890172067,1956.5964680681861,185.22926441057336,61.43,15.0
2025-11-13 21:00:00,1956.8787731337313,1959.0696757003357,1954.7504435169044,1958.410721524202,257.88667592601246,61.3,15.0
2025-11-13 21:15:00,1958.2304050590906,1960.9152086425024,1954.9883334405051,1959.1286131607208,170.55868192901565,61.42,15.0
2025-11-13 21:30:00,1959.1125905916463,1959.9558060043203,1955.114280088341,1955.4420020143705,266.5912571279124,61.0,15.0
2025-11-13 21:45:00,1954.9830141300686,1956.3629032406445,1952.8453166872764,1953.3776270838318,186.9286572304597,60.93,15.0
2025-11-13 22:00:00,1953.3870955731013,1953.5470290663322,1944.1659877370535,1945.0960856973898,65.3393153316026,60.8,15.0
2025-11-13 22:15:00,1944.7898530823536,1945.1948350438497,1936.6157984242852,1939.2381539146465,279.12590918203796,60.68,15.0
2025-11-13 22:30:00,1938.8503574415556,1958.2847639744205,1937.2357934459044,1955.1535673125718,215.05415235457718,60.48,15.0
2025-11-13 22:45:00,1955.1002937993494,1957.7082164023652,1947.7059565312613,1954.178241955551,1097.4835458639432,60.76,15.0
2025-11-13 23:00:00,1954.178241955551,1954.178241955551,1953.1827074838855,1953.1827074838855,156.44745234183688,60.75,15.0
2025-11-14 16:30:00,1953.9807725556286,1963.233706404153,1894.168283658535,1904.7703495480835,120.31923554849408,58.88,15.0
2025-11-14 16:45:00,1905.5256676765744,1973.9457062185918,1903.1870999328894,1972.275449880211,349.43528281296824,59.94,15.0
2025-11-14 17:00:00,1972.1515444100792,1992.0146675388362,1968.2908352695279,1991.8578245622869,327.91343723426047,59.6,15.0
2025-11-14 17:15:00,1991.5270452123152,2011.397135483434,1989.4611261384296,2011.2174818894098,123.76008692198157,59.8,15.0
2025-11-14 17:30:00,2011.6115151992922,2012.064617171112,1996.5929939378652,2000.7079281202457,369.26534459219863,59.38,15.0
2025-11-14 17:45:00,2000.2842024559068,2020.670255934434,1999.7513637397822,2018.433637970212,106.4016662202947,60.02,15.0
2025-11-14 18:00:00,2018.7165969205016,2019.442528212221,2005.37819064419,2006.5039592450007,70.06773641170028,59.89,15.0
2025-11-14 18:15:00,2006.896877734948,2007.4615228741357,1998.653589319398,2001.01061968545,75.0799745856616,59.92,15.0
2025-11-14 18:30:00,2000.8055483748694,2008.6233355696575,1999.9761273214299,2008.2293486155543,48.77565364411061,60.07,15.0
2025-11-14 18:45:00,2007.9717831721014,2019.3449410814192,2005.336074583355,2018.768653476192,237.20729915078874,60.26,15.0
2025-11-14 19:00:00,2018.5489103192465,2023.0606380824063,2000.93037758961,2002.1498427024455,75.40597516377366,60.38,15.0
2025-11-14 19:15:00,2001.6523915824444,2001.817956973494,1987.834325036224,1988.5026801156914,49.529382794937995,60.3,15.0
2025-11-14 19:30:00,1988.4131437415897,1988.9162037933083,1985.0847561024223,1987.2108291808556,27.01666821088217,60.3,15.0
2025-11-14 19:45:00,1987.555614522754,2004.4377335100278,1987.4046237612927,2001.9649176941305,42.640410727180665,60.3,15.0
2025-11-14 20:00:00,2001.654679808026,2002.1740066404618,1977.2469230238628,1977.820697444958,45.591896014479616,60.18,15.0
2025-11-14 20:15:00,1978.1296446126412,1978.5737137321835,1977.4626889366648,1978.0189826104845,34.4076601469474,60.12,15.0
2025-11-14 20:30:00,1977.7755432999422,1981.356678584402,1940.8715463912304,1945.29186200864,45.32605990627493,59.75,15.0
2025-11-14 20:45:00,1945.6502997005543,1946.107435659661,1940.9929352998427,1941.3237011727363,40.87060455240353,59.87,15.0
2025-11-14 21:00:00,1941.1647479325002,1941.943168135108,1937.54153963597,1937.8338425864572,91.75546979145533,59.92,15.0
2025-11-14 21:15:00,1937.8079044746912,1939.0534610301959,1934.4103612128208,1934.7968470819933,89.91993927108015,59.97,15.0
2025-11-14 21:30:00,1934.642524273342,1935.1749739030317,1929.7876210867228,1930.402249851094,75.28225361090072,59.89,15.0
2025-11-14 21:45:00,1930.0597355131372,1930.1780171554988,1927.0546371798423,1927.5945995302197,169.91638471747666,59.53,15.0
2025-11-14 22:00:00,1927.9916572837205,1930.556300679913,1920.5293738061514,1920.676732772776,161.88521748231497,59.43,15.0
2025-11-14 22:15:00,1920.89799325472,1921.4318126203098,1892.776520234271,1893.9179859196026,301.0460658167741,59.21,15.0
2025-11-14 22:30:00,1894.4631030756486,1911.81466481756,1891.6421269845853,1910.8245115800055,450.7918882547005,59.38,15.0
2025-11-14 22:45:00,1910.378391576844,1921.1005954197085,1908.4468041185921,1920.4100907093418,830.72429034582,59.4,15.0
2025-11-14 23:00:00,1920.4100907093418,1920.4100907093418,1920.0687169884147,1920.0687169884147,159.03656550028336,59.38,15.0
2025-11-17 16:30:00,1918.9157500000076,1919.151001116192,1831.5989800787152,1848.5152284424728,179.67173853304945,58.77,15.0
2025-11-17 16:45:00,1847.9908824341837,1856.7440316087707,1846.4882502273952,1853.1523073752019,40.80695403127794,58.56,15.0
2025-11-17 17:00:00,1853.3218304903894,1875.2757631060822,1849.7462992348271,1874.0146938844193,161.17242249394806,58.79,15.0
2025-11-17 17:15:00,1874.111566367674,1876.6191865518203,1860.0722837782837,1862.0878274192319,85.60441792724494,59.22,15.0
2025-11-17 17:30:00,1862.1047865176668,1863.9552531862828,1860.8760302064047,1863.7768411978595,121.42527665825602,59.23,15.0
2025-11-17 17:45:00,1863.974543621685,1865.2375858253336,1861.2709038070684,1862.2283448436347,93.93393683320035,58.97,15.0
2025-11-17 18:00:00,1862.5986308136667,1892.6912012348705,1860.454360695648,1891.6778593789345,90.17394871745691,58.88,15.0
2025-11-17 18:15:00,1892.4098686930508,1929.8883244563206,1892.0846299435757,1929.776850730576,92.05722721225436,59.22,15.0
2025-11-17 18:30:00,1929.3101319993434,1931.756776284,1901.950920999594,1905.6125083988604,89.73438727841743,59.26,15.0
2025-11-17 18:45:00,1905.8990109677559,1923.8802361583998,1905.1223899011115,1923.4104894568254,43.771581299716274,59.28,15.0
2025-11-17 19:00:00,1923.9490526170703,1924.836823348828,1914.543299758609,1915.118205179954,78.68446614707527,59.51,15.0
2025-11-17 19:15:00,1915.056110369676,1921.6756209694925,1914.7717015646303,1920.7024018645989,54.82157463931168,59.44,15.0
2025-11-17 19:30:00,1920.2250163954045,1932.1864502672665,1920.1645268277598,1930.89545557046,111.71941544480603,59.47,15.0
2025-11-17 19:45:00,1930.5142725424862,1932.0261121504939,1916.2564234119702,1918.6412374393137,77.02110367229828,59.23,15.0
2025-11-17 20:00:00,1918.5531414500151,1923.6275183863663,1917.762859714711,1921.766812155772,130.0548470174559,59.21,15.0
2025-11-17 20:15:00,1922.215031584205,1922.225900192986,1919.3237615952557,1919.3366868117466,92.10167605553266,59.03,15.0
2025-11-17 20:30:00,1919.3394017534956,1922.3232588251649,1918.4620959380306,1922.2505618613802,264.4480485407483,59.02,15.0
2025-11-17 20:45:00,1922.0935952191826,1923.663778520627,1921.7988833934214,1922.7235426328255,216.90967495180448,58.83,15.0
2025-11-17 21:00:00,1922.5710158144698,1932.8996201164528,1922.4992821233604,1932.6601486505742,127.65210973195373,58.91,15.0
2025-11-17 21:15:00,1932.4498960733038,1933.813006377866,1931.9907910785441,1932.2868763217211,172.72045204130387,58.89,15.0
2025-11-17 21:30:00,1932.6483224378378,1933.1739447701632,1925.5542810377624,1927.5949222474037,176.05553131858983,58.68,15.0
2025-11-17 21:45:00,1927.5715066712123,1937.4717596557891,1925.5901635351588,1936.1175146197943,239.3872857843166,58.52,15.0
2025-11-17 22:00:00,1936.4512918290466,1937.9590146483056,1936.1529229589423,1937.935979085887,262.7165992883099,58.42,15.0
2025-11-17 22:15:00,1938.075778421722,1944.7509797059906,1937.6723630798078,1943.6095879537952,158.65739178300538,58.51,15.0
2025-11-17 22:30:00,1943.7854840292578,1944.5095073453576,1935.7082958144947,1937.0777373375452,131.7641623338748,58.47,15.0
2025-11-17 22:45:00,1937.0135979440245,1938.4942613694548,1926.7590259445085,1927.0866604316686,1028.4684305524736,58.62,15.0
2025-11-17 23:00:00,1927.0866604316686,1927.0866604316686,1926.4503234233814,1926.4503234233814,88.31242317982912,58.61,15.0
2025-11-18 16:30:00,1925.6449379204994,1931.2866718509595,1898.980742074441,1900.8883196868996,207.59660926237393,58.04,15.0
2025-11-18 16:45:00,1899.8145901865698,1921.1141751920966,1897.3601842265714,1920.4828712507776,117.39322532264768,57.6,15.0
2025-11-18 17:00:00,1920.878415406686,1935.974615721816,1920.621337093555,1935.3059975004892,143.0098545355077,57.58,15.0
2025-11-18 17:15:00,1935.1509980962292,1936.7408767921097,1928.0770091731295,1929.9340496127566,104.01854181496756,57.29,15.0
2025-11-18 17:30:00,1930.3579813258918,1953.4262674764082,1927.5305378328283,1952.6352717378265,93.94873137378035,57.33,15.0
2025-11-18 17:45:00,1952.6583162143747,1960.4456795895674,1952.436365139231,1959.3960445041894,110.51362428676937,57.31,15.0
2025-11-18 18:00:00,1959.197453461067,1970.0958495222685,1956.4837166303,1966.2500811184093,178.22019335541776,57.68,15.0
2025-11-18 18:15:00,1965.7171289258592,1967.7680130926842,1949.444119051894,1950.8607839854626,115.58200542996639,57.72,15.0
2025-11-18 18:30:00,1950.991836002963,1974.5969023673244,1946.123431140831,1973.9935570358534,283.7669619444462,57.65,15.0
2025-11-18 18:45:00,1973.9495369654278,1974.2489874953103,1970.9545869832823,1971.0820291532862,285.5967833212754,57.61,15.0
2025-11-18 19:00:00,1971.32103937793,1971.6329100176579,1969.712901468368,1971.4089617445484,155.02106381467544,57.78,15.0
2025-11-18 19:15:00,1971.234594607016,1972.1191778568477,1964.1685228011456,1965.735429328861,209.24212464905756,57.7,15.0
2025-11-18 19:30:00,1966.2185657672799,1966.8674812284492,1939.8783742650483,1941.410158197285,127.8334639097964,58.15,15.0
2025-11-18 19:45:00,1942.2621706211096,1944.1914000793379,1910.7165151927434,1913.7663468127248,127.49609548600804,58.35,15.0
2025-11-18 20:00:00,1913.8443299603314,1922.5362997811064,1912.1032393354292,1921.5247407988948,88.86512670408804,58.54,15.0
2025-11-18 20:15:00,1921.7577485065258,1922.0472099708697,1912.2182948825612,1912.797842637091,94.10566038895551,58.57,15.0
2025-11-18 20:30:00,1912.9796516168012,1950.2074500633885,1912.9670296778233,1949.7270583847867,114.07912322987606,58.77,15.0
2025-11-18 20:45:00,1950.270136485267,1950.320936651698,1932.17665747506,1936.1309070346592,108.92776854481397,58.63,15.0
2025-11-18 21:00:00,1936.2726538574884,1936.5101130610683,1913.6947525108485,1915.9415944441555,125.20772352349867,58.38,15.0
2025-11-18 21:15:00,1916.119612944067,1920.1222243589098,1914.7031582030233,1920.0633685437856,117.75703169097014,58.33,15.0
2025-11-18 21:30:00,1920.0506828255832,1939.6728380603188,1916.505063495748,1939.6094997327962,136.01840353280247,58.38,15.0
2025-11-18 21:45:00,1939.4617887440047,1940.307795116792,1939.1911520444576,1939.5635231856995,142.7650804069968,58.45,15.0
2025-11-18 22:00:00,1939.2178423996163,1947.2343200950504,1939.0754897478162,1945.650584243771,127.99343866548777,58.6,15.0
2025-11-18 22:15:00,1946.0667761833831,1946.8589868038855,1920.3422277987213,1920.6929469936247,261.1982843144499,58.37,15.0
2025-11-18 22:30:00,1920.5006071629907,1920.6238482392348,1914.64975180868,1914.9623992744914,230.84809401153132,58.29,15.0
2025-11-18 22:45:00,1915.144188926505,1917.6550178204761,1900.7309766145404,1904.1067883534165,1158.9281822390521,58.15,15.0
2025-11-18 23:00:00,1904.1067883534165,1904.130882477452,1904.1067883534165,1904.130882477452,160.11686502773756,58.15,15.0
2025-11-19 16:30:00,1904.908941406364,1910.3320462733718,1903.9476208674662,1905.6711243514515,67.39141456260323,57.85,15.0
2025-11-19 16:45:00,1905.3111350173947,1908.7347717252799,1850.6316140560696,1851.1766227901353,35.714164475442914,58.29,15.0
2025-11-19 17:00:00,1850.581690003894,1859.6937635945671,1806.9095437854755,1812.668697843122,52.01137929565388,57.77,15.0
2025-11-19 17:15:00,1812.9333309195745,1813.8059223770967,1799.1478203602312,1799.6717985307976,108.05827493634648,57.5,15.0
2025-11-19 17:30:00,1799.597448122917,1801.1565014047878,1793.2714491589606,1795.2217554653334,45.190486345830045,57.54,15.0
2025-11-19 17:45:00,1794.8173554819198,1802.6553506246523,1791.9039067045762,1801.2504895640936,81.294032243215,57.27,15.0
2025-11-19 18:00:00,1801.8051365755016,1809.2101014655127,1801.4369739800068,1807.8034841316758,59.63842518230589,57.33,15.0
2025-11-19 18:15:00,1807.6525267280658,1816.2775070029297,1805.6852710079659,1816.0876470642856,79.1699894437654,57.23,15.0
2025-11-19 18:30:00,1815.8559983218236,1826.7201052436517,1815.6152755594849,1824.8475772891097,54.33001624022387,57.21,15.0
2025-11-19 18:45:00,1824.7526388565138,1846.7359172025479,1822.9972658275474,1845.0760392417214,48.29118995320634,57.44,15.0
2025-11-19 19:00:00,1845.3548456347166,1845.9738075374362,1845.1589269017084,1845.9278149206305,78.18471081707698,57.33,15.0
2025-11-19 19:15:00,1845.5604419708957,1850.4810693296247,1844.78571410809,1850.2578637136946,88.69592803842552,57.45,15.0
2025-11-19 19:30:00,1850.6297800871025,1858.1408900903139,1849.5516745301302,1857.9235478529133,71.93515880364339,57.48,15.0
2025-11-19 19:45:00,1857.6820765967875,1859.2940915485524,1857.3021129204271,1859.2248944651017,76.73888261739953,57.29,15.0
2025-11-19 20:00:00,1859.2725482526168,1859.3118212566687,1857.393511341196,1857.7895345631694,117.15527886896578,57.29,15.0
2025-11-19 20:15:00,1857.560298716029,1858.207194311202,1853.8114491311019,1855.947061098242,94.39418556434256,57.44,15.0
2025-11-19 20:30:00,1856.7069587324074,1860.0258773221694,1845.5592390176162,1845.6881785574649,85.24096111013459,57.42,15.0
2025-11-19 20:45:00,1845.7132698500775,1852.1305505014996,1844.3705843790715,1850.917247699192,77.458348552356,57.49,15.0
2025-11-19 21:00:00,1850.782182550063,1852.7584541871804,1849.8770532374942,1851.6689600644415,93.12949783932174,57.48,15.0
2025-11-19 21:15:00,1851.5349526234259,1852.3544076737194,1837.869299553753,1840.2528978752182,150.8962291958729,57.19,15.0
2025-11-19 21:30:00,1840.2728453698096,1841.6855754711992,1834.6921156891883,1835.8083433210181,110.4216545703207,57.08,15.0
2025-11-19 21:45:00,1835.8667111222258,1836.4144048481232,1823.593509901199,1824.77061841263,106.64135394397239,57.32,15.0
2025-11-19 22:00:00,1824.9984463358996,1849.674016220285,1823.9002298070288,1848.6024021183525,144.15304145981207,57.74,15.0
2025-11-19 22:15:00,1848.6019406965424,1852.0484234097767,1848.5501718009011,1851.7875171021474,168.943882620207,57.83,15.0
2025-11-19 22:30:00,1851.4810486025135,1853.406645631352,1845.4222522941502,1845.7080419062347,223.80234210081582,57.75,15.0
2025-11-19 22:45:00,1845.5529923493773,1865.2943101539124,1844.497997641791,1861.3323176240303,1168.8726452552355,57.81,15.0
2025-11-19 23:00:00,1861.3323176240303,1862.567586526959,1861.3323176240303,1862.567586526959,109.60614959528209,57.81,15.0
2025-11-20 16:30:00,1861.942898922282,1862.3340164663523,1815.5636475951426,1822.8087995900041,171.77746836218506,58.82,15.0
2025-11-20 16:45:00,1823.1296242906728,1843.3065738831335,1822.985697253178,1840.797267257672,143.73356893561396,58.47,15.0
2025-11-20 17:00:00,1840.8147452821913,1844.4984658337992,1828.4185263450165,1832.007136663756,102.25017941072792,58.48,15.0
2025-11-20 17:15:00,1831.8433123847335,1832.61427999077,1821.8753219893647,1827.9289363592138,126.66337748381962,59.18,15.0
2025-11-20 17:30:00,1828.2452938016033,1832.2786761074929,1826.078497340571,1831.4924990560046,96.03350684739502,59.27,15.0
2025-11-20 17:45:00,1831.0504451386762,1845.225961300277,1830.4023486616645,1843.7396546677433,163.86464319142726,59.15,15.0
2025-11-20 18:00:00,1843.5750586169477,1845.7970114705674,1843.3234653482964,1845.7538314914757,67.34268056811493,59.12,15.0
2025-11-20 18:15:00,1846.119511504238,1848.3180308391059,1834.092747610238,1834.7588896356494,149.50717872550211,59.13,15.0
2025-11-20 18:30:00,1835.3600714518743,1842.1328163421479,1835.0968250722553,1841.926721971739,193.79646430406626,58.89,15.0
2025-11-20 18:45:00,1842.7745821303067,1843.010705690793,1835.0199107310102,1835.8232458568907,290.76157188843416,58.67,15.0
2025-11-20 19:00:00,1835.8483257925236,1881.415638509904,1834.920474026071,1875.238717795233,87.45374822053218,59.06,15.0
2025-11-20 19:15:00,1875.4231060017896,1876.4763474173262,1871.6373581192195,1873.761915011107,138.39465713039388,58.7,15.0
2025-11-20 19:30:00,1874.0564315719619,1874.9002645116145,1842.857026346074,1843.802562463137,297.96395690468574,58.49,15.0
2025-11-20 19:45:00,1844.1403605748003,1851.435795304138,1842.9438481432508,1850.0270008609778,132.78973080811323,58.61,15.0
2025-11-20 20:00:00,1850.3056980264248,1923.5934524581562,1842.7802149948443,1921.31560659101,98.10468640601266,59.47,15.0
2025-11-20 20:15:00,1921.786696117595,1948.5577638071172,1921.1820977761256,1947.457343350961,72.94127529934835,59.04,15.0
2025-11-20 20:30:00,1947.6035095185343,1968.3410190060135,1945.5887580080039,1966.7233056816458,123.91548917495764,58.9,15.0
2025-11-20 20:45:00,1966.9169952397538,1966.9397723829386,1947.909577056852,1948.7577184373056,143.48217579710033,58.56,15.0
2025-11-20 21:00:00,1948.514420334983,1958.4715702299707,1946.688367869003,1957.3787703138444,73.24598431558505,58.7,15.0
2025-11-20 21:15:00,1957.2985310109939,1958.3665835348684,1949.6163903332576,1949.9634962700102,91.65410635047961,58.77,15.0
2025-11-20 21:30:00,1949.797303307004,1950.9077908484849,1948.762402182584,1950.5806458434988,62.351478361267695,58.66,15.0
2025-11-20 21:45:00,1950.1774880775379,1952.1277345509782,1931.7136653401371,1934.3387738042454,109.53932623405306,58.78,15.0
2025-11-20 22:00:00,1933.8487178564046,1935.1210790969517,1923.0056970708233,1924.5999431374908,85.68844125374224,58.5,15.0
2025-11-20 22:15:00,1924.4383332122065,1925.314156152274,1913.4715523644109,1915.8957247036276,125.68616941508213,58.68,15.0
2025-11-20 22:30:00,1915.8537794380336,1921.561326334476,1915.7155727427871,1920.7036152805524,208.16765668121025,58.65,15.0
2025-11-20 22:45:00,1920.7258767590465,1927.4352819497647,1919.9255185708796,1927.2647112293178,821.6684774466297,58.75,15.0
2025-11-20 23:00:00,1927.2647112293178,1927.2647112293178,1926.5799383841372,1926.5799383841372,213.56395940263712,58.73,15.0
2025-11-21 16:30:00,1926.7992260577153,1940.8135997892432,1870.7634972444241,1871.0895018770138,130.00783683213496,59.12,15.0
2025-11-21 16:45:00,1870.9642678872603,1872.266574231209,1866.7234146913636,1868.717694476,115.60002634722208,59.4,15.0
2025-11-21 17:00:00,1868.2716067629049,1869.3180180301554,1857.3106057741923,1857.509751053623,85.79407113597196,59.51,15.0
2025-11-21 17:15:00,1858.253292499756,1890.6723412134647,1856.0654383776207,1889.715036617781,185.6913052677905,60.0,15.0
2025-11-21 17:30:00,1889.66863935169,1911.7206834066237,1884.6420672819504,1910.530524246995,100.55730921500695,60.04,15.0
2025-11-21 17:45:00,1910.3374563763807,1932.155576626186,1908.8557762229816,1929.697481735631,82.8365652454149,60.28,15.0
2025-11-21 18:00:00,1929.6559889069767,1930.355269860319,1922.840907835631,1923.4548905267507,52.92153850464222,60.31,15.0
2025-11-21 18:15:00,1922.9657040850338,1924.0419116687785,1854.6417463970852,1859.1212030569172,81.46449476020896,60.71,15.0
2025-11-21 18:30:00,1858.795038229388,1860.4709550976934,1820.7370196227077,1824.6784856862632,180.29740243471454,61.2,15.0
2025-11-21 18:45:00,1824.124173183939,1887.405652344315,1821.2482613779475,1885.5320696030685,131.30294237417792,62.11,15.0
2025-11-21 19:00:00,1885.3463304738066,1886.7924192456016,1879.2180528413014,1879.8441695325107,227.82468941174307,62.45,15.0
2025-11-21 19:15:00,1880.1777220361553,1882.9055371366715,1864.0888791466978,1865.1039981574509,125.83952420163882,62.11,15.0
2025-11-21 19:30:00,1865.2334226935463,1887.2300159480005,1863.3636150877896,1886.28538534215,197.017487424414,62.11,15.0
2025-11-21 19:45:00,1886.826279031026,1904.5742710419624,1886.056421923642,1902.4927637399308,124.28858076291098,61.91,15.0
2025-11-21 20:00:00,1903.4558122942408,1908.706444921814,1896.6116850477256,1898.988104302965,201.7383075348465,61.19,15.0
2025-11-21 20:15:00,1899.4442111098654,1900.668293916583,1897.1080557888267,1898.0790917624495,74.69810216656208,61.3,15.0
2025-11-21 20:30:00,1898.3042562509074,1899.6253689137086,1893.5200630844292,1899.2618229673335,67.71227773125456,61.62,15.0
2025-11-21 20:45:00,1899.4287256672505,1907.2759455112914,1897.4270699046688,1903.362206804827,75.64985856716206,61.71,15.0
2025-11-21 21:00:00,1903.2124181342003,1922.2140186900976,1903.2029702164525,1921.9807006409849,55.469265376108524,61.68,15.0
2025-11-21 21:15:00,1922.2257916031524,1927.2412492005833,1920.584113246483,1926.8836239052264,63.73113741735394,61.69,15.0
2025-11-21 21:30:00,1926.6541799770234,1933.7793608815523,1925.5697743201424,1933.740786646678,57.91186887528003,61.33,15.0
2025-11-21 21:45:00,1933.460304137612,1942.8051853177267,1932.4050701110937,1941.7276969786055,50.32684285851758,61.33,15.0
2025-11-21 22:00:00,1942.1158823697813,1943.7627434275648,1929.7427796114116,1930.4601661656645,70.14768018104385,61.34,15.0
2025-11-21 22:15:00,1930.2218906230642,1935.4180513011743,1928.912943200905,1934.8721349253026,113.10454534778874,61.23,15.0
2025-11-21 22:30:00,1935.0488537667504,1936.9004195909865,1930.5072413350802,1932.0428645741686,222.87212596208758,61.48,15.0
2025-11-21 22:45:00,1931.8283012936122,1933.2413914468086,1909.6434316504733,1909.8020984345237,962.5740482469873,61.53,15.0
2025-11-21 23:00:00,1909.8020984345237,1910.3716879011279,1909.8020984345237,1910.3716879011279,160.47865313903833,61.53,15.0
2025-11-24 16:30:00,1911.3352950962055,1913.9750931109359,1880.6676656159505,1883.501047743684,216.66653355411094,61.68,15.0
2025-11-24 16:45:00,1883.8094699910341,1898.7215199983486,1882.9115267168459,1897.7275618182089,250.1210095508892,61.89,15.0
2025-11-24 17:00:00,1898.269076686685,1908.1303795797128,1896.88106128014,1902.314760183319,118.7119664901543,62.14,15.0
2025-11-24 17:15:00,1902.318725469798,1910.102947135417,1899.5559853088469,1909.7882252805232,280.2280388303342,62.55,15.0
2025-11-24 17:30:00,1910.2854100381778,1927.527899448041,1909.1976347448933,1926.6347390484455,259.041732487733,62.57,15.0
2025-11-24 17:45:00,1926.9826507786506,1927.536353894843,1906.6956404231587,1906.7064360648358,211.21659094687635,62.78,15.0
2025-11-24 18:00:00,1906.391513407108,1909.7973894646302,1904.4946192534421,1908.7656348031417,189.87975742830125,62.99,15.0
2025-11-24 18:15:00,1908.793664350287,1913.0747471158268,1906.84416102049,1912.4752566645996,165.95599868443117,62.75,15.0
2025-11-24 18:30:00,1912.4413194422345,1913.7936341036634,1905.533444154141,1906.2970749123706,296.25494318697775,62.62,15.0
2025-11-24 18:45:00,1906.2201166181844,1908.100078565682,1906.0493645805764,1908.016542448873,175.23309100526873,62.69,15.0
2025-11-24 19:00:00,1907.7180115388664,1909.3915142763592,1897.5367476708723,1898.1758863211583,99.33291967990995,62.67,15.0
2025-11-24 19:15:00,1898.2742764560926,1914.4811094678873,1896.8617621526437,1913.7553445022975,97.14480379665534,62.85,15.0
2025-11-24 19:30:00,1913.5791272389918,1913.7172470599867,1910.9928320827735,1911.3786035973233,43.76672596252121,62.86,15.0
2025-11-24 19:45:00,1910.9504172692941,1926.026933769731,1910.778663956042,1925.6595142637243,57.46088234350789,62.98,15.0
2025-11-24 20:00:00,1925.6048317704337,1928.1559838998598,1925.039074123064,1926.5072398408859,82.67852345625144,63.07,15.0
2025-11-24 20:15:00,1926.403107546706,1931.936180661294,1926.0410009532513,1931.8123991858247,57.966903948948655,63.03,15.0
2025-11-24 20:30:00,1931.6937134087395,1933.6600467937785,1930.6508735563268,1932.1942225382002,68.87101383026358,63.09,15.0
2025-11-24 20:45:00,1931.7338550711731,1932.7083721419845,1930.4862967853219,1932.3967268345684,64.36477110032956,63.11,15.0
2025-11-24 21:00:00,1932.2254161884034,1933.7632475734924,1927.9238498198342,1927.9584834313894,116.29101760310276,63.06,15.0
2025-11-24 21:15:00,1927.9327223634373,1929.2551282905158,1927.6315879130516,1929.1675948811996,185.74763382743046,63.09,15.0
2025-11-24 21:30:00,1929.0936737225165,1931.0510502327184,1928.7201409447032,1930.5634198084865,106.97971092161337,63.05,15.0
2025-11-24 21:45:00,1930.657827133324,1932.1442287136088,1924.7939328002003,1925.1658601052407,257.03102868080344,63.24,15.0
2025-11-24 22:00:00,1925.5790833283843,1926.4889381975954,1923.9093561845148,1925.9720400744309,325.88636084125073,63.48,15.0
2025-11-24 22:15:00,1926.1580855668576,1928.0840884752831,1915.3103102381558,1919.1869807476712,528.1320050937987,63.59,15.0
2025-11-24 22:30:00,1919.676430517024,1963.9133042643768,1916.4525832161878,1963.3003050751297,622.4882127873491,64.04,15.0
2025-11-24 22:45:00,1964.0877811069888,1969.478038978071,1953.2690453484606,1956.6460300300866,1587.4963633977839,63.5,15.0
2025-11-24 23:00:00,1956.6460300300866,1956.6460300300866,1956.1571754449735,1956.1571754449735,223.34682435565222,63.49,15.0
2025-11-25 16:30:00,1956.6550765977545,1962.8665118488614,1951.0850906638893,1952.2104508788814,124.01257040460915,64.14,15.0
2025-11-25 16:45:00,1952.7799157013653,1961.8938273302708,1949.877122603829,1960.32717723495,87.88743782879402,64.54,15.0
2025-11-25 17:00:00,1960.0592255458635,1963.8513009366939,1929.6129861325585,1931.229467968425,177.98065364754416,64.68,15.0
2025-11-25 17:15:00,1930.79379945057,1936.0242529250065,1921.5600379266173,1925.6166558986968,121.82736360467683,65.08,15.0
2025-11-25 17:30:00,1925.7852768147316,1931.6156923390508,1924.4702975832183,1930.8257768985445,167.32635755019757,65.35,15.0
2025-11-25 17:45:00,1930.0093371104876,1966.5628791601857,1928.1944210357049,1962.2063441535465,160.26376795252912,65.15,15.0
2025-11-25 18:00:00,1961.9181055674287,1965.6161425341188,1961.516034785273,1964.3392800691724,93.97253579278974,65.18,15.0
2025-11-25 18:15:00,1964.0213284375095,1994.5131763427398,1963.477527548497,1989.5123012004967,149.07535301372192,65.36,15.0
2025-11-25 18:30:00,1989.6793940736113,1996.450796701995,1987.6233800369487,1996.438755104366,117.81808978818535,65.25,15.0
2025-11-25 18:45:00,1996.52690779761,2025.0068885061874,1993.11965212325,2021.0632102504671,233.36638468622542,65.51,15.0
2025-11-25 19:00:00,2021.3367101302497,2023.4042838984149,2015.291807376714,2017.9291376886652,104.8080042735363,65.42,15.0
2025-11-25 19:15:00,2017.5872219143516,2052.1322764136366,2017.3178715116244,2050.704430057508,94.28177197349268,65.72,15.0
2025-11-25 19:30:00,2050.4253297019,2050.6106884321657,2039.2019800838227,2041.500405164773,127.66387049946015,65.53,15.0
2025-11-25 19:45:00,2041.611442671396,2043.1821466266695,2031.9937529896633,2032.7279608825434,117.91596304092481,65.49,15.0
2025-11-25 20:00:00,2032.4825210356437,2034.3235110515875,2014.8906951169754,2015.0478931952118,111.27143839561111,65.24,15.0
2025-11-25 20:15:00,2014.8880104906477,2036.399894746569,2013.9699479057206,2036.2429341343775,133.0413135353676,65.29,15.0
2025-11-25 20:30:00,2035.987145265671,2037.5361774978924,2034.5765513930148,2037.531520461613,72.46269462149579,65.23,15.0
2025-11-25 20:45:00,2037.5869979751287,2037.7233947297223,2033.4720008499555,2033.5643206898944,146.2185281439029,65.35,15.0
2025-11-25 21:00:00,2033.9073136242796,2041.2121551341982,2033.1042365754897,2040.7864353283917,75.64480229419543,65.26,15.0
2025-11-25 21:15:00,2040.64463996373,2042.6470040592442,2040.1961331086395,2042.3971758069306,89.7026258041313,65.36,15.0
2025-11-25 21:30:00,2042.537926216175,2050.1348621568904,2041.8020182850412,2050.0145656689547,102.53713274613418,65.4,15.0
2025-11-25 21:45:00,2050.0013473340823,2050.338023504231,2032.2637731624739,2034.7801341964876,146.14820169299128,65.43,15.0
2025-11-25 22:00:00,2034.3311414237376,2034.6523220172987,2030.9240945143113,2031.577243466426,145.79908272861584,65.66,15.0
2025-11-25 22:15:00,2031.387615732983,2032.6655961380418,2026.4844461988073,2026.6929885267066,265.522249909693,65.79,15.0
2025-11-25 22:30:00,2026.459868618676,2027.9238074626871,2006.1903452855422,2006.9497150442944,429.6893045047877,65.78,15.0
2025-11-25 22:45:00,2006.8524422879989,2020.9437178379562,2004.0535801683272,2018.1599582565025,1214.060388462688,65.88,15.0
2025-11-25 23:00:00,2018.1599582565025,2018.1599582565025,2016.1888083961262,2016.1888083961262,261.5007193933389,65.85,15.0
2025-11-26 16:30:00,2017.2664214944832,2028.6582022470993,2012.0704054724401,2025.9086149678697,183.30107074705134,65.23,15.0
2025-11-26 16:45:00,2025.1806566687942,2070.8043286229076,2024.3664725032534,2069.839218805165,104.3366533030358,65.52,15.0
2025-11-26 17:00:00,2069.361462204173,2072.377636692469,2050.411915845513,2050.7214955529266,100.81479553812217,65.1,15.0
2025-11-26 17:15:00,2050.427160620674,2051.4677230713014,2041.9103631198464,2042.6766021138878,81.92592851939753,65.09,15.0
2025-11-26 17:30:00,2041.3463658014105,2048.9956844053104,2030.5388626350339,2038.2209342457884,300.6382997534726,64.19,15.0
2025-11-26 17:45:00,2038.2704955666347,2058.4613285058235,2037.6353623613154,2056.982689237067,77.8208801282818,64.57,15.0
2025-11-26 18:00:00,2056.9833008900832,2058.3250836547727,2041.9001159078728,2044.486917925619,178.01826404064965,64.47,15.0
2025-11-26 18:15:00,2044.1793852069331,2044.1827181122896,2035.8834723787902,2038.0696808896075,54.85549453381675,64.52,15.0
2025-11-26 18:30:00,2038.0733353583214,2043.949526550623,2036.6890835730867,2043.4416334682335,53.15239037716647,64.55,15.0
2025-11-26 18:45:00,2043.2372568957865,2043.6578138699538,2042.701556328842,2042.7841110977256,63.11120586802546,64.52,15.0
2025-11-26 19:00:00,2042.7868685313636,2043.8392852638187,2022.17372617331,2023.154977039002,125.01724497656785,64.61,15.0
2025-11-26 19:15:00,2023.3298635216408,2023.6800244742794,2013.4560095224,2013.939274131079,139.4672432728178,64.49,15.0
2025-11-26 19:30:00,2014.0472306320717,2027.6560824830399,2012.8118201503214,2025.1982092609503,181.98337433712712,64.54,15.0
2025-11-26 19:45:00,2025.2283075319908,2025.9229535112777,2024.7705254104062,2025.6545334819514,134.34618178849973,64.57,15.0
2025-11-26 20:00:00,2025.520054024046,2026.4958877112601,2014.3979697886673,2015.6493013703284,78.11625103314351,64.48,15.0
2025-11-26 20:15:00,2015.6677248135143,2016.4381353216156,2008.6911390146188,2011.3113249089006,91.91839847745989,64.39,15.0
2025-11-26 20:30:00,2011.388919097059,2012.2149354239564,2008.4989048490522,2009.3673523184912,54.61117816058905,64.37,15.0
2025-11-26 20:45:00,2009.4558898759326,2014.3566918479648,2008.417855690098,2013.5453640815208,64.35524023508685,64.49,15.0
2025-11-26 21:00:00,2013.5348499066201,2013.890233240884,2006.082667515148,2006.35239159304,78.06384117017626,64.49,15.0
2025-11-26 21:15:00,2006.3984621668174,2008.2473946381956,1998.6904696214901,1998.8241719996995,75.55691708483675,64.59,15.0
2025-11-26 21:30:00,1998.4753831035387,2000.4956264406042,1998.1089412210454,2000.4469718339658,71.78191069314356,64.65,15.0
2025-11-26 21:45:00,2000.3458092263488,2000.5018113520093,1998.0389004606052,1999.0193505627035,77.19129258347019,64.73,15.0
2025-11-26 22:00:00,1999.1168243541174,2000.7639399783127,1997.9143233890045,2000.6911530594944,52.73605443337406,64.76,15.0
2025-11-26 22:15:00,2000.8249979299,2002.1191217803564,1991.8985096515441,1992.476539253144,81.87482208598895,64.82,15.0
2025-11-26 22:30:00,1992.4924090248157,1993.3303401717967,1991.8598365458815,1992.9888784349196,181.73722477767507,64.75,15.0
2025-11-26 22:45:00,1993.4433822105811,2006.4216773252642,1992.1745719946225,2003.1269822896227,707.0082732541731,64.62,15.0
2025-11-26 23:00:00,2003.1269822896227,2003.1269822896227,2001.6223639194857,2001.6223639194857,139.7095325964885,64.63,15.0
2025-11-28 16:30:00,2001.4889599707262,2005.7315843078209,1999.4664779186858,2003.8609545143838,82.66800022742251,64.75,15.0
2025-11-28 16:45:00,2003.0078600421054,2005.0483823517525,1993.0043436947794,1998.419393082665,57.84372388848819,64.55,15.0
2025-11-28 17:00:00,1998.8615329369657,1998.9561961672357,1984.185480962824,1986.7862207661965,45.78007716911817,64.44,15.0
2025-11-28 17:15:00,1987.0474375655142,1990.5085285427851,1985.635812494388,1985.8275121178203,83.44454013373785,64.59,15.0
2025-11-28 17:30:00,1986.0371351378017,1990.2845391210963,1985.2004609790854,1990.0076994070062,60.25785561363555,64.57,15.0
2025-11-28 17:45:00,1990.375091416417,1990.7589539391015,1988.0446692983494,1988.4993081576954,103.41080827512613,64.63,15.0
2025-11-28 18:00:00,1987.8719758993554,1988.4564157836332,1967.2749288233108,1968.564540194833,95.9029322491177,64.22,15.0
2025-11-28 18:15:00,1968.0201387490708,1972.1356136068628,1959.8806047707853,1961.7036930367883,54.2734546709724,64.42,15.0
2025-11-28 18:30:00,1961.4002808242235,1962.4207835889022,1961.1899436206165,1962.3917391761104,38.130054557714985,64.46,15.0
2025-11-28 18:45:00,1962.527985060092,1963.9541892575364,1960.2968544808975,1960.7499002623654,33.46328608829319,64.57,15.0
2025-11-28 19:00:00,1961.0629527625802,1968.8392326957858,1959.6808289297746,1966.6601876104203,81.392978505727,64.25,15.0
2025-11-28 19:15:00,1966.674693855582,1969.2805156541187,1966.4417615581594,1969.0859538349987,260.540600465822,64.27,15.0
2025-11-28 19:30:00,1968.8910545223991,1973.9248766985613,1968.7401674190396,1973.8509670520489,365.360736708076,64.3,15.0
2025-11-28 19:45:00,1973.787753447266,2017.3963391726575,1971.851139713196,2011.6295507589375,826.6234115203049,64.51,15.0
2025-11-28 20:00:00,2011.6295507589375,2011.6295507589375,2009.7758956031776,2009.7758956031776,98.24484013159574,64.51,15.0
2025-12-01 16:30:00,2010.9868946921677,2018.1820656125958,1955.5534007642866,1957.5226068303975,152.6394933517535,64.87,15.0
2025-12-01 16:45:00,1957.6267487829311,1958.0409199936778,1944.7929176807427,1946.1427555119496,130.52160397243728,65.07,15.0
2025-12-01 17:00:00,1946.3397152745044,1947.9703434460034,1945.1274984009658,1945.3360915414119,270.6943626268497,65.04,15.0
2025-12-01 17:15:00,1945.2295433203271,1949.074639040319,1926.6198776408212,1927.2862439311525,233.2219725546237,64.46,15.0
2025-12-01 17:30:00,1927.7369682142466,1929.5839442899041,1911.5563159028022,1913.654255557883,205.9796781745772,64.69,15.0
2025-12-01 17:45:00,1913.868476990008,1914.3473221808083,1910.0618861303299,1910.7696892988156,84.40033834013529,64.9,15.0
2025-12-01 18:00:00,1910.5432873708119,1911.9242771963484,1907.387152343998,1907.8579882045713,77.24511942714777,64.78,15.0
2025-12-01 18:15:00,1908.270190644992,1909.1503016102279,1899.6638005762206,1899.9578506832504,90.30073758484642,64.51,15.0
2025-12-01 18:30:00,1900.2305847204495,1901.7856049954885,1898.7025191061703,1899.4427827253878,131.6069084363433,64.59,15.0
2025-12-01 18:45:00,1899.571030798472,1912.2360593344904,1898.1238629874483,1911.6759225283681,84.70494887313136,64.42,15.0
2025-12-01 19:00:00,1911.7473166462032,1916.2937927118803,1910.5314860005415,1914.3065294477062,130.21162916327057,64.37,15.0
2025-12-01 19:15:00,1914.499868132881,1926.44893099589,1913.8882498092255,1925.4837941154128,110.22240401458477,64.31,15.0
2025-12-01 19:30:00,1924.8780087005116,1930.9222932396128,1923.904414337395,1928.7028780177563,116.01748210044573,64.34,15.0
2025-12-01 19:45:00,1928.8344101114399,1928.9121526273807,1927.4076232386408,1928.1739274902545,102.42272106777021,64.34,15.0
2025-12-01 20:00:00,1928.0679542581452,1929.7287011279273,1927.0129337907324,1929.3161591849134,152.31695050698173,64.41,15.0
2025-12-01 20:15:00,1930.070520195334,1935.6485172114822,1927.077830331773,1933.3509013463895,203.66239335086996,63.98,15.0
2025-12-01 20:30:00,1933.37896494905,1937.0445750250512,1932.522131253917,1936.8887514743271,181.625472065072,63.9,15.0
2025-12-01 20:45:00,1936.6911828729376,1950.0957821151173,1935.6522738056265,1949.675673132384,111.68237846487975,63.96,15.0
2025-12-01 21:00:00,1949.5809643024936,1949.923327987505,1943.546183527856,1944.2877183016917,215.03648856920796,64.05,15.0
2025-12-01 21:15:00,1944.4284722185178,1947.9694320437484,1943.729568224319,1947.7776521471806,159.35098876393812,63.92,15.0
2025-12-01 21:30:00,1947.7241905878197,1950.571361987184,1946.7736630494069,1949.7224984135714,89.97310299875338,63.93,15.0
2025-12-01 21:45:00,1949.584195407117,1949.7021598042045,1936.6488695249066,1937.4193229831064,122.04237645118198,64.02,15.0
2025-12-01 22:00:00,1937.2196215164813,1945.8612030314252,1936.7672317878623,1944.8350901000872,194.0922605203371,63.76,15.0
2025-12-01 22:15:00,1944.9439840466334,1954.5768136847473,1944.3095869526992,1953.554740565629,134.71219977568157,63.88,15.0
2025-12-01 22:30:00,1953.8886660040873,1954.6170290813106,1946.0780597592193,1947.1734276334382,199.54245796772176,63.86,15.0
2025-12-01 22:45:00,1946.8104378708435,1948.2582325222108,1945.8370786456992,1946.5656299351665,751.4685664634846,63.79,15.0
2025-12-01 23:00:00,1946.5656299351665,1946.5656299351665,1946.2993569042965,1946.2993569042965,142.07407532306115,63.76,15.0
2025-12-02 16:30:00,1946.4893569200142,1948.0360373440938,1897.9421231210627,1904.6880288649727,112.90494822729141,63.97,15.0
2025-12-02 16:45:00,1905.1553234705825,1934.1615515228636,1902.3620631970866,1931.5782155118463,84.85216261368969,63.22,15.0
2025-12-02 17:00:00,1931.3655552465466,1932.064862627988,1922.3560034241643,1924.22264749793,75.56561518302911,63.32,15.0
2025-12-02 17:15:00,1924.2217162567988,1925.6218680500706,1911.9611177016607,1913.6149783835551,138.84608342864124,63.27,15.0
2025-12-02 17:30:00,1913.676179976956,1921.3760389150345,1911.6718069904655,1917.749514559116,59.00333291003423,63.36,15.0
2025-12-02 17:45:00,1917.4715837946326,1917.952765653155,1914.9244161217437,1915.2306844157536,53.004736944821424,63.62,15.0
2025-12-02 18:00:00,1915.077004452257,1915.7771503312076,1909.4834151638947,1911.7983951711808,46.81993818629728,63.48,15.0
2025-12-02 18:15:00,1912.036898702904,1918.618944561482,1911.7325531173447,1917.4730247136454,94.60175273955046,63.38,15.0
2025-12-02 18:30:00,1916.8643687622682,1917.6943952467482,1901.740615808538,1902.8451435064544,79.89944110573215,63.57,15.0
2025-12-02 18:45:00,1903.0087221212475,1903.7078368056416,1889.3024025107786,1889.3413643731963,81.72714576439435,63.23,15.0
2025-12-02 19:00:00,1889.219647408974,1894.7765503346168,1888.349187819782,1892.3877669362696,68.7274765178846,63.18,15.0
2025-12-02 19:15:00,1892.2656000080424,1898.47546626168,1891.939277225349,1898.4201640369333,55.74773039635552,63.19,15.0
2025-12-02 19:30:00,1898.7127148591965,1907.0176487328326,1898.256937548359,1906.5596356410617,53.05768576721037,63.21,15.0
2025-12-02 19:45:00,1906.2359611589668,1906.9414622696136,1895.9194195334644,1896.9113550293612,22.45707508551717,62.87,15.0
2025-12-02 20:00:00,1896.564061232198,1911.792041940601,1896.1085327076373,1910.7628717591715,68.66528446363246,63.16,15.0
2025-12-02 20:15:00,1910.7173008777058,1911.203468070047,1904.6700813514299,1905.5598019169577,97.81585834433277,63.29,15.0
2025-12-02 20:30:00,1905.445780501796,1917.324151562478,1904.5298488662318,1917.2703034943358,91.15323386885225,63.39,15.0
2025-12-02 20:45:00,1917.271452959213,1917.5316513854502,1908.8218536802638,1910.4503511626076,219.6026825582954,63.38,15.0
2025-12-02 21:00:00,1910.4783460906515,1921.7922697123429,1910.1118120863155,1920.7329387421078,61.40340277140626,63.46,15.0
2025-12-02 21:15:00,1920.7553187059798,1920.7699831030886,1918.7089580892446,1918.8759762041805,53.80544460138958,63.43,15.0
2025-12-02 21:30:00,1918.8575960714209,1931.5423391723657,1918.620901663811,1930.951517972042,86.04697249780507,63.49,15.0
2025-12-02 21:45:00,1930.9366364099842,1931.658919882376,1930.9281047956774,1931.5496081105478,5.664757328817105,63.46,15.0
2025-12-02 22:00:00,1931.597334934625,1931.8507436466634,1930.6466292157136,1930.8078788653086,50.71711221792911,63.7,15.0
2025-12-02 22:15:00,1930.793675617007,1931.22628686046,1928.3351108227168,1928.6308880203803,151.97885097776117,63.68,15.0
2025-12-02 22:30:00,1928.5258472619087,1935.9886555451571,1927.3184786331046,1934.1728750197979,160.62097872134777,63.54,15.0
2025-12-02 22:45:00,1935.207981881053,1958.2058878580112,1933.1174212295255,1957.0519574795148,875.1815238839087,62.92,15.0
2025-12-02 23:00:00,1957.0519574795148,1957.0519574795148,1956.7105859681285,1956.7105859681285,233.39359063902066,62.95,15.0
2025-12-03 16:30:00,1958.4116318574256,1972.782205134146,1953.2224854610652,1970.0280758888346,292.25634991460123,64.55,15.0
2025-12-03 16:45:00,1970.444100229783,1981.9299752252728,1968.604592150387,1979.213361040312,110.69511911243633,64.6,15.0
2025-12-03 17:00:00,1980.209476727201,1986.1025304796785,1976.588303103204,1977.2150646559303,159.28388480541673,63.91,15.0
2025-12-03 17:15:00,1977.376196465663,1978.1001950278653,1964.255413591506,1965.7040462747163,95.6110847226232,63.98,15.0
2025-12-03 17:30:00,1965.7036703387391,1969.843259565076,1940.4403986012364,1943.47004960642,120.4776929709086,63.42,15.0
2025-12-03 17:45:00,1943.4401891219059,1952.0046016602998,1941.7468765964636,1949.4986239389766,84.02657634276471,63.71,15.0
2025-12-03 18:00:00,1949.410668262236,1967.7702225327987,1947.8460783799508,1967.5869758449728,61.17021815369221,64.02,15.0
2025-12-03 18:15:00,1967.1506881261782,1979.3664599404426,1964.6195461762995,1978.9514657094987,46.75524898884168,64.03,15.0
2025-12-03 18:30:00,1979.1342777547613,1987.1491263289704,1978.665473431036,1986.0228993815788,107.02612755131058,64.14,15.0
2025-12-03 18:45:00,1986.0669394518213,1986.121399475754,1985.005411728815,1986.0502439195168,78.96342368624606,64.04,15.0
2025-12-03 19:00:00,1986.2514490568124,1993.518439271836,1986.2451964892277,1992.5453848941802,97.64660839636909,64.18,15.0
2025-12-03 19:15:00,1992.529266700936,1993.198529989173,1987.767645400037,1988.1796425073837,67.369934958867,64.23,15.0
2025-12-03 19:30:00,1988.2994096683149,1988.9558625229029,1986.0639804185073,1986.8763871223678,135.49073353236108,64.36,15.0
2025-12-03 19:45:00,1986.1903097791553,1989.7040622464447,1966.8501449109294,1967.7160304104095,199.0516119183514,63.94,15.0
2025-12-03 20:00:00,1967.5549517853258,1967.72871369175,1960.112901227609,1960.115485798655,69.99677818950143,63.85,15.0
2025-12-03 20:15:00,1959.7481213084102,1962.224178072921,1959.5676191760738,1961.6937431530591,88.09731514012351,63.88,15.0
2025-12-03 20:30:00,1961.6738114461536,1962.2692552266358,1960.1610994013888,1961.7192660479427,130.8173082444275,63.81,15.0
2025-12-03 20:45:00,1961.612842530022,1966.2583571297464,1960.7142378702995,1964.9706306763521,55.9013562540572,63.85,15.0
2025-12-03 21:00:00,1964.884472744068,1967.0523395555126,1964.5068001845746,1966.9930790912208,72.56834059576533,63.95,15.0
2025-12-03 21:15:00,1967.03208837583,1967.7356477884477,1966.5631298514593,1967.6088591957073,119.71966283881926,63.98,15.0
2025-12-03 21:30:00,1967.536713857235,1970.0014115959696,1966.7659706326756,1969.9293936020772,115.57118406587432,63.91,15.0
2025-12-03 21:45:00,1969.777529489735,1970.240744040863,1968.2188810317086,1968.4685608726084,46.67341453874918,63.83,15.0
2025-12-03 22:00:00,1969.115764008031,1970.9539279063042,1967.1668787173523,1970.0617427726297,156.56767267412656,63.61,15.0
2025-12-03 22:15:00,1970.0550753701398,1970.533234120431,1963.394951243846,1964.538519832356,182.14866083565033,63.62,15.0
2025-12-03 22:30:00,1963.9760861736434,1973.005997091262,1961.6744176426525,1971.3011100487415,346.8297479418618,63.67,15.0
2025-12-03 22:45:00,1970.9320025534905,1989.4341813266449,1970.8517582072245,1985.2562101271305,1273.9844112603857,63.85,15.0
2025-12-03 23:00:00,1985.2562101271305,1985.2562101271305,1983.8419360451464,1983.8419360451464,228.302308134428,63.82,15.0
2025-12-04 16:30:00,1983.5763743432449,1995.7385450645324,1976.4986979812004,1976.7954837467573,66.85108801334522,62.58,15.0
2025-12-04 16:45:00,1978.6583468007439,1980.416304368265,1937.7381504178518,1938.8399157091128,403.6247409478505,62.01,15.0
2025-12-04 17:00:00,1938.7700532596234,1945.8013034436337,1913.7050220909998,1918.6930646200644,232.12439897252304,61.59,15.0
2025-12-04 17:15:00,1920.462425999098,1925.4993025219217,1879.3889209236827,1886.6638847778547,186.69448053066895,62.58,15.0
2025-12-04 17:30:00,1886.2148125576514,1948.38549411034,1879.3371976462633,1941.6473440497632,256.66181015745116,63.33,15.0
2025-12-04 17:45:00,1941.7603172147915,1952.3188207016653,1940.280286112135,1950.9353106250562,86.34736123858701,63.18,15.0
2025-12-04 18:00:00,1951.2926968463153,1961.079061370718,1947.3510976593493,1959.0659757529497,259.456370058248,63.4,15.0
2025-12-04 18:15:00,1959.3446053965772,1976.889829533246,1959.1788089978515,1975.2007933850027,157.56049578855612,63.37,15.0
2025-12-04 18:30:00,1975.451026870489,1976.453447084952,1972.0151857469054,1973.1573924050513,69.23437637073364,63.41,15.0
2025-12-04 18:45:00,1973.1199199292678,1988.7620185824949,1972.6691298553326,1988.527913492696,65.2740558463261,63.55,15.0
2025-12-04 19:00:00,1988.5264010861206,1989.511826099084,1980.9586378484307,1983.4523158338043,78.27579949919115,63.35,15.0
2025-12-04 19:15:00,1982.558988028119,1989.3410992905026,1981.933931574031,1987.9007885190426,78.94577107680234,63.68,15.0
2025-12-04 19:30:00,1987.844706522834,1988.6729056041843,1979.6995025278475,1981.2796588782987,63.483390592461966,63.52,15.0
2025-12-04 19:45:00,1981.476246526036,1983.322521132641,1981.0370125232891,1982.3034690318111,88.14931491636897,63.48,15.0
2025-12-04 20:00:00,1982.5030476196985,1988.5737423891521,1982.1072147742352,1986.7286443088512,75.2561999445218,63.31,15.0
2025-12-04 20:15:00,1986.7167297990688,1987.0438805613983,1985.1829859342547,1985.2867975473503,59.343383924212475,63.38,15.0
2025-12-04 20:30:00,1985.8809861904094,2005.9725692314037,1984.282063529203,2005.9178546772239,93.13313133256595,63.26,15.0
2025-12-04 20:45:00,2005.869023203411,2005.922205924711,2005.030103911315,2005.5802238610547,51.80662832434275,63.33,15.0
2025-12-04 21:00:00,2005.420856821446,2006.6510597279957,2003.9995419397953,2004.8759794268003,47.64705724659315,63.19,15.0
2025-12-04 21:15:00,2004.7767575825276,2005.786082801142,1995.1764507657601,1996.0225473490823,118.66691561222814,63.21,15.0
2025-12-04 21:30:00,1995.6181268879968,2002.6307425791708,1995.209496814855,2000.526139875337,84.02609575254903,63.3,15.0
2025-12-04 21:45:00,2000.6184768281155,2001.5670156846345,1996.4653660245608,1997.2429522172386,64.64656718862975,63.19,15.0
2025-12-04 22:00:00,1997.2888076800516,1998.2152896934745,1992.785907614543,1992.9145172239942,137.9947381986316,63.32,15.0
2025-12-04 22:15:00,1993.0050122319337,1994.2773997729864,1986.6634247383977,1986.722381641755,90.3469624410442,63.26,15.0
2025-12-04 22:30:00,1986.6652976610933,1998.777403887897,1986.2701985949752,1998.7053856889768,172.5783966854844,63.24,15.0
2025-12-04 22:45:00,1998.6832313909597,2001.7836768156137,1994.5558010289494,1995.474814331275,612.5651497916983,63.55,15.0
2025-12-04 23:00:00,1995.474814331275,1995.474814331275,1993.8316931793302,1993.8316931793302,187.6613238972156,63.54,15.0
2025-12-05 16:30:00,1994.3220754768709,1997.0673669729608,1953.5747309740623,1956.3228661911503,114.87611158224243,63.17,15.0
2025-12-05 16:45:00,1956.3616207001987,1958.4169735917615,1950.863586297092,1952.842360330219,107.89199405145798,62.85,15.0
2025-12-05 17:00:00,1952.4808305791807,1961.9583157999327,1951.025183702253,1960.7513833430685,121.35312604316532,63.1,15.0
2025-12-05 17:15:00,1960.6804040207066,1976.9969714829606,1960.6246432185978,1972.4380877380297,163.5111877568025,62.89,15.0
2025-12-05 17:30:00,1972.3369882236186,1983.2711960538863,1970.1785208577826,1982.3452037626548,157.19290904807576,63.06,15.0
2025-12-05 17:45:00,1982.7752197411626,1983.8601225677794,1974.3728968503872,1975.7236764177283,84.65032247737363,63.12,15.0
2025-12-05 18:00:00,1975.4425583583513,1977.280238464686,1975.3108930025523,1977.182489684466,160.83987212672335,63.01,15.0
2025-12-05 18:15:00,1977.2421955662116,1977.495962886676,1969.4793824275603,1969.9749938074722,198.81212991525467,62.97,15.0
2025-12-05 18:30:00,1969.6860230323014,1970.701558572493,1960.6129545671683,1961.6125217986578,140.8651998886672,62.77,15.0
2025-12-05 18:45:00,1961.4647277036197,1961.808271991578,1950.3246136577025,1950.7044510550627,74.63965008967965,62.59,15.0
2025-12-05 19:00:00,1950.7807204947942,1951.0148582568017,1936.2236556227924,1936.6411341106555,91.43592099804589,62.36,15.0
2025-12-05 19:15:00,1936.623215665651,1940.4182165726065,1936.263503429799,1939.8188493992227,133.7472347310203,62.35,15.0
2025-12-05 19:30:00,1939.816754398286,1948.9582474697945,1939.7765459624966,1947.2903399912598,121.65852626083954,62.18,15.0
2025-12-05 19:45:00,1947.417270361055,1963.7759359497657,1944.9079471161926,1962.9366063549749,132.90074305415,62.52,15.0
2025-12-05 20:00:00,1962.884290257709,1963.205517058741,1962.620126422236,1962.698611917864,91.2449023064003,62.58,15.0
2025-12-05 20:15:00,1962.9047358009364,1969.5655448832383,1962.2601643629416,1968.1909302514396,62.129366366088504,62.53,15.0
2025-12-05 20:30:00,1968.1294242628683,1968.374873087432,1954.3374338293845,1955.207036128061,131.79711717399084,62.67,15.0
2025-12-05 20:45:00,1955.1956644211332,1958.0040101564957,1955.1847243383688,1957.8504926416576,138.29521975951283,62.6,15.0
2025-12-05 21:00:00,1957.9002670666273,1958.5090965875306,1956.9173974212904,1957.8881370178553,77.92441003181486,62.57,15.0
2025-12-05 21:15:00,1957.9266252186887,1960.7827274009117,1956.7706285281151,1960.2158266984275,66.76305458066417,62.44,15.0
2025-12-05 21:30:00,1960.338710159838,1961.414785459755,1960.2911023346805,1961.1347002977438,95.86244216699114,62.3,15.0
2025-12-05 21:45:00,1961.1884420542654,1961.3483163490403,1953.2326750806578,1954.6856219451702,104.83499797879998,62.37,15.0
2025-12-05 22:00:00,1954.8098794499979,1957.4374812085211,1937.7903104001905,1938.3339639815329,143.90591294583814,62.2,15.0
2025-12-05 22:15:00,1938.2477649756609,1939.2197724211712,1929.9356671797514,1930.2837368070423,206.90879504745342,62.06,15.0
2025-12-05 22:30:00,1929.955290726034,1936.3087601221987,1927.5269503521718,1935.1625299916357,267.6656658298057,61.84,15.0
2025-12-05 22:45:00,1934.6027704783698,1944.0628427075721,1933.7307489366049,1943.8984420105157,1141.1389194420012,61.69,15.0
2025-12-05 23:00:00,1943.8984420105157,1943.8984420105157,1943.4084050341987,1943.4084050341987,194.4804707021501,61.68,15.0
2025-12-08 16:30:00,1945.9861827139582,1955.0048555116498,1880.8873459342353,1881.846215058491,153.8776753903397,60.47,15.0
2025-12-08 16:45:00,1879.9234236099571,1881.2771553837883,1861.4808866926835,1862.9535771507617,121.25651833471937,60.89,15.0
2025-12-08 17:00:00,1863.4342711771953,1864.6460222016256,1856.566011041413,1858.5282861487951,158.87703173460812,60.75,15.0
2025-12-08 17:15:00,1858.3369143552748,1858.6464654063811,1848.842735858549,1849.180904499466,104.19264735128169,60.8,15.0
2025-12-08 17:30:00,1849.7341019855833,1851.229188478779,1822.4538490436237,1823.8526672333685,114.37812155273627,60.34,15.0
2025-12-08 17:45:00,1823.4092027982176,1824.6757454143778,1819.8918235856415,1820.610645077576,207.71650809371178,60.33,15.0
2025-12-08 18:00:00,1820.5085025486758,1827.3684659432433,1815.4888961414008,1825.823497754125,104.4084547006571,60.45,15.0
2025-12-08 18:15:00,1826.1316625869808,1826.592153506986,1819.4140688335985,1819.720966797278,111.84694614916104,60.48,15.0
2025-12-08 18:30:00,1820.1895537941216,1826.1493387641258,1819.8647367747144,1822.5239688848203,276.3069355600956,60.84,15.0
2025-12-08 18:45:00,1822.4703590447245,1832.3960476561438,1821.3978680119562,1831.7352584605717,148.05712673640573,60.84,15.0
2025-12-08 19:00:00,1831.1999273778474,1831.2397873655734,1819.6756737053208,1819.7952457473668,98.63397200660057,60.62,15.0
2025-12-08 19:15:00,1819.430872364365,1821.519164519145,1819.1714889551272,1820.9278635813955,278.2271387388627,60.64,15.0
2025-12-08 19:30:00,1821.3400442811871,1837.5808534434373,1820.7829764748897,1836.4662259782715,150.71223634836366,60.83,15.0
2025-12-08 19:45:00,1836.4145617944048,1837.6625966115046,1835.485037555213,1837.3067735643058,149.87177698013866,60.9,15.0
2025-12-08 20:00:00,1837.2770899892462,1838.8444252892186,1828.4572587893595,1829.246408316463,129.21831114411734,60.62,15.0
2025-12-08 20:15:00,1829.381615801927,1851.1869774836578,1826.0361789555654,1849.7695963595052,163.5580628801297,60.25,15.0
2025-12-08 20:30:00,1849.244963240141,1850.000498436275,1845.4795581420085,1848.6900560134002,231.58262229302068,60.44,15.0
2025-12-08 20:45:00,1848.9533343705557,1884.3673028152018,1846.8066064896223,1878.4535211261077,228.21167527056275,60.64,15.0
2025-12-08 21:00:00,1878.3734814371069,1883.203288257627,1878.1606029897514,1882.492538150155,114.4151413583798,60.6,15.0
2025-12-08 21:15:00,1882.5454482245611,1883.8146060908432,1881.5420049213562,1881.7729032951545,130.84860825143966,60.65,15.0
2025-12-08 21:30:00,1881.6136381174722,1888.810332871714,1880.8062314060032,1887.6309663464551,96.87140879812267,60.62,15.0
2025-12-08 21:45:00,1886.7641132720307,1897.5372171971549,1886.265881163485,1891.6151465725902,183.47562802998686,60.12,15.0
2025-12-08 22:00:00,1891.5200407106893,1901.8563128635433,1891.28668565445,1900.1963965785058,119.10896373470796,60.04,15.0
2025-12-08 22:15:00,1900.4001054641988,1900.5618477617504,1894.5728300482394,1895.3355407992906,200.6546436810544,60.18,15.0
2025-12-08 22:30:00,1895.4608159953941,1899.225468584643,1893.6985407615696,1896.9572125490997,202.47674213379412,60.24,15.0
2025-12-08 22:45:00,1896.9670457460625,1898.8531845633702,1894.162603835539,1897.345558190658,861.373923456951,60.3,15.0
2025-12-08 23:00:00,1897.345558190658,1897.9575121796613,1897.345558190658,1897.9575121796613,216.4439993423802,60.29,15.0
2025-12-09 16:30:00,1897.8043312376906,1899.2447068810295,1864.4069827033757,1869.4898235199971,68.3381247250259,60.17,15.0
2025-12-09 16:45:00,1869.5130814809288,1890.1224595348879,1866.6140646258043,1887.3805139678427,68.1372874236369,60.31,15.0
2025-12-09 17:00:00,1887.1720670367147,1895.8241904469587,1883.7620074999024,1894.733463658269,164.9600078809745,60.16,15.0
2025-12-09 17:15:00,1895.1186789509215,1895.732418853177,1870.9612657087562,1875.5256992123652,83.34228356372844,60.09,15.0
2025-12-09 17:30:00,1875.6770757454458,1898.23106660546,1874.4576021964992,1896.996899727834,225.73911421186332,59.69,15.0
2025-12-09 17:45:00,1896.8552501908066,1918.1236238959289,1895.7018790950078,1917.4759215007675,129.52077851714793,59.56,15.0
2025-12-09 18:00:00,1916.7500786713051,1939.0844686645169,1914.3433298280627,1937.5647836859107,201.0726952010858,59.88,15.0
2025-12-09 18:15:00,1937.787259110387,1947.862961976945,1937.5081664755123,1946.7094691527382,137.8413740091853,59.77,15.0
2025-12-09 18:30:00,1946.4492697883181,1947.5574304256695,1942.8194631276767,1945.1273235988815,114.09336633028663,59.52,15.0
2025-12-09 18:45:00,1945.141833200054,1945.1718427262226,1930.7148171881029,1932.510186044735,63.89464888310035,59.6,15.0
2025-12-09 19:00:00,1932.9589334233638,1933.5648618083283,1918.1676573034963,1918.4559030938708,157.6345551142875,59.51,15.0
2025-12-09 19:15:00,1918.6342679865913,1920.7417900283658,1918.136374713583,1920.560436955963,83.13547157300293,59.53,15.0
2025-12-09 19:30:00,1920.9019027819243,1921.7266534197945,1914.2898209447326,1915.641775111834,145.04148964326802,59.51,15.0
2025-12-09 19:45:00,1915.5790477405383,1915.8262252768598,1911.337973716058,1911.8403519652393,56.441575590069505,59.53,15.0
2025-12-09 20:00:00,1911.9424938328273,1912.142299798278,1911.5180563319798,1911.6348439243711,81.68174376157985,59.52,15.0
2025-12-09 20:15:00,1911.6393656893365,1917.1414564420427,1911.1088210850728,1916.8927576551598,86.13843149666133,59.71,15.0
2025-12-09 20:30:00,1916.9509376672918,1916.9532861929993,1907.9597297936705,1908.326102258046,89.41237653780436,59.7,15.0
2025-12-09 20:45:00,1908.5402500905827,1908.8085130395948,1906.0848664516657,1907.090570754033,78.23778646992199,59.74,15.0
2025-12-09 21:00:00,1907.069901159165,1911.5791431655978,1906.5370652960646,1911.5394588098036,60.597289596994536,59.75,15.0
2025-12-09 21:15:00,1911.5429274680075,1912.0651349213329,1903.1777067130358,1903.6585195844925,67.09541456607516,59.62,15.0
2025-12-09 21:30:00,1903.5915202638225,1906.7267958525886,1903.372714813425,1906.6558502354496,120.49949739331109,59.66,15.0
2025-12-09 21:45:00,1906.834736521874,1907.7580760622004,1901.1070690247316,1903.4862443446439,104.8951471990249,59.68,15.0
2025-12-09 22:00:00,1903.266429488728,1910.4136711094893,1901.227301276071,1909.2978724950156,194.54162488655996,59.34,15.0
2025-12-09 22:15:00,1909.5688130855715,1919.1842492494998,1907.5945074026824,1918.8061162735662,153.39977272428268,59.16,15.0
2025-12-09 22:30:00,1918.3515304987302,1925.0315068699936,1918.1071352692602,1924.749759890895,299.4358005227495,58.97,15.0
2025-12-09 22:45:00,1924.9881296642454,1938.1595969035143,1921.2428124394055,1937.6816217603093,1186.097651464767,58.81,15.0
2025-12-09 23:00:00,1937.6816217603093,1937.6816217603093,1936.9089971979274,1936.9089971979274,201.25248408511217,58.82,15.0
2025-12-10 16:30:00,1937.8534318711695,1999.8268471630497,1933.4632540890677,1997.3602340445054,135.29677401335078,60.02,15.0
2025-12-10 16:45:00,1997.3461528123644,1997.7263430667358,1963.2863871979534,1966.046167483208,104.76635021802005,60.52,15.0
2025-12-10 17:00:00,1965.5242545884582,1972.9165464961238,1964.7910889361924,1969.541513887832,194.18977994709414,59.89,15.0
2025-12-10 17:15:00,1969.4309122312902,1970.7687872388713,1967.8063864262983,1969.6209031422734,85.61112100828574,59.74,15.0
2025-12-10 17:30:00,1969.3866032927342,1973.854885272053,1968.4195080101863,1973.482648772721,111.12693229926279,59.82,15.0
2025-12-10 17:45:00,1973.882159005742,1980.0366809485301,1972.5944158166853,1976.399453472372,156.52550447461186,59.64,15.0
2025-12-10 18:00:00,1976.054969991282,1976.3754080815381,1963.5490974521604,1963.7708678661897,115.78038802395737,59.55,15.0
2025-12-10 18:15:00,1963.7227540881065,1963.8952369477458,1952.629592486924,1952.7494689195967,62.264133174482936,59.46,15.0
2025-12-10 18:30:00,1952.8665406244763,1962.2720717059074,1952.223946355582,1960.8842838751998,97.45875581124461,59.24,15.0
2025-12-10 18:45:00,1961.140755982742,1961.2346823997314,1960.3873871653616,1960.660464835829,58.66491698120183,59.26,15.0
2025-12-10 19:00:00,1960.6590853189182,1965.9524549556477,1960.6351601426236,1965.8994298913724,93.89558502884901,59.32,15.0
2025-12-10 19:15:00,1965.8711612606562,1965.9037462219967,1964.2384986297564,1964.4091059477669,65.07971224462834,59.36,15.0
2025-12-10 19:30:00,1964.5047959924384,1966.6635657752329,1942.4509894784946,1943.7327613131088,136.6685213714629,59.2,15.0
2025-12-10 19:45:00,1943.1175334992033,1956.7310353412188,1942.3223592398517,1954.7852412695213,67.25546698822589,59.41,15.0
2025-12-10 20:00:00,1954.556605212166,1956.496296713332,1949.681873447152,1951.1775942853071,52.79203084731767,59.44,15.0
2025-12-10 20:15:00,1951.1059948824832,1952.0623737762294,1950.5521958715556,1952.0310578579968,62.22910533957605,59.38,15.0
2025-12-10 20:30:00,1951.8497304865634,1952.5875476685587,1944.9419665589874,1946.1119739103674,85.2368191972825,59.56,15.0
2025-12-10 20:45:00,1945.6369827542514,1961.840732317449,1944.2079785728301,1961.6510776655737,61.903885301892736,59.36,15.0
2025-12-10 21:00:00,1962.3055467176832,1968.8901650769428,1939.5005049043195,1940.1332535393121,142.29824747947794,59.99,15.0
2025-12-10 21:15:00,1940.3149272675084,1944.0097767144744,1933.0880959358005,1933.3565253968882,279.71447634627975,60.35,15.0
2025-12-10 21:30:00,1933.468004311189,1939.596953484665,1930.5711908436056,1937.5135541042605,364.6277399699713,60.55,15.0
2025-12-10 21:45:00,1937.1679067983164,1939.6425534665343,1918.4248200242698,1919.712475877319,242.71463802338462,60.92,15.0
2025-12-10 22:00:00,1919.7461288471518,1928.0676879917985,1919.2803211548955,1925.1337682410044,105.45443028751977,60.94,15.0
2025-12-10 22:15:00,1925.3245742927222,1947.4960303172163,1925.240871751922,1945.909092312283,280.4554939055517,60.78,15.0
2025-12-10 22:30:00,1945.782773106077,1946.1758296839216,1934.6170561581475,1937.4379032750453,260.3190952902927,60.89,15.0
2025-12-10 22:45:00,1937.6357701141278,1944.260931440057,1936.6241432329493,1943.2086546399748,1027.1430578997495,60.85,15.0
2025-12-10 23:00:00,1943.1833471714604,1943.2537196174421,1939.2230746965174,1939.2857129894978,359.95821088541084,60.83,15.0
2025-12-11 16:30:00,1939.3755881809154,1943.91153545541,1926.9360858209757,1934.609958807019,222.8360644294545,60.42,15.0
2025-12-11 16:45:00,1936.0385861194734,1946.029560006929,1910.313330159026,1914.336800024009,406.89793040809025,59.64,15.0
2025-12-11 17:00:00,1914.9765276694548,1916.3760643623605,1898.0564031546176,1899.4927006965772,156.29645216644718,59.74,15.0
2025-12-11 17:15:00,1899.9569581734054,1917.848299597311,1898.2485316862396,1915.3424841573176,56.12333733441763,59.95,15.0
2025-12-11 17:30:00,1915.5724721429012,1916.9629484464274,1904.8652031835616,1909.026691517532,148.80263331349275,60.41,15.0
2025-12-11 17:45:00,1909.043107099885,1912.0150059557513,1902.9657835239261,1905.0140905055475,116.73115581294827,60.27,15.0
2025-12-11 18:00:00,1904.8619049317174,1905.5907730164336,1898.5134220283103,1899.9225907177652,180.88958551444853,60.15,15.0
2025-12-11 18:15:00,1899.2330522023858,1899.9847081177081,1872.5906566057897,1873.7543342177453,252.2475931707031,60.16,15.0
2025-12-11 18:30:00,1873.3125268289596,1873.6954712581405,1862.132388922365,1863.3874344608616,126.95790728846661,60.43,15.0
2025-12-11 18:45:00,1863.3304465509052,1877.6861011446983,1860.207374767687,1875.3001846914058,130.7822104273252,60.18,15.0
2025-12-11 19:00:00,1875.247398375688,1877.5018307189905,1839.0517553981913,1841.7322767373373,138.8602352184433,60.58,15.0
2025-12-11 19:15:00,1842.0315822185396,1842.2269245705752,1836.9901919514894,1838.3287938850422,97.11256451900095,60.6,15.0
2025-12-11 19:30:00,1838.6074514186434,1840.6784400088547,1835.969336189567,1837.3153337285491,113.64192104153494,60.54,15.0
2025-12-11 19:45:00,1837.1916643777338,1852.697110442901,1836.4864199865822,1852.0735596645384,160.40355715611966,60.64,15.0
2025-12-11 20:00:00,1852.1429337979264,1856.9491274871007,1851.8789159181629,1856.7168326119277,102.72042494624314,60.66,15.0
2025-12-11 20:15:00,1856.6561668432075,1857.1308785235206,1856.0218150807748,1856.0260478889209,112.28362899637033,60.65,15.0
2025-12-11 20:30:00,1856.2141230381767,1870.0511282317582,1854.5008239057954,1869.7882518770166,92.6981250173036,60.45,15.0
2025-12-11 20:45:00,1870.0444920590357,1870.3805886202008,1861.1741261915747,1861.7790189881248,82.29495629675291,60.32,15.0
2025-12-11 21:00:00,1862.0554296103971,1873.488185084304,1859.684984842282,1871.625473733301,138.7899265390068,60.3,15.0
2025-12-11 21:15:00,1871.5262837960965,1872.3362818451515,1862.4981224428764,1863.6835147350816,124.81023035078482,60.39,15.0
2025-12-11 21:30:00,1863.9414796431602,1876.2011449701781,1863.6886579275567,1876.1806414933944,204.29548851439884,60.5,15.0
2025-12-11 21:45:00,1875.9027955396075,1876.1680894175192,1874.3396255587077,1875.2606556148048,98.5373318517653,60.49,15.0
2025-12-11 22:00:00,1875.4117510492476,1875.8458603578076,1871.6342602005498,1872.3914260857498,85.99439517837698,60.51,15.0
2025-12-11 22:15:00,1872.387184465491,1873.0373883956981,1871.3476245808658,1871.3868582978282,218.6778262429681,60.35,15.0
2025-12-11 22:30:00,1871.3853175851318,1878.39137179739,1869.0459992257233,1875.7899594757732,176.47052840599622,60.17,15.0
2025-12-11 22:45:00,1875.2717841723127,1875.4520938881424,1872.7999560256756,1873.2550955322354,488.1874726920229,60.28,15.0
2025-12-11 23:00:00,1873.2550955322354,1874.5148782014148,1873.2550955322354,1874.5148782014148,130.4045386014561,60.26,15.0
2025-12-12 16:30:00,1875.3767160393888,1878.2186065083151,1860.5978155655748,1863.7659750126213,67.5684113293377,60.47,15.0
2025-12-12 16:45:00,1863.4856268958545,1882.6184817073415,1860.4333273164893,1877.8937577778265,43.56470866162899,60.11,15.0
2025-12-12 17:00:00,1878.1205739151906,1885.2875194552519,1877.4191800736066,1883.8505967743426,120.50785974431663,60.05,15.0
2025-12-12 17:15:00,1883.8674410259307,1890.0795889869264,1878.715235319062,1883.7961503765093,72.12220464040013,60.05,15.0
2025-12-12 17:30:00,1884.088938058914,1885.4001890928942,1877.7484277979027,1878.889636358444,58.397421877565954,59.84,15.0
2025-12-12 17:45:00,1878.9464575561733,1882.396886065106,1878.3568805514403,1880.829360729213,161.9605302341024,59.72,15.0
2025-12-12 18:00:00,1880.5331295819194,1887.4617556144112,1880.0730811616334,1886.8857139306895,62.907045257315886,59.52,15.0
2025-12-12 18:15:00,1886.8964816336631,1902.5363603368546,1886.4938774164727,1901.8544244711181,67.06337685921844,59.48,15.0
2025-12-12 18:30:00,1902.2107532063112,1908.8787160411118,1900.916751569738,1908.8336245676235,87.9036663080253,59.33,15.0
2025-12-12 18:45:00,1908.9865568240316,1920.8631871947605,1906.955424952762,1919.1864467734154,74.86739130462193,59.22,15.0
2025-12-12 19:00:00,1919.1642351853056,1944.1717798566053,1919.009755035075,1941.5043685444389,52.395375654122226,59.35,15.0
2025-12-12 19:15:00,1941.9346411203244,1947.0142543513075,1940.7753663368978,1944.6227054640872,97.05703808740908,59.4,15.0
2025-12-12 19:30:00,1944.8929570937905,1949.0545481144607,1942.7320007381006,1948.9694262689893,118.27354542121451,59.56,15.0
2025-12-12 19:45:00,1949.064630151745,1952.6710983477092,1948.4004632112517,1950.9555121136614,32.83548562186692,59.56,15.0
2025-12-12 20:00:00,1950.992503640871,1951.1688738989662,1944.7917639299253,1945.1366707245295,64.03185104168178,59.5,15.0
2025-12-12 20:15:00,1945.6009917780625,1947.793248898786,1925.69372343605,1930.4761389519151,192.6436924652023,59.02,15.0
2025-12-12 20:30:00,1930.6377918109436,1931.395560214526,1923.2194880105546,1924.829702234,214.81569835830828,58.86,15.0
2025-12-12 20:45:00,1924.3439467879746,1930.2431296650964,1923.2755949085722,1929.4549570072384,153.58744000878957,58.83,15.0
2025-12-12 21:00:00,1929.6516578408978,1929.7010697171365,1924.313400516304,1927.3774457513355,310.50891186685703,59.07,15.0
2025-12-12 21:15:00,1927.3450687326772,1928.7762789136189,1926.6329283947919,1927.5656135806369,262.24817512259506,59.02,15.0
2025-12-12 21:30:00,1927.4173224928818,1938.201886008198,1925.1692383379484,1938.0535877025616,250.17095609728102,58.9,15.0
2025-12-12 21:45:00,1938.0121668731633,1945.6883814012333,1936.9455523768424,1944.1378070766034,243.94075947706904,58.93,15.0
2025-12-12 22:00:00,1943.7915744122806,1945.0502605279537,1938.4828944615595,1940.7469984841382,192.24103190334353,58.78,15.0
2025-12-12 22:15:00,1940.192420318461,1940.5439617412962,1929.6257722330884,1931.337430779556,248.43182922555846,58.65,15.0
2025-12-12 22:30:00,1931.8129597837396,1950.8687694150212,1930.847889606266,1947.8730688499759,475.958991636337,58.84,15.0
2025-12-12 22:45:00,1948.2060967384273,1965.8046277162252,1947.6054688458198,1964.9879401303112,1458.3072558335914,58.53,15.0
2025-12-12 23:00:00,1964.9879401303112,1964.9879401303112,1963.1248437844026,1963.1248437844026,329.3288311884586,58.51,15.0
2025-12-15 16:30:00,1962.0926044255518,1962.6289165506735,1940.1556460687532,1946.3309510872432,93.48394957888975,59.28,15.0
2025-12-15 16:45:00,1946.8534967997498,1948.735930069339,1944.203329081481,1945.8914826253545,74.29478357068267,58.85,15.0
2025-12-15 17:00:00,1945.7223464264628,1961.488197722563,1943.6975285876572,1958.880553499292,61.96901526464022,58.4,15.0
2025-12-15 17:15:00,1959.8040824300504,1978.4560054641574,1959.7668272704861,1976.4870846549497,137.31528739676313,57.61,15.0
2025-12-15 17:30:00,1976.9320518605775,1980.1397823858892,1974.5795638871834,1979.556253129685,177.26266895547639,57.74,15.0
2025-12-15 17:45:00,1979.0386805030316,1984.783190758955,1976.962098558475,1983.7915373626438,179.01274023473627,57.51,15.0
2025-12-15 18:00:00,1983.6912965587862,1995.0611277817825,1983.6184379251533,1987.2436449516388,135.3710432702691,58.12,15.0
2025-12-15 18:15:00,1987.129683670868,1989.0242673580512,1977.690816484245,1978.554034448739,68.82951529614492,58.13,15.0
2025-12-15 18:30:00,1978.1271049835018,1978.8758511795377,1969.9028972343558,1971.7716507610146,65.52672229842024,57.9,15.0
2025-12-15 18:45:00,1971.6021309704097,1972.6698827967402,1969.5510316076088,1969.652691756851,86.07681559356838,57.88,15.0
2025-12-15 19:00:00,1969.490405539487,1970.6728786899075,1966.0438784217533,1966.6200533123797,54.388006273786345,57.77,15.0
2025-12-15 19:15:00,1966.5453428266364,1967.1288169176098,1955.5791298448191,1956.7703630009753,79.11059234388054,57.79,15.0
2025-12-15 19:30:00,1956.8544015078226,1958.5378393132553,1950.4231355010693,1952.1560946698203,73.37128446177073,57.98,15.0
2025-12-15 19:45:00,1952.4769939003736,1954.74625591869,1948.99231730223,1950.912132540974,189.1230197084496,57.92,15.0
2025-12-15 20:00:00,1951.0209940646362,1951.7758810809748,1947.214567057046,1947.4380572182506,66.1765694220386,57.94,15.0
2025-12-15 20:15:00,1947.5414288797517,1947.7283119625013,1943.851510003267,1945.0828843198535,72.93391051974976,57.97,15.0
2025-12-15 20:30:00,1945.0518055911057,1945.9605041664418,1944.4952566789354,1945.925274366286,93.08669002757208,57.97,15.0
2025-12-15 20:45:00,1946.1297534156495,1946.6807186862445,1930.2691710283627,1932.7953815594897,165.07043904336598,58.19,15.0
2025-12-15 21:00:00,1932.748211837331,1934.8347893404944,1914.3316363182848,1914.614631006244,95.51531903624115,58.42,15.0
2025-12-15 21:15:00,1914.5304222153727,1914.6373550147646,1910.3453823968819,1911.5217371631052,102.54117013712957,58.36,15.0
2025-12-15 21:30:00,1911.7830827547934,1915.6880233707993,1911.2204860466118,1915.3688918298,128.75950143706655,58.38,15.0
2025-12-15 21:45:00,1915.072540242249,1923.7506989870362,1914.8437223207368,1923.466885520411,56.46208374176249,58.45,15.0
2025-12-15 22:00:00,1923.20881816755,1926.5235162677757,1922.9416437933253,1926.2886415189294,134.73573688690405,58.36,15.0
2025-12-15 22:15:00,1926.3454178865506,1927.1462036837438,1917.4938559413247,1917.9167036078798,121.88154376241135,58.39,15.0
2025-12-15 22:30:00,1917.8324633699146,1918.5829413844192,1913.5559667783712,1915.9990827894937,254.0551025441912,58.55,15.0
2025-12-15 22:45:00,1915.6488464060196,1919.1771145610508,1914.8858367802432,1919.0337163960112,552.76522922098,58.69,15.0
2025-12-15 23:00:00,1919.0337163960112,1919.0337163960112,1918.7244498705736,1918.7244498705736,190.92516739664126,58.69,15.0
2025-12-16 16:30:00,1917.9505743006116,1935.9212569912606,1917.903119865475,1930.8813902178813,81.7504685277719,58.11,15.0
2025-12-16 16:45:00,1931.5433141768974,1932.4370896785535,1900.2901949288894,1901.1242283144259,72.89448712320939,57.54,15.0
2025-12-16 17:00:00,1902.1520577155402,1904.163232832164,1898.0416811240468,1900.5839637413849,229.4837713943597,57.18,15.0
2025-12-16 17:15:00,1901.2268158951842,1908.3917401797478,1901.185567977282,1906.4096589484964,240.25954396141825,57.16,15.0
2025-12-16 17:30:00,1905.75294996581,1921.1827637930564,1902.7764252440177,1920.574233855678,359.4644654366953,57.43,15.0
2025-12-16 17:45:00,1919.9802522431773,1920.235225857328,1903.4830124751695,1905.632425662248,177.7973808564573,57.22,15.0
2025-12-16 18:00:00,1905.3890131904145,1905.4604937222527,1902.5936064291725,1903.2678467943674,230.4785290482636,57.22,15.0
2025-12-16 18:15:00,1903.541006173902,1903.8192077109716,1880.1670271234573,1881.613828006003,269.5052300167093,57.15,15.0
2025-12-16 18:30:00,1881.7464673592272,1882.5720593287083,1874.9847091466963,1875.492419548703,192.6041512803544,57.24,15.0
2025-12-16 18:45:00,1875.5187654587407,1875.9618134249133,1868.3147167571062,1868.5937551041309,282.8459004673734,57.06,15.0
2025-12-16 19:00:00,1868.6545892688732,1868.8804610057746,1860.049415457049,1861.172970365311,236.6774818003041,57.29,15.0
2025-12-16 19:15:00,1861.1543183703484,1864.4129489377622,1859.4442014293368,1863.096655971036,145.78637769428576,57.12,15.0
2025-12-16 19:30:00,1862.8709226729004,1864.1246948512655,1861.4822264259153,1863.507797432934,227.94640364640614,57.09,15.0
2025-12-16 19:45:00,1863.5621781595096,1864.011627024818,1855.874988499836,1855.8882036889104,238.38262242901382,57.11,15.0
2025-12-16 20:00:00,1855.8507261374366,1858.3081090928447,1855.2403551605444,1857.8816799937877,198.44127013922096,56.99,15.0
2025-12-16 20:15:00,1857.6145649978528,1859.1122812805013,1848.7406019282434,1851.0479892473732,265.638052142424,56.93,15.0
2025-12-16 20:30:00,1851.2183883198213,1860.8226017089203,1850.0844583234589,1859.102286038715,318.1229486009711,57.13,15.0
2025-12-16 20:45:00,1858.9669243740575,1860.464876763686,1843.7000389903758,1843.7640139340472,274.65704789393794,56.91,15.0
2025-12-16 21:00:00,1843.8435648531474,1844.1571021746333,1843.5079152095093,1844.0954726572031,364.4719490265028,56.68,15.0
2025-12-16 21:15:00,1844.0530918748484,1844.885865738856,1840.565096946951,1842.6527394641332,279.32975074302277,56.76,15.0
2025-12-16 21:30:00,1842.8227657929929,1847.2672254313813,1841.8742264925618,1847.2641559810274,346.2689101303615,56.89,15.0
2025-12-16 21:45:00,1847.3061510379273,1852.1033766268943,1845.7686813886107,1849.7399106013129,309.9058578133128,56.91,15.0
2025-12-16 22:00:00,1849.487068092788,1850.045696275853,1845.118134700732,1847.1129990486788,302.5127026836747,56.72,15.0
2025-12-16 22:15:00,1847.249489288257,1850.0607854736165,1826.3329205845325,1826.503571698926,329.0970243148007,56.98,15.0
2025-12-16 22:30:00,1826.6426407502029,1828.1845884243107,1807.6906492482478,1809.2780992661271,361.4402373954412,57.25,15.0
2025-12-16 22:45:00,1809.4785865855135,1813.6425451160944,1803.154165300355,1804.8336671249315,906.1442569169409,57.43,15.0
2025-12-16 23:00:00,1804.8336671249315,1807.7540050447758,1804.8336671249315,1807.7540050447758,192.8573852076398,57.44,15.0
2025-12-17 16:30:00,1807.4667930078865,1810.5577927404074,1799.0971180140562,1799.9780430903816,63.38974830926256,57.42,15.0
2025-12-17 16:45:00,1800.3814941645176,1822.6891484339449,1798.4216228868913,1819.4321769115284,72.32350741872894,57.79,15.0
2025-12-17 17:00:00,1818.5182857576035,1822.0286292639803,1813.2297206676687,1819.95724743723,100.20768596628419,58.28,15.0
2025-12-17 17:15:00,1819.9165602515443,1820.684359249878,1806.587080065645,1808.2739493315844,48.62542661805719,57.96,15.0
2025-12-17 17:30:00,1808.1546163544338,1808.329134509582,1806.072932537214,1806.2079481551496,191.71184541901957,57.89,15.0
2025-12-17 17:45:00,1806.4841178545128,1810.1062811032884,1805.8151776008963,1809.563223224825,84.17090913077337,57.73,15.0
2025-12-17 18:00:00,1809.5002693608076,1818.6101536555186,1807.203153530913,1815.9305763503578,365.39568648374484,57.56,15.0
2025-12-17 18:15:00,1816.1109757052375,1840.0995138235885,1816.036171554716,1840.0411709868654,74.17147282906394,57.72,15.0
2025-12-17 18:30:00,1839.6117724528556,1841.5199563748636,1835.623914539109,1837.2604917378364,181.05848729117412,57.91,15.0
2025-12-17 18:45:00,1837.1337544987045,1839.353722617705,1836.8251981007752,1836.9261097149556,121.43916920477692,57.72,15.0
2025-12-17 19:00:00,1836.7377640009029,1842.1716329934031,1835.477297130114,1841.9276387412497,82.8562295125439,57.66,15.0
2025-12-17 19:15:00,1842.3998309018218,1845.1780199348939,1841.1862856077323,1844.1146083807866,47.80550580339711,57.74,15.0
2025-12-17 19:30:00,1844.0227501203567,1844.4171230683394,1841.8005772247657,1842.3337912923312,43.48779055276119,57.6,15.0
2025-12-17 19:45:00,1842.3539812169784,1845.6486928772406,1825.2749026108738,1827.3128926212246,37.262079461375016,57.44,15.0
2025-12-17 20:00:00,1827.3491082340267,1827.7925485733974,1823.0482647713945,1823.424701037263,167.44037067132342,57.34,15.0
2025-12-17 20:15:00,1823.1046718511684,1823.1208731008207,1817.3845169710314,1817.488339226985,100.98738500475473,57.3,15.0
2025-12-17 20:30:00,1817.3545541702592,1818.2699163455525,1801.208962291496,1803.19384928272,89.57099368566574,57.21,15.0
2025-12-17 20:45:00,1803.2410315325167,1803.4180916779003,1802.2108262030752,1802.9985233894686,77.7301120857626,57.26,15.0
2025-12-17 21:00:00,1803.017599699395,1803.9106794531272,1795.0951977281293,1796.2636299450417,93.19545182919782,57.11,15.0
2025-12-17 21:15:00,1795.995478895673,1803.1623860968227,1795.8051559932942,1801.4445367295039,62.38110121350719,57.06,15.0
2025-12-17 21:30:00,1801.348402538984,1807.409641515105,1801.2297437724603,1807.3479390022185,93.76538034727025,56.96,15.0
2025-12-17 21:45:00,1807.4885679135446,1807.5595093878997,1804.4847915729197,1806.3046559571935,90.24925701516771,57.08,15.0
2025-12-17 22:00:00,1806.4043899752473,1808.5959446127981,1805.651529794114,1808.477923944352,82.37401252194115,57.23,15.0
2025-12-17 22:15:00,1808.9038699063112,1810.4371755916227,1784.7858491249156,1787.066324256864,88.67510198565067,57.19,15.0
2025-12-17 22:30:00,1786.8783166404003,1787.804952915049,1785.9857860054076,1786.9407594625322,187.25439040520527,57.19,15.0
2025-12-17 22:45:00,1787.4022741661652,1795.0430953814132,1786.984090296624,1794.1343463170413,676.8970819215483,56.99,15.0
2025-12-17 23:00:00,1794.1343463170413,1797.2117641790312,1794.1343463170413,1797.2117641790312,192.20874734590973,56.99,15.0
2025-12-18 16:30:00,1799.3883452735681,1799.6423602606656,1766.1228516951426,1770.9558206877834,113.07804672615225,57.91,15.0
2025-12-18 16:45:00,1770.9572563832703,1795.663915437723,1770.9115579437073,1794.5769356149392,174.3090437745571,58.32,15.0
2025-12-18 17:00:00,1792.6459007984265,1799.3938084866522,1730.824865857167,1739.997755728699,407.8555878206956,57.54,15.0
2025-12-18 17:15:00,1740.3397374352658,1740.7325639893866,1725.6172146672877,1725.6880236911686,71.0659550839011,57.44,15.0
2025-12-18 17:30:00,1725.5329270676452,1741.9794250161958,1724.9716764088319,1740.5082433557973,117.26246986118377,57.51,15.0
2025-12-18 17:45:00,1740.3726890627574,1765.7351620122581,1736.9697078230963,1765.4741807772239,53.81936757099427,57.24,15.0
2025-12-18 18:00:00,1765.0892205782475,1775.2810293215068,1764.1646015635235,1774.6107606082521,94.48888782062646,57.29,15.0
2025-12-18 18:15:00,1775.1780433719455,1780.1870902713847,1773.8432241713247,1779.939577093719,139.540624393622,57.59,15.0
2025-12-18 18:30:00,1779.7573481420889,1780.2531216454597,1755.5198085744519,1756.3410471462357,160.870984611305,57.72,15.0
2025-12-18 18:45:00,1756.8083837943907,1757.6512947636813,1736.7901327576017,1737.5733274499203,91.66352187268527,57.56,15.0
2025-12-18 19:00:00,1737.4270916904256,1741.8562814595653,1734.3395385504555,1741.6754514338174,76.14563634664994,57.22,15.0
2025-12-18 19:15:00,1741.370681727707,1742.6752844507425,1740.98802441595,1741.2146838171973,90.97306389417736,57.1,15.0
2025-12-18 19:30:00,1741.829935851715,1742.347403510898,1728.7520916209364,1729.257853752642,110.69285277018139,57.42,15.0
2025-12-18 19:45:00,1729.2267687301057,1737.353602333273,1728.8328615245275,1734.1195860159094,134.01852261781514,57.24,15.0
2025-12-18 20:00:00,1734.11082830384,1738.8407369635952,1733.9403697579105,1738.713581817757,115.23678917616404,57.11,15.0
2025-12-18 20:15:00,1738.5506057179682,1748.23661096759,1738.3864955406139,1748.2357806736204,95.09329981425739,57.16,15.0
2025-12-18 20:30:00,1748.1436417431446,1755.2726581845545,1746.8186565390222,1753.4520727479244,168.2693566824767,57.12,15.0
2025-12-18 20:45:00,1753.5111301026457,1764.628631012618,1753.312314172982,1763.6998138036292,100.02220172874064,57.08,15.0
2025-12-18 21:00:00,1763.341862410082,1770.415636830678,1762.572453329526,1768.9910904050967,109.31273603317537,57.25,15.0
2025-12-18 21:15:00,1768.84256041518,1771.2842400256545,1766.642385313685,1771.0062814472744,82.98713836616811,57.15,15.0
2025-12-18 21:30:00,1770.9528159872013,1779.7721295364886,1770.0225408758401,1779.6326881499044,99.42706942629287,57.13,15.0
2025-12-18 21:45:00,1779.648881775921,1779.9297044064538,1772.1476101864143,1773.6536141585166,103.76454527553739,57.02,15.0
2025-12-18 22:00:00,1773.9985485866766,1801.5339741198964,1772.6717432918363,1801.3396710001125,106.94271975485294,57.01,15.0
2025-12-18 22:15:00,1801.2443132397152,1810.413670423029,1800.9232963187078,1809.8510516152528,212.57432010422042,57.19,15.0
2025-12-18 22:30:00,1809.7266590550867,1816.1365563329969,1809.2450335105802,1814.449729543328,365.4084619121452,57.11,15.0
2025-12-18 22:45:00,1815.1773091879832,1822.5951250588732,1814.1471900102247,1822.0438389584222,724.1498664341972,57.11,15.0
2025-12-18 23:00:00,1822.0438389584222,1824.2387583357663,1822.0438389584222,1824.2387583357663,266.22905132759337,57.1,15.0
2025-12-19 16:30:00,1824.137738469375,1849.5927095542424,1822.7609201692417,1842.89270036916,188.3299301463366,57.25,15.0
2025-12-19 16:45:00,1842.7182644844959,1844.7255487817263,1817.6585843306557,1817.9231809131543,116.52176163947092,57.54,15.0
2025-12-19 17:00:00,1817.8351935620422,1840.1999218439241,1817.3318319654124,1838.3174963290403,101.11136002644214,57.76,15.0
2025-12-19 17:15:00,1838.373525972471,1842.163955607521,1833.9180575150722,1834.5459071006007,228.6715653311337,58.23,15.0
2025-12-19 17:30:00,1834.8483941101952,1837.6749348228464,1834.7359520518526,1836.8341459186036,141.5117376580203,58.07,15.0
2025-12-19 17:45:00,1836.9240478139275,1837.4264272163994,1828.0006761587024,1828.5624783911874,165.75515267973222,58.09,15.0
2025-12-19 18:00:00,1828.836412974594,1836.1958166068682,1828.3948783584913,1836.1710696976895,121.7109568606861,58.15,15.0
2025-12-19 18:15:00,1836.3480862161675,1836.74345429008,1832.6134975198936,1834.183716658264,67.47029841195692,58.15,15.0
2025-12-19 18:30:00,1834.2102368836338,1837.0258396119773,1833.6824254970604,1836.8432066496903,56.906582389831605,58.16,15.0
2025-12-19 18:45:00,1836.9070108692702,1839.6191165380037,1836.6547544168602,1838.0395203073701,94.51444395032127,58.29,15.0
2025-12-19 19:00:00,1838.3684990456484,1861.941535986898,1834.9463667152327,1860.9479264655333,180.11087821435862,58.28,15.0
2025-12-19 19:15:00,1860.7359683725904,1879.3611014119815,1859.9795103275242,1876.7940750166335,119.3428772068171,58.37,15.0
2025-12-19 19:30:00,1877.2970705607083,1878.5473295379054,1877.1970687333198,1877.250452433209,59.58294430361863,58.26,15.0
2025-12-19 19:45:00,1876.9679964799686,1884.6560135094167,1874.3868546546,1882.363361004437,267.4659651782022,58.68,15.0
2025-12-19 20:00:00,1882.285258602251,1883.4429783296355,1879.670410779152,1880.8113819253904,213.82466102213837,58.78,15.0
2025-12-19 20:15:00,1880.4517927983236,1893.5667154198736,1879.430763794883,1892.2171336425797,73.8800676131008,58.57,15.0
2025-12-19 20:30:00,1892.004171116244,1892.5481636977472,1888.8980971405863,1889.7371609348797,71.01612833568147,58.46,15.0
2025-12-19 20:45:00,1889.88166616587,1891.453966358598,1887.1627823023607,1887.7541262800783,51.36715662175465,58.43,15.0
2025-12-19 21:00:00,1888.1871550225462,1896.3707287474383,1886.5652149363002,1895.0311240743556,64.2573580886905,58.41,15.0
2025-12-19 21:15:00,1894.916914656072,1895.2769427699131,1891.4588338787557,1891.8324506516242,96.17455719849698,58.47,15.0
2025-12-19 21:30:00,1891.9171021544175,1893.5305614373383,1889.4359168500503,1893.3681156444216,75.6407323618066,58.67,15.0
2025-12-19 21:45:00,1893.426443071756,1894.1105805799918,1876.9639049903033,1877.2629229375218,73.26624221089993,58.5,15.0
2025-12-19 22:00:00,1877.6127082136761,1887.3162496755797,1876.5998628182629,1885.4297083429924,140.89832162340883,58.25,15.0
2025-12-19 22:15:00,1885.899941009439,1901.9132355057227,1884.9666610450438,1900.976697934102,156.6765443949316,58.23,15.0
2025-12-19 22:30:00,1901.3796403796994,1909.0738015486418,1901.1570665774489,1908.4707801652753,248.81063704417053,58.28,15.0
2025-12-19 22:45:00,1908.3746757568267,1931.3485094608372,1908.2102190364142,1930.0457649212058,860.6227270321519,58.29,15.0
2025-12-19 23:00:00,1930.0457649212058,1930.0457649212058,1929.1800684129905,1929.1800684129905,419.7045200031555,58.27,15.0
2025-12-22 16:30:00,1929.6925423150515,1945.9540513467261,1929.4906576955927,1938.9389534279933,255.68095129598913,58.75,15.0
2025-12-22 16:45:00,1938.9304374416276,1939.985199402455,1922.0060368129155,1922.7506376431495,155.97449310349546,58.66,15.0
2025-12-22 17:00:00,1922.2977074855405,1925.857642681894,1918.078722545563,1918.7307317581365,72.29297026029667,58.64,15.0
2025-12-22 17:15:00,1918.3582892966376,1934.8240601199304,1917.652227608671,1934.0946436110655,44.368906988837466,58.99,15.0
2025-12-22 17:30:00,1934.3988168672283,1935.4146162585553,1933.861430257694,1934.456850880035,52.7550414732171,59.0,15.0
2025-12-22 17:45:00,1934.96073329446,1936.4524712043535,1912.6761811669537,1914.0231472099636,72.4576167355752,59.16,15.0
2025-12-22 18:00:00,1913.965958038443,1914.9683012026228,1900.0355800258824,1901.5265670930714,56.6566137577181,59.28,15.0
2025-12-22 18:15:00,1901.556997428656,1901.8678350204295,1895.364169681228,1895.5404367807248,28.059267546559248,59.22,15.0
2025-12-22 18:30:00,1895.8322460483748,1901.4430560094177,1895.4314348896362,1901.2174064838985,96.6079157969952,59.33,15.0
2025-12-22 18:45:00,1900.910385245913,1915.8720162209004,1900.769369494104,1914.6460301095087,124.49233630732789,59.25,15.0
2025-12-22 19:00:00,1914.5845403715973,1921.91190546517,1913.8526068088595,1921.822386715656,69.62956427784908,59.3,15.0
2025-12-22 19:15:00,1922.3783526914794,1926.4740378602905,1897.899711380642,1900.6385110535798,56.41553644720972,59.05,15.0
2025-12-22 19:30:00,1900.676572084252,1908.6467764913825,1900.4839384840845,1908.0779224413368,177.73092593965467,59.12,15.0
2025-12-22 19:45:00,1907.850563498108,1915.9875457124404,1906.5872307802813,1915.525365310522,71.84870411050996,59.18,15.0
2025-12-22 20:00:00,1915.5514648671985,1915.8565619527762,1902.8758747627082,1903.3106009101205,67.7602964888473,59.25,15.0
2025-12-22 20:15:00,1903.5054349686952,1903.8258141191895,1902.0378220210985,1902.1775873650251,54.08394087951516,59.35,15.0
2025-12-22 20:30:00,1901.5839060726773,1912.8329162157613,1899.8606310257096,1911.1721828660097,76.16040906519092,59.25,15.0
2025-12-22 20:45:00,1911.1945999957127,1913.1955828265573,1910.9799226321416,1913.1481167598736,79.8536127988223,59.16,15.0
2025-12-22 21:00:00,1913.1086521302807,1913.3918543529328,1908.3335678859173,1908.4523501994063,143.90261981184355,59.22,15.0
2025-12-22 21:15:00,1908.2435478943842,1912.005248078286,1908.0965333824272,1911.7737696109482,131.15631592992412,59.27,15.0
2025-12-22 21:30:00,1911.7850559512876,1912.1976013202438,1900.8655719235126,1900.9375969592318,149.3259770278706,59.26,15.0
2025-12-22 21:45:00,1900.9216879247983,1901.4998185287582,1900.0335801021026,1900.127714078126,95.66990655138041,59.23,15.0
2025-12-22 22:00:00,1900.1249059597137,1906.0158449397795,1899.4382004368367,1905.4344714617662,81.04456869730303,59.24,15.0
2025-12-22 22:15:00,1905.382804396947,1906.2844596943855,1905.1496407007553,1905.8204556576513,120.64059473277197,59.25,15.0
2025-12-22 22:30:00,1905.658109526115,1905.7661996815145,1901.7479997144267,1902.553129315943,117.07599350419149,59.17,15.0
2025-12-22 22:45:00,1902.152300559247,1910.7480400140166,1902.1007088759964,1910.3410012993716,498.14503609279706,58.96,15.0
2025-12-22 23:00:00,1910.3410012993716,1910.3497398227357,1910.3410012993716,1910.3497398227357,142.197596604072,58.96,15.0
2025-12-23 16:30:00,1910.8323293181018,1940.292013414421,1910.172005664177,1936.8419018471081,50.11453144690684,58.89,15.0
2025-12-23 16:45:00,1936.933285819569,1947.3528847504567,1935.6269985000924,1946.7739944341422,134.6112747101144,58.63,15.0
2025-12-23 17:00:00,1946.7571348095155,1955.3053568199011,1945.4194506199012,1955.2131561929973,53.33002966953799,58.62,15.0
2025-12-23 17:15:00,1954.6402002366033,1972.507814678026,1954.5470314613003,1971.791084886023,126.18871036391934,59.07,15.0
2025-12-23 17:30:00,1971.7197623626246,1973.8073676224174,1970.9632921048712,1973.1083757419524,99.04482566892058,59.25,15.0
2025-12-23 17:45:00,1973.3427246654853,1973.7254470318346,1969.6119098661852,1971.8444063461352,100.69812637900175,59.18,15.0
2025-12-23 18:00:00,1971.935342311825,1973.5652497383635,1967.8440198538758,1968.6287573959062,63.44603019372529,59.2,15.0
2025-12-23 18:15:00,1968.527620228169,1969.682168653491,1955.9393144706667,1956.6705296272914,128.41058418701027,59.08,15.0
2025-12-23 18:30:00,1956.2000898190086,1956.307886279833,1947.704045973393,1948.2274518116164,83.46947406509689,58.97,15.0
2025-12-23 18:45:00,1948.163089798143,1948.4896709672526,1945.6913444330467,1946.2568050954317,83.56787746000303,58.99,15.0
2025-12-23 19:00:00,1946.0266257952642,1952.3622131647674,1944.2835822527618,1951.3943153192274,214.52908772758627,59.27,15.0
2025-12-23 19:15:00,1951.3078022131942,1956.2880605885305,1950.8029543455843,1955.4169665096829,34.48278391178844,59.29,15.0
2025-12-23 19:30:00,1955.2856142649546,1958.908042131233,1954.8002784364662,1954.9277854833463,115.55066976783904,59.47,15.0
2025-12-23 19:45:00,1955.0402738443481,1958.507867195708,1954.9947266808,1957.8573842606154,48.532716080485415,59.34,15.0
2025-12-23 20:00:00,1957.852246282285,1961.7641698500179,1956.466542346872,1961.407856264051,43.819284150725046,59.26,15.0
2025-12-23 20:15:00,1961.5861483814763,1962.7552130000417,1958.2391492454476,1959.7616449078919,60.18217589320909,59.45,15.0
2025-12-23 20:30:00,1959.569834964115,1960.9325747890489,1959.115732438297,1960.7405761293892,77.45180822688395,59.39,15.0
2025-12-23 20:45:00,1960.6920848450093,1961.5283659015588,1956.5350747062541,1957.41457478035,93.33391248196158,59.32,15.0
2025-12-23 21:00:00,1957.04471538796,1966.6474275018256,1956.2259099599394,1965.8995874496045,78.87790797804877,59.4,15.0
2025-12-23 21:15:00,1965.831781060192,1969.404824147329,1964.8733061303815,1968.3233116174931,74.04632834202636,59.44,15.0
2025-12-23 21:30:00,1968.1792613145733,1969.0821305118732,1960.0884341317485,1960.1157466059365,45.83197761556071,59.36,15.0
2025-12-23 21:45:00,1960.305830035834,1961.8648985809348,1958.4137414052993,1959.5240296451195,62.75922345147238,59.35,15.0
2025-12-23 22:00:00,1959.628230508492,1975.5415218130317,1958.7122216628604,1973.15588596246,164.04431555886046,59.3,15.0
2025-12-23 22:15:00,1973.2741811703531,1974.518367470348,1969.9047563783047,1969.9418185259333,111.32766849218623,59.21,15.0
2025-12-23 22:30:00,1969.8644722204267,1972.6461283840952,1968.505471022762,1972.30321464581,135.02515715995517,59.37,15.0
2025-12-23 22:45:00,1971.8385603380457,1979.6614598166693,1970.9971624905925,1978.883347816136,671.0626204321312,59.26,15.0
2025-12-23 23:00:00,1978.883347816136,1978.883347816136,1976.828751302528,1976.828751302528,206.496447360739,59.25,15.0
2025-12-24 16:30:00,1976.960955253742,1984.09157681688,1976.0282647935892,1981.8289403262702,156.43306350193006,58.91,15.0
2025-12-24 16:45:00,1982.3276778626428,1983.2241900606584,1963.7961073756783,1964.5416152644193,37.84435063636697,58.76,15.0
2025-12-24 17:00:00,1964.6333852552257,1965.8586732097126,1958.8615219694636,1959.5432273300216,97.26054655182136,59.01,15.0
2025-12-24 17:15:00,1959.4479137429191,1970.4571275148394,1957.7952020943994,1970.0960637993642,22.720993236107386,59.29,15.0
2025-12-24 17:30:00,1970.0660578351087,1970.679866559746,1968.406490474393,1969.5429801157215,41.16443494030286,59.16,15.0
2025-12-24 17:45:00,1969.53369283961,1971.374640635559,1965.0372279151964,1965.7064552906345,27.750127531301743,59.33,15.0
2025-12-24 18:00:00,1966.028599109808,1966.8008120580675,1965.7460487942362,1966.3108910386784,43.844187527470154,59.27,15.0
2025-12-24 18:15:00,1966.467761078841,1966.528571619242,1962.9820963726,1963.7902263808603,31.409620754801836,59.18,15.0
2025-12-24 18:30:00,1963.8343027927262,1964.6676822520901,1962.8446012130876,1962.9561316139461,35.92832839609856,59.27,15.0
2025-12-24 18:45:00,1962.972411171162,1965.1266755578683,1962.0014885469852,1964.1773047165661,24.88763975947918,59.15,15.0
2025-12-24 19:00:00,1964.2185437918909,1964.3621999556551,1958.9470676424016,1959.5729468285394,23.820687592360606,59.24,15.0
2025-12-24 19:15:00,1959.620087213812,1959.8033439850688,1958.046054683869,1958.446419114249,26.587125230406393,59.26,15.0
2025-12-24 19:30:00,1958.3676035386195,1959.3375345503678,1955.5849398000398,1956.0219173026683,50.266725984746465,59.42,15.0
2025-12-24 19:45:00,1955.8161898305066,1957.0629384818267,1938.0532862606733,1938.962677877058,276.9028665420652,59.19,15.0
2025-12-24 20:00:00,1938.962677877058,1938.962677877058,1938.161512129231,1938.161512129231,116.22301073211166,59.19,15.0
2025-12-26 16:30:00,1938.1680347338513,1956.019577918207,1937.7573455246356,1953.2447694038444,51.381818645909796,59.02,15.0
2025-12-26 16:45:00,1953.5664856943363,1961.1646995862898,1951.4282701448037,1958.1756003497758,43.95770908159061,59.22,15.0
2025-12-26 17:00:00,1958.6465959649327,1959.648952319869,1941.937481539797,1943.554467785548,44.624114064132684,59.31,15.0
2025-12-26 17:15:00,1943.6096371321498,1943.9247011844998,1936.115413299592,1936.302620705591,33.03880269524576,59.26,15.0
2025-12-26 17:30:00,1936.3596135758864,1936.4212574758637,1934.7888411313904,1934.87171786972,49.06555958002035,59.25,15.0
2025-12-26 17:45:00,1935.2786721166242,1940.7465620103956,1934.763239096302,1940.708173976839,21.260583752953742,59.14,15.0
2025-12-26 18:00:00,1940.7739875110854,1941.1022569926274,1934.7895289369858,1936.6073743779705,46.59837092875931,58.99,15.0
2025-12-26 18:15:00,1936.5149225115335,1939.8234138560567,1936.2867413916842,1939.4026876114688,40.35765995987005,58.92,15.0
2025-12-26 18:30:00,1939.3699061467507,1939.9873602662315,1938.7909091354918,1939.6820560565639,21.086177100420855,58.87,15.0
2025-12-26 18:45:00,1939.8958169317248,1941.4395522170676,1938.7373248770468,1941.2425239217396,39.93256389280141,58.88,15.0
2025-12-26 19:00:00,1941.0505245267846,1942.0218374461704,1932.6774872257358,1933.3238296794352,85.14500473705678,58.92,15.0
2025-12-26 19:15:00,1933.2281442476108,1937.59338748644,1932.3754713198653,1936.935313152562,23.188036920410195,58.91,15.0
2025-12-26 19:30:00,1937.064285546052,1937.817565777451,1934.2318315916639,1934.4921503842622,35.92542966224416,58.88,15.0
2025-12-26 19:45:00,1934.466245201119,1936.8864966228773,1933.9277775878616,1936.6363386423377,37.35207334813882,58.86,15.0
2025-12-26 20:00:00,1936.6316655605867,1936.7344771413213,1934.381584009601,1934.569622937063,25.53925255430436,58.86,15.0
2025-12-26 20:15:00,1934.6492443755044,1934.9129935641758,1933.703902376733,1934.3118630994727,10.599164052279747,58.86,15.0
2025-12-26 20:30:00,1934.235901830417,1935.8180758495184,1933.9989365820863,1935.301239984063,12.383832896212242,58.91,15.0
2025-12-26 20:45:00,1935.2078636360325,1935.2457629760097,1933.680966578779,1933.9088859744386,10.293941726272038,58.87,15.0
2025-12-26 21:00:00,1933.7617062530474,1935.4819071050993,1933.3970144935283,1935.3285664541766,25.775703833933065,58.95,15.0
2025-12-26 21:15:00,1935.3717221917661,1935.3779403838575,1933.3347690752935,1933.4371102097627,20.557652239100168,58.89,15.0
2025-12-26 21:30:00,1933.453586287788,1933.8971184102115,1930.5956921005434,1931.2956025657543,26.77268148009157,58.9,15.0
2025-12-26 21:45:00,1931.2295506552684,1936.578067135826,1930.6582451227985,1935.9241260428828,44.98649619900836,58.85,15.0
2025-12-26 22:00:00,1935.7399309777597,1943.7731235546578,1934.646117527702,1942.4566891902307,28.23229367450029,59.02,15.0
2025-12-26 22:15:00,1942.4308839116047,1942.8887490288948,1939.0584354327332,1939.1365169581914,37.01440512831527,59.06,15.0
2025-12-26 22:30:00,1939.2075071070876,1939.8466401928079,1939.1348401543937,1939.8397554010262,101.5978459062479,59.09,15.0
2025-12-26 22:45:00,1939.6006128568363,1941.2930374500256,1931.4690217552734,1932.1886948532222,283.91232975319,59.23,15.0
2025-12-26 23:00:00,1932.1886948532222,1932.1886948532222,1931.528579751179,1931.528579751179,121.39734233900289,59.22,15.0
2025-12-29 16:30:00,1930.8851682365057,1954.2638065104393,1930.208114366912,1953.4918391592378,35.21030587786077,59.51,15.0
2025-12-29 16:45:00,1953.3477811207697,1954.4091906993133,1925.0467893728985,1925.421575413691,30.693203168444818,59.17,15.0
2025-12-29 17:00:00,1925.532636332577,1938.9043877645006,1924.9059784280573,1937.316924143142,58.28374747339698,59.33,15.0
2025-12-29 17:15:00,1937.7876258630067,1938.5745757593304,1934.1670803057907,1934.1794420562771,43.851714471087405,59.28,15.0
2025-12-29 17:30:00,1934.2186750380993,1934.2649441521771,1930.8009829766338,1930.801207689818,40.07410611816075,59.09,15.0
2025-12-29 17:45:00,1930.7921064921798,1932.8522878947824,1929.2950868911203,1932.2765432236483,60.78348813068215,59.02,15.0
2025-12-29 18:00:00,1932.4594333556126,1937.9737159443664,1931.9053906894005,1936.8629533430014,63.136752038211704,59.12,15.0
2025-12-29 18:15:00,1937.0621531299962,1938.2368892370835,1925.1290939552346,1926.8049657134575,46.3140650625509,59.03,15.0
2025-12-29 18:30:00,1926.7070225163907,1931.223177207716,1925.8419943874446,1930.5846990147493,72.38032866545998,59.0,15.0
2025-12-29 18:45:00,1930.9262268250075,1931.975556121295,1930.2207933790423,1931.2471320060124,79.63070027715005,59.09,15.0
2025-12-29 19:00:00,1931.2440313324603,1932.6112498015864,1924.836624642061,1924.8703244513922,54.22879677725727,59.1,15.0
2025-12-29 19:15:00,1924.9154119374368,1925.6288601350784,1922.3687076544616,1922.5076429146436,70.61323416722817,58.99,15.0
2025-12-29 19:30:00,1922.583596976474,1929.9217378503913,1921.7629557685955,1929.3468219361034,56.907108104552314,59.02,15.0
2025-12-29 19:45:00,1929.3688131145457,1933.0639166985434,1929.093073494678,1933.0600328444,68.41437917898202,59.07,15.0
2025-12-29 20:00:00,1933.221678658834,1935.551923131173,1932.4341356069413,1935.2684554668726,52.48161372952859,59.08,15.0
2025-12-29 20:15:00,1935.2246967825854,1935.2452733419868,1930.9264042307166,1931.1759105068948,56.31468516632485,59.06,15.0
2025-12-29 20:30:00,1931.2257193393898,1931.7316841496263,1931.0098732197587,1931.724563094976,56.505089874914134,59.06,15.0
2025-12-29 20:45:00,1931.7420023509335,1934.1127477018608,1931.5657916524854,1933.7832359310037,49.066563109693966,58.97,15.0
2025-12-29 21:00:00,1933.8665469754496,1935.747231669222,1933.466815719297,1935.064062503093,84.92912874508797,58.93,15.0
2025-12-29 21:15:00,1935.0435587689033,1937.2598354177344,1934.4134053263497,1937.2110270490566,70.02330277697665,58.95,15.0
2025-12-29 21:30:00,1937.1776070044923,1937.9530780112095,1936.9541311107507,1937.8938147414883,50.16917446654665,58.98,15.0
2025-12-29 21:45:00,1937.9558767821038,1938.5346278229463,1936.6146869629451,1936.7844716585837,54.906036144504654,58.97,15.0
2025-12-29 22:00:00,1936.8262017097456,1937.62997634593,1934.1060454485555,1934.249554004609,100.05077446931189,59.09,15.0
2025-12-29 22:15:00,1934.1713203551467,1934.3452364150642,1926.5508848655047,1926.719572989146,109.21142222646237,59.06,15.0
2025-12-29 22:30:00,1926.8479076120113,1927.3792932077645,1926.1499172238616,1927.375228289921,151.20475408430408,59.05,15.0
2025-12-29 22:45:00,1927.54600052149,1929.909404397446,1926.9864197369382,1929.8953627575013,513.0994004478564,59.25,15.0
2025-12-29 23:00:00,1929.8953627575013,1929.8953627575013,1929.3082864032115,1929.3082864032115,153.93587795707282,59.24,15.0
2025-12-30 16:30:00,1928.9559966582494,1931.2031225554942,1890.5951445563737,1890.7776204864329,124.76116186876234,59.08,15.0
2025-12-30 16:45:00,1890.877946201573,1899.236441277767,1888.8669692429173,1898.6920443672163,75.63361543474038,59.19,15.0
2025-12-30 17:00:00,1898.8320271063249,1913.4739737340817,1897.8488502949606,1913.1576313518683,31.304719962637726,58.92,15.0
2025-12-30 17:15:00,1912.8366766389884,1915.046822440496,1912.397268801318,1913.7938482725833,36.936561714743156,58.94,15.0
2025-12-30 17:30:00,1913.8495833440986,1915.4966456759716,1912.2917088189333,1913.076731547196,45.40095575901894,58.9,15.0
2025-12-30 17:45:00,1913.1666278149253,1915.4751706211136,1912.9862508942058,1915.0460451754977,33.16468923245161,58.97,15.0
2025-12-30 18:00:00,1914.622255424179,1928.1577648792675,1913.7020880629143,1928.0576459332967,71.47970149697795,58.93,15.0
2025-12-30 18:15:00,1928.0929891780725,1928.5665292052015,1921.5750078506812,1921.6852866917204,41.90176499847035,59.06,15.0
2025-12-30 18:30:00,1921.861944613573,1923.5764515299438,1921.8606871016868,1922.0688725775808,77.12322088440779,58.89,15.0
2025-12-30 18:45:00,1922.1673613062446,1922.8075247050294,1916.6696983697568,1917.092793460501,47.93400559260594,58.94,15.0
2025-12-30 19:00:00,1917.3053813326612,1918.5562264552732,1910.498706093623,1910.7334431348784,118.23574414250935,58.82,15.0
2025-12-30 19:15:00,1910.6917886053388,1911.7613815899485,1910.2945770650779,1910.964038899807,53.47448910801191,58.89,15.0
2025-12-30 19:30:00,1910.7987411620452,1919.3878311769492,1909.6147011753048,1919.2864188584306,69.61306269710407,58.96,15.0
2025-12-30 19:45:00,1919.0384851638391,1928.361684749072,1918.6266382932838,1928.1946385815677,44.46990597015706,58.97,15.0
2025-12-30 20:00:00,1928.2525098235617,1928.4114950781131,1928.0309837047082,1928.3992345337806,33.93078214950437,58.95,15.0
2025-12-30 20:15:00,1928.4811884768933,1929.057630218328,1925.5903841371062,1926.3251465304113,55.780107965552546,58.96,15.0
2025-12-30 20:30:00,1926.4489708607712,1936.3366823913339,1926.0393151375865,1936.1052005177644,32.85433955085709,59.04,15.0
2025-12-30 20:45:00,1936.051410448758,1936.6397543656744,1933.1988039992978,1933.841836269721,44.94625787243514,58.99,15.0
2025-12-30 21:00:00,1933.9440549599876,1934.5619787916617,1930.3942626928354,1930.9834183170767,53.735727901197535,59.06,15.0
2025-12-30 21:15:00,1930.792332078043,1930.9129120635585,1921.6501765269404,1921.6942378486528,84.65596554886694,59.0,15.0
2025-12-30 21:30:00,1921.629739916004,1925.980030939374,1921.1301287671067,1925.6625930103266,60.69482979547124,59.07,15.0
2025-12-30 21:45:00,1925.6772777441477,1930.0408585860237,1923.8642072612438,1929.8679083205793,52.19616436672341,59.14,15.0
2025-12-30 22:00:00,1929.9241322100736,1937.491885279261,1929.515763164064,1936.9152439843588,56.83988504666094,59.15,15.0
2025-12-30 22:15:00,1937.075375867415,1937.2802784675264,1931.5109805512843,1931.7317424447785,61.53605805953685,59.21,15.0
2025-12-30 22:30:00,1931.6910392475368,1940.386259086769,1930.7147191467639,1940.2876694408217,107.36009807468648,59.22,15.0
2025-12-30 22:45:00,1940.1041830992203,1941.1566248474646,1938.6291143504543,1939.3623249118373,499.3384709126868,59.13,15.0
2025-12-30 23:00:00,1939.3623249118373,1939.3623249118373,1938.4658069836273,1938.4658069836273,180.81451247332316,59.12,15.0
2025-12-31 16:30:00,1938.0284623347245,1938.0380725464838,1898.9275484872005,1898.9669753693515,90.19420000884412,59.08,15.0
2025-12-31 16:45:00,1899.5553787947688,1915.0812864161,1896.4114067591547,1914.2389587339494,22.92651056738611,59.17,15.0
2025-12-31 17:00:00,1914.6239456491148,1927.8484441440828,1914.325209740935,1926.2303998166224,180.31869162462127,58.8,15.0
2025-12-31 17:15:00,1926.525136265853,1927.4285214979493,1926.2572568494463,1926.4102748385062,30.37953178381342,58.95,15.0
2025-12-31 17:30:00,1926.3773520624552,1929.229401091217,1926.3133432126385,1928.9108353441648,113.3663541444242,58.91,15.0
2025-12-31 17:45:00,1928.9106082208389,1929.8729965838363,1924.3776109454654,1924.8384298158412,37.13568955739493,58.96,15.0
2025-12-31 18:00:00,1924.9644011680273,1925.5309769827425,1919.1047582148574,1919.5957390900776,57.232557843093275,58.82,15.0
2025-12-31 18:15:00,1919.5367798568004,1920.613512534373,1916.943386269778,1917.528290857726,44.54487061414123,58.85,15.0
2025-12-31 18:30:00,1917.4788991991097,1917.9496649818482,1905.7139301609895,1906.0624879229692,45.291160411527585,58.89,15.0
2025-12-31 18:45:00,1905.9552406808928,1912.2558955459751,1905.4248662100665,1911.8431760384965,51.53304384287709,58.98,15.0
2025-12-31 19:00:00,1911.772045090107,1918.6601533166913,1911.5474081900954,1918.1202702430398,82.05615648940422,58.89,15.0
2025-12-31 19:15:00,1918.124422439084,1918.7552260091775,1914.7851489885904,1915.5594143371188,28.889840628658074,58.87,15.0
2025-12-31 19:30:00,1915.4984609190706,1917.0811913532073,1915.2694535374897,1916.6221844406593,54.158498732057545,58.91,15.0
2025-12-31 19:45:00,1916.6373369828245,1916.924747323634,1916.036166534923,1916.0572975685272,56.35987012289068,58.93,15.0
2025-12-31 20:00:00,1916.0844388865416,1917.841808868556,1915.4909671649248,1917.4600407483604,31.006837235787266,58.99,15.0
2025-12-31 20:15:00,1917.4220509264906,1917.7032482127483,1910.9132394832052,1911.1129617771837,71.05895822358893,58.81,15.0
2025-12-31 20:30:00,1910.9288220000715,1911.1447210816857,1903.5192480378544,1905.3418756064452,37.28259827008736,59.02,15.0
2025-12-31 20:45:00,1905.3518862116084,1910.1084987912727,1904.5584025159355,1909.2630539449756,63.98490210259139,59.03,15.0
2025-12-31 21:00:00,1909.2309512175536,1909.7205820261847,1908.9790496782823,1909.0287702878336,32.92536030596872,59.01,15.0
2025-12-31 21:15:00,1909.0312390709723,1912.8299487351076,1908.4335633175415,1912.7333926012027,40.66852438491738,58.97,15.0
2025-12-31 21:30:00,1912.8613975691444,1913.715009716413,1911.2316336079255,1912.163948426137,43.98770738798157,58.87,15.0
2025-12-31 21:45:00,1912.0842842717468,1912.1935676122196,1909.5107813172467,1909.8692825108617,25.524572577923944,58.86,15.0
2025-12-31 22:00:00,1910.1456707416216,1915.4808104728108,1909.1389172254567,1915.026619637427,50.39934333702779,58.78,15.0
2025-12-31 22:15:00,1915.0150916910109,1918.5003545828097,1913.942765576072,1918.0386266676644,111.74086393772826,58.71,15.0
2025-12-31 22:30:00,1918.160825533818,1927.2082510302646,1918.0405853807927,1927.0844280237102,135.6449614704295,58.91,15.0
2025-12-31 22:45:00,1926.9727519241335,1933.1440780042465,1926.443194267653,1932.3504011718953,549.7097119624278,58.81,15.0
2025-12-31 23:00:00,1932.3504011718953,1932.3504011718953,1931.6670668124716,1931.6670668124716,112.97843605144185,58.81,15.0
2026-01-02 16:30:00,1931.5805349808118,1933.3305597306628,1928.4604603405273,1930.2629355596168,84.26641764834848,59.16,15.0
2026-01-02 16:45:00,1929.7951723943306,1938.3997936173573,1927.916568011905,1929.9556765146242,211.97079320231512,60.25,15.0
2026-01-02 17:00:00,1929.4799770622099,1932.5873842222934,1888.3223345307965,1888.4815724970517,293.37150228823174,59.96,15.0
2026-01-02 17:15:00,1888.2624921086472,1893.4323319491823,1871.4732210213,1875.8200304021816,126.47462709692347,59.16,15.0
2026-01-02 17:30:00,1875.992925622194,1898.987176330208,1875.2520598511232,1897.93493098885,232.77082511668831,59.27,15.0
2026-01-02 17:45:00,1898.0210006016332,1904.3959032704197,1893.4960907154734,1903.987480009429,120.51639803587464,59.45,15.0
2026-01-02 18:00:00,1903.973118678531,1904.0626736593156,1885.536400150986,1887.2144844818401,116.89539381455302,59.55,15.0
2026-01-02 18:15:00,1886.905389340873,1887.184065236164,1863.3935720420245,1863.821519581405,159.4752542289049,59.63,15.0
2026-01-02 18:30:00,1863.6095961233825,1884.1850984653117,1862.9701166526881,1883.7403587273438,122.39203441541918,59.85,15.0
2026-01-02 18:45:00,1883.5205846964423,1884.3380511645018,1875.1508217987816,1881.3903553100558,100.73567133788099,59.6,15.0
2026-01-02 19:00:00,1881.5513136127895,1882.4178302480339,1870.1555071365092,1872.1238511265688,103.69226697904328,59.32,15.0
2026-01-02 19:15:00,1872.3203535270093,1873.263308870088,1868.635104024595,1869.385445957015,88.42259511608358,59.18,15.0
2026-01-02 19:30:00,1869.562817148836,1869.6284599832995,1859.066547512025,1859.8161365081064,118.83652282118491,59.35,15.0
2026-01-02 19:45:00,1859.815918883491,1869.6585681981967,1859.116553653033,1869.5178252501926,97.83653936802267,59.4,15.0
2026-01-02 20:00:00,1869.6153754435734,1872.2358120420113,1863.0206299247766,1866.260761862425,132.02086734586092,59.27,15.0
2026-01-02 20:15:00,1866.219705350108,1880.2749507590995,1865.898819246342,1879.8071172657474,136.7860872618722,59.26,15.0
2026-01-02 20:30:00,1879.3086144848742,1883.0233595701516,1877.8551415795007,1882.6089673009665,203.26904071901984,59.44,15.0
2026-01-02 20:45:00,1882.5540512683037,1898.6050817105581,1882.3164463458975,1898.0125930642073,158.66487897815995,59.6,15.0
2026-01-02 21:00:00,1897.8773641140608,1906.5603990046525,1896.164247884328,1904.0373774991306,328.23395524778056,59.9,15.0
2026-01-02 21:15:00,1903.707055816338,1916.6587530083273,1901.8244925219128,1915.3693391394268,132.59944048172284,60.04,15.0
2026-01-02 21:30:00,1915.2671240106263,1921.5540173284242,1914.3564924140953,1920.3473405483778,92.64107806430047,60.06,15.0
2026-01-02 21:45:00,1920.3702454861593,1923.4411492773183,1919.935142177349,1923.3161936509073,98.66496358855265,59.94,15.0
2026-01-02 22:00:00,1922.9679334235861,1931.0486970929132,1922.1748467889377,1927.205231268483,212.70579330947757,59.96,15.0
2026-01-02 22:15:00,1927.0696522665173,1927.4154756476232,1923.579227095895,1924.7969004769886,163.01815595765967,59.89,15.0
2026-01-02 22:30:00,1925.1905738966982,1943.0754663426462,1924.5717045359227,1941.5127164784062,244.11319754229098,59.76,15.0
2026-01-02 22:45:00,1941.0371695643337,1941.3296691846447,1928.528101909042,1930.1116800420004,779.8704851251995,59.65,15.0
2026-01-02 23:00:00,1930.1116800420004,1930.1116800420004,1929.6735362815034,1929.6735362815034,232.0748840420149,59.65,15.0
2026-01-05 16:30:00,1926.9421229664147,1941.0895278376004,1913.7498196535605,1940.1347100104254,145.87589622522452,61.01,15.0
2026-01-05 16:45:00,1939.7762820072232,1946.3684252596656,1938.636486491309,1946.2262594167548,115.91699340178715,60.94,15.0
2026-01-05 17:00:00,1946.1466336867072,1947.5942789830851,1940.699044275701,1940.791094171027,92.66521043405768,61.16,15.0
2026-01-05 17:15:00,1940.2259676013844,1948.9327487872347,1939.804858567334,1947.9456483653319,113.99493990983082,61.3,15.0
2026-01-05 17:30:00,1948.2071709700026,1948.6872942422738,1941.6918830817237,1945.772819613736,158.6826509217342,61.48,15.0
2026-01-05 17:45:00,1946.087817638833,1947.1889924473014,1929.1889865177623,1930.3168900864341,53.45725609998523,61.28,15.0
2026-01-05 18:00:00,1930.5041939457576,1933.4206095486509,1930.4791489947293,1931.4969834589144,91.9145776249448,61.45,15.0
2026-01-05 18:15:00,1931.8444326263507,1933.917387109003,1917.7388645122799,1918.7742923505334,48.692881969404546,61.6,15.0
2026-01-05 18:30:00,1918.2479361042067,1918.5711858261152,1894.870735577825,1897.0190197110749,91.70628580116625,61.91,15.0
2026-01-05 18:45:00,1896.9391694637093,1902.0437523285343,1894.8080112814505,1901.2555279736841,92.79293397902309,62.13,15.0
2026-01-05 19:00:00,1901.4536577090512,1910.2442746277168,1899.0791201262803,1910.2153425473527,99.89584658889818,62.19,15.0
2026-01-05 19:15:00,1910.5384617489847,1919.1288237394408,1910.4276484596276,1916.8035748251625,118.99483586022127,62.01,15.0
2026-01-05 19:30:00,1917.1937593484208,1924.2050663156406,1915.4326996252912,1923.0937605271242,168.79587589688498,62.18,15.0
2026-01-05 19:45:00,1923.309003397922,1923.835027141234,1907.6575243388186,1907.792643035345,56.049710317600244,61.99,15.0
2026-01-05 20:00:00,1908.1251449974989,1909.571406519975,1890.8810841717427,1891.635814742364,101.86293996071743,62.22,15.0
2026-01-05 20:15:00,1892.0544364347845,1905.9750986392044,1891.3707567595354,1904.3283170247223,40.9588238140898,62.21,15.0
2026-01-05 20:30:00,1904.350769866072,1904.8018572787191,1896.5706618170582,1896.8902894871828,102.03552553786216,62.3,15.0
2026-01-05 20:45:00,1896.829026660286,1903.7525630791035,1895.4822903305515,1902.8279830226334,72.84646074114087,62.31,15.0
2026-01-05 21:00:00,1902.9407503227353,1904.9474523581052,1883.8884625762605,1885.779214521023,158.3168763182775,62.03,15.0
2026-01-05 21:15:00,1885.3622530039493,1891.8624887179967,1884.280977067808,1891.4031254634765,258.59484157697676,62.44,15.0
2026-01-05 21:30:00,1891.4217599929357,1891.7659027273771,1886.220664194557,1887.309187762792,138.26652601814865,62.58,15.0
2026-01-05 21:45:00,1886.9797987890583,1893.459801905823,1886.883907565674,1893.409980961229,123.86227991521211,62.68,15.0
2026-01-05 22:00:00,1893.2753099240235,1897.3676294961429,1893.1374569372238,1895.9198810015412,136.39344326746448,62.67,15.0
2026-01-05 22:15:00,1895.8819931490789,1897.2378239005197,1889.9539508900925,1893.090083483092,285.1852939625857,62.86,15.0
2026-01-05 22:30:00,1893.462423706634,1893.9719886909463,1878.1576956239742,1878.8505405437688,553.4349077602508,62.79,15.0
2026-01-05 22:45:00,1879.3450562929481,1889.3689976055232,1877.4222601171136,1886.822420273819,1289.3865901570482,63.05,15.0
2026-01-05 23:00:00,1886.822420273819,1888.262254906862,1886.822420273819,1888.262254906862,236.03592499635013,63.03,15.0
2026-01-06 16:30:00,1893.6521686262658,1947.9034435593746,1884.5566011899314,1943.9132713471042,126.52412949318935,64.93,15.0
2026-01-06 16:45:00,1944.0940867835636,2076.2370326456326,1942.4611569251401,2067.405248336739,320.77117014646075,65.76,15.0
2026-01-06 17:00:00,2067.6647105748366,2121.946928091537,2066.585360117411,2118.925683522313,384.45559698127204,65.94,15.0
2026-01-06 17:15:00,2117.879982682494,2126.917484432975,2113.491619854567,2126.590390307565,317.687625355763,65.29,15.0
2026-01-06 17:30:00,2126.412980739922,2127.0511532361156,2119.0092433997556,2119.495420829736,173.8652367830756,65.14,15.0
2026-01-06 17:45:00,2119.8847938435506,2120.626239764984,2088.025624234167,2088.526603369226,158.15413929570448,65.19,15.0
2026-01-06 18:00:00,2088.5877739916095,2089.6218910465423,2066.8025231180786,2067.1828818465074,160.41787204180497,65.21,15.0
2026-01-06 18:15:00,2067.2114445609864,2080.018394888692,2067.1047796351672,2076.83705400744,225.68804535795294,65.29,15.0
2026-01-06 18:30:00,2076.885200705549,2078.1045340167752,2065.3947094416535,2066.207451478441,96.86935760873007,65.17,15.0
2026-01-06 18:45:00,2065.763937615698,2068.278318045928,2051.584083099519,2053.8467518014727,116.50200847582765,65.01,15.0
2026-01-06 19:00:00,2053.8201341145586,2054.3163922182302,2048.5990708472796,2049.794894424199,170.82889340356354,65.1,15.0
2026-01-06 19:15:00,2049.988906730298,2050.172569930677,2041.4391427050273,2041.4860488272534,135.62445748361554,65.09,15.0
2026-01-06 19:30:00,2041.6357542220276,2042.0318645359548,2032.210679536685,2032.5922999643121,182.5693974759015,65.08,15.0
2026-01-06 19:45:00,2032.540557347825,2034.4697267274098,2022.1211849182648,2027.0637228684832,171.82736922834533,64.74,15.0
2026-01-06 20:00:00,2027.4282659010082,2028.0475284025463,2015.8719128684506,2016.4683379210146,139.7440356693863,64.64,15.0
2026-01-06 20:15:00,2016.2415133931263,2017.3624071704378,2009.8414875719511,2010.944599531224,87.44361133872307,64.83,15.0
2026-01-06 20:30:00,2010.748955706085,2011.355263481412,2002.7931532168968,2002.9882529100094,83.32902219477127,64.77,15.0
2026-01-06 20:45:00,2003.3634788919874,2006.2272808009172,2003.008948519784,2005.658523538583,79.80090276761868,64.82,15.0
2026-01-06 21:00:00,2005.8361415579855,2006.3170936194215,2002.2848433853549,2003.6241229978084,77.35066313141951,65.13,15.0
2026-01-06 21:15:00,2003.562896432898,2004.8202394956882,2001.3848046326318,2001.95532043339,153.79424043951366,65.3,15.0
2026-01-06 21:30:00,2001.9424238408137,2007.0894462866186,2000.9747966156376,2005.944732425784,153.34751129810266,65.34,15.0
2026-01-06 21:45:00,2005.8421583527618,2006.1424003001655,2002.517972804019,2003.4926628554567,177.57777147434965,65.3,15.0
2026-01-06 22:00:00,2003.5542147237502,2005.1663001296317,1998.4704450795332,1999.9920291897292,238.1168160935816,65.33,15.0
2026-01-06 22:15:00,2000.0150380866853,2001.3936475623684,1999.772601610125,2001.3785096783606,132.143551628389,65.43,15.0
2026-01-06 22:30:00,2001.3850419214452,2009.3046505576028,2001.1935477667212,2006.733673803522,315.42562374168995,65.24,15.0
2026-01-06 22:45:00,2006.5370355190637,2007.6749421748264,2002.657832578924,2004.4085644755514,729.2207267455698,65.26,15.0
2026-01-06 23:00:00,2004.4085644755514,2004.4085644755514,2003.0717861707444,2003.0717861707444,165.3685382907451,65.28,15.0
2026-01-07 16:30:00,2002.59483309668,2002.8458576452774,1975.0842763858168,1976.594826340456,116.83865114081857,65.39,15.0
2026-01-07 16:45:00,1976.05151142475,1978.4007280638764,1955.811510082643,1957.8116159306694,89.18551542502411,65.28,15.0
2026-01-07 17:00:00,1958.2411718444368,1967.1537368422553,1957.863298204939,1966.0274589289884,80.31472702045055,65.1,15.0
2026-01-07 17:15:00,1966.7402250408877,1973.4671314576055,1965.8315189969912,1972.7218468646763,61.22812042015686,65.34,15.0
2026-01-07 17:30:00,1973.2776654108945,1976.999398073525,1971.7964546805747,1976.8465721090267,54.56634162543562,65.32,15.0
2026-01-07 17:45:00,1976.9499120043615,1978.5103213465454,1976.1319401261603,1977.421110217381,78.74552758712382,65.26,15.0
2026-01-07 18:00:00,1977.3704511065712,1978.5523623749962,1977.2625836400532,1977.640979511049,65.09688233927912,65.34,15.0
2026-01-07 18:15:00,1977.6163761812084,1985.2789786422666,1975.1000907207438,1983.5811784679522,50.28151613760293,65.01,15.0
2026-01-07 18:30:00,1983.6542470495015,1989.6412134146349,1982.9695854071551,1989.4875664382253,86.73970051968827,65.1,15.0
2026-01-07 18:45:00,1989.3361525535518,2000.1375728559692,1986.8274804539237,1998.059360283697,62.2104072542099,64.76,15.0
2026-01-07 19:00:00,1998.366818651652,1999.2644474548256,1995.8246870807134,1995.8749706564322,95.24827609550246,64.77,15.0
2026-01-07 19:15:00,1995.5082376920707,2003.2002769130493,1994.6509127864292,2003.1455827339469,67.30263478139231,64.69,15.0
2026-01-07 19:30:00,2003.107977223726,2003.8716579635068,2001.94941639721,2002.4378916909488,55.89048879749095,64.66,15.0
2026-01-07 19:45:00,2002.5312698585158,2003.2066213473054,2002.0244039429986,2003.0294500762311,82.3754133972703,64.58,15.0
2026-01-07 20:00:00,2002.8592837042956,2005.0481529231029,2000.664828361848,2004.237625888126,86.61068532182274,64.68,15.0
2026-01-07 20:15:00,2004.1612804264305,2006.6704673025067,2002.435238922465,2005.8036166264867,169.65212207760248,64.72,15.0
2026-01-07 20:30:00,2005.8979788791569,2006.2994894104413,1998.9692659826253,1999.3158706006236,76.4682591488015,64.64,15.0
2026-01-07 20:45:00,1999.525028125083,2002.7580010370893,1998.2176761941805,2001.472500801337,98.75927910862566,64.65,15.0
2026-01-07 21:00:00,2001.1845526848535,2024.7241121714626,2000.2433768344217,2023.2405124683492,104.85984466557989,64.66,15.0
2026-01-07 21:15:00,2022.5736305209448,2026.3938208343395,2014.7033620265004,2017.1266136664012,100.78314726766648,65.05,15.0
2026-01-07 21:30:00,2016.9160876973658,2017.0860488501792,2015.0559668644366,2015.8017866185837,98.29658833738473,65.05,15.0
2026-01-07 21:45:00,2015.3292835490174,2016.2797125195118,2009.7910172400755,2010.2518065160777,211.1959636863512,65.24,15.0
2026-01-07 22:00:00,2010.0342583171118,2010.3002614271677,2005.467501777743,2005.8688349825338,169.40033257260356,65.23,15.0
2026-01-07 22:15:00,2005.6420753956463,2017.9727195090813,2004.468471922182,2016.4831893503913,177.13737290728378,65.08,15.0
2026-01-07 22:30:00,2016.679258618039,2017.5521772515724,2010.1254751873935,2010.7530801790626,145.7123828811945,65.09,15.0
2026-01-07 22:45:00,2010.6869388541452,2010.9911475673987,2004.0043835340666,2005.1525752289858,558.2275826187163,65.06,15.0
2026-01-07 23:00:00,2005.1525752289858,2005.1525752289858,2003.5391495086756,2003.5391495086756,158.2818228672965,65.05,15.0
2026-01-08 16:30:00,2002.5063976098172,2008.4902262295898,1958.800137358308,1965.5876781341044,285.92161673023577,64.14,15.0
2026-01-08 16:45:00,1966.1986128620897,1968.0915445194094,1897.6107757785537,1905.5487552133836,202.66547979201266,64.27,15.0
2026-01-08 17:00:00,1906.2842190321383,1916.4784490635975,1903.9524600634825,1913.5078493418378,141.49964415219395,63.93,15.0
2026-01-08 17:15:00,1913.0845712268772,1963.0088801871727,1908.664790307954,1961.520138581097,151.59981187914383,63.66,15.0
2026-01-08 17:30:00,1962.1232826599962,1963.6686789926514,1953.181284977466,1956.1466502097771,130.21509169837765,63.64,15.0
2026-01-08 17:45:00,1956.4169756088065,1956.7155949334767,1910.0264624000438,1914.042130307776,158.55372555161415,64.15,15.0
2026-01-08 18:00:00,1914.0476700655784,1926.9424445780653,1913.6777452121437,1926.7988913215572,136.18692526021403,64.28,15.0
2026-01-08 18:15:00,1926.8964135555043,1928.3108493666289,1920.1931490400364,1920.5918156236155,144.87659408975915,64.23,15.0
2026-01-08 18:30:00,1920.645614752756,1927.7161362742575,1920.5724757371747,1927.5493564946864,116.51691036425356,64.17,15.0
2026-01-08 18:45:00,1927.9429498014465,1928.5778157724537,1925.5552951710254,1926.0250167212944,115.5777328645545,64.18,15.0
2026-01-08 19:00:00,1926.3116802118072,1927.3024336922892,1913.3283280975295,1916.5177182099294,105.60231067391469,64.55,15.0
2026-01-08 19:15:00,1916.597995501303,1918.3590010203536,1915.7775679096908,1916.7697859718323,89.34746433341695,64.58,15.0
2026-01-08 19:30:00,1916.6938534715919,1924.2259784678408,1915.33650106495,1923.559318824859,165.80046002533507,64.69,15.0
2026-01-08 19:45:00,1923.7104771927843,1923.7637713944873,1921.239723987003,1921.8240101908339,50.96207135348,64.54,15.0
2026-01-08 20:00:00,1921.7226134786872,1922.164301736196,1920.9031930952488,1920.9527686096826,78.63284941526533,64.57,15.0
2026-01-08 20:15:00,1920.9770259439938,1921.8140966068859,1919.2276479781472,1921.1281382081172,93.22234285078635,64.7,15.0
2026-01-08 20:30:00,1921.708665098543,1922.3932217310617,1910.3183406201347,1913.0641374542904,141.1949395503046,64.76,15.0
2026-01-08 20:45:00,1912.6395485594016,1918.004845748163,1912.121708582384,1917.2539004378232,49.67532297713322,64.84,15.0
2026-01-08 21:00:00,1917.3230786352524,1917.3270676131867,1897.0904621885568,1899.3572021493712,62.66160867265484,64.91,15.0
2026-01-08 21:15:00,1899.3888643054609,1900.226755935754,1897.6243339942216,1898.422452316673,74.58493124334855,64.82,15.0
2026-01-08 21:30:00,1898.376528348387,1905.717666131376,1897.3841775811627,1905.566264393433,80.24419599097367,64.81,15.0
2026-01-08 21:45:00,1905.410220026105,1914.7489929414191,1903.3811262769761,1910.6322061713688,187.90902097304448,64.13,15.0
2026-01-08 22:00:00,1910.6719214737313,1924.238433252078,1905.6022490808193,1919.507326118932,151.38086091040302,63.9,15.0
2026-01-08 22:15:00,1919.3818140672172,1925.3966380276836,1918.9872554998767,1921.0076374976522,262.7694792795638,64.17,15.0
2026-01-08 22:30:00,1921.1205484158797,1947.08177770383,1915.942806163348,1945.8071499326081,535.0454052489963,64.48,15.0
2026-01-08 22:45:00,1945.6624685504512,1958.581260403946,1942.982107184623,1956.6885819413449,764.3176404165674,64.58,15.0
2026-01-08 23:00:00,1956.6885819413449,1956.6885819413449,1956.4979915971985,1956.4979915971985,113.05147314418097,64.58,15.0
2026-01-09 16:30:00,1956.1748514035676,2015.022123460042,1946.1240480886897,2010.3775283453729,251.15058658662238,66.06,15.0
2026-01-09 16:45:00,2010.5948297654486,2019.7002143997654,2010.500558317106,2018.8923320444223,137.6181930692064,65.99,15.0
2026-01-09 17:00:00,2018.2755237715185,2024.5235513733949,1989.7882740577272,1998.6757357929812,134.56782966403898,65.48,15.0
2026-01-09 17:15:00,1999.229490752739,2006.9201124168371,1968.6891183149307,1970.6468756018528,112.92056597187502,65.83,15.0
2026-01-09 17:30:00,1971.1598626096084,1987.272795082913,1966.1034138710108,1982.3541349417717,347.59829286979965,66.01,15.0
2026-01-09 17:45:00,1982.709565732191,1996.6124228984145,1977.5809021297787,1995.351137991069,344.13760566077326,65.54,15.0
2026-01-09 18:00:00,1995.0136523389026,2008.3031865019564,1994.9602164659902,2007.833625715634,71.29313043935602,65.61,15.0
2026-01-09 18:15:00,2007.5545641852236,2008.511480227963,1990.6236289875558,1993.3816020768936,115.60694626939328,65.58,15.0
2026-01-09 18:30:00,1994.0963345328794,1994.2864106887082,1978.4931366504904,1980.6161954811373,105.83019937345284,65.92,15.0
2026-01-09 18:45:00,1980.49483795077,1983.582968020568,1978.6317433031672,1983.5199824510648,59.22249518436777,66.04,15.0
2026-01-09 19:00:00,1983.9274794155235,1984.5819154170274,1982.0386241210633,1984.1418922448222,155.55018566906273,66.46,15.0
2026-01-09 19:15:00,1983.8115409142395,1984.6505903605964,1959.2940982170926,1960.1234120710021,68.73019343701391,66.57,15.0
2026-01-09 19:30:00,1960.4439860420518,1963.9911131106116,1960.3180663904122,1963.9882259235978,90.25554834743448,66.48,15.0
2026-01-09 19:45:00,1963.8718462939269,1963.92979993221,1953.2794034003757,1953.3834349198905,98.31274722396985,66.61,15.0
2026-01-09 20:00:00,1953.1588838758155,1954.6988566104321,1943.9888335608382,1945.5713318880707,166.1505600042308,66.6,15.0
2026-01-09 20:15:00,1945.3977125631252,1961.170544193462,1945.0348006311565,1958.7165687358654,415.3144239663215,66.67,15.0
2026-01-09 20:30:00,1958.6168021077137,1971.5860396934697,1958.1172100374658,1971.1035130842429,181.20401658918234,66.69,15.0
2026-01-09 20:45:00,1971.2021441739278,1971.4567285351072,1958.7538610244947,1958.9332808381864,62.63124518783726,66.53,15.0
2026-01-09 21:00:00,1958.9663673812051,1960.4552950522727,1950.9905948132193,1955.8724950227445,368.6001134579091,66.89,15.0
2026-01-09 21:15:00,1955.5243351951494,1957.7935674802295,1954.535373342699,1956.19827822985,300.97616899058545,66.82,15.0
2026-01-09 21:30:00,1956.1840628643006,1988.726276969585,1955.1923952050163,1986.5390984369312,256.57995410057697,66.37,15.0
2026-01-09 21:45:00,1986.2967456130616,1986.4661511783224,1981.8138070865964,1981.860934366855,178.4017643940555,66.35,15.0
2026-01-09 22:00:00,1982.0041491813906,1982.6951959639425,1976.3889763660275,1976.9045690938608,181.61549345264916,66.28,15.0
2026-01-09 22:15:00,1977.220024809432,1999.7214669334853,1976.4168229035192,1997.1423038384708,313.00557578635187,66.14,15.0
2026-01-09 22:30:00,1997.1369746885994,1998.8581307318796,1992.2316748814314,1992.7986354199638,398.0286121160016,66.11,15.0
2026-01-09 22:45:00,1992.9483278638595,2006.027986759723,1992.917133455641,2003.5445024798948,1591.067492068084,65.7,15.0
2026-01-09 23:00:00,2003.5445024798948,2003.5445024798948,2002.1856064729652,2002.1856064729652,310.9273626880093,65.7,15.0
2026-01-12 16:30:00,2002.0085744998792,2004.634941208789,1995.589390267307,2000.0318228209294,122.27600302924162,66.58,15.0
2026-01-12 16:45:00,1999.401428075046,2001.8749325602469,1954.8531540293332,1956.2201790172546,87.22754396408389,66.28,15.0
2026-01-12 17:00:00,1956.8891894098779,1964.6107125463232,1902.3047245836356,1907.3235735278427,82.63918543908513,65.66,15.0
2026-01-12 17:15:00,1906.6634256248003,1934.562981066148,1906.6384412914613,1929.673517324025,77.25219309781983,66.07,15.0
2026-01-12 17:30:00,1929.5775674961824,1932.9957838775058,1928.792475711519,1931.8947476932476,161.32429608297844,66.37,15.0
2026-01-12 17:45:00,1931.6345012232077,1933.1640770156225,1924.6495070283029,1925.2004736485544,68.88757129874507,66.01,15.0
2026-01-12 18:00:00,1924.8658015274552,1927.4804231037483,1910.4655329214413,1915.4970534387248,119.03828536558477,66.34,15.0
2026-01-12 18:15:00,1915.4440500627493,1917.094261091248,1912.2146936571564,1916.0482373455213,198.3274944486632,66.46,15.0
2026-01-12 18:30:00,1916.1531346036106,1919.0266567024933,1916.0210521789077,1918.903586170729,149.82537427211054,66.48,15.0
2026-01-12 18:45:00,1919.1847876993738,1929.958291055104,1918.1002590648939,1929.3445986317356,119.01570434227584,66.47,15.0
2026-01-12 19:00:00,1930.1003512081184,1930.2091380696957,1841.3309483962412,1848.0188618232612,311.2534603803673,65.93,15.0
2026-01-12 19:15:00,1848.2220287227346,1851.2504492605146,1832.09521390187,1834.5777923916376,310.02187742815977,66.16,15.0
2026-01-12 19:30:00,1834.4712828978813,1840.7169485036704,1832.5605945217374,1839.6659368219046,88.06084605095421,66.0,15.0
2026-01-12 19:45:00,1839.0662780452574,1843.3933519491577,1838.6112542117833,1843.142159260729,53.036996216509145,66.11,15.0
2026-01-12 20:00:00,1843.2356654123219,1849.1997916422433,1842.2542664966907,1849.1722084365297,70.74453054185663,65.93,15.0
2026-01-12 20:15:00,1848.4958966566649,1860.555273259612,1847.8236955466912,1857.0288121631927,104.32249761944891,66.16,15.0
2026-01-12 20:30:00,1856.4785022041876,1860.11524715437,1855.164030448319,1858.8719656256003,103.11505386308971,66.43,15.0
2026-01-12 20:45:00,1858.8496942071063,1860.1263615389983,1858.3148081450133,1859.4880035121428,69.14992013751498,66.45,15.0
2026-01-12 21:00:00,1859.5300592380643,1863.8356143626593,1859.0645296559471,1861.6734183058827,106.42763883307747,66.52,15.0
2026-01-12 21:15:00,1861.5108938968733,1878.2818136484368,1861.2992496365196,1877.5890101344423,92.38163366401018,66.19,15.0
2026-01-12 21:30:00,1878.0446251697015,1878.2222202432044,1871.2136629934166,1871.3009568090401,140.20767990930952,66.07,15.0
2026-01-12 21:45:00,1871.4968317610085,1876.994407185664,1869.8172856147326,1875.5549002636055,113.13170343153256,66.43,15.0
2026-01-12 22:00:00,1875.520541703503,1879.4282284530555,1875.0043191087882,1879.1165095821466,99.05418728257396,66.43,15.0
2026-01-12 22:15:00,1879.3662510417166,1894.3610563269501,1878.3863493954063,1892.5171444213697,139.89144051891068,66.51,15.0
2026-01-12 22:30:00,1892.7161697852423,1893.5511295592805,1892.3568730221314,1893.048564384483,161.8250166798902,66.48,15.0
2026-01-12 22:45:00,1893.1409009912197,1903.138892338341,1893.1388672093055,1901.997723654787,413.51599672870293,66.55,15.0
2026-01-12 23:00:00,1901.997723654787,1903.9360257847761,1901.997723654787,1903.9360257847761,145.23235332920083,66.56,15.0
2026-01-13 16:30:00,1902.7697867928543,1911.8461478409306,1889.0538040837373,1911.3902027654035,337.51080397818333,68.06,15.0
2026-01-13 16:45:00,1909.7651130065483,1910.4843406874927,1896.734201083357,1899.3187782224095,160.39461051897277,67.31,15.0
2026-01-13 17:00:00,1899.3034955599594,1899.379820690209,1897.1233595563547,1898.3524231644678,359.9436177233004,67.49,15.0
2026-01-13 17:15:00,1898.0519874288373,1900.0348915040672,1896.4847837705033,1896.9970652039017,239.49843641299648,67.37,15.0
2026-01-13 17:30:00,1896.8261927522171,1920.8532888290717,1893.756346044873,1917.713267159862,140.0348094089312,67.69,15.0
2026-01-13 17:45:00,1917.8126837360894,1921.1539668807968,1915.9376153960168,1921.0988578767224,379.2868988211552,67.48,15.0
2026-01-13 18:00:00,1920.5102618826272,1925.0712401317196,1915.6063085508017,1923.7375004210394,79.49592272888681,67.28,15.0
2026-01-13 18:15:00,1922.9072076766206,1925.942237234935,1894.127856168879,1896.3050492311193,176.25698312703992,67.04,15.0
2026-01-13 18:30:00,1896.208370336873,1897.1378484092224,1890.7009034382438,1891.0448968597918,98.9566290027847,66.95,15.0
2026-01-13 18:45:00,1890.9942434805569,1973.57419417298,1890.9812911565543,1966.0772472906901,218.46412602931164,66.52,15.0
2026-01-13 19:00:00,1965.7265865674567,1967.4957197989302,1959.386124179652,1959.5499789875553,252.8869404200224,66.26,15.0
2026-01-13 19:15:00,1959.4181122460104,1962.3879393249374,1942.5787031365571,1944.5100486831832,204.47133283514785,66.08,15.0
2026-01-13 19:30:00,1943.0807118291389,2046.9736256217006,1932.2770359212761,2042.874123658686,375.1373591080089,64.9,15.0
2026-01-13 19:45:00,2042.1061618915671,2046.2178373701036,2039.843919076361,2045.1461727068183,117.40298546119342,64.83,15.0
2026-01-13 20:00:00,2044.653166868248,2060.282769082347,2036.498972397371,2058.3666464249195,173.042616031695,64.33,15.0
2026-01-13 20:15:00,2058.2514405460274,2060.202429284087,2052.0604646655756,2055.09235458311,162.07692501006778,64.72,15.0
2026-01-13 20:30:00,2054.8522435527684,2059.087699245532,2042.8604051378886,2048.4507287095457,208.3044192154288,65.5,15.0
2026-01-13 20:45:00,2048.4886390175798,2048.9343306564047,2042.2505811988804,2044.370770849706,161.80058047757007,65.61,15.0
2026-01-13 21:00:00,2044.5794043164565,2047.1384301949247,2014.555516685975,2019.5541078427457,116.06789179820431,66.04,15.0
2026-01-13 21:15:00,2019.7202650651261,2021.495876361138,2016.504068651077,2017.495720757826,89.93301220829758,66.11,15.0
2026-01-13 21:30:00,2017.2741681873008,2022.4205695297662,2013.8087609206627,2020.8020044500495,117.06831239813071,66.28,15.0
2026-01-13 21:45:00,2020.017167468938,2057.36753914391,2019.9493623283745,2054.5371633874493,193.8939967564357,66.52,15.0
2026-01-13 22:00:00,2055.0761657325124,2055.8646310971235,2052.0121221355785,2054.571821661463,239.68942421313784,66.72,15.0
2026-01-13 22:15:00,2054.7760494514373,2056.835587781822,2002.2830955376337,2004.642990105379,211.65755906725448,66.45,15.0
2026-01-13 22:30:00,2004.3597275214913,2005.1034463098742,2000.5049977799263,2001.3278786679307,403.8109765213341,66.3,15.0
2026-01-13 22:45:00,2001.4367633774702,2040.4382678239676,1999.5163589688193,2040.112421755971,872.4397768727542,66.38,15.0
2026-01-13 23:00:00,2040.112421755971,2040.112421755971,2037.659314027347,2037.659314027347,237.35670178695324,66.36,15.0
2026-01-14 16:30:00,2040.4262407879737,2046.8923620465862,1989.5594695943419,1991.090236278513,172.68099257598175,66.82,15.0
2026-01-14 16:45:00,1991.185841752992,2000.0633789388808,1988.3261005800923,1998.3281466297376,145.46972552549715,66.78,15.0
2026-01-14 17:00:00,1998.7660889277593,1999.2504367356269,1984.051664706538,1986.1810659441023,183.9130843272915,66.79,15.0
2026-01-14 17:15:00,1985.4888881422125,1989.1452260308804,1951.7700290617277,1954.4839537605214,450.5059150703503,66.41,15.0
2026-01-14 17:30:00,1954.459604314013,1959.9216384038027,1946.8169565803446,1948.0623623212562,271.79398665937066,66.69,15.0
2026-01-14 17:45:00,1947.9203576659727,1951.1986834152901,1947.6992308657736,1950.9893234284852,135.14487441232524,66.83,15.0
2026-01-14 18:00:00,1951.2652186110658,1954.1328224823872,1895.3178928004058,1900.4002300896614,198.34278926251378,67.43,15.0
2026-01-14 18:15:00,1901.2368443902942,1903.999558069916,1880.7800526382493,1884.155554250188,263.1831418080849,67.93,15.0
2026-01-14 18:30:00,1884.2455885780457,1888.0166020449674,1882.9482539670169,1885.0093934732724,196.03716227735208,67.65,15.0
2026-01-14 18:45:00,1884.5920531936977,1885.143076994875,1876.3565728380725,1878.9806232442456,222.85300523928504,67.37,15.0
2026-01-14 19:00:00,1878.5521876961395,1885.9189198383244,1876.0464319282903,1885.8444637289538,87.12457200904174,67.26,15.0
2026-01-14 19:15:00,1886.1409483040172,1887.3063531083221,1879.9746378138202,1880.4650684533726,151.68312480679919,67.28,15.0
2026-01-14 19:30:00,1880.6011846876675,1891.4942275297115,1879.3235866295186,1889.6463576873787,77.25448283595482,67.22,15.0
2026-01-14 19:45:00,1889.7365754082462,1890.6854296612132,1881.9452190212858,1882.6515748237448,84.31604915489365,67.13,15.0
2026-01-14 20:00:00,1882.5022319738944,1914.3707336671841,1877.7618914280033,1914.0064737172827,112.475659497935,67.5,15.0
2026-01-14 20:15:00,1914.0774367474844,1914.833270828518,1897.1076695050895,1899.7549998094014,62.25397536605439,67.6,15.0
2026-01-14 20:30:00,1899.5667418266007,1899.8464959556181,1893.5781047042183,1893.9885686234584,118.35096604781742,67.56,15.0
2026-01-14 20:45:00,1894.0624248975946,1900.9488087358375,1892.9415465417646,1900.35998959373,130.00784808008905,67.72,15.0
2026-01-14 21:00:00,1899.7748370354223,1935.658572690509,1899.0230525479592,1934.8245905072704,234.00363799234412,67.99,15.0
2026-01-14 21:15:00,1934.679910596521,1943.1741212526194,1932.1259215382804,1942.7836673133013,211.15442481701845,68.29,15.0
2026-01-14 21:30:00,1942.5656604525761,1952.4886790825856,1941.2163865266457,1950.8656107698541,281.45902605231413,68.3,15.0
2026-01-14 21:45:00,1949.8300647160215,1954.9574260964557,1948.3687805775546,1952.5490093684155,325.43918271268944,68.4,15.0
2026-01-14 22:00:00,1952.4277444654597,1952.9325013417601,1937.4166035175665,1939.7075218198315,231.122270720295,68.34,15.0
2026-01-14 22:15:00,1939.4693904816659,1939.6253849275863,1934.179569709732,1935.567583845709,371.50305895746044,68.27,15.0
2026-01-14 22:30:00,1935.500699036277,1937.2607858316385,1921.7267934596907,1922.1006902902877,464.72004847357346,68.19,15.0
2026-01-14 22:45:00,1922.1012744967386,1924.7900179018009,1909.1345218942881,1909.4385205650674,1024.0818261292095,68.42,15.0
2026-01-14 23:00:00,1909.4385205650674,1911.3379859301003,1909.4385205650674,1911.3379859301003,171.31011684089992,68.4,15.0
2026-01-15 16:30:00,1911.851395296558,1912.9990354304355,1844.228089722727,1846.541177660151,482.0094967317839,68.77,15.0
2026-01-15 16:45:00,1846.8067210809256,1857.2261889938543,1845.1994464669672,1856.8882152214371,392.4513491538472,68.35,15.0
2026-01-15 17:00:00,1857.3293833121304,1858.9345524279186,1815.8522811181867,1822.5929349586372,222.04702664876282,69.0,15.0
2026-01-15 17:15:00,1822.9901913983374,1834.637494317597,1820.8054851974398,1832.8790878676746,280.6919785741179,69.08,15.0
2026-01-15 17:30:00,1833.0331352981586,1834.5515537173133,1829.3874048715973,1830.0087073095335,363.62700849268805,68.9,15.0
2026-01-15 17:45:00,1830.2624580026743,1893.8969577708792,1817.8517670874605,1886.6423748773666,372.378413412992,69.7,15.0
2026-01-15 18:00:00,1886.8760236354958,1894.4307108030093,1886.7184867659378,1894.0320878554348,235.17216001903793,69.77,15.0
2026-01-15 18:15:00,1893.3634990711719,1911.1570014100812,1892.9474126681243,1908.7404048876033,362.8029696224824,69.69,15.0
2026-01-15 18:30:00,1909.5152209110731,1911.4767352937236,1899.979325818488,1900.582961874719,410.0046468028056,69.66,15.0
2026-01-15 18:45:00,1901.0041195517008,1904.2717374254364,1900.1421144854498,1904.1920861787441,133.9707969554676,69.73,15.0
2026-01-15 19:00:00,1904.2335038071453,1905.8237224813936,1899.0253137622385,1899.9474519117496,173.52012084269964,69.75,15.0
2026-01-15 19:15:00,1899.6030596649173,1899.707330174216,1898.5524881694735,1898.6465865877303,226.64471851037283,69.72,15.0
2026-01-15 19:30:00,1898.8389771545342,1900.6443968268054,1898.1811764860508,1899.405762047221,89.6385976463703,69.67,15.0
2026-01-15 19:45:00,1899.141054657963,1900.6198327938562,1890.3766417987765,1891.0113724640767,264.13888262525387,69.55,15.0
2026-01-15 20:00:00,1891.198056535574,1891.3422423727127,1879.2085522870316,1880.5901963286217,146.92977924932669,69.88,15.0
2026-01-15 20:15:00,1880.168754361239,1880.440131234551,1865.2079302170637,1865.3667890129232,171.91606329805597,69.68,15.0
2026-01-15 20:30:00,1866.49926020138,1868.8953433738225,1827.5159329243977,1828.5379999277166,260.23718392071214,70.13,15.0
2026-01-15 20:45:00,1828.2017713643143,1828.653830038876,1823.137764351783,1824.4796047491068,256.83091263387956,70.15,15.0
2026-01-15 21:00:00,1824.5176189736542,1846.9821802687954,1823.891206525261,1844.586845320738,339.7003145734862,70.5,15.0
2026-01-15 21:15:00,1843.484897173323,1844.9647685302618,1812.479131421889,1816.2485084614636,435.041139465761,70.17,15.0
2026-01-15 21:30:00,1816.2358403111948,1817.3780987120474,1804.9946464635188,1805.4038936189659,425.2940755673064,70.08,15.0
2026-01-15 21:45:00,1805.2236243691723,1840.8760294586139,1803.4739489588842,1836.9858732901741,318.8609227881904,69.83,15.0
2026-01-15 22:00:00,1837.2509884579515,1839.3962471476766,1834.145412818651,1836.6233107239918,268.53257331681965,69.91,15.0
2026-01-15 22:15:00,1836.4925865609805,1846.4889176801444,1836.3286638911816,1845.0644798912717,287.77337304859583,69.95,15.0
2026-01-15 22:30:00,1845.4988541298708,1863.49214741706,1845.1192124630156,1859.8996733650456,528.3057121761741,70.17,15.0
2026-01-15 22:45:00,1859.4981283879974,1873.3402614973104,1857.4969890546918,1871.626813677022,1619.075778092116,69.93,15.0
2026-01-15 23:00:00,1871.626813677022,1875.3338905807348,1871.626813677022,1875.3338905807348,130.70726140183868,69.96,15.0
2026-01-16 16:30:00,1874.8065507862639,1878.5267081696902,1850.3192059728622,1851.2104075620082,419.86146707617473,68.48,15.0
2026-01-16 16:45:00,1851.6305459631099,1852.4190798305585,1801.4109036353154,1806.1926401187507,322.90897732013616,68.69,15.0
2026-01-16 17:00:00,1806.4580883101567,1879.776575850519,1804.3876533138748,1877.9314726589148,402.49037849687926,68.96,15.0
2026-01-16 17:15:00,1878.2835287217174,1879.6319229789344,1851.0775911784683,1852.3845251731818,379.4017833857192,68.94,15.0
2026-01-16 17:30:00,1852.59659470953,1856.8455626326638,1816.5363572559481,1822.8854662612362,402.14223086395884,68.54,15.0
2026-01-16 17:45:00,1823.1307437490298,1823.746846023433,1810.7906338652547,1814.2444222623085,239.51837788345574,68.66,15.0
2026-01-16 18:00:00,1814.0351003997378,1815.5405488495646,1805.8683284513459,1806.186152280171,152.51988761762482,68.63,15.0
2026-01-16 18:15:00,1806.313874908288,1830.0387674351496,1804.4037943951002,1828.0145035375153,172.91653062386123,68.68,15.0
2026-01-16 18:30:00,1828.7132295321314,1876.2598959627517,1827.9513489354586,1873.6171628640514,328.66957259255486,69.03,15.0
2026-01-16 18:45:00,1873.2611064668656,1873.8877145516901,1871.2713252870167,1872.7408695871452,190.51078311395267,68.97,15.0
2026-01-16 19:00:00,1872.8082355717577,1873.0941428390313,1868.9631707053852,1869.4000242837503,93.52715049295712,68.98,15.0
2026-01-16 19:15:00,1869.5076014296606,1869.8934593779504,1857.7516779704688,1859.1579137957967,77.66309468401066,68.9,15.0
2026-01-16 19:30:00,1859.6069537634407,1861.1279286234462,1858.0328443052342,1858.9278361767463,118.75217903659268,68.74,15.0
2026-01-16 19:45:00,1859.1047956906884,1861.7704715487753,1856.8471981905266,1861.2080246852324,158.10814006611926,68.95,15.0
2026-01-16 20:00:00,1861.2260964374404,1861.7955864500261,1860.871523388001,1861.1417459499971,167.65487948984125,69.04,15.0
2026-01-16 20:15:00,1861.2465677461475,1869.2230412807949,1859.5797027029007,1867.6595931566608,210.68616852343547,69.17,15.0
2026-01-16 20:30:00,1867.5583339706916,1873.337369888043,1867.1236993039909,1872.8261938968467,188.63330108519813,69.13,15.0
2026-01-16 20:45:00,1872.748079519862,1879.1638028080736,1871.722881400576,1879.1367949011712,142.93309054933377,69.22,15.0
2026-01-16 21:00:00,1878.598927985855,1879.25686356948,1876.5881434812147,1879.2134082394832,208.59623047125794,69.45,15.0
2026-01-16 21:15:00,1879.607358128483,1880.1027562291677,1870.2777139577838,1870.6891429356783,166.22976129292047,69.31,15.0
2026-01-16 21:30:00,1870.7559271370062,1877.793122648585,1869.4175196090569,1877.5616970849883,199.72983261477606,69.29,15.0
2026-01-16 21:45:00,1877.348120884418,1882.398324968121,1876.935512899597,1880.4968853734279,274.95661415424235,69.24,15.0
2026-01-16 22:00:00,1880.5860277172203,1893.6048417995012,1879.8272170453142,1892.3726858404348,238.48732362855827,68.97,15.0
2026-01-16 22:15:00,1892.667539373178,1902.2283754092005,1892.1152893906633,1901.3500020882764,344.1050176795998,68.82,15.0
2026-01-16 22:30:00,1901.6340578225108,1904.925939546662,1888.1001280471248,1890.0034852645188,316.76007522277115,68.99,15.0
2026-01-16 22:45:00,1889.4726570930848,1890.9337933543081,1860.0784482805175,1860.3945855377451,818.2478675186436,68.67,15.0
2026-01-16 23:00:00,1860.3945855377451,1863.9596465940076,1860.3945855377451,1863.9596465940076,237.99939612198526,68.67,15.0
2026-01-20 16:30:00,1864.613269652049,1873.9339116387182,1786.656120610149,1794.2792379582224,230.43538592275158,67.38,15.0
2026-01-20 16:45:00,1793.6401655283566,1820.4093221441303,1791.3877433141927,1820.1452560307127,280.57105626462027,67.47,15.0
2026-01-20 17:00:00,1820.488184645806,1834.0998441345862,1817.3076180656235,1833.5984446113628,689.0160475759333,67.73,15.0
2026-01-20 17:15:00,1834.0314537250872,1862.8833418144343,1831.9064642585931,1859.1003474743804,136.44131566728396,68.15,15.0
2026-01-20 17:30:00,1859.9382275615503,1881.8464845104334,1854.6177879994955,1877.6295696322024,241.04241700316314,68.73,15.0
2026-01-20 17:45:00,1878.5909949794743,1886.0546217964873,1875.9981466587842,1883.6344006934153,96.690327041716,68.55,15.0
2026-01-20 18:00:00,1884.1715674222162,1905.9087816052079,1882.2785848036824,1905.1655711076257,141.36986090939908,68.49,15.0
2026-01-20 18:15:00,1906.1667258595262,1925.9129170269264,1902.5401972195095,1919.3245580472556,173.27577708715478,68.79,15.0
2026-01-20 18:30:00,1920.0698644143167,1925.3857536538724,1918.6341176851693,1923.6976521249321,245.72212681566378,68.96,15.0
2026-01-20 18:45:00,1924.272537856887,1948.9207889618503,1924.021603240749,1948.8989226604342,230.15750216171003,69.27,15.0
2026-01-20 19:00:00,1948.8885287853743,1952.6521604231466,1948.3654023363854,1951.999166324752,124.60760059661655,69.41,15.0
2026-01-20 19:15:00,1951.479974473249,1952.7082722243617,1947.131302841086,1950.3867585248472,244.39290449271795,69.68,15.0
2026-01-20 19:30:00,1950.9128490061928,1952.781308651187,1944.2449687525393,1944.4607750933305,140.32744153799067,69.61,15.0
2026-01-20 19:45:00,1944.479454169834,1952.4280436807953,1943.9603546666249,1951.7268049449456,197.9874687464784,69.38,15.0
2026-01-20 20:00:00,1952.2346072885873,1975.2369307684864,1949.8788674879036,1972.3666179795862,100.26274390172816,69.51,15.0
2026-01-20 20:15:00,1972.3024743221372,1972.6084511374715,1971.268636695637,1971.8278668590103,79.50805601559381,69.41,15.0
2026-01-20 20:30:00,1972.2568821460493,1996.063962807179,1970.438712722157,1994.6107566810847,179.41530487199495,69.56,15.0
2026-01-20 20:45:00,1993.4189342195675,1995.364325059449,1954.9760222679472,1956.5835393788284,225.6389833672641,69.2,15.0
2026-01-20 21:00:00,1956.4748030512937,1958.155294907472,1954.6039200039388,1957.7549954697286,320.9568868808065,69.33,15.0
2026-01-20 21:15:00,1957.7268382893867,1958.781974850805,1956.879210190031,1957.977195874269,186.5322962744768,69.31,15.0
2026-01-20 21:30:00,1958.173285779591,1960.735491449841,1943.491156465353,1946.1090377564576,186.58002426821466,69.12,15.0
2026-01-20 21:45:00,1946.4271234958942,1975.1706515703331,1945.9572336490428,1974.334357217138,136.15128981138488,69.29,15.0
2026-01-20 22:00:00,1973.9285465256114,1975.136711048154,1972.0493710434243,1974.4895556215997,170.6770148022415,69.4,15.0
2026-01-20 22:15:00,1974.68537804431,1975.7274589598928,1970.961407849914,1971.5515458284667,233.21544561002284,69.57,15.0
2026-01-20 22:30:00,1971.9935099104764,1972.9641204724032,1969.3812713298757,1971.3265759433384,259.2114258581747,69.43,15.0
2026-01-20 22:45:00,1972.0475024982647,1972.2807096863887,1948.6509631398399,1950.1458891352,832.823123456125,69.57,15.0
2026-01-20 23:00:00,1950.1458891352,1951.209156403214,1950.1458891352,1951.209156403214,158.1370925021065,69.57,15.0
2026-01-21 16:30:00,1950.7855214291178,1988.7627827372114,1946.1569434573755,1985.4076274108434,166.42141917139375,69.56,15.0
2026-01-21 16:45:00,1984.8550768886805,1985.9834391323643,1969.3498904602134,1974.614230977261,145.20699270902776,69.45,15.0
2026-01-21 17:00:00,1976.0874140359444,1977.5913724863967,1946.8936840516706,1953.9734855703368,323.8051464325754,69.95,15.0
2026-01-21 17:15:00,1954.5204364939486,1997.1985531505843,1949.7259954635538,1995.4240351578044,388.6498691995639,70.63,15.0
2026-01-21 17:30:00,1995.4147201603137,2018.188931154514,1993.8897728320653,2017.3144732842363,250.2903526866541,70.79,15.0
2026-01-21 17:45:00,2016.2673989365055,2027.1740297477986,2011.5279421439259,2025.6958023078969,139.00182747491513,70.34,15.0
2026-01-21 18:00:00,2025.3405643471162,2026.2395366342448,2017.6203652491456,2018.0070029727005,235.56296639777725,70.3,15.0
2026-01-21 18:15:00,2018.180944980911,2021.4473107390943,2014.3654079043124,2014.6992646382614,115.83460031883773,70.29,15.0
2026-01-21 18:30:00,2014.785504407476,2015.1952906085567,2005.681054583303,2005.873619080658,138.58687927471152,70.16,15.0
2026-01-21 18:45:00,2005.1929874157422,2005.439995190546,1991.8871193581576,1992.7054415146886,129.54645397878687,70.17,15.0
2026-01-21 19:00:00,1992.8663320271157,1993.6893746839196,1981.6089847471278,1982.031803775662,139.0435699505901,70.05,15.0
2026-01-21 19:15:00,1981.5165632610576,1983.213006282859,1975.8190449932567,1976.2792017389106,200.3097403867903,70.26,15.0
2026-01-21 19:30:00,1976.537472631544,1976.9728111453906,1967.4047863777935,1968.690763653696,149.09004839109753,70.15,15.0
2026-01-21 19:45:00,1968.794636433638,1970.4509274620061,1943.1307380484657,1943.166051118977,383.21841772932544,70.49,15.0
2026-01-21 20:00:00,1943.0531013487062,1946.5041073204586,1942.9999922454883,1945.6053993433638,185.20424845202976,70.35,15.0
2026-01-21 20:15:00,1945.8572224179522,1950.381628312007,1944.836338856636,1950.0056313353648,140.66647363498117,70.47,15.0
2026-01-21 20:30:00,1950.1404880049238,1974.2763997279153,1949.086315478744,1973.7122420610622,111.96056011073466,70.28,15.0
2026-01-21 20:45:00,1973.9088049701304,1974.2747842956178,1969.9136571439424,1970.5833859710203,91.74564620228506,70.28,15.0
2026-01-21 21:00:00,1970.6183506493917,1976.974412908792,1970.4182448406402,1974.9827111640582,243.21797704444984,70.15,15.0
2026-01-21 21:15:00,1975.1151068861689,1994.384069801304,1973.0253531497954,1991.7284772145852,447.6356735940846,70.91,15.0
2026-01-21 21:30:00,1991.501768110613,1996.6484267701815,1987.04429673407,1989.376270092476,295.99494941203847,71.61,15.0
2026-01-21 21:45:00,1989.5657624878293,2011.2867542325866,1987.623131032109,2006.3944353413356,132.93500220717732,71.19,15.0
2026-01-21 22:00:00,2007.060180829349,2019.306105867783,2004.3323127025578,2015.7044842679638,306.16686098904614,70.97,15.0
2026-01-21 22:15:00,2015.5180122161928,2023.8467748974592,2010.1719890245015,2020.2567786219824,246.0072799768958,71.07,15.0
2026-01-21 22:30:00,2020.4147048152138,2020.7672161365083,2017.4299810027696,2017.8858521839484,367.92740605115534,71.16,15.0
2026-01-21 22:45:00,2017.5313111438109,2018.0803553492256,2013.2728769062924,2013.529157036099,1459.0858923049343,71.38,15.0
2026-01-21 23:00:00,2013.529157036099,2013.529157036099,2013.0745362988769,2013.0745362988769,197.0248488992143,71.38,15.0
2026-01-22 16:30:00,2013.2482124608964,2015.729321682505,1982.5515902559907,1988.3190875776686,121.59923991245897,71.44,15.0
2026-01-22 16:45:00,1988.5388972249411,1991.5728489217083,1969.591470112022,1972.6971859244309,129.82582888128806,71.1,15.0
2026-01-22 17:00:00,1972.6272133758628,1973.9321571110117,1946.0698163248271,1948.9708318725397,158.39501453665494,71.35,15.0
2026-01-22 17:15:00,1948.0196581009432,1961.7295690099918,1946.6886689291164,1958.442004267613,173.2630841062127,71.03,15.0
2026-01-22 17:30:00,1958.6064622839328,1984.5650387678713,1952.7255135911603,1982.572115192277,410.9917020231716,70.93,15.0
2026-01-22 17:45:00,1982.6454901956781,1984.5509698629921,1972.3270397183642,1973.0707251153096,167.4442160022491,70.83,15.0
2026-01-22 18:00:00,1972.8352657464225,1977.395924173899,1970.9194991478957,1976.8198394914784,99.72815689101974,70.88,15.0
2026-01-22 18:15:00,1976.5473244099737,1977.5167308453613,1967.8875976650677,1968.9490405567622,167.74274895003563,70.77,15.0
2026-01-22 18:30:00,1968.898224195479,1969.9599016510165,1965.1772907804414,1966.8862657820837,184.19767414980026,70.69,15.0
2026-01-22 18:45:00,1967.0869187120365,1970.3545989372358,1955.981890119572,1958.7049997528916,197.95773250749588,70.52,15.0
2026-01-22 19:00:00,1958.7933052417914,1965.7344975716962,1958.1160227538553,1965.237987615954,106.34969884576698,70.64,15.0
2026-01-22 19:15:00,1965.0886404739686,1965.6107925171925,1961.6205062372044,1962.3498441515083,206.0799042228442,70.71,15.0
2026-01-22 19:30:00,1962.3759619706223,1971.316965614084,1962.1729820744276,1970.99996917009,150.45600752982182,70.8,15.0
2026-01-22 19:45:00,1971.1785852248838,1971.441436639612,1967.8699224245806,1970.30813181539,183.48229787450322,70.86,15.0
2026-01-22 20:00:00,1969.8980509068156,1970.590868601343,1959.9323367425213,1960.449818748144,271.7315784696264,70.54,15.0
2026-01-22 20:15:00,1960.4705656546364,1961.521353309445,1943.4513431564603,1944.4057662747252,241.53499563466852,70.27,15.0
2026-01-22 20:30:00,1944.6471003969036,1947.2944126335206,1943.2691673517563,1946.6143648663221,191.1958548938179,70.15,15.0
2026-01-22 20:45:00,1946.2630942618964,1956.1269887229773,1946.1410504460111,1955.8906941830198,196.5192173247708,70.0,15.0
2026-01-22 21:00:00,1956.1233504832312,1960.3775981164426,1955.7082721274594,1958.2547413764696,253.75519765965507,69.91,15.0
2026-01-22 21:15:00,1958.8381292964161,1990.728033443576,1957.7815367172147,1988.2292129903153,194.2427881121868,69.84,15.0
2026-01-22 21:30:00,1988.1797642157276,2000.079635446031,1987.8173110214875,1999.7324920764327,105.15081051940136,69.82,15.0
2026-01-22 21:45:00,1999.6525253902614,1999.8120743779225,1995.6769931384435,1995.743282447961,170.01254871871504,69.68,15.0
2026-01-22 22:00:00,1996.170241285917,1996.858453785845,1989.928718084017,1991.561066309272,549.463948015921,69.81,15.0
2026-01-22 22:15:00,1991.5137283120905,1995.709631142428,1991.1779903228005,1995.247647740839,347.89394443543705,69.73,15.0
2026-01-22 22:30:00,1994.5245038942815,1996.017944219651,1983.491641545552,1984.347896918441,558.1910067049481,69.56,15.0
2026-01-22 22:45:00,1984.29450386656,2010.2638519474972,1977.2896337339762,2008.1303437962897,1523.401621831454,69.65,15.0
2026-01-22 23:00:00,2008.1303437962897,2008.1303437962897,2007.4710325639978,2007.4710325639978,173.3829215760132,69.65,15.0
2026-01-23 16:30:00,2008.0357026889494,2009.55655376304,2004.04844077693,2006.23508446945,89.85606988562103,68.55,15.0
2026-01-23 16:45:00,2005.8244767345602,2020.9685434628605,2005.3588185809856,2018.4862366404554,113.83792077695082,68.74,15.0
2026-01-23 17:00:00,2018.3632965330307,2043.2756640461232,2017.3552015804642,2042.9291251623492,92.68670580056502,68.29,15.0
2026-01-23 17:15:00,2043.591669121082,2048.4820890733936,2043.3473110904868,2048.156001246405,90.09303072941832,68.71,15.0
2026-01-23 17:30:00,2048.1318407277154,2048.69189269521,2040.3054580537273,2041.9550204310463,88.34196295677644,68.36,15.0
2026-01-23 17:45:00,2041.4042211538156,2060.684898542778,2040.2660228231343,2058.879384269639,122.46214542352192,68.21,15.0
2026-01-23 18:00:00,2059.5876052430003,2075.4236043071774,2057.1280040071624,2075.3512559064643,253.3605637761094,68.02,15.0
2026-01-23 18:15:00,2075.2945327461734,2076.4738812478054,2067.8941006855666,2069.8477137748187,156.11682206454842,68.11,15.0
2026-01-23 18:30:00,2070.1599310865518,2070.5984972556716,2068.4492018173096,2068.689773539664,116.1595849272689,68.34,15.0
2026-01-23 18:45:00,2068.053906659527,2070.2825052171524,2066.6691304115943,2066.7278148173687,134.53680816360557,67.99,15.0
2026-01-23 19:00:00,2066.6996087935577,2068.173164177057,2065.176355787824,2066.345151428814,68.49601468828554,67.89,15.0
2026-01-23 19:15:00,2066.518004336878,2067.6414345226294,2044.0103334404603,2045.5683911095257,97.7401776420706,67.73,15.0
2026-01-23 19:30:00,2045.5434573978282,2046.5639930558746,2025.7557286551148,2026.9142348719283,97.41132295624685,67.69,15.0
2026-01-23 19:45:00,2026.6509731596493,2027.0338860509964,2015.2119414796402,2016.7635688613566,55.13557405466931,67.51,15.0
2026-01-23 20:00:00,2016.0806615217086,2018.8438299620177,2005.5902250929553,2006.4009896805612,145.2968227793013,67.67,15.0
2026-01-23 20:15:00,2006.739971323651,2007.0895406691066,1999.5537493462232,1999.837948078182,116.31455994774541,67.63,15.0
2026-01-23 20:30:00,1999.8721179470417,2002.6125826955126,1998.6337588109116,2002.4879393362557,106.04522096723532,67.67,15.0
2026-01-23 20:45:00,2002.7723239093486,2003.8203139214609,1999.8820557257218,2000.4218113451418,103.03478385801733,67.72,15.0
2026-01-23 21:00:00,2000.8056131276398,2001.1955845269656,1999.5434712820531,2001.0065884971707,98.06834973355956,67.5,15.0
2026-01-23 21:15:00,2001.1077847092997,2001.7150954146218,1992.7599830166112,1992.8471997377897,61.891210118828916,67.55,15.0
2026-01-23 21:30:00,1992.7790957416441,1992.7948276849465,1987.827680936957,1987.9073759518515,101.16186857520043,67.45,15.0
2026-01-23 21:45:00,1987.9852265758493,1991.7891770848837,1986.7882208684634,1991.3763897205552,104.5733093027481,67.53,15.0
2026-01-23 22:00:00,1992.3934858922985,2010.6701482250712,1992.03832581429,2009.6499324223084,232.7818799084555,68.01,15.0
2026-01-23 22:15:00,2009.6789613234002,2011.762866418483,1998.5501118197321,1998.6002684435562,183.12329355444248,67.91,15.0
2026-01-23 22:30:00,1999.4265108612924,2003.3677374738252,1999.0708275224472,2001.9170656271685,267.90609197218197,68.12,15.0
2026-01-23 22:45:00,2001.6151686030478,2018.2438471180276,2001.461341293735,2017.706222728569,889.2653691358324,68.17,15.0
2026-01-23 23:00:00,2017.6891943787498,2017.7125544355645,2016.3521019103507,2016.3684808640269,281.16654588805886,68.16,15.0
2026-01-26 16:30:00,2017.509775795669,2024.3421812472748,1980.045802658765,1982.6795759109145,246.5653219680042,67.72,15.0
2026-01-26 16:45:00,1982.15900463372,1983.0248265273067,1974.8769507488446,1978.1824745050449,67.13838752191535,67.7,15.0
2026-01-26 17:00:00,1978.7887631002975,1980.3732319820942,1976.2938410092943,1977.7395276142336,107.80892225715087,67.52,15.0
2026-01-26 17:15:00,1978.2213673170445,1978.6914131878405,1975.3117377579613,1977.5215426202021,102.98502468551916,67.8,15.0
2026-01-26 17:30:00,1977.8411878900192,1978.8251758722618,1976.5740446302116,1976.7330516774707,112.03867186909663,67.74,15.0
2026-01-26 17:45:00,1977.0048494824264,1977.8426227871128,1958.1250339536714,1960.911119179677,98.32952860170326,67.82,15.0
2026-01-26 18:00:00,1960.6865014826326,1961.6951455330814,1950.699645064438,1952.0419095817947,188.10484869791517,67.73,15.0
2026-01-26 18:15:00,1951.7078139576065,1952.0310099530811,1951.1950306646263,1951.9797316109095,112.40248816345513,67.79,15.0
2026-01-26 18:30:00,1952.5501725302752,1954.241292993212,1951.518107480687,1951.9944789727595,171.75520106811328,68.03,15.0
2026-01-26 18:45:00,1951.660770753124,1953.2904942014727,1947.207356832021,1947.3495254763188,113.56612567384832,67.93,15.0
2026-01-26 19:00:00,1948.3740188738961,1948.481148276788,1937.225415641726,1940.1386435178474,259.38285860986355,67.39,15.0
2026-01-26 19:15:00,1940.3799035162344,1944.5435733624308,1939.9226304671042,1943.2590888016766,240.3403129395195,67.59,15.0
2026-01-26 19:30:00,1943.2429278718666,1951.2643873570817,1942.63373432436,1950.9503998690075,364.3232485595681,67.58,15.0
2026-01-26 19:45:00,1950.9925591324375,1951.6726458230846,1950.8067183766798,1951.1501831118146,101.8233237804048,67.57,15.0
2026-01-26 20:00:00,1951.2537271914093,1954.6256194558878,1950.3761306340423,1954.4508185730308,209.08228693447148,67.49,15.0
2026-01-26 20:15:00,1954.3993401273287,1955.0955036677096,1949.8967476816767,1951.4477256803204,110.15791906633035,67.71,15.0
2026-01-26 20:30:00,1951.764992708932,1957.7924950623255,1951.5886804183751,1955.968727401654,122.8857043251462,67.6,15.0
2026-01-26 20:45:00,1956.2636198482664,1959.225012117432,1956.0603155543786,1958.9357505486864,140.41130358497946,67.54,15.0
2026-01-26 21:00:00,1958.9604932847583,1964.6915032469242,1957.4511642254024,1964.2807054262444,131.6502671717632,67.53,15.0
2026-01-26 21:15:00,1964.1789755408272,1969.9921021977634,1962.2662681370527,1969.3469519211835,135.85399306041995,67.59,15.0
2026-01-26 21:30:00,1969.692930562407,1978.611713112909,1969.1447379049594,1976.7583235222307,131.71904600962776,67.82,15.0
2026-01-26 21:45:00,1976.3082306082472,1977.7222046918498,1975.5831046951112,1976.4144427180142,174.04781259793907,67.9,15.0
2026-01-26 22:00:00,1976.522632721136,1980.3479770370116,1976.017468830533,1979.160498466578,185.58946617595396,67.99,15.0
2026-01-26 22:15:00,1979.3250807054235,1986.418206611241,1978.8380097422312,1986.2834073724284,226.55217148034032,67.79,15.0
2026-01-26 22:30:00,1986.063957045306,1986.8174227574982,1979.661062749386,1979.975000291285,329.7056325694541,67.85,15.0
2026-01-26 22:45:00,1980.3568095074827,1981.1748020384857,1966.3960946089317,1968.8370725739762,1187.4453288595869,67.58,15.0
2026-01-26 23:00:00,1968.8370725739762,1969.271077316573,1968.8370725739762,1969.271077316573,181.8538200742262,67.63,15.0
2026-01-27 16:30:00,1968.889414921144,1980.9570545737042,1964.833981615197,1978.5862002119375,142.89260762375085,67.43,15.0
2026-01-27 16:45:00,1979.2292564153865,1985.383955676162,1958.8911117108246,1960.7126903627686,248.07813631811499,67.79,15.0
2026-01-27 17:00:00,1960.2985119159323,1962.3490298366505,1958.5515616388702,1961.590144865179,114.1817372485366,68.01,15.0
2026-01-27 17:15:00,1962.1427934013198,1963.9761091016758,1960.2588258252142,1961.6954892302444,173.4553441672333,68.28,15.0
2026-01-27 17:30:00,1960.4560852039428,1961.897434866206,1906.8709419761492,1909.4466452164716,115.12610394917132,68.01,15.0
2026-01-27 17:45:00,1909.534445593955,1912.5232678204854,1906.5893544833614,1907.6542213960583,95.32847856714119,67.83,15.0
2026-01-27 18:00:00,1907.6714120676927,1908.9581264669334,1906.0598501564475,1906.8672525440275,261.3102449470831,67.76,15.0
2026-01-27 18:15:00,1906.7071167460172,1910.1292287928932,1905.2134488550014,1908.7262216724228,331.11517770755836,67.99,15.0
2026-01-27 18:30:00,1908.8087984723993,1922.5413842947314,1907.284581941156,1920.852677353829,155.64809778680282,67.87,15.0
2026-01-27 18:45:00,1920.8299109091847,1921.3833755244364,1907.0796138967198,1907.8427065472683,88.97290242416071,67.61,15.0
2026-01-27 19:00:00,1908.1109442200552,1908.4517650959763,1902.383536375585,1902.8469040227676,71.0358918127582,67.72,15.0
2026-01-27 19:15:00,1903.007173291906,1903.980153048668,1873.4294444747338,1876.1195982054817,135.10840125057618,67.52,15.0
2026-01-27 19:30:00,1876.1771644095913,1876.4584303213337,1875.822991517773,1876.444240568926,350.68381892523416,67.48,15.0
2026-01-27 19:45:00,1876.5401186753588,1876.7185531554123,1875.248037473878,1875.9229214070692,143.2304167388107,67.68,15.0
2026-01-27 20:00:00,1875.8328578653754,1876.4283570301152,1874.1868945339606,1874.4684241246532,124.52341125306106,67.57,15.0
2026-01-27 20:15:00,1874.4236493132828,1884.179268936939,1872.9227214668217,1884.039468902874,364.4770717632138,67.66,15.0
2026-01-27 20:30:00,1884.102596915929,1894.5740446880561,1883.651356424829,1894.353432341862,148.022564505037,67.61,15.0
2026-01-27 20:45:00,1894.3019939917488,1897.4338962668373,1893.4324024105458,1896.3917757182794,100.65274122312073,67.45,15.0
2026-01-27 21:00:00,1896.61555816736,1897.0297912483404,1896.375577746758,1896.8006890595948,190.51536455679357,67.58,15.0
2026-01-27 21:15:00,1896.811582228987,1904.2835170371159,1896.1813871333054,1904.0644165277195,307.4518318205865,67.67,15.0
2026-01-27 21:30:00,1904.207844269313,1910.030539058878,1902.0511440433959,1908.162402347148,476.9826009693283,68.0,15.0
2026-01-27 21:45:00,1907.6272915564,1908.6858438853055,1899.1577635880788,1899.2010012971605,374.3198727029397,68.07,15.0
2026-01-27 22:00:00,1899.440890310189,1899.4486274396106,1885.518046021912,1886.03529796768,504.75136356452805,68.15,15.0
2026-01-27 22:15:00,1885.8874897771304,1888.5412975553215,1885.1176471400738,1885.6652236140096,438.3352298917709,68.3,15.0
2026-01-27 22:30:00,1885.2453631110714,1900.9943671395865,1881.76765804817,1899.9600154742275,446.3510391531009,68.36,15.0
2026-01-27 22:45:00,1900.6054645982524,1935.870539980657,1900.408325045039,1934.0827708787401,1518.971929992163,68.23,15.0
2026-01-27 23:00:00,1934.0827708787401,1935.3439331073762,1934.0827708787401,1935.3439331073762,149.79410688491305,68.23,15.0
2026-01-28 16:30:00,1936.5760884293272,1938.9156111021944,1887.0607284422122,1892.2065974775433,122.71608599157005,66.96,15.0
2026-01-28 16:45:00,1892.8086323365692,1901.6374187004283,1820.5815423400702,1832.7336824429806,302.3941811693356,66.37,15.0
2026-01-28 17:00:00,1832.6744555151718,1854.5181602668372,1832.0186556339218,1848.6612527383836,380.28201738429306,66.25,15.0
2026-01-28 17:15:00,1848.545697567269,1850.4493100639831,1824.990933615289,1825.6782683362799,101.2483604977516,66.3,15.0
2026-01-28 17:30:00,1826.091078395688,1846.8570379654523,1825.0455682225722,1843.371000673782,212.87685581542414,66.71,15.0
2026-01-28 17:45:00,1843.8990561791704,1858.520939201699,1841.5911812808183,1857.7615844448524,135.99604063054312,66.25,15.0
2026-01-28 18:00:00,1857.7420758486603,1865.3926832784691,1857.174456281018,1865.0458685826536,98.3869242513789,66.19,15.0
2026-01-28 18:15:00,1866.0561508692263,1869.77483973732,1865.6208914823928,1866.8455060892534,139.30974215319785,66.59,15.0
2026-01-28 18:30:00,1866.7702309095687,1875.44957435443,1865.1212606948745,1875.417904905323,181.83147318193676,66.27,15.0
2026-01-28 18:45:00,1875.0338262804505,1881.7746708675527,1873.6909079442182,1880.951495421275,83.16829227795917,66.44,15.0
2026-01-28 19:00:00,1880.696094661396,1881.6086056527686,1877.917322190553,1878.7705283881483,215.18381562134073,66.38,15.0
2026-01-28 19:15:00,1878.2876255100196,1901.4986583198552,1876.1274542462968,1900.0758145056093,88.358771971835,66.29,15.0
2026-01-28 19:30:00,1900.0012669908754,1900.5814887623956,1898.1055411001,1898.2100980362775,81.07170257872431,66.09,15.0
2026-01-28 19:45:00,1898.1584656260686,1905.4589550827388,1897.709305212233,1905.2227771299445,109.91764931679027,65.92,15.0
2026-01-28 20:00:00,1905.3312793683606,1905.882828604671,1891.080967022434,1891.7039830196913,116.88855766588833,65.77,15.0
2026-01-28 20:15:00,1891.6964040629834,1907.536138627081,1890.3377383278707,1907.1036757072975,96.2844105037697,65.91,15.0
2026-01-28 20:30:00,1907.4432882044657,1932.3171392385866,1906.4642317961614,1932.2057630788058,127.70251911371918,66.17,15.0
2026-01-28 20:45:00,1932.2266950954297,1937.4632806410261,1930.1294077246675,1930.5588961903022,107.98338561277544,65.74,15.0
2026-01-28 21:00:00,1930.563051485509,1938.457299116598,1927.4486074211532,1936.9878714480526,128.79675354598177,65.64,15.0
2026-01-28 21:15:00,1936.7920345427017,1943.68646656552,1934.7640196279178,1942.5793071493963,96.56732501225333,65.36,15.0
2026-01-28 21:30:00,1944.4636966677615,1948.9547480252163,1902.747679884156,1913.5944956404603,472.5960974504806,65.62,15.0
2026-01-28 21:45:00,1913.1400813666612,1921.205081262341,1912.8534155924056,1919.7392453729883,206.63004090604232,65.46,15.0
2026-01-28 22:00:00,1919.835034585861,1920.4943789629033,1913.1291337405403,1913.1838728490316,99.84085359355464,65.71,15.0
2026-01-28 22:15:00,1913.1338243290159,1915.6258672531362,1905.8622453990722,1907.5402294942721,172.8308103092678,65.59,15.0
2026-01-28 22:30:00,1907.6893455248805,1917.3640421289633,1905.7614353868719,1917.0612759600638,253.9653857940888,65.61,15.0
2026-01-28 22:45:00,1917.0542126520068,1933.3231036627155,1916.3372717124535,1929.972592295408,857.7725680034883,65.55,15.0
2026-01-28 23:00:00,1929.972592295408,1930.859709122095,1929.972592295408,1930.859709122095,172.1414418094039,65.56,15.0
2026-01-29 16:30:00,1930.4443503321318,1934.8916088666956,1874.3884998657434,1881.5565618808878,596.784487512965,64.4,15.0
2026-01-29 16:45:00,1882.796761859133,1888.9557261952618,1858.811586471478,1861.168103785645,96.47366952904716,64.21,15.0
2026-01-29 17:00:00,1861.1702453717812,1888.5793196443542,1855.1508739935473,1884.2860440494728,110.22746169017769,63.73,15.0
2026-01-29 17:15:00,1885.1835537856018,1888.8054207966125,1868.5583022624605,1869.7329907631947,235.04122553476645,63.78,15.0
2026-01-29 17:30:00,1869.8830103489731,1880.154050792626,1868.3256696995927,1876.4336407269311,166.00094511979478,63.39,15.0
2026-01-29 17:45:00,1876.4426336671406,1893.352581213242,1876.004254670897,1891.411464488596,384.75128168545046,63.63,15.0
2026-01-29 18:00:00,1891.3344632735548,1892.3349510739436,1886.758952748401,1891.4753728442522,677.8041293634114,63.66,15.0
2026-01-29 18:15:00,1891.6966070578342,1907.014737577728,1887.6684734486944,1906.860957106612,231.1176573698464,63.56,15.0
2026-01-29 18:30:00,1906.7611941892699,1907.9414219881846,1906.153372978436,1906.2690955488285,213.60639634633682,63.59,15.0
2026-01-29 18:45:00,1906.3478613102309,1911.6753308106472,1904.344574447399,1906.1812348986268,161.38982423077672,64.02,15.0
2026-01-29 19:00:00,1906.182528313091,1906.5365182499825,1900.769501988963,1901.6914662325664,89.87739123320682,64.02,15.0
2026-01-29 19:15:00,1901.7983119974258,1917.080179100828,1899.7217878275644,1915.2842219113786,81.77315378482781,64.02,15.0
2026-01-29 19:30:00,1915.3584070741329,1915.45241593748,1909.8634224780244,1910.3310114555438,89.33610810124995,64.03,15.0
2026-01-29 19:45:00,1910.4247297956786,1914.8065210172367,1909.602281365763,1914.0512746790637,169.54068135361504,63.98,15.0
2026-01-29 20:00:00,1914.0985426734487,1914.3554269838453,1909.7287943089666,1911.0963416416553,209.9861068974606,63.61,15.0
2026-01-29 20:15:00,1911.3623581998777,1912.0270329604953,1904.3314492850386,1905.1696746665966,61.37940385008399,63.56,15.0
2026-01-29 20:30:00,1905.2861012567141,1906.400625123869,1898.5469831833395,1900.2256936059182,116.49098809536483,63.57,15.0
2026-01-29 20:45:00,1900.9436975991787,1915.1237868667424,1900.873574884347,1914.143029486743,179.8215179118032,63.38,15.0
2026-01-29 21:00:00,1914.1530666830986,1917.880309357649,1913.9508028120792,1917.24033614402,137.51967706632968,63.49,15.0
2026-01-29 21:15:00,1917.3521133911095,1918.2406893530851,1913.3862569633256,1913.547668931286,181.46668965922498,63.47,15.0
2026-01-29 21:30:00,1913.1629731303103,1919.9656987687126,1912.8153269964016,1919.6414351912094,245.60845963318087,63.37,15.0
2026-01-29 21:45:00,1919.9234732963057,1920.4399982167438,1916.6646655873149,1918.379361594913,153.2579170393541,63.25,15.0
2026-01-29 22:00:00,1917.9464919198908,2004.0439472439796,1911.4554706265267,2000.3589452342355,199.3237159876263,63.74,15.0
2026-01-29 22:15:00,2000.5183656643933,2003.4506654799673,1999.2289694930664,2003.3252151819504,315.7706564953543,63.88,15.0
2026-01-29 22:30:00,2003.2607663055537,2004.1958086062602,1996.6007905009185,1997.4085005382974,323.90669164548274,63.77,15.0
2026-01-29 22:45:00,1997.5521978245586,2013.9636727831285,1997.1832257920676,2013.9316433628312,917.9435862141607,63.99,15.0
2026-01-29 23:00:00,2013.9316433628312,2013.9316433628312,2011.8280706073363,2011.8280706073363,187.0071176332041,63.98,15.0
2026-01-30 16:30:00,2010.8829744185716,2015.5398359850224,2005.4162904611733,2012.65514139557,234.0301935179197,63.79,15.0
2026-01-30 16:45:00,2012.3846043919564,2083.4615031682915,2007.703604368091,2078.305832031846,134.9526186694948,63.06,15.0
2026-01-30 17:00:00,2079.122635347357,2084.9854951936045,2070.880806332352,2073.582598208373,131.59725002727353,63.3,15.0
2026-01-30 17:15:00,2073.795521693492,2077.080542532494,2040.6744282924092,2041.2192956729825,224.9246158737634,63.38,15.0
2026-01-30 17:30:00,2040.3178745994535,2043.8336104041045,2029.539124169115,2031.7588933424577,194.7957851924511,63.9,15.0
2026-01-30 17:45:00,2032.1535561313185,2048.520431274134,2030.7680623062322,2046.9746093157157,196.9912690574982,63.7,15.0
2026-01-30 18:00:00,2046.5494789224124,2053.6900554171402,2045.7946898070647,2053.0784212015137,187.2695360246683,64.07,15.0
2026-01-30 18:15:00,2053.3698831618617,2055.628502145551,2034.277737604895,2035.85009411928,149.99225523781908,63.79,15.0
2026-01-30 18:30:00,2036.0200883539703,2036.4561565883134,2026.7161347394297,2026.7381216563476,186.6014845826771,63.98,15.0
2026-01-30 18:45:00,2026.8883350868364,2029.2265316985563,2016.66590384545,2018.3279183598574,172.0198563990208,63.84,15.0
2026-01-30 19:00:00,2019.3883798396146,2023.7405161392041,2017.0324374644454,2020.3189336217808,124.58589481699433,63.36,15.0
2026-01-30 19:15:00,2020.1520931671025,2029.4962363747638,2019.1892308927074,2028.4759848919753,346.28510889958807,63.45,15.0
2026-01-30 19:30:00,2028.754305365622,2045.556034046844,2026.6160365620237,2045.5247814686356,384.70675575931597,63.74,15.0
2026-01-30 19:45:00,2046.031998359548,2048.87180858795,2045.5019773120885,2047.8818600705538,168.18595393938614,63.55,15.0
2026-01-30 20:00:00,2047.7250583135346,2049.8332064681285,2031.1654882569032,2033.4017403936741,130.05694856822012,63.63,15.0
2026-01-30 20:15:00,2033.1488532734713,2036.0234916576853,2012.0336922072943,2014.4091461498724,105.61089726340752,63.66,15.0
2026-01-30 20:30:00,2014.3056734230804,2018.6968391261494,2013.1827604077196,2018.418279604795,216.6085066283378,63.53,15.0
2026-01-30 20:45:00,2018.5283974834208,2018.812692870098,1999.4499232928788,2000.2717422914523,324.35444971715145,63.65,15.0
2026-01-30 21:00:00,1999.763552323441,2003.0761544289373,1992.0029901584505,1994.4662722593862,409.43984886032695,63.49,15.0
2026-01-30 21:15:00,1994.7934906785463,2001.245722841521,1994.6858672600551,2000.0945474208413,209.0644216878756,63.57,15.0
2026-01-30 21:30:00,1999.81097962049,2000.9052373756897,1989.5780291515082,1989.8480817141892,163.92436632675188,63.55,15.0
2026-01-30 21:45:00,1990.9445119444745,1991.8698457580576,1951.7762855292342,1959.5023088411529,576.004799352793,63.96,15.0
2026-01-30 22:00:00,1959.6710842385826,1959.7693268404155,1957.4692802501831,1958.8805994128088,312.43994946534684,64.09,15.0
2026-01-30 22:15:00,1959.4077096566327,1965.1727840154674,1958.698723665502,1964.3856043280537,214.77657478212464,64.2,15.0
2026-01-30 22:30:00,1964.6053036913058,1975.9779769279457,1961.8684675106902,1975.256858547597,283.11388007889497,64.0,15.0
2026-01-30 22:45:00,1975.1761201730505,1983.1292495199964,1972.1511239099227,1980.9189583214377,1037.0041258016774,64.09,15.0
2026-01-30 23:00:00,1980.9189583214377,1980.9189583214377,1979.8976064562876,1979.8976064562876,172.46781643455176,64.09,15.0
2026-02-02 16:30:00,1980.1330377710306,1982.083640185312,1942.0626019191884,1948.6222878391138,145.26136061862994,63.62,15.0
2026-02-02 16:45:00,1948.5966426916934,1952.2455033802962,1912.7855984828775,1914.263295772532,364.03694611439965,63.49,15.0
2026-02-02 17:00:00,1915.0048945332996,1919.5907904029916,1905.2102806110072,1905.6634000669426,154.75423299750653,63.81,15.0
2026-02-02 17:15:00,1905.4370676814658,1911.1357842843024,1905.4159530038366,1910.3625797675159,111.28930084148382,63.79,15.0
2026-02-02 17:30:00,1911.2406120743217,1920.721974509617,1909.179195706549,1918.3112322822594,116.48335667455666,64.01,15.0
2026-02-02 17:45:00,1918.5543900175212,1918.7588077307128,1904.9552733487064,1905.1002706873849,81.68803979065976,64.1,15.0
2026-02-02 18:00:00,1905.0571360430351,1906.2550083182562,1897.614477662346,1899.119677041548,128.91211987686526,63.94,15.0
2026-02-02 18:15:00,1899.576911603999,1911.1617918420645,1899.464626308149,1910.3400109134182,588.5988238140168,63.74,15.0
2026-02-02 18:30:00,1909.9665658663228,1916.6141750802326,1907.9869938599695,1914.5837296486452,240.53211747857074,64.0,15.0
2026-02-02 18:45:00,1914.6403739567108,1916.5458493340286,1901.8450369875497,1902.3484590468065,138.96784275228245,64.16,15.0
2026-02-02 19:00:00,1902.0643980215543,1924.9107545984514,1901.570763953799,1923.557577615535,122.89463611683503,64.25,15.0
2026-02-02 19:15:00,1923.9685061324794,1924.8913727310703,1921.7688861916467,1924.6906404613992,64.46271845749129,64.34,15.0
2026-02-02 19:30:00,1924.0098059254385,1936.2909396470059,1919.7590302059257,1933.7058120474671,219.5883539256268,64.69,15.0
2026-02-02 19:45:00,1933.522640372916,1936.1403300949617,1933.3145634657901,1935.8082819035617,241.18336861317673,64.65,15.0
2026-02-02 20:00:00,1935.6266790717991,1939.1829558004047,1930.4807616449118,1931.9786165107582,227.7165049787743,64.59,15.0
2026-02-02 20:15:00,1932.2448561768003,1932.4873221581104,1926.6376766750848,1926.8775095343092,114.28591826055793,64.55,15.0
2026-02-02 20:30:00,1927.0394048170072,1942.2318291533406,1925.2207894113471,1941.2596264019935,198.4404977273231,64.62,15.0
2026-02-02 20:45:00,1941.3048942082953,1953.735356680973,1938.6281582293432,1953.0640226965754,168.65094285958355,64.32,15.0
2026-02-02 21:00:00,1953.2583781024498,1959.7878123024072,1952.6098594578773,1959.3115073784302,319.6459713835509,64.41,15.0
2026-02-02 21:15:00,1959.280931506465,1963.769866439921,1959.0953632027947,1963.0499836944318,125.8026230203134,64.19,15.0
2026-02-02 21:30:00,1963.1618952396282,1964.3922471571464,1952.7898392129775,1953.4049595509791,153.50165252774985,64.27,15.0
2026-02-02 21:45:00,1954.1225939815893,1974.8335555092197,1952.8541370376727,1972.7514549352327,307.35410247275587,64.15,15.0
2026-02-02 22:00:00,1972.6861196632783,1972.9570078959114,1962.1120438045966,1963.51516769999,216.33732133840326,64.11,15.0
2026-02-02 22:15:00,1963.2228037189113,1970.9986045600297,1962.0396813337927,1968.8902344657986,329.06671547623347,64.38,15.0
2026-02-02 22:30:00,1968.9849401800925,1970.8286592846346,1956.8313038734607,1956.9654387620221,319.5504028532186,64.49,15.0
2026-02-02 22:45:00,1957.6949920357422,1959.4829632878486,1886.7413489015123,1888.439499116915,2695.383651989231,65.26,15.0
2026-02-02 23:00:00,1888.439499116915,1890.3698535287838,1888.439499116915,1890.3698535287838,262.5653887991801,65.25,15.0
2026-02-03 16:30:00,1891.9328742258674,1901.5296432563516,1853.5125828627113,1854.574564526447,245.46376639774195,66.45,15.0
2026-02-03 16:45:00,1854.239725059241,1864.6704423392384,1723.0432378777195,1724.2056993451438,266.02921656352805,64.71,15.0
2026-02-03 17:00:00,1724.303014562629,1753.693388054065,1723.6293900990336,1749.390963417212,592.0357228594534,65.17,15.0
2026-02-03 17:15:00,1749.5576763638846,1791.2638596617376,1747.730525587819,1789.2242227247077,509.1616744878617,65.04,15.0
2026-02-03 17:30:00,1789.349074041128,1814.986768948618,1787.3445270915774,1814.6669477073826,275.2011799010982,64.81,15.0
2026-02-03 17:45:00,1815.384970403569,1819.5540951406938,1814.0524387770568,1815.2223167755344,201.36443500260182,64.9,15.0
2026-02-03 18:00:00,1815.3750475464635,1819.8110396270233,1815.308775843152,1818.4885238732218,359.81269955602113,64.76,15.0
2026-02-03 18:15:00,1818.3693676140333,1837.2286714514498,1814.700851909624,1833.8313053350914,210.1592275021571,64.56,15.0
2026-02-03 18:30:00,1834.105460439716,1859.5005520521404,1831.6526615855028,1855.86076754173,262.3666619185179,64.16,15.0
2026-02-03 18:45:00,1856.4059960071531,1858.9243300430362,1852.38436894295,1852.4342013766147,322.719621825827,64.25,15.0
2026-02-03 19:00:00,1852.7705876687617,1857.305211976961,1850.4568113129817,1854.3622049994556,332.377445133981,64.04,15.0
2026-02-03 19:15:00,1854.7659153626307,1864.3223531940314,1850.2262009089125,1860.9863170318713,344.65403103164,63.71,15.0
2026-02-03 19:30:00,1860.6053222938529,1868.6655872211352,1860.5521776862008,1868.5768387379271,244.92642390728392,63.7,15.0
2026-02-03 19:45:00,1867.5467293201584,1868.8931850464407,1864.7877675931413,1868.8264995375403,303.01208767204224,63.7,15.0
2026-02-03 20:00:00,1869.2048895807905,1870.2905114341102,1866.8731241840455,1869.8494383740501,191.22355492556846,63.71,15.0
2026-02-03 20:15:00,1870.0819661625733,1897.900080498603,1866.4925944835225,1895.778249866591,236.71661092427468,63.27,15.0
2026-02-03 20:30:00,1895.768646353721,1915.6284804554678,1893.7462795730378,1915.3216655118367,114.9590267663016,63.05,15.0
2026-02-03 20:45:00,1915.5350361703208,1922.9073227977772,1915.0387579952178,1921.074095127058,146.80385731131773,63.0,15.0
2026-02-03 21:00:00,1921.6255331517452,1942.5003490110707,1920.970913932082,1940.5706392741936,157.9307422962705,63.13,15.0
2026-02-03 21:15:00,1941.1398464550714,1943.2082261126097,1932.3883471193697,1936.1926466021266,298.4213898634947,63.32,15.0
2026-02-03 21:30:00,1936.447561978178,1953.4030778074791,1936.0174743246625,1952.8217276199257,338.3830297275287,63.42,15.0
2026-02-03 21:45:00,1952.4928466893448,1963.4936224755336,1950.9255512536577,1961.5747107528673,289.7654553236285,63.66,15.0
2026-02-03 22:00:00,1961.2459037279104,2016.0063413196497,1959.8188934133236,2014.8480198053712,405.00568077548576,63.9,15.0
2026-02-03 22:15:00,2013.5582991545436,2014.5684775584018,1985.8703281818428,1985.9588363314865,563.5722370083408,63.45,15.0
2026-02-03 22:30:00,1986.4757618435578,1998.639156114007,1965.4102796452398,1969.2541288668301,597.1082396320913,64.19,15.0
2026-02-03 22:45:00,1970.2409676296709,1985.5162930681493,1965.187856502504,1985.451997521394,2138.2437896963406,64.64,15.0
2026-02-03 23:00:00,1985.451997521394,1985.451997521394,1984.3405746497967,1984.3405746497967,220.59813974221433,64.63,15.0
2026-02-04 16:30:00,1987.9551177935068,2386.4314429988203,1967.2962624147185,2374.5363219843834,1063.5280695198132,65.84,15.0
2026-02-04 16:45:00,2374.1363250193635,2393.668898766517,2304.564446999402,2313.1451715162243,703.2892978798549,67.92,15.0
2026-02-04 17:00:00,2312.6129847188736,2336.372050927981,2309.9004695552753,2335.604409793603,620.7095039450527,68.11,15.0
2026-02-04 17:15:00,2335.0184037038316,2363.0413797330593,2332.717494313402,2356.470054767567,733.6867914709256,68.31,15.0
2026-02-04 17:30:00,2356.260506126638,2384.175014924559,2355.024920953564,2382.0206110081735,668.8354425174882,68.85,15.0
2026-02-04 17:45:00,2380.0932812671836,2388.996455586286,2294.638706223119,2296.919635363299,415.4627253323181,68.34,15.0
2026-02-04 18:00:00,2299.1339610475384,2352.3554308231687,2298.3165559872236,2346.618060999601,405.2136596790195,67.52,15.0
2026-02-04 18:15:00,2345.6105747045767,2373.9049267068167,2342.443943240152,2373.1184213188985,134.79768940675112,67.93,15.0
2026-02-04 18:30:00,2373.0307183415475,2373.484475530567,2371.05351487198,2371.4242698853773,136.82973322929365,68.0,15.0
2026-02-04 18:45:00,2368.900551783802,2381.074248641778,2361.794093439673,2376.3473284646802,279.60479907600734,69.0,15.0
2026-02-04 19:00:00,2376.6458736270606,2378.659330355573,2372.130212139471,2375.8171654279904,417.3852319460925,69.42,15.0
2026-02-04 19:15:00,2375.813452195907,2380.606880862425,2349.451473167827,2355.059931424138,428.16729510836666,68.78,15.0
2026-02-04 19:30:00,2354.7688025944285,2369.7865848619726,2354.7451929810145,2367.571856855204,339.29067772429255,69.43,15.0
2026-02-04 19:45:00,2366.8403913481084,2367.4327701465736,2350.968840670108,2353.5162225305867,459.3877606262118,68.94,15.0
2026-02-04 20:00:00,2353.5181530410086,2357.795480994821,2317.928216333605,2319.148131476815,334.95874868650657,69.11,15.0
2026-02-04 20:15:00,2318.842341008739,2319.5657810074044,2287.288386283457,2289.781072593108,249.10489433628263,69.44,15.0
2026-02-04 20:30:00,2289.7390114614414,2290.2749953635366,2270.899648010574,2270.952721131843,143.6260857384886,69.27,15.0
2026-02-04 20:45:00,2272.135061401458,2276.4887026980705,2263.257085786129,2263.7155883173336,234.70608191251938,68.77,15.0
2026-02-04 21:00:00,2263.779447758057,2265.8322817649196,2250.8769504171983,2255.7540324647916,142.03725334050182,68.9,15.0
2026-02-04 21:15:00,2255.8895550326974,2258.0551107073097,2247.3190261447785,2248.879389640909,127.03103053059694,68.81,15.0
2026-02-04 21:30:00,2248.741576002063,2250.02904634053,2243.017509080245,2246.9746626719993,171.55150113291793,68.91,15.0
2026-02-04 21:45:00,2246.4759046651416,2247.7069810834046,2220.363230952042,2222.3901557093545,356.6902629481623,68.63,15.0
2026-02-04 22:00:00,2222.3809109925296,2237.6163895118602,2218.926820484187,2235.03197807334,273.3149221377948,68.39,15.0
2026-02-04 22:15:00,2237.287368858353,2240.2621519665536,2216.1730633068946,2219.445885446456,456.8416641916143,68.53,15.0
2026-02-04 22:30:00,2219.2204917754334,2226.336244680846,2195.083504118312,2200.1712490592495,456.39920757508196,68.59,15.0
2026-02-04 22:45:00,2200.3857370527685,2204.668213316755,2197.7019484391026,2204.5875147028655,1881.2693776615379,68.67,15.0
2026-02-04 23:00:00,2204.5875147028655,2204.5875147028655,2197.8267878841743,2197.8267878841743,149.23922212508901,68.67,15.0
2026-02-05 16:30:00,2194.147901163878,2199.82216144699,2140.2735251299755,2146.7022722265983,175.94903850997528,67.84,15.0
2026-02-05 16:45:00,2145.77322300889,2198.1885414946487,2145.4878059132366,2186.712008976887,226.38187040379614,68.25,15.0
2026-02-05 17:00:00,2188.982554976129,2189.6992274781624,2110.3443527628388,2115.4727924811064,383.415433432977,67.66,15.0
2026-02-05 17:15:00,2116.0027760709004,2150.467423587153,2115.822604152657,2144.5391123437707,501.59608299178916,67.22,15.0
2026-02-05 17:30:00,2145.3911641189557,2172.516653435718,2142.980307201334,2166.135917047197,354.28249923171984,66.95,15.0
2026-02-05 17:45:00,2165.8521874948506,2167.4582947304543,2151.6927639234987,2152.925464716399,176.25418582084143,67.49,15.0
2026-02-05 18:00:00,2151.1771972074307,2154.7613329978567,2145.2631045473477,2151.7985213654492,88.86987397466763,66.98,15.0
2026-02-05 18:15:00,2151.469550838106,2159.8028261063096,2150.7708343595164,2157.30810589171,299.4859562118869,66.82,15.0
2026-02-05 18:30:00,2157.5184687110554,2159.1463279015916,2138.8142022594157,2140.880135995639,334.47465489864743,66.59,15.0
2026-02-05 18:45:00,2140.983373384884,2154.07522450551,2139.638346874203,2151.9573970431916,127.8736878556662,66.95,15.0
2026-02-05 19:00:00,2151.953310001792,2152.059810938359,2136.285233924156,2136.3383586494447,233.13430912709327,66.89,15.0
2026-02-05 19:15:00,2136.0236930398037,2138.2007863688236,2123.151293089817,2123.7521636408183,259.97934200890376,67.3,15.0
2026-02-05 19:30:00,2124.289902748067,2124.3876343969223,2098.7593591059945,2099.0340932632425,69.60836618329559,66.83,15.0
2026-02-05 19:45:00,2098.8003321859974,2098.8474485994734,2097.0372407923915,2098.78865310082,166.99487762588151,66.53,15.0
2026-02-05 20:00:00,2098.8962965842043,2109.3816429436733,2095.1938284495736,2109.172318342881,263.8555859808101,66.47,15.0
2026-02-05 20:15:00,2109.240624553896,2109.93445534617,2099.8553068102206,2100.4689257491996,251.57690182718483,66.19,15.0
2026-02-05 20:30:00,2100.2736754259768,2101.6098936403955,2070.718463008633,2072.527021948754,199.2415785077373,66.32,15.0
2026-02-05 20:45:00,2072.3122235470523,2072.9237974977736,2059.251646942645,2059.5541492613766,174.14891723020546,66.32,15.0
2026-02-05 21:00:00,2059.377541631046,2063.6823878305786,2057.049979360471,2061.990172320376,173.2104025592761,66.23,15.0
2026-02-05 21:15:00,2062.48653980078,2078.669402438552,2059.3501537571883,2077.8221666803806,114.57116204102441,66.36,15.0
2026-02-05 21:30:00,2078.4233836463986,2085.320882748991,2073.827096468374,2079.9163156896966,252.17970618029136,66.04,15.0
2026-02-05 21:45:00,2080.1650151685326,2081.4478030886125,2074.3482448690143,2074.576232530741,208.7051523425458,66.28,15.0
2026-02-05 22:00:00,2074.301206366945,2081.7491804026527,2071.6538926727353,2081.386800728491,234.36347969531997,66.33,15.0
2026-02-05 22:15:00,2080.6250437841427,2081.8253391845997,2068.4532696204683,2070.5593171738665,413.9002316853322,65.96,15.0
2026-02-05 22:30:00,2071.047336499849,2074.191101289396,2059.870816553552,2061.636894054897,328.6348148117704,66.04,15.0
2026-02-05 22:45:00,2061.9245275887733,2063.434552085619,2042.2577262870047,2046.2338661848771,904.8588909777092,65.87,15.0
2026-02-05 23:00:00,2046.2338661848771,2046.2338661848771,2043.5596725235978,2043.5596725235978,103.52088774581993,65.86,15.0
2026-02-06 16:30:00,2042.915710585445,2049.646946922515,1886.8875448232793,1887.2111627024578,242.6096010922371,66.99,15.0
2026-02-06 16:45:00,1885.6908528178053,1918.2427508417659,1883.3507954821675,1913.5680605271791,118.41645198845063,66.08,15.0
2026-02-06 17:00:00,1914.1379527301265,1914.1596355609593,1900.8036976941976,1904.4529986626915,251.0693679094072,66.17,15.0
2026-02-06 17:15:00,1904.8426509611438,1904.9263089122574,1899.9423866068394,1900.2347676069082,94.40299799221121,66.03,15.0
2026-02-06 17:30:00,1899.8101849158347,1947.2453976849638,1899.2548578645874,1943.1723567341396,116.36960228340331,66.36,15.0
2026-02-06 17:45:00,1942.8652696465936,1944.6924510457627,1929.2570473172955,1931.242187920507,72.82093373926728,66.08,15.0
2026-02-06 18:00:00,1932.333761284432,1937.999624726525,1914.0791854117915,1915.4284426775248,75.9283310798475,66.82,15.0
2026-02-06 18:15:00,1915.176775579746,1918.0052371807287,1914.278425789497,1915.1464281382712,78.94167485774224,66.83,15.0
2026-02-06 18:30:00,1915.9005334895348,1926.2753991535994,1915.289222399863,1923.8175333427766,148.8149744008107,66.93,15.0
2026-02-06 18:45:00,1923.7632193270258,1928.2198492988878,1912.9540034604656,1915.1344647976182,132.86228571920174,66.66,15.0
2026-02-06 19:00:00,1915.0033806441063,1916.1347051506089,1895.8134564967309,1897.2036260656769,40.79742135995919,66.68,15.0
2026-02-06 19:15:00,1897.2103181746525,1897.9544119117334,1891.478421713037,1893.7563438518523,111.11920566044128,66.57,15.0
2026-02-06 19:30:00,1893.6252359518207,1912.1687606517542,1893.2236314126085,1910.8182391059015,51.16648451556108,66.43,15.0
2026-02-06 19:45:00,1911.0091899873735,1912.6557252626617,1910.8133867722975,1912.578139650416,116.38619002940086,66.39,15.0
2026-02-06 20:00:00,1912.6532348229691,1916.5574003194404,1912.1625874769222,1915.9911762791985,54.319637339187054,66.46,15.0
2026-02-06 20:15:00,1916.383217401984,1916.6779800722102,1913.651581306109,1916.3683279041848,120.17878252042976,66.8,15.0
2026-02-06 20:30:00,1916.4211223195723,1917.1615014395095,1910.9646604602992,1911.7868218408685,125.01323475754052,66.92,15.0
2026-02-06 20:45:00,1911.6804304707225,1929.8767429016495,1911.546521998413,1928.4152661743337,29.873406061261484,67.01,15.0
2026-02-06 21:00:00,1928.4126727988423,1930.1451595533856,1927.8302821919103,1927.966800363453,305.9605589673584,67.06,15.0
2026-02-06 21:15:00,1927.845000857564,1929.5174247739874,1922.2317974673651,1925.5011324804352,80.0063110340796,67.2,15.0
2026-02-06 21:30:00,1925.7964203689955,1934.7422130626494,1924.03111166248,1934.18730848724,83.25421969670299,67.1,15.0
2026-02-06 21:45:00,1934.452834906473,1934.641536172728,1928.2469089178603,1929.74314106277,145.3625414513324,67.32,15.0
2026-02-06 22:00:00,1929.7247135996445,1931.6453631308168,1925.2297996059015,1925.4206802873066,106.85343797335462,67.16,15.0
2026-02-06 22:15:00,1925.2243238853064,1927.6041475028017,1925.2217449714171,1925.5935692564235,139.62943892136485,66.99,15.0
2026-02-06 22:30:00,1926.1813851742122,1928.959708953933,1923.6382605538683,1928.12201654888,235.79156476793776,67.17,15.0
2026-02-06 22:45:00,1928.195886816412,1935.5895387694231,1928.1839871139587,1931.6560305905168,869.628440282108,66.77,15.0
2026-02-06 23:00:00,1931.6560305905168,1932.7512101461323,1931.6560305905168,1932.7512101461323,303.08130236393026,66.78,15.0
2026-02-09 16:30:00,1934.064939050168,1940.1670587371768,1931.4431143192053,1936.6379234634398,57.55925995069266,65.71,15.0
2026-02-09 16:45:00,1936.3677280483685,1936.6048710830196,1884.6014052477706,1888.4741556107222,68.79479134115873,65.34,15.0
2026-02-09 17:00:00,1888.291654169481,1900.4402644956017,1885.8067563369882,1897.761349960357,108.46660806816459,65.4,15.0
2026-02-09 17:15:00,1897.6977710201475,1902.9559022371257,1894.9811097254508,1901.3079753189825,64.21873900579885,65.6,15.0
2026-02-09 17:30:00,1900.8336197714464,1906.9385906880761,1900.2040542562625,1902.8625300935864,80.88654196183914,65.5,15.0
2026-02-09 17:45:00,1902.929446808265,1905.2279479905735,1902.092689882376,1905.0507060476195,105.81944737708719,65.31,15.0
2026-02-09 18:00:00,1904.3074805105964,1915.5130372084245,1899.9187778241721,1900.8761390475086,111.30574632172497,64.65,15.0
2026-02-09 18:15:00,1900.7249411318487,1902.9943514890447,1900.311505913973,1902.5701542194167,147.74592565240113,64.75,15.0
2026-02-09 18:30:00,1902.376067439504,1911.4009311170928,1901.4999069753035,1910.4443263146445,69.28004182517974,64.78,15.0
2026-02-09 18:45:00,1910.2701338134875,1911.3414167122007,1903.9308047450832,1905.927150338843,105.78252429548375,64.8,15.0
2026-02-09 19:00:00,1905.6604519928117,1907.3848350053506,1896.7965019858195,1897.3895163033892,76.81076549149842,64.96,15.0
2026-02-09 19:15:00,1897.4576290051002,1931.3243312309182,1896.36985948537,1931.2308649170789,54.00041689495405,65.19,15.0
2026-02-09 19:30:00,1931.2011862629136,1931.9914493949814,1927.3278229571242,1927.7036961624774,75.82450373456338,65.3,15.0
2026-02-09 19:45:00,1927.712853490147,1929.4833609960026,1926.6867323561119,1929.3062940966456,170.55469794727262,65.31,15.0
2026-02-09 20:00:00,1930.1044702016982,1931.8556476494045,1908.8018049520908,1913.6145864355922,196.33712123326328,65.61,15.0
2026-02-09 20:15:00,1913.5915077722007,1915.857526743187,1913.3611811517653,1915.7800144701441,72.49453935944767,65.64,15.0
2026-02-09 20:30:00,1915.8633523622925,1916.1019678365376,1912.3809876665375,1912.7512889301208,64.851039951945,65.7,15.0
2026-02-09 20:45:00,1912.8655373651973,1912.8746944245054,1910.870787346439,1911.466664936528,82.28534068282292,65.69,15.0
2026-02-09 21:00:00,1911.460670133074,1916.878438511236,1911.3869497817702,1916.0986947274412,70.47114798811943,65.63,15.0
2026-02-09 21:15:00,1916.1770335817512,1923.1512048231818,1915.4584341634868,1922.8653574041023,113.2046165414504,65.71,15.0
2026-02-09 21:30:00,1922.8708408526,1929.4827973828903,1921.2400392437703,1928.8146004706787,149.76441177757454,65.62,15.0
2026-02-09 21:45:00,1928.8747025732564,1929.8016297905522,1910.6452395051442,1911.8943132787165,126.99709408703046,65.83,15.0
2026-02-09 22:00:00,1911.7700073537399,1926.9053620127872,1911.4549171523536,1926.6687780295022,144.1255011529524,65.7,15.0
2026-02-09 22:15:00,1926.495952456742,1926.9764459322028,1913.4082726988345,1913.6757469785537,167.00747973504676,65.89,15.0
2026-02-09 22:30:00,1913.679871441558,1927.7606712990025,1913.5520003923168,1927.7245309456137,151.81050335252525,65.75,15.0
2026-02-09 22:45:00,1926.7424100915587,1947.0856188059577,1924.9812986679226,1945.469558659507,965.8517771337894,65.49,15.0
2026-02-09 23:00:00,1945.469558659507,1945.7377573112371,1945.469558659507,1945.7377573112371,426.60724005727263,65.48,15.0
2026-02-10 16:30:00,1948.5771751236557,1951.1923800370278,1895.3547001109387,1899.3621190758622,163.92857488320107,64.7,15.0
2026-02-10 16:45:00,1899.4957035255381,1908.1010068979126,1896.317510086538,1906.1938352875175,311.59415130240893,64.83,15.0
2026-02-10 17:00:00,1906.4124457908179,1907.2431050426167,1900.7330926889508,1901.0509661480055,184.00117152484435,64.71,15.0
2026-02-10 17:15:00,1901.3488202570268,1903.0184301498912,1898.729095759059,1902.7797804150848,99.08276925655589,64.7,15.0
2026-02-10 17:30:00,1902.1761689830623,1903.358953432722,1898.8361273130647,1902.5296763510084,222.59153499095888,65.05,15.0
2026-02-10 17:45:00,1903.1100550027759,1907.7928221584348,1848.8597105169272,1854.2910089935233,177.73645082597162,64.62,15.0
2026-02-10 18:00:00,1854.0786175734765,1887.1646940256678,1853.6975222912263,1880.4928123181726,119.63590378003536,65.02,15.0
2026-02-10 18:15:00,1881.2938780149295,1884.5418656487107,1880.139620220849,1883.5488192652147,169.59960921638142,65.29,15.0
2026-02-10 18:30:00,1883.4730100423965,1884.0649621058958,1875.5510210144178,1880.7348108161195,151.44108639432454,65.6,15.0
2026-02-10 18:45:00,1880.917666297295,1881.9626403671493,1878.8282625334866,1878.8317212192442,107.31385961373212,65.59,15.0
2026-02-10 19:00:00,1878.7976897878084,1884.022058201362,1878.6255519042606,1883.7686062524165,86.62648357043823,65.6,15.0
2026-02-10 19:15:00,1884.0246672236594,1884.6042311162255,1881.7987085366194,1882.2324284274853,138.72654709181583,65.61,15.0
2026-02-10 19:30:00,1882.1184119538948,1884.0524444269129,1864.696902993978,1865.1739488983085,63.05856051547139,65.48,15.0
2026-02-10 19:45:00,1865.4332233370285,1871.4398868882995,1863.421249178487,1870.6764126828998,87.00548089253776,65.4,15.0
2026-02-10 20:00:00,1870.8623573742666,1878.1593955548174,1869.260011766872,1877.6865944589194,75.01660476245402,65.23,15.0
2026-02-10 20:15:00,1877.8665416689855,1881.0944791895877,1873.39634800843,1875.1917471373008,113.63848043475167,65.01,15.0
2026-02-10 20:30:00,1875.2669774032745,1876.5321078371426,1861.9315500301122,1863.1452889499637,180.13160757837866,64.93,15.0
2026-02-10 20:45:00,1862.9049665310126,1866.5312757115807,1862.2300474977108,1866.4449215316447,83.13373100455105,64.85,15.0
2026-02-10 21:00:00,1865.7324086661772,1867.077820314513,1854.428100910192,1855.2832143894868,66.91738410289666,65.0,15.0
2026-02-10 21:15:00,1855.4312231928425,1855.7710313530781,1853.3593471903093,1853.4589116940672,80.61969805935276,65.06,15.0
2026-02-10 21:30:00,1853.3863887599998,1854.2801113778771,1851.9517314061297,1852.7365473025657,86.23521015917316,65.11,15.0
2026-02-10 21:45:00,1853.145556183613,1866.095218197043,1849.561765449583,1864.9025922728788,78.91420211823545,64.87,15.0
2026-02-10 22:00:00,1865.0069462555878,1865.2838801310334,1862.3060202071945,1863.1581223204971,119.08276212458718,64.81,15.0
2026-02-10 22:15:00,1863.7050425774792,1867.7298863091978,1855.841646833474,1857.6328306900814,213.45352700309988,64.71,15.0
2026-02-10 22:30:00,1857.8452713082665,1880.061254458102,1856.0215194965585,1879.8529959544053,277.1296082684603,64.77,15.0
2026-02-10 22:45:00,1878.964974377546,1888.6550178718119,1877.1342289570543,1886.876020485825,1142.433194439419,64.8,15.0
2026-02-10 23:00:00,1886.876020485825,1888.8264336190425,1886.876020485825,1888.8264336190425,162.643251151934,64.8,15.0
2026-02-11 16:30:00,1888.403971347782,1900.2843609101826,1870.2336273700168,1871.3704660825165,131.31680374763658,64.42,15.0
2026-02-11 16:45:00,1872.8395900452672,1877.5876868110902,1830.9429062842187,1839.0657875314596,143.6891855982801,63.42,15.0
2026-02-11 17:00:00,1839.285062653287,1839.3706639518982,1811.0326488851458,1811.0818577272535,91.23350177881399,63.23,15.0
2026-02-11 17:15:00,1811.3693915320057,1831.419683278337,1809.5834960726468,1830.993363963015,91.70763794277059,63.1,15.0
2026-02-11 17:30:00,1830.8144972727935,1848.572106383038,1824.35399496764,1848.5216068210889,106.93784219745706,63.59,15.0
2026-02-11 17:45:00,1848.202468661362,1849.4708248931368,1846.0901307881784,1847.7265995371035,44.76602283282574,63.4,15.0
2026-02-11 18:00:00,1847.3963148916157,1855.2499548890285,1840.7785774099568,1850.0361103516152,161.4854378749881,63.87,15.0
2026-02-11 18:15:00,1849.1968811798663,1866.1998224731246,1846.8823901982403,1865.480057875908,180.6019112727489,63.87,15.0
2026-02-11 18:30:00,1865.3737084217862,1865.8542708411007,1857.7947954322017,1858.4534596131055,83.70045888156109,63.99,15.0
2026-02-11 18:45:00,1857.832834067557,1858.969199770797,1848.4514069750662,1849.3735475985138,149.69456073559925,63.63,15.0
2026-02-11 19:00:00,1848.4441708161482,1848.7313089879633,1815.5096491001889,1821.3830080373586,108.9228364130954,63.08,15.0
2026-02-11 19:15:00,1821.4311465930828,1854.5709968966637,1818.5901533882263,1854.4630819851045,77.48546682370431,63.46,15.0
2026-02-11 19:30:00,1854.5989050993549,1865.0650989860364,1854.5468756591258,1865.0557193881184,44.292505774505386,63.43,15.0
2026-02-11 19:45:00,1865.0472965304245,1867.349877798274,1842.3838668747926,1844.3488208085155,42.28532166179511,63.2,15.0
2026-02-11 20:00:00,1844.2219648713613,1845.0642700937142,1831.4754038467368,1832.342514805491,200.64579160380737,63.09,15.0
2026-02-11 20:15:00,1832.0915235933119,1838.6978495349074,1831.8533292183834,1835.905794282792,35.99766533085304,63.32,15.0
2026-02-11 20:30:00,1835.808317100398,1836.482851932228,1830.8538257598461,1834.5252496436012,75.76329769261976,63.43,15.0
2026-02-11 20:45:00,1834.3858405797407,1835.0502452224493,1829.9360168014998,1830.016822828206,35.90755283429322,63.5,15.0
2026-02-11 21:00:00,1830.004172343215,1848.7059530807285,1829.6046342272466,1848.3199673015708,54.336202987743135,63.58,15.0
2026-02-11 21:15:00,1847.9813713928213,1854.4843694713124,1846.1461659311058,1853.860008696864,34.47562925248972,63.6,15.0
2026-02-11 21:30:00,1853.9640543990351,1860.1558336170056,1853.2364622054952,1858.5642972286435,28.16320685704983,63.52,15.0
2026-02-11 21:45:00,1858.4921915402128,1858.9805938308916,1856.8844814837146,1857.7248542425984,36.69820961395034,63.5,15.0
2026-02-11 22:00:00,1857.7966234853227,1867.2423879946298,1856.93870874092,1865.1139239152583,73.36047446198286,63.47,15.0
2026-02-11 22:15:00,1865.358372222073,1866.3336467913923,1861.1936186617295,1862.8855584888336,219.26694643817976,63.37,15.0
2026-02-11 22:30:00,1862.975893807769,1865.7425706996144,1862.5804032767921,1862.814034203955,198.75872907760538,63.43,15.0
2026-02-11 22:45:00,1863.076552011912,1874.4714096313955,1861.8515884117135,1872.9088314152232,923.0875813892939,63.48,15.0
2026-02-11 23:00:00,1872.9088314152232,1874.7865611742852,1872.9088314152232,1874.7865611742852,442.4859602703649,63.45,15.0
2026-02-12 16:30:00,1873.7367817033794,1991.2489357354982,1871.710668814672,1990.8731868092268,248.22822094125272,61.94,15.0
2026-02-12 16:45:00,1991.761570701943,2000.0149799393137,1983.146118517614,1990.6686225546202,120.43401973204926,61.4,15.0
2026-02-12 17:00:00,1991.2298363163816,2049.0449510949884,1989.1287367021816,2042.4547516153468,225.55480314750233,61.67,15.0
2026-02-12 17:15:00,2043.7671540045233,2050.426101760528,2006.2572220141249,2009.0290652439237,208.49139886647322,61.38,15.0
2026-02-12 17:30:00,2010.3294756419205,2010.8168330720378,1972.7369654408983,1976.5954671039735,131.64675857852583,60.79,15.0
2026-02-12 17:45:00,1976.7669044963473,1977.6943696920378,1947.3107459681278,1947.4463585966723,92.31574226946897,60.34,15.0
2026-02-12 18:00:00,1947.302167370041,1950.9272488954632,1943.4499729443423,1948.5657731218141,112.90038425885399,59.87,15.0
2026-02-12 18:15:00,1947.8243457881451,1949.1840769291423,1941.709404592154,1944.4763234689703,160.52120512661668,59.16,15.0
2026-02-12 18:30:00,1944.2595120773983,1946.9636202872648,1934.9051163273455,1935.4614689292832,203.1014225236125,59.12,15.0
2026-02-12 18:45:00,1935.1153747645449,1936.6474975140102,1898.332024995323,1900.1203062552922,307.47358713885717,58.68,15.0
2026-02-12 19:00:00,1899.824834209634,1900.9821865389029,1874.5170058836725,1876.3272137949082,136.72797264201142,58.55,15.0
2026-02-12 19:15:00,1875.976876540383,1877.0254259436356,1874.5695048929122,1876.2380464596063,142.15209420354964,58.5,15.0
2026-02-12 19:30:00,1876.472098515209,1879.471362205108,1862.1440009918635,1869.3419329128296,363.4752071932159,58.8,15.0
2026-02-12 19:45:00,1870.0611019745643,1871.809747179966,1853.562859976751,1857.1356743377503,178.7629067453215,58.41,15.0
2026-02-12 20:00:00,1857.50159274564,1880.790240974556,1857.4666613955758,1880.159344159033,229.77390746684253,58.31,15.0
2026-02-12 20:15:00,1879.8825936321532,1881.1800783081517,1877.364169142368,1880.1815444322938,401.1496583462342,58.57,15.0
2026-02-12 20:30:00,1880.5683869456843,1901.037017015619,1878.2094934972301,1900.9677972104187,296.3676667839861,58.88,15.0
2026-02-12 20:45:00,1901.111061609642,1901.958144429218,1886.145948418705,1890.1929071877523,221.30341898473907,58.46,15.0
2026-02-12 21:00:00,1890.1838489959155,1894.8909969257961,1889.2617144560472,1892.626763969205,201.48267665208814,58.45,15.0
2026-02-12 21:15:00,1892.5622894992666,1893.3205990813149,1889.9795492442993,1890.162198614581,172.62100442560867,58.22,15.0
2026-02-12 21:30:00,1890.062616984569,1890.970301773682,1860.8731507551522,1861.454127639511,286.6383498555294,58.48,15.0
2026-02-12 21:45:00,1861.8749863483097,1900.438890077998,1861.0180311202228,1899.013365113861,256.5201710664953,58.81,15.0
2026-02-12 22:00:00,1899.0799686500932,1900.4386415073975,1896.090476279308,1899.5102536171373,249.38342945192994,59.17,15.0
2026-02-12 22:15:00,1899.170614587536,1918.0905272895402,1896.7676637255863,1913.1440353163716,561.0364633906746,59.24,15.0
2026-02-12 22:30:00,1912.7818153290837,1913.0966889570195,1900.3350308579193,1902.3197636503314,450.4145143387607,59.53,15.0
2026-02-12 22:45:00,1902.4494297674412,1904.3158660470244,1896.0077986150914,1900.1985448879393,1943.4136654734843,59.54,15.0
2026-02-12 23:00:00,1900.1985448879393,1900.6344818652149,1900.1985448879393,1900.6344818652149,286.68006824620795,59.54,15.0
2026-02-13 16:30:00,1900.0770150593667,1992.4446513251837,1897.07872043395,1990.78270972458,223.3842073658161,60.82,15.0
2026-02-13 16:45:00,1989.7870565982507,2004.4887232899293,1988.3721665243347,1995.2124157949927,314.77372159069773,60.31,15.0
2026-02-13 17:00:00,1996.286186630216,2004.029094436741,1987.2852068123525,2002.605944143208,246.43091246924743,60.04,15.0
2026-02-13 17:15:00,2003.1452407790275,2031.7479852450576,1997.9819510238149,2025.9343802763328,284.4461604272193,60.04,15.0
2026-02-13 17:30:00,2025.007733515017,2043.9942703054114,2024.1276372343268,2040.7073622095872,267.16007276347653,59.79,15.0
2026-02-13 17:45:00,2041.4029421803646,2054.888768187419,2040.8244465261323,2054.237099555149,136.29898486006186,60.17,15.0
2026-02-13 18:00:00,2054.071011408205,2057.2653036962265,2007.1897998910151,2008.5419872288298,279.9580692029543,60.14,15.0
2026-02-13 18:15:00,2008.6486913818653,2008.9390115818353,1989.3170999067202,1991.0338404103322,158.07796154885935,60.07,15.0
2026-02-13 18:30:00,1991.3474447857618,1991.7532542124304,1977.9414099069907,1979.2098542725807,149.21016928392763,60.14,15.0
2026-02-13 18:45:00,1979.4725326385233,1982.5696825913112,1979.0696967143597,1981.6429213942536,89.052780634313,60.14,15.0
2026-02-13 19:00:00,1982.2805609255436,1985.7500003549285,1974.397114933978,1980.632711165179,187.4984656843052,59.7,15.0
2026-02-13 19:15:00,1980.7195536621516,1981.0933603909054,1959.010768807175,1961.8032158712747,323.1502150213051,59.91,15.0
2026-02-13 19:30:00,1961.438775562293,1961.7265605595667,1956.6015815679696,1957.646941416398,128.60059405381483,59.77,15.0
2026-02-13 19:45:00,1957.1316157670624,1957.565414423582,1938.3544217052865,1941.4153905871965,76.59230175248344,59.62,15.0
2026-02-13 20:00:00,1941.6201185630905,1941.791244438508,1937.3681248051219,1939.5415664494858,179.56741275885346,59.53,15.0
2026-02-13 20:15:00,1940.153088578066,1945.6468058442829,1907.441164469958,1909.8656976126265,306.53290743716775,59.35,15.0
2026-02-13 20:30:00,1909.6757768750238,1914.8009132604875,1907.7881285605888,1914.703822530206,89.16711052504361,59.38,15.0
2026-02-13 20:45:00,1914.6580809607697,1917.2188903739395,1914.188648570217,1917.0910873026219,100.77783345298006,59.39,15.0
2026-02-13 21:00:00,1916.9080222103582,1942.3784797185745,1916.4060976377748,1940.9591542678345,199.5049242906463,59.53,15.0
2026-02-13 21:15:00,1940.7116515874436,1952.6901982866734,1937.845595050398,1951.1579404797442,117.37783485460596,59.22,15.0
2026-02-13 21:30:00,1951.3402016483305,1951.5443792627368,1947.0117872335663,1947.650651610998,212.57567578197708,59.26,15.0
2026-02-13 21:45:00,1947.720074366024,1955.2951524285752,1945.912054668638,1954.7973641637127,225.36618517555542,59.07,15.0
2026-02-13 22:00:00,1954.5885050879795,1960.7509007008593,1901.86423637865,1910.3240532220532,559.3544921461453,59.57,15.0
2026-02-13 22:15:00,1911.3941955121916,1913.7102279425856,1894.9951185090192,1895.686406922506,414.5473830050079,59.49,15.0
2026-02-13 22:30:00,1895.336795329318,1900.3369738350361,1893.1742130412183,1900.0014403105567,445.98379960438376,59.6,15.0
2026-02-13 22:45:00,1900.2453004174747,1905.0196328837565,1866.4630503930475,1867.6368141203304,1434.273593548045,59.94,15.0
2026-02-13 23:00:00,1867.6368141203304,1869.0637323035733,1867.6368141203304,1869.0637323035733,158.5394309999797,59.93,15.0
2026-02-17 16:30:00,1868.880213519546,1875.7893662159565,1825.9201102074203,1826.1321035042547,160.0547088825667,59.82,15.0
2026-02-17 16:45:00,1826.2864648077941,1829.0896519663397,1825.73566851754,1829.0333754911514,126.47897856057963,59.3,15.0
2026-02-17 17:00:00,1829.5435339795217,1830.6724899389626,1802.317909324665,1806.5537307613645,188.19220408249004,59.14,15.0
2026-02-17 17:15:00,1806.4015053544356,1824.6227769519644,1804.4496318556075,1817.4383665658422,177.82548007223545,58.95,15.0
2026-02-17 17:30:00,1817.2867136960356,1819.8242845246355,1815.7004583651208,1818.4761998413258,196.6986222581228,58.66,15.0
2026-02-17 17:45:00,1818.3697314889278,1842.198088391846,1817.4575606186468,1841.5427157918652,203.56813270195116,58.77,15.0
2026-02-17 18:00:00,1841.1192797333015,1846.1170452424744,1841.0733145147547,1846.0032854441904,107.37496162076087,59.1,15.0
2026-02-17 18:15:00,1846.197601773339,1847.3906809470834,1837.75508647727,1840.2290839213908,91.96756717687498,59.23,15.0
2026-02-17 18:30:00,1840.3781484060862,1840.490278888838,1836.2303837639226,1838.167134727486,111.49433297969051,59.31,15.0
2026-02-17 18:45:00,1838.2731984446204,1838.4231808018753,1829.0497319179212,1829.2498914929652,133.9049265799576,59.43,15.0
2026-02-17 19:00:00,1829.2373634352853,1834.976494480369,1828.4684098452879,1834.3323971017585,78.5519683465347,59.41,15.0
2026-02-17 19:15:00,1834.2874308518371,1843.0718805370186,1831.8173034207032,1842.324105146611,127.28448900079735,59.49,15.0
2026-02-17 19:30:00,1842.610634370694,1866.6988417787222,1841.5656133740945,1865.633915629912,150.88627755511345,59.36,15.0
2026-02-17 19:45:00,1866.0020619384816,1867.966837342481,1855.7387836210057,1858.1471779036483,120.68692870216006,59.26,15.0
2026-02-17 20:00:00,1858.4020519053981,1858.8554645313109,1857.5507471993787,1857.9457655592178,100.96935127738848,59.25,15.0
2026-02-17 20:15:00,1858.1115970261499,1861.8924720420753,1850.5489102701156,1850.6157133875504,158.54539091204,59.31,15.0
2026-02-17 20:30:00,1850.9740666447003,1856.8961358077531,1849.8280008119511,1855.5398865571387,111.08866094216502,59.45,15.0
2026-02-17 20:45:00,1855.4693391650278,1860.439848546491,1854.3914769887726,1859.881373961428,42.07846787042221,59.48,15.0
2026-02-17 21:00:00,1859.7941087911863,1865.2228442717017,1858.658115010813,1862.5006143096193,161.51286364592283,59.74,15.0
2026-02-17 21:15:00,1862.779231934992,1873.5832314342895,1862.0825820242778,1872.6189152686486,170.6052018342351,59.63,15.0
2026-02-17 21:30:00,1872.7708562734217,1872.8954857516885,1867.697600195139,1869.1900769804179,71.21416058858014,59.54,15.0
2026-02-17 21:45:00,1869.0731170850158,1884.2791101959215,1867.5405862414318,1882.8565418210699,74.55394952855363,59.22,15.0
2026-02-17 22:00:00,1882.5793628464974,1888.294047253412,1881.519323373625,1888.2693588038553,164.68926227287898,59.12,15.0
2026-02-17 22:15:00,1888.1504817492678,1889.0966814158417,1881.9174257456302,1885.608628744831,353.0268852189191,58.68,15.0
2026-02-17 22:30:00,1885.4997658700254,1886.4874879624908,1883.589000234082,1883.6873304715032,303.8365972421018,58.57,15.0
2026-02-17 22:45:00,1884.2355654182497,1913.3611411777936,1884.182660600619,1912.2053350851343,1066.922240795124,58.5,15.0
2026-02-17 23:00:00,1912.2053350851343,1912.2053350851343,1912.0606515426473,1912.0606515426473,299.1100278505156,58.5,15.0
2026-02-18 16:30:00,1911.289588545278,1928.0382850687115,1906.4127368624465,1924.330770178353,184.50499112638462,58.7,15.0
2026-02-18 16:45:00,1923.1569548286834,1927.6841762552078,1886.5343317702943,1896.356571696728,182.21505934326234,59.18,15.0
2026-02-18 17:00:00,1895.9606793921537,1930.44927201753,1895.8985690483842,1930.3464028140022,176.40652762191812,59.21,15.0
2026-02-18 17:15:00,1930.17466916601,1940.761716016969,1927.5144818897863,1940.0834003052425,152.33998735067934,59.25,15.0
2026-02-18 17:30:00,1940.0304047720679,1941.4232152913412,1929.2556092076975,1929.5172296271492,165.34128538197416,58.99,15.0
2026-02-18 17:45:00,1929.8361214171928,1934.903336652154,1927.8301941222164,1934.7585482398918,145.75309330353736,59.05,15.0
2026-02-18 18:00:00,1934.5229789516425,1938.7615913716672,1934.2811583593455,1937.063266800924,125.88000845674198,59.15,15.0
2026-02-18 18:15:00,1937.4029367560056,1938.162373231494,1933.629535164621,1933.9948088059352,143.83783389223842,59.22,15.0
2026-02-18 18:30:00,1933.8948476363666,1936.9035451604732,1932.8764270776771,1936.718802899055,146.75265406292428,59.28,15.0
2026-02-18 18:45:00,1936.405238762499,1940.6901255531152,1935.7511104982254,1940.169677715125,137.4224271701503,59.42,15.0
2026-02-18 19:00:00,1940.5453866660096,1942.9915885447306,1939.8167930255179,1942.27141899468,147.46404500137618,59.58,15.0
2026-02-18 19:15:00,1942.6634552729786,1944.791111077701,1938.0038075631123,1939.8672371785437,202.3522201304043,59.42,15.0
2026-02-18 19:30:00,1939.8111992223276,1947.0881497187427,1937.8639672518118,1944.8632505520354,103.60396952255479,59.55,15.0
2026-02-18 19:45:00,1944.9157830857332,1945.7895902665969,1943.8802047622098,1945.4026386445673,107.96328702772617,59.59,15.0
2026-02-18 20:00:00,1945.458647813218,1946.6642550974302,1944.4638839188644,1944.720896702559,111.0488604362088,59.58,15.0
2026-02-18 20:15:00,1944.7585638500052,1944.8144549599313,1935.3626112257875,1936.7179998625054,129.3604936895475,59.49,15.0
2026-02-18 20:30:00,1936.3882699904818,1952.1892533079838,1936.379649846135,1951.489447770597,74.45485457205596,59.44,15.0
2026-02-18 20:45:00,1950.8582162723562,1951.6938156800352,1939.6906081495488,1940.0754296485347,86.83211001602581,59.37,15.0
2026-02-18 21:00:00,1939.8695444257148,1943.4382129817782,1938.6137631964884,1942.182314176125,115.73163006520019,59.24,15.0
2026-02-18 21:15:00,1942.778931485406,1943.9523885352799,1937.5531728747217,1938.3561915143598,236.90253742763554,59.37,15.0
2026-02-18 21:30:00,1938.7494264495897,1952.5540855819402,1938.2135002913801,1950.437240112936,204.88521184952165,59.25,15.0
2026-02-18 21:45:00,1950.3817465846084,1952.317033117877,1941.712846929161,1942.3541420480415,141.6246805960575,59.26,15.0
2026-02-18 22:00:00,1942.0902027709067,1942.4502879742988,1933.5655766242426,1933.967470705588,188.51759569307515,59.25,15.0
2026-02-18 22:15:00,1934.0323099867683,1935.8276561471282,1922.0496615649633,1924.1202596784026,228.47826373453364,59.12,15.0
2026-02-18 22:30:00,1924.2644675596405,1930.7008052029873,1921.506363738109,1928.564139785407,217.85932642452534,59.25,15.0
2026-02-18 22:45:00,1928.6723584201084,1928.9176901669214,1919.1600072346641,1919.5125679994978,953.4431260102568,59.32,15.0
2026-02-18 23:00:00,1919.5125679994978,1919.5125679994978,1919.393104064423,1919.393104064423,239.99108334014974,59.33,15.0
2026-02-19 16:30:00,1921.902800784171,1929.5347279322739,1850.9314498062697,1851.681257821516,196.49747975043817,58.65,15.0
2026-02-19 16:45:00,1852.6053187481077,1867.884837975535,1850.963194672607,1858.6697422679547,116.66238694354399,58.38,15.0
2026-02-19 17:00:00,1858.518775966267,1860.1380232405347,1839.179360963164,1843.4977754631814,89.6811963086974,58.01,15.0
2026-02-19 17:15:00,1843.1399324894876,1845.3762103371726,1814.8284923229903,1816.722501803215,130.01276623836634,57.81,15.0
2026-02-19 17:30:00,1817.0572999191868,1835.1881196341083,1815.806259160656,1833.7126850976479,116.68373612362241,57.94,15.0
2026-02-19 17:45:00,1833.9279218961262,1836.7092633490613,1816.6830552380031,1816.7381194097272,131.1875045090374,58.19,15.0
2026-02-19 18:00:00,1816.7762022641957,1831.7108059025006,1814.0358242543227,1830.2673726138041,89.58374685167198,58.02,15.0
2026-02-19 18:15:00,1830.3936534383324,1831.7982684994663,1823.5990330173227,1824.1958870884982,74.74497052160811,57.85,15.0
2026-02-19 18:30:00,1824.1636359830861,1842.7534403701738,1822.8756181423696,1842.5080429461698,71.19114955395588,57.73,15.0
2026-02-19 18:45:00,1842.6443155618847,1857.1681307946972,1842.4962395882872,1855.2356907323874,123.72410891766059,57.96,15.0
2026-02-19 19:00:00,1855.3434520878802,1855.4034874055046,1850.2945266636602,1850.3543398226875,52.9363137378746,57.84,15.0
2026-02-19 19:15:00,1850.4489308370937,1851.9677355421927,1840.1990840940189,1840.682437641707,130.6445190336052,57.56,15.0
2026-02-19 19:30:00,1840.8026702877814,1855.4046428733727,1840.7708134612024,1852.7198349837108,139.00939339447737,57.71,15.0
2026-02-19 19:45:00,1853.0740770522068,1855.3082562479628,1850.138541747138,1851.109704910975,104.35912522356477,57.62,15.0
2026-02-19 20:00:00,1850.8389131704873,1852.6850714717639,1850.100521312945,1850.7108439566603,217.29276008917077,57.5,15.0
2026-02-19 20:15:00,1850.4571901061825,1869.7240641996773,1849.9073810222908,1867.876866726438,248.3352773490965,57.62,15.0
2026-02-19 20:30:00,1867.8858735291726,1869.9245720017398,1858.6077708283156,1860.2729703528248,217.8468212224075,57.72,15.0
2026-02-19 20:45:00,1860.1569546649696,1861.691798242444,1859.7842361061385,1861.4878639836372,121.5178137123026,57.64,15.0
2026-02-19 21:00:00,1861.3703552121342,1875.2751048976238,1859.4726972760038,1874.6932231345945,118.55272546201196,57.87,15.0
2026-02-19 21:15:00,1874.8569769466187,1879.3156679464694,1873.9440382353246,1878.7478523842833,110.33083347313654,57.79,15.0
2026-02-19 21:30:00,1878.6957572715253,1880.2246601719814,1875.3841386863207,1877.7630431529171,109.89690003095225,57.84,15.0
2026-02-19 21:45:00,1877.0652162684485,1877.645432978444,1872.6489858622642,1873.1989003988576,115.31938961650869,57.66,15.0
2026-02-19 22:00:00,1873.0867469912275,1874.3528855933198,1856.9067615138276,1857.579611161768,246.1704409484203,57.72,15.0
2026-02-19 22:15:00,1857.5937750932949,1858.0160048216244,1847.1603898706824,1848.6212096462616,308.69515140214526,57.6,15.0
2026-02-19 22:30:00,1848.6456037778314,1861.4367567665176,1846.2203185635396,1860.688295241532,599.4139317790813,58.07,15.0
2026-02-19 22:45:00,1860.9063106282838,1861.4675473161678,1860.3166729249328,1861.0754156919693,1309.918184970307,58.22,15.0
2026-02-19 23:00:00,1861.080442769766,1862.6212301026007,1861.0648376469205,1862.5756928843762,137.87743319910044,58.24,15.0
2026-02-20 16:30:00,1862.4153391782017,1904.1877721242106,1858.9103479904315,1899.8967646605875,145.59100029577397,57.11,15.0
2026-02-20 16:45:00,1899.2393496048253,1905.3947891099103,1877.0004322893722,1877.0380171999777,150.9949091680737,57.28,15.0
2026-02-20 17:00:00,1876.5144467706234,1881.8071633536708,1854.376092734984,1868.8952224151467,419.33653179576015,57.49,15.0
2026-02-20 17:15:00,1868.6312408298602,1872.4931619242632,1864.9748255808036,1871.709073051097,481.9202613446137,57.34,15.0
2026-02-20 17:30:00,1871.5852024480225,1872.8447449896225,1857.2203754882694,1859.6907527547917,200.19851281009673,57.11,15.0
2026-02-20 17:45:00,1860.0496428101887,1890.2706081239703,1860.001938393699,1890.129848766527,222.45011332418045,57.4,15.0
2026-02-20 18:00:00,1890.2754456596938,1904.5456089201625,1889.4866141088278,1903.3359308310237,140.45467882091037,57.53,15.0
2026-02-20 18:15:00,1903.6066215105643,1905.661963340909,1900.2916526466236,1905.121598739271,113.43572946160381,57.3,15.0
2026-02-20 18:30:00,1904.9628642467894,1934.9116155208876,1903.3866843179449,1933.1133210820014,82.33501158892707,57.44,15.0
2026-02-20 18:45:00,1933.608826385606,1934.4905644349683,1912.6844470951535,1915.0512782016763,211.79335337809505,57.58,15.0
2026-02-20 19:00:00,1915.3935203274762,1916.7788563372817,1909.69200981175,1911.7975683111613,159.18742898175958,57.2,15.0
2026-02-20 19:15:00,1911.8380060983316,1917.457564071131,1908.7010271397062,1914.3217771283519,353.580075311246,56.93,15.0
2026-02-20 19:30:00,1914.5199799978225,1915.2248307710686,1900.0219844304038,1902.129026995119,380.73416846335937,56.84,15.0
2026-02-20 19:45:00,1901.9858068436606,1906.6385155982803,1900.7476995476973,1905.8965655529762,103.68388314646116,57.07,15.0
2026-02-20 20:00:00,1905.4272913897635,1905.8081504837014,1897.2162459069614,1897.2445518055674,90.20738821322217,57.16,15.0
2026-02-20 20:15:00,1897.0902524817488,1904.5272114303177,1894.4271876019789,1903.3511337262998,244.24062476620136,57.11,15.0
2026-02-20 20:30:00,1903.6758854244306,1922.567692397158,1901.0585686960917,1922.007698987776,191.9450190513451,57.39,15.0
2026-02-20 20:45:00,1922.0332003779986,1925.573410190779,1921.7499012286262,1925.21465354878,197.39816212646286,57.49,15.0
2026-02-20 21:00:00,1925.1726026864594,1926.4431394517408,1901.4174518727036,1902.0338938078867,92.45440386815804,57.27,15.0
2026-02-20 21:15:00,1901.8631877533676,1902.708262982767,1891.933331013139,1893.524630934883,146.74063070538816,57.09,15.0
2026-02-20 21:30:00,1893.1101146877795,1899.974428158436,1893.076516919867,1897.3941375280972,184.21810126501344,57.0,15.0
2026-02-20 21:45:00,1897.7867124430516,1897.9126149151944,1894.689343765764,1895.8238786457914,247.8882283875165,56.75,15.0
2026-02-20 22:00:00,1895.75999011687,1896.423383040267,1865.9578210593374,1867.492191779745,261.44033249218705,57.04,15.0
2026-02-20 22:15:00,1867.328327060406,1888.8961238856918,1866.5408617749115,1887.7422699688404,193.06916954196888,57.32,15.0
2026-02-20 22:30:00,1887.5999217667015,1890.4197657151628,1887.1352780592943,1889.9204727767285,367.9295844665532,57.43,15.0
2026-02-20 22:45:00,1890.2129435768816,1890.9572165949055,1882.6016492525107,1883.851750550756,1092.6162907527266,57.52,15.0
2026-02-20 23:00:00,1883.851750550756,1884.3499740850987,1883.851750550756,1884.3499740850987,186.32801063851036,57.52,15.0
2026-02-23 16:30:00,1883.335243880681,1883.5052734794192,1850.5619863237966,1855.2380169305213,329.1797934953729,57.02,15.0
2026-02-23 16:45:00,1856.4473974735195,1856.6549374277845,1826.7169818526477,1827.3063662573868,232.30877568751245,56.6,15.0
2026-02-23 17:00:00,1827.1756952689555,1838.7101243485063,1826.7500148919532,1836.8319201901215,373.26345690786394,55.99,15.0
2026-02-23 17:15:00,1836.3078588984192,1894.1987845249623,1835.1400101096087,1890.3735633327362,332.36784145133566,55.41,15.0
2026-02-23 17:30:00,1890.267775754307,1911.3225880188666,1888.8918589521488,1910.6182591018414,340.67193555866334,55.26,15.0
2026-02-23 17:45:00,1910.2530339620746,1914.8184831943602,1907.6603716680781,1913.723602726511,319.57458113011495,54.94,15.0
2026-02-23 18:00:00,1913.4576543165615,1916.5223143447545,1911.9169785882716,1915.9098671879765,337.5480183203844,54.9,15.0
2026-02-23 18:15:00,1916.107258320144,1922.5530134375083,1915.4659594423945,1922.2014061447992,472.9486721253595,54.89,15.0
2026-02-23 18:30:00,1922.1242257101678,1926.0167825860854,1903.6099279454306,1903.6732984656098,321.2788442158196,54.72,15.0
2026-02-23 18:45:00,1903.895677033013,1915.6585252192378,1903.0495571303015,1913.259372139506,462.78378128515095,54.97,15.0
2026-02-23 19:00:00,1913.4541618236349,1920.0392649339033,1888.3183038325,1890.5480013754252,479.94266505937185,54.47,15.0
2026-02-23 19:15:00,1890.728200327583,1894.0491051931422,1888.2824971727168,1893.1166556745945,363.3311818882244,54.34,15.0
2026-02-23 19:30:00,1892.2710871255567,1895.731675677025,1890.256320578672,1890.4169881398725,336.4969292021191,54.51,15.0
2026-02-23 19:45:00,1889.8291465013117,1906.4232754105421,1887.3944364489046,1905.6525767750268,425.0538127611169,54.95,15.0
2026-02-23 20:00:00,1905.9180523939353,1912.4498686881882,1905.5799236662756,1910.1503282270965,101.84471020616574,55.4,15.0
2026-02-23 20:15:00,1909.4613522602904,1910.6981715040447,1850.6181993417529,1851.4812835187245,235.03102102291487,55.82,15.0
2026-02-23 20:30:00,1851.5801174335459,1853.9349990692135,1850.8914030260448,1853.4803003547,205.0109846534013,55.7,15.0
2026-02-23 20:45:00,1853.008708550808,1862.7191878789383,1851.1995968628826,1861.499269627681,129.374590525285,55.56,15.0
2026-02-23 21:00:00,1861.5018834717548,1864.6719218790931,1861.3624568124367,1864.2865125729675,192.9377060082923,55.48,15.0
2026-02-23 21:15:00,1864.5936107053326,1866.2799772007104,1862.5329828316148,1864.0805587588552,222.52224904511343,55.46,15.0
2026-02-23 21:30:00,1864.2447269217655,1877.8402083739802,1864.0541382983802,1877.7086743954076,120.85794557715451,55.49,15.0
2026-02-23 21:45:00,1877.159531903055,1881.6537793915834,1875.5974274374312,1880.3595026047135,303.0412278887512,55.35,15.0
2026-02-23 22:00:00,1880.6112270764993,1884.1922740159266,1880.107131212289,1883.7806983269777,151.48827505903188,55.14,15.0
2026-02-23 22:15:00,1884.1282817400593,1891.7414953651214,1881.9986261945464,1891.2937484129159,294.6587137881875,55.17,15.0
2026-02-23 22:30:00,1891.8272661259105,1893.8287564223028,1891.7711296988534,1893.112103531702,360.395328789864,55.1,15.0
2026-02-23 22:45:00,1893.3839589519418,1894.1170235622837,1866.7198447788346,1871.4341573975616,1549.982984331087,54.74,15.0
2026-02-23 23:00:00,1871.4341573975616,1871.8570104573375,1871.4341573975616,1871.8570104573375,288.1782003554274,54.76,15.0
2026-02-24 16:30:00,1872.2761806728115,1873.2571544108307,1851.1358313754376,1858.156332891053,164.03652717334379,55.17,15.0
2026-02-24 16:45:00,1859.1372931387089,1878.7994406701655,1857.1297473436791,1876.7120048086713,190.06446842475205,55.26,15.0
2026-02-24 17:00:00,1876.6545103839512,1878.0602508441366,1873.3172151156082,1874.7328725089085,247.03786316718097,55.51,15.0
2026-02-24 17:15:00,1876.0372192369214,1922.3085290883346,1865.3794710065135,1920.1485877544,163.28509691402314,56.69,15.0
2026-02-24 17:30:00,1919.6770339683826,1920.6589331832022,1918.4183668552168,1919.9721953482435,172.35559909135534,56.34,15.0
2026-02-24 17:45:00,1920.094515562093,1937.7376362262373,1917.9823713716428,1934.369162654854,270.94191396069493,56.3,15.0
2026-02-24 18:00:00,1933.8415230543235,1934.3436062434978,1931.3407574415687,1931.3643090550904,114.92951166778856,56.38,15.0
2026-02-24 18:15:00,1930.991694334554,1940.6140120892396,1927.4836366073898,1938.2605127545803,162.2697642080024,56.57,15.0
2026-02-24 18:30:00,1938.258502086275,1944.1027427088607,1937.7478386232706,1943.6544425858797,250.84268440655208,56.66,15.0
2026-02-24 18:45:00,1943.5312273045822,1959.3262899225997,1943.2930542120912,1958.7274959620006,154.89629055571945,56.36,15.0
2026-02-24 19:00:00,1958.3829311012776,1959.7858858720888,1940.119459695225,1940.4381098241536,132.20170296396668,56.4,15.0
2026-02-24 19:15:00,1940.3586872564608,1940.5505374111747,1935.1010074378523,1936.329616289186,89.91278242651369,56.4,15.0
2026-02-24 19:30:00,1936.4099631572337,1947.0459787267835,1935.1938147437615,1943.8001154608173,140.59097960625763,56.57,15.0
2026-02-24 19:45:00,1943.7763579482967,1959.2802698626392,1942.6002114194955,1958.9049178329763,139.50722800116114,56.71,15.0
2026-02-24 20:00:00,1958.9165413892215,1959.2173452257055,1956.6163492015935,1958.517641703961,127.77100551317355,56.69,15.0
2026-02-24 20:15:00,1958.6029648071112,1958.7297703552383,1954.6440285390986,1955.419576108971,138.64863757697987,56.7,15.0
2026-02-24 20:30:00,1955.2341155183237,1971.817018194729,1952.6137672465868,1971.5674234716348,163.48484099822707,57.12,15.0
2026-02-24 20:45:00,1971.9419055446763,1979.2838616053723,1970.9109758165202,1977.560244113168,233.74391433113263,57.04,15.0
2026-02-24 21:00:00,1977.350578751225,1978.8188976704098,1971.4132696611266,1972.2092202829976,142.1344585948515,57.02,15.0
2026-02-24 21:15:00,1972.6382706568681,1973.0135233985654,1971.4222594458413,1971.8688352009297,114.69142423205336,56.91,15.0
2026-02-24 21:30:00,1971.99857831222,1975.704056936407,1971.892633860683,1975.1374892813149,187.17022979719135,56.98,15.0
2026-02-24 21:45:00,1975.0507218957432,1990.623630659004,1974.963988392461,1989.9598790959324,243.8068891408754,57.02,15.0
2026-02-24 22:00:00,1989.9261542028216,1990.4780617356298,1989.6371067076573,1990.4135094297824,263.8987133827915,57.03,15.0
2026-02-24 22:15:00,1990.4485617377914,1990.7523425512375,1987.7958560684544,1988.026729219766,340.9371524723051,57.05,15.0
2026-02-24 22:30:00,1988.1916756433973,1988.830930368073,1985.7873613419733,1985.8134970942558,405.8795653606343,57.2,15.0
2026-02-24 22:45:00,1986.4398369762332,1997.7223238693496,1985.5040010605367,1997.7061905556072,1314.0696000810276,57.6,15.0
2026-02-24 23:00:00,1997.7061905556072,1997.7061905556072,1994.805736029331,1994.805736029331,157.09157918474247,57.6,15.0
2026-02-25 16:30:00,1995.2878345743084,2002.878835969557,1994.1324814297661,2000.291437875742,93.20481929095348,57.69,15.0
2026-02-25 16:45:00,1998.317719180404,1998.4781534095453,1955.7589470340686,1957.7696525612332,213.08894480592957,57.21,15.0
2026-02-25 17:00:00,1957.6381333029306,1998.4515964795896,1950.6636897885185,1995.28997313269,350.6617622878531,57.78,15.0
2026-02-25 17:15:00,1995.9370694784236,1995.9983379044595,1971.0711272721592,1972.0563059435594,243.16579486210412,57.52,15.0
2026-02-25 17:30:00,1971.7107919088612,1972.200143852214,1964.3101730103942,1965.9760623535744,230.76906142253478,57.51,15.0
2026-02-25 17:45:00,1965.4676504823528,1965.7078747119324,1963.703773223378,1964.7928163742106,157.97240416335097,57.46,15.0
2026-02-25 18:00:00,1964.881727152552,1991.1740053771646,1963.2505032968984,1989.986528025459,95.71435004856653,57.14,15.0
2026-02-25 18:15:00,1990.6481420740754,1991.7071223552116,1978.7556090470948,1983.0086532195978,98.46944364150652,57.59,15.0
2026-02-25 18:30:00,1983.0948583020117,1984.604054959857,1974.0542169328999,1974.5012848685376,313.20537662342883,57.65,15.0
2026-02-25 18:45:00,1974.0976215912049,1975.0586051486914,1967.5318243342886,1968.2390572792658,121.2251962497614,57.68,15.0
2026-02-25 19:00:00,1967.8645002675316,1981.1675297759825,1967.3869046104712,1979.4930245830787,137.8027661687526,57.64,15.0
2026-02-25 19:15:00,1979.5064901813982,1980.2585806488414,1962.857676129334,1962.8710166053402,170.66797707279633,57.63,15.0
2026-02-25 19:30:00,1962.583599696363,1962.8020936122252,1953.0107681895092,1953.4030169064174,79.18154002499602,57.82,15.0
2026-02-25 19:45:00,1953.4276407177533,1970.0413777747133,1953.3916135776765,1969.6370616381093,113.0142227703448,57.78,15.0
2026-02-25 20:00:00,1969.6640620246067,1972.1283814740002,1969.3747755918187,1971.5199079842787,82.47335180258797,57.91,15.0
2026-02-25 20:15:00,1971.4161091476858,1971.6774787006655,1958.0983324830431,1960.1695531024109,61.28047879751508,57.81,15.0
2026-02-25 20:30:00,1960.4195545770276,1962.711525950584,1958.0899052748873,1958.2279680476292,146.33561115385365,57.81,15.0
2026-02-25 20:45:00,1958.428197124541,1959.389741318132,1957.3768065875329,1958.8786566379872,174.51438528147034,58.02,15.0
2026-02-25 21:00:00,1959.0327268309811,1962.2253239443262,1958.5046731038017,1961.2478862168252,106.23624564494142,58.03,15.0
2026-02-25 21:15:00,1961.3454399178077,1967.8284884855216,1960.8969575090332,1966.9623825271935,106.51079991488368,58.07,15.0
2026-02-25 21:30:00,1966.9480696124192,1967.20252265718,1966.2635785137015,1966.9371428580412,71.65895197869656,58.14,15.0
2026-02-25 21:45:00,1966.9103557057902,1966.9358987904907,1960.8077615065172,1962.1356789668303,84.52232251327165,58.11,15.0
2026-02-25 22:00:00,1962.100986415734,1963.6178480715967,1961.8991676826383,1963.562573539326,144.41380646022014,58.08,15.0
2026-02-25 22:15:00,1963.7285786803452,1963.7410148300323,1954.4196418019717,1954.7709230266712,423.07101347705657,57.97,15.0
2026-02-25 22:30:00,1954.633085122601,1955.8340385444446,1942.9790365535057,1944.9948299837838,277.4118916904821,57.94,15.0
2026-02-25 22:45:00,1945.4701128148636,1946.6722610164188,1924.2525392101932,1925.54452809453,1204.0108116804142,57.88,15.0
2026-02-25 23:00:00,1925.54452809453,1925.54452809453,1924.7976200157348,1924.7976200157348,177.9867341881715,57.87,15.0
2026-02-26 16:30:00,1925.0589902027446,1926.7784207116567,1873.9220915908056,1881.1178693560187,174.87667097417864,57.45,15.0
2026-02-26 16:45:00,1881.006201563499,1885.2134574821691,1855.7795284879712,1859.6429478123694,150.4670752566549,57.31,15.0
2026-02-26 17:00:00,1859.490082541507,1866.9510515823254,1859.378470427142,1865.4947493686695,277.2099870994581,57.42,15.0
2026-02-26 17:15:00,1867.3363715678615,1871.8418581721428,1822.6268792290355,1825.9193944635488,115.82997646108448,56.95,15.0
2026-02-26 17:30:00,1825.682109708211,1827.395910844469,1768.4638767078332,1769.1299159346265,97.88234665288252,57.43,15.0
2026-02-26 17:45:00,1769.0233550129797,1770.824540339875,1759.9341194629121,1761.5021514775706,132.39167002070184,57.69,15.0
2026-02-26 18:00:00,1761.2065639346336,1764.7307757476094,1754.4443040305762,1755.816424367108,135.96315796597824,57.38,15.0
2026-02-26 18:15:00,1755.8351253187996,1755.8897019862866,1745.2725160070484,1747.890868133324,58.37709446811634,57.08,15.0
2026-02-26 18:30:00,1747.8425588447642,1776.2067794269974,1742.660393675506,1775.9057392725824,87.06783655538014,56.65,15.0
2026-02-26 18:45:00,1775.597361511385,1775.7182445784138,1770.0118164429466,1773.6129128394882,170.19317352679784,56.7,15.0
2026-02-26 19:00:00,1773.4600137714435,1787.264828489251,1772.1419202729721,1787.1161247208702,202.48701859801497,56.45,15.0
2026-02-26 19:15:00,1787.2388804006252,1789.0260717128542,1786.7759439678312,1788.9485129914904,100.51486347577058,56.28,15.0
2026-02-26 19:30:00,1789.351181802108,1791.1233417224396,1789.2299563799268,1790.3631369606737,202.3831515634682,56.13,15.0
2026-02-26 19:45:00,1790.3656802965584,1790.8895709250992,1789.532094327752,1790.8319732731434,18.616165033311542,56.23,15.0
2026-02-27 16:30:00,1790.9132447968268,1802.175504003041,1784.760688587641,1792.785601437701,114.59117309316053,56.5,15.0
2026-02-27 16:45:00,1792.5139944073724,1794.6910897152247,1772.0724685093942,1777.5184560329703,59.70878553657954,56.9,15.0
2026-02-27 17:00:00,1777.193670333718,1793.6662307190381,1776.644463287357,1786.3768060914663,55.97717699047602,57.08,15.0
2026-02-27 17:15:00,1786.0259975883673,1787.7542064628562,1785.5927654661534,1786.5426599970663,100.8308995250791,57.1,15.0
2026-02-27 17:30:00,1785.6188976928906,1786.3311892584513,1769.81686546618,1772.21339514431,190.8564428440659,57.51,15.0
2026-02-27 17:45:00,1772.0198563220551,1786.7248044795958,1770.1962857497815,1785.937907495363,73.30729808185502,57.49,15.0
2026-02-27 18:00:00,1786.0528700641523,1791.9667836812825,1785.8755811861552,1791.78128010317,60.833705407585995,57.55,15.0
2026-02-27 18:15:00,1791.6238665426501,1794.187415417736,1788.092403106031,1790.508797099412,100.513771609526,57.77,15.0
2026-02-27 18:30:00,1790.4537958957164,1794.435130427222,1789.8958971812547,1794.0018112775927,43.9793520031843,57.67,15.0
2026-02-27 18:45:00,1793.9320966863365,1797.8255402115321,1792.3941923655823,1797.630119381604,46.12632816131989,57.81,15.0
2026-02-27 19:00:00,1797.8147810628648,1798.8319679308952,1795.1374805354044,1795.5624307652372,54.258063805690014,57.74,15.0
2026-02-27 19:15:00,1795.306641854953,1801.502908634942,1793.8350466907402,1800.1039619927587,128.5646443641961,57.83,15.0
2026-02-27 19:30:00,1800.2566300280425,1801.814655973777,1793.2544138309927,1793.9532372075141,98.87768650698241,58.3,15.0
2026-02-27 19:45:00,1793.9278435514743,1794.9711126322304,1785.2525911307478,1786.5119086637462,113.81690099246063,58.59,15.0
2026-02-27 20:00:00,1786.5248653877134,1787.2892452353358,1778.4867984847654,1778.666182933584,78.36258548061676,58.57,15.0
2026-02-27 20:15:00,1778.728327862275,1780.6683326109385,1778.5363701709534,1780.2580751801509,61.07241792719267,58.72,15.0
2026-02-27 20:30:00,1780.2677675755338,1788.386873080822,1778.9088468739233,1788.2790449023776,86.14514642007778,58.81,15.0
2026-02-27 20:45:00,1788.4807318534156,1788.80047704755,1785.8844004008824,1786.0050971055705,108.43193574141057,58.89,15.0
2026-02-27 21:00:00,1785.99176543723,1831.5966351537643,1784.920015608234,1829.018911390945,172.90312415815094,58.49,15.0
2026-02-27 21:15:00,1829.3146728423208,1837.0777028140262,1828.3541900080575,1836.8739065728087,127.52671888376128,58.49,15.0
2026-02-27 21:30:00,1836.8852190263785,1853.1072778895345,1835.2656187148457,1851.9981081330377,214.72225841704508,58.61,15.0
2026-02-27 21:45:00,1851.4204577595667,1865.006192218023,1850.698714732067,1863.4295297866079,242.49025467747288,58.59,15.0
2026-02-27 22:00:00,1863.5648128014034,1882.182741874794,1863.2171233048084,1880.578932642091,66.4860048498051,58.79,15.0
2026-02-27 22:15:00,1880.6495682375282,1881.2969868565926,1875.2278911997892,1876.1753629351927,139.16117393969188,58.78,15.0
2026-02-27 22:30:00,1876.1881234386387,1876.7227957884518,1836.6119205362504,1840.6389499467111,299.1869202805353,58.82,15.0
2026-02-27 22:45:00,1840.5344245847161,1843.2543704264685,1836.8875870512818,1837.3936244616793,845.8724742065891,59.0,15.0
2026-02-27 23:00:00,1837.3936244616793,1839.5992618599378,1837.3936244616793,1839.5992618599378,144.6513095533371,59.0,15.0
2026-03-02 16:30:00,1835.8444866639043,1844.2881245104409,1835.7899785140542,1836.982000268338,440.64989646521195,56.81,15.0
2026-03-02 16:45:00,1838.2215678909658,1850.933491524961,1836.5078685859694,1847.1125299870923,100.13763342534557,56.92,15.0
2026-03-02 17:00:00,1846.4610523467663,1919.449718819271,1844.4813292774352,1909.0467716460707,255.06420614123206,57.85,15.0
2026-03-02 17:15:00,1909.7732893114492,1919.289003067384,1908.4547763100659,1915.3722235180664,181.06578689081041,57.28,15.0
2026-03-02 17:30:00,1914.4209356695874,1937.148957873767,1911.718669383739,1935.5073253888604,158.25758053374145,57.74,15.0
2026-03-02 17:45:00,1935.152332819608,1935.7839179363039,1922.5294149321962,1922.6789094021092,118.31407910089477,57.72,15.0
2026-03-02 18:00:00,1922.8011654540023,1922.9983184194368,1913.2415274112877,1914.4659169033944,50.279657238845985,57.67,15.0
2026-03-02 18:15:00,1914.4235551189481,1936.9677386708915,1914.1832791083627,1935.782023217469,174.31910397818828,57.28,15.0
2026-03-02 18:30:00,1936.0213240428689,1942.2690059381014,1935.2045512943919,1939.0026815332358,85.15006492354414,57.66,15.0
2026-03-02 18:45:00,1938.999214402374,1939.2667657206584,1929.5208382974956,1931.145829471916,119.27280491283345,57.53,15.0
2026-03-02 19:00:00,1931.101815632847,1931.819959837025,1924.739773585669,1924.7626100600169,95.45637705348153,57.44,15.0
2026-03-02 19:15:00,1924.5680372939196,1925.5423735574025,1917.4496097185142,1917.630485303728,87.96000227604802,57.5,15.0
2026-03-02 19:30:00,1917.250901273231,1918.1608411331279,1910.8424147618593,1910.8957608913795,59.73731426275384,57.79,15.0
2026-03-02 19:45:00,1911.103862107094,1911.8617536979295,1903.2783758294665,1904.3663178915203,52.172695596057,57.89,15.0
2026-03-02 20:00:00,1904.6486660526386,1904.8411663789961,1895.3418773701117,1895.617574373311,42.83214519770745,58.06,15.0
2026-03-02 20:15:00,1895.3864253583026,1896.846777648559,1892.966470070785,1894.356747204345,50.35996726823378,58.07,15.0
2026-03-02 20:30:00,1894.0993497450288,1895.5963801112177,1889.9502529871274,1890.2237466385313,216.03585451828974,58.16,15.0
2026-03-02 20:45:00,1890.1168718120011,1901.6883904139033,1888.4429378676548,1901.4465224787398,107.02887502816712,57.92,15.0
2026-03-02 21:00:00,1901.5475346343333,1907.136920354626,1901.1949114224024,1906.103148323495,103.12424264141136,58.12,15.0
2026-03-02 21:15:00,1906.049200144518,1912.0661826118414,1904.7398332139924,1910.5017509936777,58.22285205367295,58.34,15.0
2026-03-02 21:30:00,1910.6658462464788,1911.705660268356,1897.8573763521867,1899.445120965596,31.785720043066025,58.06,15.0
2026-03-02 21:45:00,1899.4268548423208,1903.3132488264828,1897.680651194331,1900.416697040786,115.28706975315838,58.41,15.0
2026-03-02 22:00:00,1900.379040042712,1904.1427550523053,1900.2608475772631,1903.330066010817,216.6305911906612,58.18,15.0
2026-03-02 22:15:00,1903.8414920942016,1909.3763477276107,1902.827153041693,1908.5255742296022,190.83951440600444,58.12,15.0
2026-03-02 22:30:00,1908.3920008134423,1908.9002375998507,1904.7731303686135,1906.192892760367,195.149670232144,57.93,15.0
2026-03-02 22:45:00,1906.7316248728102,1919.1412311846047,1904.6728222175345,1918.2582966787058,964.5115581437178,57.81,15.0
2026-03-02 23:00:00,1918.2582966787058,1918.2582966787058,1917.8564326246888,1917.8564326246888,204.8929341947692,57.82,15.0
2026-03-03 16:30:00,1918.1555767755408,1922.5393557941095,1913.5855449332635,1921.7920863434713,167.07015663928894,56.0,15.0
2026-03-03 16:45:00,1919.8326163014456,1925.55616803043,1893.9870811429664,1897.329989868669,207.78633035520798,55.26,15.0
2026-03-03 17:00:00,1897.3441418158848,1900.502182191749,1862.68961504608,1866.0952085976544,254.01295902562887,55.18,15.0
2026-03-03 17:15:00,1865.7515939415337,1871.729947264067,1864.824916814404,1870.8680138973662,250.40691038526262,54.85,15.0
2026-03-03 17:30:00,1870.8788718125566,1887.5541982209786,1867.6474364627684,1886.6934676318144,241.97192575576082,55.01,15.0
2026-03-03 17:45:00,1886.1978419991926,1896.438879757062,1883.6655328047646,1895.1392234260622,126.87632975298631,54.83,15.0
2026-03-03 18:00:00,1895.5799954557099,1907.900799742206,1891.2965872585212,1905.022698795681,164.46308972508908,55.01,15.0
2026-03-03 18:15:00,1905.6280940437111,1909.5680616279594,1894.107172680816,1899.3945016085931,263.44902677629517,55.42,15.0
2026-03-03 18:30:00,1900.064031587169,1901.7971732582257,1880.8669667942384,1882.9726357105055,114.29732155083214,55.55,15.0
2026-03-03 18:45:00,1882.7984885737567,1894.0746945546186,1879.5003428732755,1892.5098597214126,94.91500315487397,55.58,15.0
2026-03-03 19:00:00,1892.0944722741247,1900.2618857795821,1891.018132355582,1899.1038362149236,221.43831090136229,55.67,15.0
2026-03-03 19:15:00,1899.2454528926971,1902.515093503997,1891.6469078031419,1892.3074848171825,79.7257695833772,55.93,15.0
2026-03-03 19:30:00,1893.0518469459632,1911.1434696938886,1891.4186469806198,1910.6589470704241,118.48657690850112,56.1,15.0
2026-03-03 19:45:00,1910.6780653731435,1911.7826852177188,1898.8386591298006,1900.2145040853475,163.04566728705726,55.97,15.0
2026-03-03 20:00:00,1900.3295354883855,1901.0590398510515,1895.8849802215223,1896.1473069705287,151.28698064097455,56.21,15.0
2026-03-03 20:15:00,1896.035280601069,1931.466558345576,1894.237129684018,1927.720340255553,276.0937010613378,56.65,15.0
2026-03-03 20:30:00,1927.4749185373842,1947.2113985992123,1927.4627983018177,1944.5034407682454,231.01349153198123,56.97,15.0
2026-03-03 20:45:00,1944.7057368002431,1945.859881243459,1938.9092013246445,1939.525986129471,128.42146035758256,57.04,15.0
2026-03-03 21:00:00,1939.468662867716,1950.013344694042,1937.8131141424046,1942.1809193011513,85.88420323370859,56.79,15.0
2026-03-03 21:15:00,1942.322031163537,1945.3231551876847,1940.6883730786055,1943.6777518691372,118.57254963267859,56.92,15.0
2026-03-03 21:30:00,1943.9681655423228,1946.065570115952,1885.7991525605087,1886.2704699737287,139.65737467701686,57.15,15.0
2026-03-03 21:45:00,1886.3735834123995,1887.9779913623997,1876.3281432770316,1877.8860303203733,152.32484013087728,57.31,15.0
2026-03-03 22:00:00,1878.1047584745663,1882.833099042247,1877.1917289059306,1879.5538798889156,221.81024644566017,57.56,15.0
2026-03-03 22:15:00,1879.2284661865558,1879.4137068752157,1872.536633276777,1873.7883110119412,155.48703865408476,57.36,15.0
2026-03-03 22:30:00,1873.2749564811777,1878.155319169232,1872.7651027605955,1876.110896061524,307.6665068632618,56.86,15.0
2026-03-03 22:45:00,1876.0977979344493,1892.6807157696142,1875.65541764176,1890.3469919218328,514.079866856699,56.99,15.0
2026-03-03 23:00:00,1890.3469919218328,1890.538030415679,1890.3469919218328,1890.538030415679,133.68961372912983,56.99,15.0
2026-03-04 16:30:00,1890.0952275954292,1895.713234670976,1856.6045683875416,1862.0855341309684,166.84098166006086,57.59,15.0
2026-03-04 16:45:00,1862.2030121984542,1868.2188681091131,1860.9997790065058,1867.9274873301617,357.11204618275235,57.43,15.0
2026-03-04 17:00:00,1868.591567189514,1878.7831549952864,1855.5261386947634,1859.3503794118476,80.82251003425522,57.32,15.0
2026-03-04 17:15:00,1859.866324168191,1861.7908386117604,1856.5365776301321,1857.2779344770133,116.42038428112956,57.21,15.0
2026-03-04 17:30:00,1858.535052074707,1860.1942810218331,1849.9300652792642,1850.6800868525424,371.76345215506757,57.45,15.0
2026-03-04 17:45:00,1850.1645694219549,1887.6376511801589,1849.3775189802216,1885.236264416675,308.70351806594334,57.57,15.0
2026-03-04 18:00:00,1884.7063215837243,1889.5363834626316,1846.570117684042,1846.570624189861,221.0485687282541,57.33,15.0
2026-03-04 18:15:00,1846.4816127125407,1846.5413075667684,1843.9433238472027,1845.325447707213,302.15564060030175,57.55,15.0
2026-03-04 18:30:00,1845.3645842054786,1845.6067775912686,1844.529336844089,1845.0124293491833,146.25271442204962,57.28,15.0
2026-03-04 18:45:00,1844.9290546321863,1845.3973157507764,1832.088441647716,1837.5273081572047,247.41727154572652,57.41,15.0
2026-03-04 19:00:00,1837.4160384934096,1846.983119376735,1836.9602623935343,1846.600132462994,133.18224908407566,57.49,15.0
2026-03-04 19:15:00,1846.5001292968395,1858.4574916255876,1844.2375204941743,1857.2282983387472,158.52870637393002,57.38,15.0
2026-03-04 19:30:00,1857.3768264297103,1859.742240954399,1856.5410535044819,1858.2400356373364,142.8710659374401,57.42,15.0
2026-03-04 19:45:00,1857.6764372847576,1860.6213496088017,1857.0267505124116,1857.2566476253965,129.44033458235236,57.7,15.0
2026-03-04 20:00:00,1857.9271242448933,1859.3204111511411,1855.823068281577,1858.0521527262426,49.782595771739324,57.79,15.0
2026-03-04 20:15:00,1858.0559346786008,1858.3046727746303,1856.54170617708,1857.982961714496,65.72613968592302,57.69,15.0
2026-03-04 20:30:00,1858.116591195924,1859.2352837493308,1857.8462551926602,1859.2104371967737,99.68288371140599,57.73,15.0
2026-03-04 20:45:00,1859.112096557571,1859.7108506388408,1857.374040704437,1857.98135679486,66.09209990633703,57.54,15.0
2026-03-04 21:00:00,1858.151774900731,1863.27021927804,1857.5049542269614,1862.006465327837,120.95572248162236,57.54,15.0
2026-03-04 21:15:00,1862.022375247573,1868.755473811674,1861.6384984700808,1867.9781325724032,249.11345263788303,57.6,15.0
2026-03-04 21:30:00,1868.2142012927256,1869.0127526208987,1854.436013969835,1855.7637832185728,331.60117833061196,57.49,15.0
2026-03-04 21:45:00,1855.7069467638087,1855.9385552185909,1845.4777762750118,1847.8419407897572,137.0376528816365,57.74,15.0
2026-03-04 22:00:00,1848.055684975969,1849.1874554606163,1840.013910725411,1840.2817062956246,102.44571050074333,57.69,15.0
2026-03-04 22:15:00,1839.9338585883334,1852.2132298654558,1839.8570763151924,1851.0834342267326,246.94105589979412,57.91,15.0
2026-03-04 22:30:00,1851.264522841465,1855.2269622591891,1850.977840910094,1854.5394162600405,180.54680898706437,57.93,15.0
2026-03-04 22:45:00,1854.5721260478597,1861.7858312081664,1853.5262831359871,1860.4018741663324,700.1076914183309,57.83,15.0
2026-03-04 23:00:00,1860.4018741663324,1861.8105879872628,1860.4018741663324,1861.8105879872628,119.11630405471503,57.85,15.0
2026-03-05 16:30:00,1865.244458715922,1978.3554383837886,1862.8975043821151,1977.3216985489562,302.9302567408601,57.73,15.0
2026-03-05 16:45:00,1979.1436224829454,1989.6182149553565,1940.5686907325996,1955.6023839035895,173.72684292356985,58.09,15.0
2026-03-05 17:00:00,1954.7233147076206,1957.6309312064789,1952.5657971183434,1957.6015873822062,85.66553887146657,58.22,15.0
2026-03-05 17:15:00,1957.7683179771243,1980.8215061704364,1946.2394979653764,1979.8591484786532,133.93597431795655,57.41,15.0
2026-03-05 17:30:00,1980.2405203291435,1981.1498915125285,1954.2309581040035,1955.3522598243078,202.9966555827128,57.05,15.0
2026-03-05 17:45:00,1955.5114046157187,1955.7835761002248,1946.2918345496676,1946.7416634148226,93.20745456480103,57.1,15.0
2026-03-05 18:00:00,1947.7855640634073,1951.1059986421385,1941.3566005762418,1945.6212156614286,184.95638606418598,56.51,15.0
2026-03-05 18:15:00,1946.0369236927825,1977.7984942479031,1945.5116137611524,1977.360884204067,215.76698404773592,56.51,15.0
2026-03-05 18:30:00,1977.422708172689,1979.8805501091674,1975.7441033051898,1976.4248046850164,137.65319249939174,56.37,15.0
2026-03-05 18:45:00,1977.172846493403,1996.0020770003496,1972.2526418318155,1995.1585230087924,165.53761057492179,56.64,15.0
2026-03-05 19:00:00,1995.595343005251,2012.7144305253842,1993.9809487400237,2010.2004752758899,137.93665593508834,56.28,15.0
2026-03-05 19:15:00,2010.1148249750518,2011.0189131858463,2009.4371092886558,2009.7223147524458,112.7161652930054,56.25,15.0
2026-03-05 19:30:00,2009.5701313812108,2009.5719563383757,1992.7664583563576,1994.769041965246,107.3325265866753,56.05,15.0
2026-03-05 19:45:00,1995.006203537696,2000.5047471362225,1994.4971773656898,1999.6052788992245,103.47118319429734,56.13,15.0
2026-03-05 20:00:00,1999.3111771903382,2001.069850726744,1972.1740150725432,1973.8434546355857,119.79763020392612,55.83,15.0
2026-03-05 20:15:00,1973.721879165877,1989.2120022382553,1972.3591479536162,1988.4179615967491,124.21403659914314,55.79,15.0
2026-03-05 20:30:00,1988.354493239776,1988.8049118542144,1985.6929849875244,1988.0618360218955,136.84041364904542,55.89,15.0
2026-03-05 20:45:00,1988.1824390800182,1990.6956692363453,1949.9517150785157,1950.1579290638472,184.8856985439902,55.61,15.0
2026-03-05 21:00:00,1950.1169276446394,1951.29469543911,1943.8013601103485,1945.7573472884699,144.09443569975033,55.63,15.0
2026-03-05 21:15:00,1945.4921853630042,1949.9674473460457,1944.9983803729856,1948.3311155513027,206.24633675635982,55.56,15.0
2026-03-05 21:30:00,1948.6020348826605,1949.8811358856021,1942.776349822376,1943.1111440319332,149.7499481568865,55.37,15.0
2026-03-05 21:45:00,1942.9611551300525,1953.6527852448112,1941.8502702174073,1952.8657516831593,146.62798011812166,55.62,15.0
2026-03-05 22:00:00,1953.6363380802993,1954.0156682091058,1938.470480341892,1939.4246194571408,235.70788147213665,55.68,15.0
2026-03-05 22:15:00,1939.5212605756622,1940.0698379931318,1921.8756938320637,1923.4194088487038,261.17426624721327,55.79,15.0
2026-03-05 22:30:00,1923.9699793912027,1924.6602159589283,1918.7627178808461,1923.486452977645,492.56573277556777,56.11,15.0
2026-03-05 22:45:00,1923.860825052468,1925.0489544969241,1920.7639380219994,1921.7707131873474,1692.7400960760322,55.91,15.0
2026-03-05 23:00:00,1921.7707131873474,1921.7707131873474,1920.648852830229,1920.648852830229,255.8658091150379,55.89,15.0
2026-03-06 16:30:00,1921.3741161246664,1971.398066605999,1920.9667004031444,1966.7490733480315,70.05787344125316,54.45,15.0
2026-03-06 16:45:00,1966.9384710666827,1970.742562475358,1933.4788494503518,1934.9054366962923,233.38837434822253,53.87,15.0
2026-03-06 17:00:00,1935.2877403878988,1938.7083536237487,1933.7326380637166,1938.1030321775881,185.18385103565848,54.01,15.0
2026-03-06 17:15:00,1939.2358135367629,1945.2194931096328,1937.4867072747554,1938.1425550010417,251.01390015350864,54.12,15.0
2026-03-06 17:30:00,1938.0539251342445,1941.2233492015478,1916.1498995178913,1918.741473699707,287.4866263086815,54.29,15.0
2026-03-06 17:45:00,1919.1373928281748,1920.5432257117752,1891.8163521718247,1894.5505256753418,283.1098370925146,54.45,15.0
2026-03-06 18:00:00,1894.5491917494473,1895.0805182187653,1892.7467986322383,1893.9762673508478,89.35488910467598,54.42,15.0
2026-03-06 18:15:00,1894.1264226236187,1915.6986254921137,1891.908435850399,1914.4324862040626,145.5767958425447,54.33,15.0
2026-03-06 18:30:00,1914.4445485253755,1919.702113730728,1913.7057333899588,1919.6262560239438,173.9999321622088,54.36,15.0
2026-03-06 18:45:00,1919.1003490684016,1919.5828758113603,1903.5115338301496,1903.8783157200673,134.97482792659713,54.49,15.0
2026-03-06 19:00:00,1903.8167959586995,1905.3358506815841,1865.1334435306603,1866.9539234094311,174.73455690582375,54.33,15.0
2026-03-06 19:15:00,1867.1445838613267,1874.3264054859212,1867.0957103248736,1872.7632008471999,101.56402602722785,54.38,15.0
2026-03-06 19:30:00,1872.4712816832543,1876.225449942513,1868.1409636889716,1868.898194640238,147.7677159798421,54.0,15.0
2026-03-06 19:45:00,1869.2690455569111,1887.9319319947838,1867.9883963528268,1886.444430547952,134.48664278321812,54.07,15.0
2026-03-06 20:00:00,1886.4833445354595,1886.9310657143476,1880.2690368049684,1880.6318131893897,63.176184764590175,54.26,15.0
2026-03-06 20:15:00,1880.5871703951955,1884.5182827372478,1880.391338423936,1883.3881122194148,203.67098544168923,54.24,15.0
2026-03-06 20:30:00,1883.6376833958616,1892.1375803627402,1883.0179864049994,1891.54155929529,341.4884440184446,54.21,15.0
2026-03-06 20:45:00,1891.714764067938,1892.1661564483732,1885.0871044237051,1886.8641786242902,189.27629071143195,54.2,15.0
2026-03-06 21:00:00,1886.9845047025913,1887.1639070293309,1881.0564748654476,1881.3918663224802,173.0301922622808,54.1,15.0
2026-03-06 21:15:00,1881.6610027237818,1881.7198777620092,1880.7433088978585,1880.919283012144,148.20695757621144,54.02,15.0
2026-03-06 21:30:00,1880.9838497686362,1886.954786501377,1878.6521420252436,1886.8069003665307,172.2305158044423,53.98,15.0
2026-03-06 21:45:00,1886.4234741631494,1887.4283907728275,1885.8182708647655,1886.908845630636,182.42814135411572,54.06,15.0
2026-03-06 22:00:00,1886.8487416416183,1892.9535011296118,1886.4697197963617,1891.9762321773057,218.89458609247123,54.02,15.0
2026-03-06 22:15:00,1891.6511720446256,1892.3412589224824,1887.434156087488,1888.2963560070082,217.85872368068038,54.0,15.0
2026-03-06 22:30:00,1888.5262363241916,1891.312550920218,1867.3885745376074,1869.6811121094504,480.46077887184265,53.83,15.0
2026-03-06 22:45:00,1870.0704889382496,1905.345452279634,1869.13485267947,1901.74101046708,1319.7166015266157,53.89,15.0
2026-03-06 23:00:00,1901.74101046708,1901.74101046708,1900.9332167479106,1900.9332167479106,116.25031076268715,53.89,15.0
2026-03-09 15:30:00,1901.2286430763045,1903.4429171775582,1877.7169507681658,1879.5769550921343,148.72388649932716,52.76,15.0
2026-03-09 15:45:00,1880.1308366568148,1881.716738397354,1877.2431191832986,1877.7432609672092,229.7412535108437,52.75,15.0
2026-03-09 16:00:00,1876.7909502259738,1879.3620989077565,1875.5848490238504,1878.8310463509463,117.02864087535623,52.74,15.0
2026-03-09 16:15:00,1878.7865909293641,1878.894996665902,1869.0356384494364,1870.2758188591295,447.2328990841125,52.41,15.0
2026-03-09 16:30:00,1869.4661530513338,1876.1907329309795,1866.7500376505386,1873.335480189233,147.86282295426136,52.92,15.0
2026-03-09 16:45:00,1873.1418227156926,1877.8684846789822,1871.9676973792828,1873.8699049452937,243.16696935092256,53.13,15.0
2026-03-09 17:00:00,1874.3152162678043,1876.4198296083703,1874.0506995706241,1876.351028832892,200.41456047589404,53.25,15.0
2026-03-09 17:15:00,1876.559558708721,1879.9266037713917,1859.6963183546122,1860.246209134296,121.16625072687978,53.33,15.0
2026-03-09 17:30:00,1860.4918466040233,1884.987811246424,1859.9283782039547,1884.8011463571947,169.054703837934,53.14,15.0
2026-03-09 17:45:00,1884.741483053557,1886.2932585318727,1882.3720998843291,1883.9107567946214,181.12736986026482,53.33,15.0
2026-03-09 18:00:00,1883.5001224259174,1896.049249829024,1879.7027276555582,1894.437132562798,112.1302626175787,53.63,15.0
2026-03-09 18:15:00,1894.4688433675371,1895.3569831432533,1885.4382335678972,1885.7203790200367,117.66105253029566,53.7,15.0
2026-03-09 18:30:00,1885.9440050264438,1887.0224403555526,1881.6024432730503,1882.2289847246354,103.6026789130679,53.75,15.0
2026-03-09 18:45:00,1882.2767620441182,1882.4786826919915,1878.6441408554497,1878.8913903568714,154.0209412756958,53.72,15.0
2026-03-09 19:00:00,1878.4376957121383,1896.6942456275692,1878.071482896889,1895.0703200717755,178.2475857545457,53.85,15.0
2026-03-09 19:15:00,1895.0969254571246,1896.1327899363616,1887.4260243620406,1887.648984323219,126.40543609245297,53.66,15.0
2026-03-09 19:30:00,1886.8582411283348,1897.036524308302,1886.2532204290205,1896.4422033981602,152.48469641489683,53.34,15.0
2026-03-09 19:45:00,1896.655251040276,1898.8353964946753,1889.608340490745,1890.912920889111,210.03598386320095,53.56,15.0
2026-03-09 20:00:00,1890.7293264662746,1892.5752503749607,1885.1581756296334,1887.44691763528,213.1351354616214,53.77,15.0
2026-03-09 20:15:00,1886.6173898755776,1887.7385655397438,1878.6948037145482,1885.5989493043394,168.30743563537908,54.43,15.0
2026-03-09 20:30:00,1885.9283173564463,1906.3420780468236,1883.4507289484268,1905.335016961368,363.4385421779078,54.57,15.0
2026-03-09 20:45:00,1905.4713541947333,1907.642290292364,1887.8619925460573,1887.8862796727803,572.3722417575203,54.6,15.0
2026-03-09 21:00:00,1888.0414312231028,1891.1323991296433,1850.9041561290508,1851.6942393643637,218.2146145196417,54.07,15.0
2026-03-09 21:15:00,1853.784529529432,1862.8720139753384,1783.5350113146867,1789.9804975231386,350.4885400421213,54.87,15.0
2026-03-09 21:30:00,1790.2698475015104,1792.596471392368,1767.6670353987274,1773.71561093912,344.5503655831851,54.75,15.0
2026-03-09 21:45:00,1773.4422275707298,1773.7817642854066,1763.3670395703323,1765.0938980851772,1585.8353845917675,54.86,15.0
2026-03-09 22:00:00,1765.0938980851772,1768.66174521892,1765.0938980851772,1768.66174521892,154.91695396269478,54.87,15.0
2026-03-10 15:30:00,1768.2039810488084,1768.711335306942,1713.6509533044498,1719.1603737126893,259.85382123898614,53.48,15.0
2026-03-10 15:45:00,1720.314820113429,1722.4495174625881,1654.0242823802587,1660.3760994506902,99.47727587574083,54.04,15.0
2026-03-10 16:00:00,1660.6262098573354,1662.128070486494,1622.8547277493997,1630.1535984960872,162.26049415442705,53.55,15.0
2026-03-10 16:15:00,1630.4072385568618,1665.9316608111817,1624.5443272522607,1665.2522168618605,253.71081814736314,53.33,15.0
2026-03-10 16:30:00,1664.7783904325133,1678.057246238749,1664.0907459434577,1677.9065730676211,140.86371401452027,53.56,15.0
2026-03-10 16:45:00,1677.922176446654,1685.442714096395,1676.6211555893565,1684.9268984984658,124.99200348936427,53.48,15.0
2026-03-10 17:00:00,1684.9006636247002,1685.908074991722,1674.6581323211326,1675.5827361482775,229.034768401229,53.79,15.0
2026-03-10 17:15:00,1675.3222509177047,1678.8973737656122,1667.8382776446283,1668.5562844704766,207.9287701338617,53.98,15.0
2026-03-10 17:30:00,1668.4623947552993,1672.0263695925576,1657.4148255545333,1657.9765061011417,360.4310968391968,54.11,15.0
2026-03-10 17:45:00,1658.1288886229179,1666.1659778816643,1657.3198220652287,1663.0558203436374,315.45776485754476,53.98,15.0
2026-03-10 18:00:00,1663.054345382362,1678.84013617502,1661.8531269930659,1678.5974988404912,196.14816803794548,53.75,15.0
2026-03-10 18:15:00,1678.4029672687082,1689.2213297755072,1678.0041888566595,1688.9417476884294,161.3227607117838,53.74,15.0
2026-03-10 18:30:00,1688.878051782421,1701.7221882138942,1688.8366172992817,1700.229983838524,94.63768212296527,53.79,15.0
2026-03-10 18:45:00,1700.1456699415228,1700.7882005178446,1698.7586682261801,1700.5037931336578,307.5519938687541,53.78,15.0
2026-03-10 19:00:00,1700.5571101763862,1708.010350773345,1699.762176781218,1707.3707440541496,66.15341888137255,53.98,15.0
2026-03-10 19:15:00,1707.3870589900107,1713.9488037554918,1705.0211128189933,1711.7198859166517,190.03844855181663,54.2,15.0
2026-03-10 19:30:00,1711.3927473120061,1717.4075862834559,1706.9716699559779,1708.413448121096,231.18071128644235,53.86,15.0
2026-03-10 19:45:00,1708.1078056585836,1775.1793486214244,1706.5585401240069,1768.0843240649483,67.76390524758057,54.43,15.0
2026-03-10 20:00:00,1768.1213665366035,1768.2598004136873,1730.572817835441,1732.7618884593521,173.22272462269012,54.0,15.0
2026-03-10 20:15:00,1733.476212438678,1737.179437534554,1724.3209748343888,1728.8976772220274,246.82595394442032,53.75,15.0
2026-03-10 20:30:00,1729.0187396886226,1752.5826831726094,1728.1320410695748,1752.0550760168276,94.91198939728685,53.68,15.0
2026-03-10 20:45:00,1752.432081313178,1753.8269845542402,1740.4652337429532,1741.3125632229273,346.29458021132416,53.66,15.0
2026-03-10 21:00:00,1741.6367895361955,1742.042180862468,1738.0207737696383,1738.5153274317117,166.2034980311077,53.66,15.0
2026-03-10 21:15:00,1738.959415491343,1741.11448272724,1734.93887686965,1736.5879192777525,601.7726985658427,53.63,15.0
2026-03-10 21:30:00,1737.0810313246755,1738.5018996435545,1735.3493388579834,1735.539721612942,260.90156785339116,53.32,15.0
2026-03-10 21:45:00,1736.4837850794297,1737.7411777657142,1700.0682864299324,1700.8594310923143,1331.815451357085,52.84,15.0
2026-03-10 22:00:00,1700.8594310923143,1705.7142557187112,1700.8594310923143,1705.7142557187112,361.6459933837597,52.82,15.0
2026-03-11 15:30:00,1706.4483561609904,1743.1531959648864,1700.8550002314396,1740.5223452325251,109.473780615884,53.14,15.0
2026-03-11 15:45:00,1741.955410383015,1763.8566757173464,1741.0396737321914,1760.1013153505376,575.7226744167322,52.26,15.0
2026-03-11 16:00:00,1760.872238212458,1760.9432527941035,1746.1913224240352,1748.7199028170967,347.3573857236112,52.7,15.0
2026-03-11 16:15:00,1748.36870985744,1755.570681956082,1747.1453248031557,1753.6959462851232,288.3865299678201,52.7,15.0
2026-03-11 16:30:00,1753.9885282213343,1755.9324248645212,1744.3092068820838,1745.2248986743539,95.19337494373126,53.1,15.0
2026-03-11 16:45:00,1745.242431003166,1747.9451882481285,1743.3276120439916,1747.0910979554972,99.94496214341808,53.24,15.0
2026-03-11 17:00:00,1748.5003703339135,1808.5584933826633,1747.8602628829708,1807.0035715982287,171.25558131093442,52.67,15.0
2026-03-11 17:15:00,1806.3567242141946,1812.1258660927538,1804.39395492128,1811.4750809376214,175.25805995685732,52.82,15.0
2026-03-11 17:30:00,1811.2549733569247,1811.2747810877156,1799.6315548320138,1800.831450442796,87.26644068879398,52.84,15.0
2026-03-11 17:45:00,1800.159897805491,1806.2917138615549,1799.8334609708222,1805.9873301776793,103.13693130590886,52.94,15.0
2026-03-11 18:00:00,1806.0256425108741,1807.6859883443626,1792.6034801041108,1794.5076791996746,95.88836167195835,52.91,15.0
2026-03-11 18:15:00,1795.2033842629967,1797.2094440500518,1781.9436579308538,1782.4215016243804,72.74719855258166,52.8,15.0
2026-03-11 18:30:00,1782.4111641223558,1783.141064161162,1776.0866337072848,1776.627705077959,116.91425710655069,52.88,15.0
2026-03-11 18:45:00,1776.6448354187614,1778.583497759564,1775.6519890723666,1777.0915562433017,76.00945863013945,52.95,15.0
2026-03-11 19:00:00,1777.2664820269686,1789.8988070510352,1774.8122037285925,1788.767851185972,143.5353404852559,52.67,15.0
2026-03-11 19:15:00,1788.7271844321192,1801.4883576191398,1788.5539473378433,1799.9200239117886,130.607512925113,52.87,15.0
2026-03-11 19:30:00,1799.9743266062571,1805.2713456849635,1799.923709920217,1804.6543652838056,114.57330630936093,52.85,15.0
2026-03-11 19:45:00,1804.7374903285236,1805.7129380255647,1799.0188468133738,1799.058591463055,97.17143486802637,53.0,15.0
2026-03-11 20:00:00,1798.807702170311,1800.3373777509396,1794.9020731148255,1795.112096118521,192.3199396958638,52.98,15.0
2026-03-11 20:15:00,1795.0861842728805,1802.5811635476546,1795.0425596565874,1801.5417539544494,99.50507865831761,53.19,15.0
2026-03-11 20:30:00,1801.7147231284105,1803.438755833441,1796.8096542206076,1798.4325046398078,92.94945384404926,53.22,15.0
2026-03-11 20:45:00,1798.6096261880043,1799.0458193259578,1797.423193431255,1798.9176589538238,66.36076124400023,53.26,15.0
2026-03-11 21:00:00,1799.275423451115,1804.8046091121905,1796.3228173630102,1804.742732013311,124.47982976820293,53.15,15.0
2026-03-11 21:15:00,1804.8422609063161,1806.01298207666,1804.6440382483863,1804.6597228960766,173.21894481457312,53.4,15.0
2026-03-11 21:30:00,1804.814303053205,1814.0969869951505,1803.9221306138375,1813.0170302796646,306.78537668592656,53.79,15.0
2026-03-11 21:45:00,1813.3588665481657,1841.720784695555,1811.1539690021314,1840.330530664007,1140.979960609138,53.63,15.0
2026-03-11 22:00:00,1840.330530664007,1841.2393007207734,1840.330530664007,1841.2393007207734,185.24476522295296,53.62,15.0
2026-03-12 15:30:00,1840.1950151002331,1917.794836961565,1834.3264955535878,1912.6510431251925,410.27915921002074,53.54,15.0
2026-03-12 15:45:00,1912.5849192161563,1926.37715771186,1910.283987332209,1923.86330049336,189.80245339741404,53.76,15.0
2026-03-12 16:00:00,1923.2012460891408,1924.5995274281377,1890.273372223172,1892.0271812563988,252.4502735368752,53.42,15.0
2026-03-12 16:15:00,1892.4799320267466,1901.5347404064312,1836.532281440472,1840.2289843704777,310.6534558061229,52.54,15.0
2026-03-12 16:30:00,1840.9182434970312,1843.5725363592023,1820.0052883241033,1822.1703878081494,177.58596109922888,52.72,15.0
2026-03-12 16:45:00,1821.937134332452,1822.8853089092154,1811.545746512117,1814.7592957191512,49.887218508559194,52.94,15.0
2026-03-12 17:00:00,1815.0498050688097,1818.5969331471474,1808.0518001014866,1810.8290285377204,320.63707753611675,52.47,15.0
2026-03-12 17:15:00,1810.5423527850835,1820.5689540163435,1807.315018239082,1820.5269988946832,146.3996728234335,52.16,15.0
2026-03-12 17:30:00,1820.0637765712734,1841.0602735328746,1819.142011996546,1840.4286714817576,315.98685236351,51.83,15.0
2026-03-12 17:45:00,1841.1475006704973,1846.6522474488493,1839.8665523311952,1844.2687098610497,110.82870046691974,51.73,15.0
2026-03-12 18:00:00,1843.1216821815387,1850.5759460565025,1813.1711687586655,1819.9492210628791,515.6644203091286,50.87,15.0
2026-03-12 18:15:00,1819.027351967542,1824.1948037627512,1761.0545158686448,1763.5366698907192,504.2039034553491,50.53,15.0
2026-03-12 18:30:00,1763.746000337866,1769.4715368624427,1761.7102121804373,1766.3549304553308,420.4356279388615,50.2,15.0
2026-03-12 18:45:00,1766.5085881010766,1772.5871526843916,1763.9059788634465,1772.1225833207181,258.54616909382383,50.59,15.0
2026-03-12 19:00:00,1772.4478324746715,1777.1326092041795,1768.6592660685174,1776.7138316173068,354.13709674809274,50.44,15.0
2026-03-12 19:15:00,1777.4348675108356,1809.639791530771,1777.06041029082,1808.8703421841906,271.0173922242708,50.74,15.0
2026-03-12 19:30:00,1808.3844644827088,1844.4655576534267,1806.1947961121928,1842.0831142386683,411.54069842277136,51.23,15.0
2026-03-12 19:45:00,1841.9237427326211,1850.8711502353565,1841.0700255805941,1850.361681306722,219.98377959425153,51.22,15.0
2026-03-12 20:00:00,1850.9754255444793,1852.9106563789835,1835.7443248391742,1838.8380246680024,303.4607965732049,51.47,15.0
2026-03-12 20:15:00,1839.0768692851568,1841.571768018683,1835.2646343219837,1835.8215729499354,316.20289965360837,51.64,15.0
2026-03-12 20:30:00,1836.0504906057415,1836.7387917118112,1834.0254428902767,1834.1772031101564,156.22976450911005,51.45,15.0
2026-03-12 20:45:00,1834.00843107082,1835.6664093048155,1824.2450557622137,1826.2498765671492,143.607611928737,51.38,15.0
2026-03-12 21:00:00,1826.7032543740265,1838.5398451264623,1826.4955733974027,1836.4717116528186,246.11471993936487,51.65,15.0
2026-03-12 21:15:00,1836.6930054005195,1841.9593402642022,1835.122519672505,1841.4593664097579,385.65772229724826,51.75,15.0
2026-03-12 21:30:00,1841.5537668152854,1841.8916464303215,1819.8189805677216,1820.3655278756326,364.3281479826332,51.5,15.0
2026-03-12 21:45:00,1820.111391101847,1840.9796386694516,1815.087400402946,1840.5586713930318,2026.905033588577,51.5,15.0
2026-03-12 22:00:00,1840.5586713930318,1840.867873808641,1840.5586713930318,1840.867873808641,189.33132702154566,51.47,15.0
2026-03-13 15:30:00,1842.6322380870247,1843.1698916292492,1776.5598692744113,1779.451867829965,157.3782908395071,52.31,15.0
2026-03-13 15:45:00,1778.7794892042036,1783.5942953570118,1776.1704567367606,1777.5710760612585,250.8658523792065,51.85,15.0
2026-03-13 16:00:00,1777.071025072042,1789.0784030299365,1772.496300945033,1783.394173023291,165.62489141719402,51.41,15.0
2026-03-13 16:15:00,1782.9284771159619,1815.9006092881118,1779.9651073253406,1810.303867377118,281.9151346004261,51.16,15.0
2026-03-13 16:30:00,1810.1297291266017,1815.713721856836,1802.7764479403024,1805.3557680504102,228.2551525638338,51.01,15.0
2026-03-13 16:45:00,1805.3504316960973,1815.9717519327942,1805.3231154587406,1815.63996502449,288.37129457775956,50.8,15.0
2026-03-13 17:00:00,1816.10723030846,1823.2211838874528,1815.9597170867671,1822.6484716656214,150.20545817793513,51.16,15.0
2026-03-13 17:15:00,1822.8782822983762,1823.278723159652,1794.0748648057822,1797.0759326384918,140.88463617269315,50.8,15.0
2026-03-13 17:30:00,1797.1004323903724,1799.3956674398369,1778.4357629198762,1778.6352296746786,315.2555671021126,50.91,15.0
2026-03-13 17:45:00,1778.7467706713553,1798.805619712544,1776.728274456436,1798.099557656301,141.8716735510119,51.0,15.0
2026-03-13 18:00:00,1798.2450306460005,1810.0402414845832,1796.4273872472825,1809.8000951642803,156.29209113979118,50.97,15.0
2026-03-13 18:15:00,1809.3367498311616,1818.1267739780083,1805.2801976892833,1814.323190150954,114.03398244599046,50.96,15.0
2026-03-13 18:30:00,1814.5503008945261,1826.7128120040065,1814.50953908713,1826.5750726399824,74.47003950330605,50.88,15.0
2026-03-13 18:45:00,1826.3123486383583,1841.914585914368,1825.9664518839484,1839.7715064439594,229.4556334516196,50.89,15.0
2026-03-13 19:00:00,1839.6728093285085,1846.6556072868973,1839.6613625799275,1844.988048163739,98.23892387362132,50.78,15.0
2026-03-13 19:15:00,1845.0674149289543,1846.2565051972517,1837.76908802132,1838.3520280443815,150.52235986131333,50.91,15.0
2026-03-13 19:30:00,1838.3344484447762,1853.8787111715205,1838.2054206386983,1853.6149521112036,111.60039109865181,50.91,15.0
2026-03-13 19:45:00,1853.7749115990937,1858.8974126679777,1852.9542055375189,1858.4543590188323,61.63725250591498,50.68,15.0
2026-03-13 20:00:00,1858.4949385362995,1858.9006088298404,1854.909700429883,1855.7712292705332,118.531598665818,50.9,15.0
2026-03-13 20:15:00,1855.67924797122,1858.3915481375548,1845.1052820798657,1847.42451055735,137.63856428871142,50.83,15.0
2026-03-13 20:30:00,1847.6513132529128,1850.2434529563945,1847.6169289721443,1850.0542196896981,97.82914691754951,50.98,15.0
2026-03-13 20:45:00,1850.2267965943563,1851.182367442004,1834.348670464375,1835.5996454316057,277.056453321101,51.03,15.0
2026-03-13 21:00:00,1835.6412652679896,1839.6338839083346,1835.139455504176,1839.209624220387,192.6308070089918,50.96,15.0
2026-03-13 21:15:00,1839.305026105917,1839.8678656018676,1834.6758819190268,1835.4759131518028,297.5166319654114,51.05,15.0
2026-03-13 21:30:00,1835.28905440241,1840.1762705015062,1833.2252989332542,1839.5835619291554,339.56133791056806,51.04,15.0
2026-03-13 21:45:00,1840.3210330955785,1842.9159725437346,1830.3416484341515,1832.2791225827582,1199.1585056677604,50.86,15.0
2026-03-13 22:00:00,1832.2791225827582,1832.8423631758512,1832.2791225827582,1832.8423631758512,194.97595055772936,50.85,15.0
2026-03-16 15:30:00,1832.97667850325,1839.3996214895985,1806.6615869357777,1807.0173549705596,215.3393593782894,51.77,15.0
2026-03-16 15:45:00,1806.8595220512225,1808.3886390161151,1804.061760484208,1807.1811460616257,208.43671888101295,52.03,15.0
2026-03-16 16:00:00,1806.9336239666336,1859.7304038947452,1805.5769709559047,1856.6572906428905,192.0029503708917,51.32,15.0
2026-03-16 16:15:00,1856.5176921342386,1872.2023079351493,1853.5252571468343,1871.7697944961405,101.03332846021127,51.25,15.0
2026-03-16 16:30:00,1871.32819428363,1877.0483497021694,1868.701341772062,1875.4895547505287,214.16706009061346,50.79,15.0
2026-03-16 16:45:00,1876.119195622027,1880.1431614907185,1869.5011848247111,1871.2830861913499,167.13587109264978,50.36,15.0
2026-03-16 17:00:00,1870.7086076421847,1884.5937039036987,1867.6941338863096,1883.635571683779,244.6054586967026,50.11,15.0
2026-03-16 17:15:00,1883.9482553675712,1896.757034916852,1882.8699899417154,1894.7524398937567,204.11384844932218,49.97,15.0
2026-03-16 17:30:00,1894.9723608493669,1899.8812341466546,1881.2919524854528,1884.206720439895,139.21960140905216,50.14,15.0
2026-03-16 17:45:00,1883.8192367029694,1884.057314033874,1867.6400521125768,1873.8127885469526,280.8568502307253,49.23,15.0
2026-03-16 18:00:00,1873.9256689320732,1875.5173222555998,1857.4786759959209,1858.8378676067225,151.20061474802407,49.25,15.0
2026-03-16 18:15:00,1858.7876701090443,1872.3959107144365,1858.3868951161937,1871.2840949266697,208.47303457710854,49.23,15.0
2026-03-16 18:30:00,1870.8990732823304,1899.074935271625,1870.2791864832066,1896.8807824478347,324.77457732785723,49.23,15.0
2026-03-16 18:45:00,1896.5572344895431,1897.7552341925466,1890.5594995821377,1894.194968242641,208.3039089581512,48.96,15.0
2026-03-16 19:00:00,1894.583926825357,1894.6385672721717,1847.048573799576,1847.3194463963416,637.9451125606362,49.1,15.0
2026-03-16 19:15:00,1847.6712270512623,1861.564687067256,1845.419919184723,1860.0001372018764,516.5038900171235,49.08,15.0
2026-03-16 19:30:00,1860.082203947813,1861.2592826847522,1846.2156346975305,1846.4883921291096,505.94360407701043,48.84,15.0
2026-03-16 19:45:00,1846.4095632956853,1847.6906555528592,1840.7477980121137,1841.441319548992,214.47575299639755,48.85,15.0
2026-03-16 20:00:00,1841.3908696548826,1848.0441353965452,1841.20057009319,1846.895660576882,262.3125947139702,48.77,15.0
2026-03-16 20:15:00,1846.8197633378397,1849.8194142485731,1845.5379775100764,1849.1066677773813,394.6264469512074,48.81,15.0
2026-03-16 20:30:00,1848.4217126413705,1849.1425981679804,1841.9102727006823,1843.9739738704175,262.2529539490944,49.12,15.0
2026-03-16 20:45:00,1844.001885100665,1847.1855297075729,1825.0565388193243,1830.6327318983676,143.78741573829768,48.78,15.0
2026-03-16 21:00:00,1830.8209706685668,1832.1002740711403,1830.0690258001093,1831.9724106497388,234.36162273898762,48.7,15.0
2026-03-16 21:15:00,1831.990321846872,1832.1479139160926,1825.2239968250142,1827.615038862182,257.6606875998145,48.62,15.0
2026-03-16 21:30:00,1828.3649431385588,1828.7398954126152,1805.2801009929174,1808.0601892934442,321.76277376994034,48.25,15.0
2026-03-16 21:45:00,1807.3895349473726,1809.1561652839857,1802.8532287190865,1804.6828737324613,1303.0815434230026,48.81,15.0
2026-03-16 22:00:00,1804.6828737324613,1805.7101727553868,1804.6828737324613,1805.7101727553868,170.95913191023809,48.81,15.0
2026-03-17 15:30:00,1805.884962816829,1813.910717337353,1788.1422311098522,1808.8637305631178,159.30885150171244,50.33,15.0
2026-03-17 15:45:00,1809.0109722605494,1810.251729380823,1780.9868201527083,1781.0425416733663,203.91414517892588,50.65,15.0
2026-03-17 16:00:00,1780.1963661638174,1800.597437897649,1779.7288045531493,1798.5327721372414,242.15021681563513,50.54,15.0
2026-03-17 16:15:00,1798.7435354787733,1799.693293547252,1762.343184818098,1763.651018870318,105.57645183782259,50.35,15.0
2026-03-17 16:30:00,1763.7325923993844,1764.3815426193648,1760.0848440240961,1761.4242676095882,170.19336320350803,50.43,15.0
2026-03-17 16:45:00,1760.7729529288624,1763.0843519041766,1755.7777487717894,1757.5280847242643,111.25009823173876,50.49,15.0
2026-03-17 17:00:00,1757.495928867772,1761.0854529704266,1755.6596177938877,1761.0459426089308,135.6148839831883,50.38,15.0
2026-03-17 17:15:00,1760.8660128460126,1769.7419361866287,1760.2694969991492,1769.357760289774,118.14903249495114,50.53,15.0
2026-03-17 17:30:00,1769.218448654326,1785.7045064227166,1768.7679508467766,1782.669043511998,91.67530146449826,50.27,15.0
2026-03-17 17:45:00,1782.3712676397456,1783.5621149382332,1779.3119703420207,1780.3367812584095,102.95004516390257,50.48,15.0
2026-03-17 18:00:00,1780.447039650852,1791.442570891929,1780.3833083968755,1789.559321507224,137.76737492527698,50.68,15.0
2026-03-17 18:15:00,1790.3994480044935,1799.2834877468927,1786.0808733398537,1797.4038065035236,202.07091046753888,51.04,15.0
2026-03-17 18:30:00,1797.4852514026857,1800.4236929567278,1776.722647496718,1778.1407858907758,117.87944131818968,50.8,15.0
2026-03-17 18:45:00,1777.843308038537,1790.6055204974075,1777.6430897196922,1790.5513223468001,62.534693884088355,50.88,15.0
2026-03-17 19:00:00,1790.614877805479,1791.4136294084738,1780.4526444034684,1780.9839506597064,155.51265481397766,50.92,15.0
2026-03-17 19:15:00,1780.9550745407648,1785.025531912688,1780.8529462485867,1784.886208188509,114.87858564400618,50.84,15.0
2026-03-17 19:30:00,1784.6411930359498,1790.0439470932602,1784.454800316938,1789.554413433835,218.00697248904095,50.76,15.0
2026-03-17 19:45:00,1789.625612862974,1794.1857759629952,1788.4772754489104,1793.8369822850332,124.77660714863585,50.81,15.0
2026-03-17 20:00:00,1793.958179121476,1794.6724489681628,1791.9367120254662,1792.6914420800247,84.16031342222999,50.75,15.0
2026-03-17 20:15:00,1792.400998073409,1810.233519718841,1791.5707020381622,1809.9997467040378,376.2322047224167,51.08,15.0
2026-03-17 20:30:00,1809.3552594486505,1813.744557097108,1786.5839486837303,1787.0084946104105,195.2644137039401,50.81,15.0
2026-03-17 20:45:00,1786.3902837844118,1791.7072116149577,1784.7536035466303,1789.9436518672242,145.2560994079127,51.05,15.0
2026-03-17 21:00:00,1789.8660552296815,1790.099342647855,1789.1023713563386,1789.1952244778322,148.26416613263274,51.01,15.0
2026-03-17 21:15:00,1789.1540278681732,1789.197841491905,1784.6044195763998,1785.5632768191442,359.4596697710349,51.15,15.0
2026-03-17 21:30:00,1785.317212703669,1796.6994959481779,1781.9689599557469,1791.977662682338,402.26089476037674,50.7,15.0
2026-03-17 21:45:00,1791.6590712438658,1815.2345102121592,1790.4322606174646,1814.5390539137125,1415.9983003293355,51.03,15.0
2026-03-17 22:00:00,1814.5390539137125,1815.9531118971488,1814.5390539137125,1815.9531118971488,167.52748041305009,51.06,15.0
2026-03-18 15:30:00,1816.44356690896,1847.8217841129303,1816.1870104412415,1841.3773514232564,176.06763069637208,50.2,15.0
2026-03-18 15:45:00,1841.500026280481,1844.3396919552522,1841.1826176426562,1843.920366611878,164.67606366027613,50.37,15.0
2026-03-18 16:00:00,1844.6212021173376,1846.9214485528007,1810.454109232145,1810.988329671061,242.81488819668488,49.66,15.0
2026-03-18 16:15:00,1810.786638608916,1811.5089733992747,1809.2962431559758,1810.089032386231,281.0874290635881,49.8,15.0
2026-03-18 16:30:00,1809.659869280998,1811.1098609216226,1806.754529396504,1809.0484328539878,159.78394927844195,50.11,15.0
2026-03-18 16:45:00,1808.8270268458377,1809.3686845076943,1801.1007754528496,1801.3001037997562,174.71758724341007,50.38,15.0
2026-03-18 17:00:00,1801.0306652354789,1813.8048354559937,1796.066965956441,1812.6758808077773,197.42503456378438,50.77,15.0
2026-03-18 17:15:00,1812.0672325763821,1817.284337590494,1810.2884948125518,1816.360988552144,307.94842272218534,50.76,15.0
2026-03-18 17:30:00,1816.2106729255643,1816.8372884058867,1799.9971325645847,1801.311140396637,70.5574941542667,50.75,15.0
2026-03-18 17:45:00,1801.7092144221708,1802.1549811383543,1781.8563214534618,1782.940095756638,157.36516866789378,51.02,15.0
2026-03-18 18:00:00,1783.2031807762332,1789.8911628280093,1778.677344629339,1788.9318433799883,113.37555814190547,50.84,15.0
2026-03-18 18:15:00,1789.0709772170485,1790.4519735032015,1782.443883485891,1782.4477888939014,256.7730054463551,50.77,15.0
2026-03-18 18:30:00,1782.478473425352,1788.5569215892165,1781.4370349438004,1786.8568688100684,153.43348824295015,50.73,15.0
2026-03-18 18:45:00,1787.1025315767756,1794.812395014727,1786.7808083200198,1794.316650479684,83.37985427386353,50.82,15.0
2026-03-18 19:00:00,1794.1481320930043,1796.3241610507812,1789.0048788505865,1789.1679274339651,113.48622170139522,50.89,15.0
2026-03-18 19:15:00,1788.9941154127002,1789.0709930346686,1781.11235128353,1781.9189769791644,82.60263782292955,50.91,15.0
2026-03-18 19:30:00,1782.0976886969884,1794.3779672625546,1781.986970342101,1793.5508187469786,62.33442701232835,50.87,15.0
2026-03-18 19:45:00,1793.5581319481898,1800.4796681467983,1791.9637866840144,1799.9647804196336,151.05556748083094,51.04,15.0
2026-03-18 20:00:00,1799.7371819827695,1800.4363118332276,1794.706316107485,1794.9805769876525,99.36341465006615,50.84,15.0
2026-03-18 20:15:00,1795.2320721372519,1795.3712604024267,1783.057167907401,1783.2444117408388,200.2105899798959,51.14,15.0
2026-03-18 20:30:00,1783.0724942814697,1783.422079485408,1775.3317355093639,1777.0812572231152,201.52235426177708,51.0,15.0
2026-03-18 20:45:00,1776.948128832807,1777.559776156333,1771.5091006292446,1771.8258864276968,216.76265647762213,50.91,15.0
2026-03-18 21:00:00,1771.66082461952,1782.589272016755,1770.6143555941899,1781.239658420876,123.24336144797434,51.02,15.0
2026-03-18 21:15:00,1781.294177563685,1781.807086093451,1778.2532127239595,1778.2564353572388,179.6207843721583,50.97,15.0
2026-03-18 21:30:00,1778.343676118792,1798.5304274430855,1777.0924408141834,1795.0576373447439,647.687862125628,50.62,15.0
2026-03-18 21:45:00,1795.7809182119236,1795.8594748198877,1788.8175900945657,1791.0239472464377,1133.4821698556443,50.8,15.0
2026-03-18 22:00:00,1791.0239472464377,1792.9534195743643,1791.0239472464377,1792.9534195743643,158.04353747880694,50.81,15.0
2026-03-19 15:30:00,1792.4066045895738,1818.9827065154527,1771.4747896252948,1772.0858577978186,303.9816546204722,51.54,15.0
2026-03-19 15:45:00,1772.7571104506958,1773.9042067858895,1728.6291406308258,1729.0286610709245,150.7988867602867,51.43,15.0
2026-03-19 16:00:00,1729.4464555435254,1731.9839641440778,1727.8414773106356,1729.0964033674945,184.57652662851288,51.16,15.0
2026-03-19 16:15:00,1729.1470742684924,1730.6071390942113,1728.7101662970324,1730.1428589746915,190.39379008915802,51.08,15.0
2026-03-19 16:30:00,1729.5473472331205,1748.5092808842223,1726.4169800011293,1746.413003711738,116.49570086218931,51.22,15.0
2026-03-19 16:45:00,1746.223733433989,1747.6678720340815,1734.4665038379226,1734.493033502471,117.7067864735003,51.35,15.0
2026-03-19 17:00:00,1734.0797360015524,1761.5120877569398,1728.493113676789,1757.0580167422381,123.47639992454252,51.66,15.0
2026-03-19 17:15:00,1757.0665148604837,1766.2572480353394,1755.313512648939,1766.2143450986584,181.38204308525255,51.53,15.0
2026-03-19 17:30:00,1766.0742864376402,1783.1409724399537,1765.858228906826,1782.4686233016087,237.36272559844434,51.65,15.0
2026-03-19 17:45:00,1782.638482527272,1784.9365354045335,1782.4382869477263,1784.5594056000716,87.38526123984647,51.65,15.0
2026-03-19 18:00:00,1783.660172719,1811.8477912299018,1782.2110851715058,1804.674856546059,271.12950241390143,51.17,15.0
2026-03-19 18:15:00,1804.2318163149512,1804.3074519798404,1785.6158061352635,1787.4596324737277,207.18560501329753,51.43,15.0
2026-03-19 18:30:00,1787.503701947514,1795.5907226292795,1787.0392914518493,1794.5514879605985,74.78154964673871,51.47,15.0
2026-03-19 18:45:00,1794.7393596563807,1795.8983570907235,1783.8122690900834,1784.7751738754582,110.51111508352122,51.26,15.0
2026-03-19 19:00:00,1783.7607898357921,1787.4491448089439,1758.4007131532987,1761.1994020291647,326.9574648948432,50.98,15.0
2026-03-19 19:15:00,1760.7212600566643,1761.7397688075644,1753.3718790562489,1754.6833002863748,58.746070636429536,51.27,15.0
2026-03-19 19:30:00,1754.6218455221667,1758.585787829123,1753.8471267404786,1758.273763324703,149.60608248783745,51.34,15.0
2026-03-19 19:45:00,1758.575532130014,1758.9898524505195,1753.569357049442,1754.644832759887,94.70113969382696,51.36,15.0
2026-03-19 20:00:00,1755.1449460286658,1760.22870194158,1754.4246208646668,1760.1658629525177,145.07683942959116,51.19,15.0
2026-03-19 20:15:00,1760.0780146677782,1762.0568332844484,1747.5893351514685,1748.2039721186618,166.95050702344233,51.08,15.0
2026-03-19 20:30:00,1748.1587636294123,1750.237706983098,1729.9095220311945,1732.086647568512,245.31222023519967,51.27,15.0
2026-03-19 20:45:00,1731.6787087677162,1764.6244592576063,1729.8204377716859,1762.956546964369,189.90852950698013,51.64,15.0
2026-03-19 21:00:00,1763.426251464461,1800.4844565164651,1760.4594046658299,1794.5152578192708,451.5510875382627,52.22,15.0
2026-03-19 21:15:00,1795.0173886965506,1797.9118559296394,1781.4068729982312,1781.953193901485,454.62818348690007,51.94,15.0
2026-03-19 21:30:00,1782.3658040342168,1784.1399029932893,1782.3196069796682,1783.9363897332057,441.30784616576335,51.89,15.0
2026-03-19 21:45:00,1783.9256335893385,1797.9977357708897,1783.7129298277978,1797.9135371149468,793.1823053969521,51.58,15.0
2026-03-19 22:00:00,1797.9135371149468,1799.801634357203,1797.9135371149468,1799.801634357203,147.19010894397658,51.59,15.0
2026-03-20 15:30:00,1799.8084965614469,1807.3306619100297,1794.1680087432458,1804.6308234255137,128.70995813436687,51.38,15.0
2026-03-20 15:45:00,1805.3039020733831,1825.5543867141241,1804.113415413319,1824.2244301654955,97.27207898391843,51.16,15.0
2026-03-20 16:00:00,1824.1395448744295,1825.5376260179087,1818.8045866149737,1820.0502672165792,46.982316850985285,51.24,15.0
2026-03-20 16:15:00,1818.9536993465033,1826.887280837386,1816.8958547421305,1825.5663461768647,73.17538687673161,51.77,15.0
2026-03-20 16:30:00,1825.4824160789524,1828.712774533568,1824.2411216381201,1828.0667747083105,146.96517300328566,52.0,15.0
2026-03-20 16:45:00,1827.981026772763,1829.4038748528571,1823.220326967803,1825.2180214420855,121.40113727417027,51.89,15.0
2026-03-20 17:00:00,1824.5425134698733,1825.9484052369946,1822.7657144164007,1822.817711039127,66.84743054113105,52.15,15.0
2026-03-20 17:15:00,1822.9234433451243,1823.2967623780191,1822.0734513268465,1822.1885197465572,133.17996527842305,51.72,15.0
2026-03-20 17:30:00,1822.311848329265,1825.222244500202,1822.1854174153993,1824.1094094202972,62.42898295165191,51.79,15.0
2026-03-20 17:45:00,1824.4050475964427,1825.0886161698102,1818.2947419381328,1819.0042634493025,106.79164888640817,51.78,15.0
2026-03-20 18:00:00,1818.7783570772485,1825.2740133903221,1818.606416940849,1824.5095887476066,79.89776337424172,51.68,15.0
2026-03-20 18:15:00,1824.6334496755537,1824.800421132979,1819.0872082948626,1819.3389850637418,86.11332556374086,51.66,15.0
2026-03-20 18:30:00,1819.502913482168,1819.6240087354624,1817.9030682291984,1818.8913098163048,92.42267794578902,51.62,15.0
2026-03-20 18:45:00,1819.017957093714,1820.2680442399885,1818.495196148748,1818.7206863961296,74.79608614638198,51.8,15.0
2026-03-20 19:00:00,1818.4112842694697,1823.9492868098505,1817.4902825485124,1822.6534159433588,65.59793935551424,51.61,15.0
2026-03-20 19:15:00,1822.4615711509962,1823.726679107922,1809.7250489623873,1810.9384041813898,60.45913938198397,51.78,15.0
2026-03-20 19:30:00,1810.9620939585272,1821.5490953607004,1809.097240499943,1820.2280614228555,119.3591248300336,51.76,15.0
2026-03-20 19:45:00,1820.239528733892,1820.3854593935937,1817.4164745345442,1817.6218297573228,121.8346619199672,51.67,15.0
2026-03-20 20:00:00,1817.4558373826537,1831.0430001333648,1816.2790675994747,1830.5148878561727,98.36169492885296,51.44,15.0
2026-03-20 20:15:00,1830.8433861429066,1832.5786289400821,1824.4619111577563,1825.5939470462642,142.37304484332626,51.26,15.0
2026-03-20 20:30:00,1825.5175055575514,1825.5795621876568,1824.7977589025143,1825.0412105855887,99.17925904841918,51.1,15.0
2026-03-20 20:45:00,1824.6599285565715,1841.15103491401,1824.48454062315,1839.435904411938,112.67175511620822,51.01,15.0
2026-03-20 21:00:00,1839.4050382725327,1839.8917981637646,1838.6270561456713,1839.1218006509155,85.8538069453219,51.1,15.0
2026-03-20 21:15:00,1839.1777844746248,1845.4215088299434,1838.6730063381306,1845.108190292479,101.21144222519986,51.13,15.0
2026-03-20 21:30:00,1845.2386452710118,1845.8217203414624,1840.4369075347945,1844.7596020857734,189.74276476072984,50.96,15.0
2026-03-20 21:45:00,1844.9968989420613,1862.500354971714,1841.332838992736,1859.5992116892653,1044.4500389621571,51.49,15.0
2026-03-20 22:00:00,1859.5992116892653,1859.5992116892653,1859.4763713329357,1859.4763713329357,185.30762585444702,51.48,15.0
2026-03-23 15:30:00,1858.058764106469,1924.0578064669794,1854.6803085601848,1906.4467303771994,133.17294039540033,52.54,15.0
2026-03-23 15:45:00,1906.190799160075,1907.7116449259986,1890.7688920881114,1892.2894174358987,278.17605679584153,52.86,15.0
2026-03-23 16:00:00,1893.0261970018873,1895.7638865608205,1873.0641129178962,1873.139808777375,199.40393080580205,52.69,15.0
2026-03-23 16:15:00,1872.4309790759607,1872.993615689685,1863.0975508103495,1864.0050459799313,142.91180800262714,52.62,15.0
2026-03-23 16:30:00,1863.9817170608005,1866.3124312227299,1861.7056525018759,1863.7411778828425,64.6812763924786,52.35,15.0
2026-03-23 16:45:00,1864.2230226154152,1868.5314461423416,1860.8803019435372,1862.2678953644786,152.72822070269697,52.59,15.0
2026-03-23 17:00:00,1862.5509228196593,1868.2514732495072,1861.3384415635467,1868.1577716121994,45.31488193711089,52.55,15.0
2026-03-23 17:15:00,1868.3956093728152,1885.2965532448995,1865.9697884341167,1883.1907373593915,66.70401108187443,52.25,15.0
2026-03-23 17:30:00,1883.5466525037184,1889.8273521855026,1862.949135065807,1863.0942782633476,200.81989072747976,52.12,15.0
2026-03-23 17:45:00,1862.4875357154701,1863.659294222883,1837.4296882053695,1843.9948438071312,121.09396443308952,51.64,15.0
2026-03-23 18:00:00,1844.6351100560844,1844.747161287721,1821.5661705555428,1822.4312726552832,113.03075099315352,52.0,15.0
2026-03-23 18:15:00,1822.2150835091313,1836.7669044108525,1821.6846292357384,1835.9540161878097,220.9619986548116,51.85,15.0
2026-03-23 18:30:00,1835.4585347276086,1846.3036992852321,1833.1523275952209,1843.7311337489411,160.84818642088007,52.16,15.0
2026-03-23 18:45:00,1843.8092292115916,1847.3836971142964,1843.5895557858175,1847.3446213150949,62.971853413091644,52.09,15.0
2026-03-23 19:00:00,1847.2505811075048,1847.7120356741293,1838.3444901806959,1838.4138178138917,58.15905353341473,52.09,15.0
2026-03-23 19:15:00,1838.4379117420735,1839.6964246175908,1838.0665022561884,1838.6954700873227,95.52853807682501,52.03,15.0
2026-03-23 19:30:00,1838.9419705000512,1852.045134907941,1837.6120911941439,1851.2708582892376,131.42243537344316,52.2,15.0
2026-03-23 19:45:00,1851.572339276486,1852.5843311695123,1850.4685537517523,1850.8247370077431,50.056655691921854,52.31,15.0
2026-03-23 20:00:00,1850.925852594629,1860.5700542837235,1850.4132396189123,1860.2636388822507,133.5086777207702,52.29,15.0
2026-03-23 20:15:00,1860.099774266172,1885.2379534163827,1858.3288294469135,1882.8179183258778,115.09762528184494,52.29,15.0
2026-03-23 20:30:00,1882.9899675416652,1884.069644447903,1874.459157575651,1874.8199725686554,65.95712283162345,52.49,15.0
2026-03-23 20:45:00,1874.7230178226198,1875.2189972162453,1869.8322682247456,1870.1545836790144,54.7476701225074,52.49,15.0
2026-03-23 21:00:00,1870.2900571231112,1870.9239043304028,1864.573074118684,1865.0109340142324,100.60051645709605,52.46,15.0
2026-03-23 21:15:00,1865.0191523296844,1873.0685324028684,1864.5792212660056,1872.3498426282872,113.35250034798077,52.44,15.0
2026-03-23 21:30:00,1872.4219999388629,1878.1883360487686,1872.0243502365797,1878.0832839190093,156.00521716771516,52.31,15.0
2026-03-23 21:45:00,1877.2718944345593,1880.7997077699854,1867.4041978987868,1873.2665834298248,835.2627397952918,52.01,15.0
2026-03-23 22:00:00,1873.2665834298248,1873.2665834298248,1872.8439303282016,1872.8439303282016,133.4570085502888,52.0,15.0
2026-03-24 15:30:00,1870.8073817402583,1873.5347127714433,1820.100379166129,1831.185160433722,99.00740145400358,51.9,15.0
2026-03-24 15:45:00,1831.962154880271,1849.0815556879934,1826.1843153616092,1846.3849834687271,57.75721035678225,51.87,15.0
2026-03-24 16:00:00,1845.886138384975,1845.942419607186,1840.594898924987,1842.3824935664684,100.94385569490898,52.1,15.0
2026-03-24 16:15:00,1842.5687397895103,1843.7476639114873,1840.1410641661935,1840.8333710584457,44.89411738569003,52.14,15.0
2026-03-24 16:30:00,1840.7245346955078,1845.9131947936442,1839.5053746848755,1845.6905670227413,34.0347978352631,52.2,15.0
2026-03-24 16:45:00,1845.5532131687198,1847.9523690395922,1843.1743681791763,1844.6635803821957,159.41957077777593,52.54,15.0
2026-03-24 17:00:00,1844.6564718994048,1845.6630114071738,1843.8605712401961,1845.6080463749283,49.535758826211215,52.78,15.0
2026-03-24 17:15:00,1845.9215894166161,1846.374914161507,1844.7994182976383,1846.1110127086806,124.78724817739041,52.75,15.0
2026-03-24 17:30:00,1846.1667585558419,1850.6043761818453,1845.8295092244236,1850.3596210757605,47.84212955515888,52.87,15.0
2026-03-24 17:45:00,1850.4371445268316,1862.7245743556227,1850.410862200683,1862.2552984546546,174.6414630612856,52.76,15.0
2026-03-24 18:00:00,1862.6812714471885,1871.1908779900493,1861.0754197406468,1868.5971345626863,53.73097614176118,52.64,15.0
2026-03-24 18:15:00,1868.5166150038892,1873.3205081746084,1868.1725623286222,1873.1120738468373,44.35197963339567,52.76,15.0
2026-03-24 18:30:00,1873.3384976497941,1874.7623749762975,1870.831441562431,1870.8760449531474,37.18482647585509,52.69,15.0
2026-03-24 18:45:00,1871.0193109961785,1872.274117078837,1866.0861550767297,1866.6145941441912,33.68286105728516,52.69,15.0
2026-03-24 19:00:00,1866.96351265115,1875.0390080789027,1866.9153689427728,1873.888936133348,48.98576216996258,52.39,15.0
2026-03-24 19:15:00,1873.8610101289378,1875.6133110042074,1872.9182233232443,1875.3657344640528,24.499135372220586,52.48,15.0
2026-03-24 19:30:00,1875.286952903881,1875.6697210044035,1865.4165982948743,1865.5119840014415,38.274870089916426,52.46,15.0
2026-03-24 19:45:00,1865.3091992590141,1867.0369070216002,1862.2668999215086,1862.6835778947154,56.703933163573566,52.46,15.0
2026-03-24 20:00:00,1862.4953969124201,1862.910095205169,1861.1498720175737,1861.1880553801086,67.71470195884419,52.34,15.0
2026-03-24 20:15:00,1861.0228569671663,1861.9705720946913,1857.8112066228407,1858.5323635196828,168.6719299725932,52.43,15.0
2026-03-24 20:30:00,1858.652875147552,1877.7785805354706,1857.019557193048,1876.9830982919048,149.2367669339122,52.49,15.0
2026-03-24 20:45:00,1876.9613212503707,1879.1825569071082,1876.3874553586006,1878.4406157512478,59.50247336763739,52.51,15.0
2026-03-24 21:00:00,1878.5594755725797,1891.9353928101755,1876.303358484951,1891.6998319843321,116.94796287177257,52.48,15.0
2026-03-24 21:15:00,1891.756702724878,1892.9358222325172,1890.7125509136756,1892.0203473271656,224.1544251088995,52.48,15.0
2026-03-24 21:30:00,1891.8968151837832,1892.2895657540812,1891.2845617589103,1891.6238459927422,269.8887787979507,52.49,15.0
2026-03-24 21:45:00,1891.2427542065225,1891.930578778853,1876.6758294956405,1878.177673608632,828.3617821701696,52.4,15.0
2026-03-24 22:00:00,1878.1752505031939,1878.201202098436,1877.913364141003,1877.977565048736,136.90006475427646,52.43,15.0
2026-03-25 15:30:00,1877.5257991730869,1885.7976967783475,1876.1510270283868,1882.5148762122033,72.76311842900532,53.09,15.0
2026-03-25 15:45:00,1881.9924133388708,1882.946560076064,1847.6171749533978,1849.3293574226548,85.97349534514785,52.66,15.0
2026-03-25 16:00:00,1850.2817213733538,1850.5930170944705,1832.395227942322,1837.73345709997,101.45668469279502,52.52,15.0
2026-03-25 16:15:00,1837.229741120512,1837.5559740284616,1833.0070238159406,1835.7212214514684,122.62663435313804,52.67,15.0
2026-03-25 16:30:00,1836.2786182205525,1843.0658141952192,1835.0096003574015,1842.3668278174594,92.85639476745618,52.89,15.0
2026-03-25 16:45:00,1842.4249908476659,1848.1493766279195,1840.9559491251384,1847.0994320753061,35.232150699841824,52.97,15.0
2026-03-25 17:00:00,1847.9982292389184,1851.8059641007685,1819.8432378093771,1823.3654570982435,300.5063559645762,52.27,15.0
2026-03-25 17:15:00,1823.816339910492,1836.258306724488,1822.4041130390824,1835.046715772088,375.7925532178925,52.49,15.0
2026-03-25 17:30:00,1835.2755420299932,1837.5176814101346,1829.9589297488799,1832.2658763688944,341.59493367969674,52.32,15.0
2026-03-25 17:45:00,1832.6004733754332,1833.522974747702,1811.7354058887668,1812.8015883436458,202.49938264951479,52.43,15.0
2026-03-25 18:00:00,1812.6065927551176,1813.2753772408519,1811.4175556704743,1812.0692793024875,62.31068523083327,52.56,15.0
2026-03-25 18:15:00,1812.0344794515513,1822.969373267142,1811.2202648464256,1822.8271718126,37.338741423899535,52.61,15.0
2026-03-25 18:30:00,1822.727758361125,1823.33786812663,1816.9879697188874,1817.3511699202513,33.107102413269786,52.67,15.0
2026-03-25 18:45:00,1816.722104746255,1824.2145649420636,1816.6532681154592,1822.044556128189,49.147619632151056,52.91,15.0
2026-03-25 19:00:00,1821.9184274796473,1835.569436056863,1820.1057575368652,1834.7192039165682,61.35258170437345,52.94,15.0
2026-03-25 19:15:00,1834.9573237329441,1834.9921329066185,1831.2539613802653,1831.5384222251612,60.846681636041424,52.85,15.0
2026-03-25 19:30:00,1831.5053342645092,1833.1156296100316,1831.2058695360788,1832.7019664119805,74.93347168402606,52.86,15.0
2026-03-25 19:45:00,1833.2064281970743,1834.6024377056765,1819.715753955362,1819.8911549679017,41.48588747987914,52.62,15.0
2026-03-25 20:00:00,1820.2448098737486,1832.5609968226195,1820.1595946506686,1831.8805270279,34.97929358265972,52.69,15.0
2026-03-25 20:15:00,1832.2931377102882,1834.1383153618035,1831.4979590250873,1832.5639358140068,40.40526317388222,52.7,15.0
2026-03-25 20:30:00,1833.0081694390879,1834.3956675092104,1830.764388404376,1834.189762209956,96.62886719715276,52.73,15.0
2026-03-25 20:45:00,1834.7395209634424,1846.0664179445748,1832.8759479911382,1845.891752588177,27.62024010410123,52.61,15.0
2026-03-25 21:00:00,1845.9572225628863,1852.288994268361,1845.7797358541209,1850.7357341850604,71.32311925977073,52.52,15.0
2026-03-25 21:15:00,1850.8010629979485,1851.052746218807,1840.344467415763,1841.3457097203868,127.23590332541484,52.43,15.0
2026-03-25 21:30:00,1841.445690570534,1843.461434341782,1831.4324158686359,1834.9106429403,296.20654371535744,52.56,15.0
2026-03-25 21:45:00,1834.9106653524168,1846.8719916044975,1832.6824169494278,1843.353408706549,935.0514537820233,52.7,15.0
2026-03-25 22:00:00,1843.353408706549,1843.974388925042,1843.353408706549,1843.974388925042,97.43448843291942,52.69,15.0
2026-03-26 15:30:00,1844.7316196953307,1846.7286018014847,1768.521876968595,1768.9646146516409,64.36164119639476,53.04,15.0
2026-03-26 15:45:00,1768.7770369917898,1775.894483917263,1765.3189139436545,1773.717129626746,135.6204277098446,53.4,15.0
2026-03-26 16:00:00,1773.2207761394395,1774.6073718466562,1756.6846019878744,1758.0803407375668,83.36225274120507,53.54,15.0
2026-03-26 16:15:00,1758.1419928120404,1771.4230721338647,1757.0883620943525,1770.8499611981392,147.96802351098128,53.44,15.0
2026-03-26 16:30:00,1770.4902214925733,1778.5106258439116,1767.2456646852625,1775.7558483302041,100.35974346639269,53.23,15.0
2026-03-26 16:45:00,1775.6621806954947,1776.0397130939998,1773.6026610329973,1774.1598283249223,141.4329456643587,53.35,15.0
2026-03-26 17:00:00,1774.1023438026482,1778.4174794270573,1765.192465256204,1765.9018879672656,142.4481086513028,53.23,15.0
2026-03-26 17:15:00,1765.807241864099,1767.641198667013,1748.3751243617137,1749.6439778065692,43.80194723952248,52.98,15.0
2026-03-26 17:30:00,1749.8204239816425,1750.486176806739,1746.1202297891048,1746.3743260344072,60.48791094560003,52.92,15.0
2026-03-26 17:45:00,1746.3230843744336,1761.1081329694052,1745.352498127197,1760.6262294787539,72.09306514683223,52.8,15.0
2026-03-26 18:00:00,1760.8598770568499,1781.2564690903712,1760.3311729352185,1781.0742495321492,131.09064150618244,52.91,15.0
2026-03-26 18:15:00,1781.1157293138153,1788.5238909406414,1780.346736502215,1788.4762456865442,99.20199097409635,52.83,15.0
2026-03-26 18:30:00,1788.462173609232,1790.477871298152,1788.0498330704966,1789.5988209484995,61.56587455298046,52.73,15.0
2026-03-26 18:45:00,1789.6256474527092,1791.7859459780077,1788.503960348575,1790.1424052386212,43.650730951270724,52.86,15.0
2026-03-26 19:00:00,1789.9097202401576,1790.8126048080915,1785.0293699446718,1785.3690862026644,40.79596785182077,52.75,15.0
2026-03-26 19:15:00,1785.4084947058525,1796.9547676976383,1785.2170581387252,1796.4732087356274,71.41339717598647,52.73,15.0
2026-03-26 19:30:00,1796.617189965663,1798.277322370182,1795.843165044296,1797.0509385940768,73.63554383506207,52.68,15.0
2026-03-26 19:45:00,1797.2189386664493,1813.3088768216726,1795.7181251132251,1812.5626124882147,49.50523144158671,52.72,15.0
2026-03-26 20:00:00,1812.0754286072238,1831.7200568241985,1811.8821580556014,1830.9669526439168,87.52611270493881,52.49,15.0
2026-03-26 20:15:00,1830.7576971586202,1831.4653898876884,1823.2575195201814,1823.6164008048852,111.44731678417578,52.55,15.0
2026-03-26 20:30:00,1823.514005183711,1824.0319246864728,1819.475840465873,1820.9171431728141,103.46186824739198,52.65,15.0
2026-03-26 20:45:00,1821.063875319546,1821.1072282952102,1819.8822005305753,1820.2368219663222,47.670654872550244,52.73,15.0
2026-03-26 21:00:00,1820.2813136563047,1820.56585332657,1817.6807366428534,1819.6965526977212,95.37624074612015,52.54,15.0
2026-03-26 21:15:00,1819.5652020389155,1821.3648618465056,1818.958531424094,1820.4770687431399,85.00010273266881,52.51,15.0
2026-03-26 21:30:00,1820.0305631492756,1856.7116188604036,1818.8765422602048,1856.49505168021,222.59824904206053,52.64,15.0
2026-03-26 21:45:00,1856.2921018336042,1856.8838326573511,1844.8901529071,1845.4838389380616,1089.0669250879362,52.7,15.0
2026-03-26 22:00:00,1845.4838389380616,1846.1115526643034,1845.4838389380616,1846.1115526643034,103.7605483686644,52.7,15.0
2026-03-27 15:30:00,1847.9160290838736,1886.5261796938332,1829.9996300826774,1884.4543982574771,96.04308490967581,51.87,15.0
2026-03-27 15:45:00,1884.9157836625316,1886.5484088239068,1881.5182805688014,1882.8630637977808,85.76412859761018,51.75,15.0
2026-03-27 16:00:00,1881.5279713428577,1886.1151830175415,1874.9631362783923,1885.3273083257898,174.58967513765842,51.47,15.0
2026-03-27 16:15:00,1885.6146341281592,1886.9938734839482,1869.477903452205,1870.166841879075,133.44882362510924,51.51,15.0
2026-03-27 16:30:00,1870.3806193131154,1870.6701298909575,1868.983494699271,1869.6715784934026,41.28211395000414,51.31,15.0
2026-03-27 16:45:00,1869.4340588662692,1874.1859782793933,1867.8876612610225,1873.266432558609,70.31549537214521,51.34,15.0
2026-03-27 17:00:00,1873.2335682860203,1877.6196092718433,1871.203859341669,1876.0692674800616,122.22645565299754,51.14,15.0
2026-03-27 17:15:00,1876.2101220848458,1887.0250647064888,1874.6759586440623,1885.1491176710708,74.08409341529757,51.29,15.0
2026-03-27 17:30:00,1885.2096606557593,1903.1159197886652,1882.6359590708696,1902.3683651492377,117.21020558403232,51.13,15.0
2026-03-27 17:45:00,1902.114593601283,1908.0005622397634,1901.506906245969,1907.1840272804125,63.982930202496235,51.29,15.0
2026-03-27 18:00:00,1907.2173905327093,1907.7070913778907,1904.8533311955068,1905.4083431968402,67.7449284773175,51.16,15.0
2026-03-27 18:15:00,1905.5297077469543,1907.1198183047525,1896.1271294342748,1896.281834558551,78.42932045415095,51.24,15.0
2026-03-27 18:30:00,1896.9848683461785,1898.7475123368483,1879.6156343884911,1883.730276840179,113.04211146529224,51.02,15.0
2026-03-27 18:45:00,1883.6097952039815,1883.800083271743,1881.2535135474416,1881.4744255675218,63.17643782622979,51.03,15.0
2026-03-27 19:00:00,1881.3819432237797,1882.3818784063346,1880.5780285780947,1882.3079344577231,65.63412002963918,51.04,15.0
2026-03-27 19:15:00,1882.250387273908,1882.7432100082983,1875.2271159707886,1875.4457903911823,102.11843285881575,50.87,15.0
2026-03-27 19:30:00,1875.4859084446311,1876.0417389485385,1868.5796947577512,1869.8482645253189,75.06484668333289,50.84,15.0
2026-03-27 19:45:00,1869.8585454614852,1870.9228559725498,1864.4498672265931,1864.5927369073543,44.9688474953827,50.82,15.0
2026-03-27 20:00:00,1864.7272173144256,1864.8412207318954,1849.754036291636,1849.9279303443996,27.405633733559668,50.7,15.0
2026-03-27 20:15:00,1849.5583000073243,1849.5709274363844,1848.3458089850242,1848.5813396969738,68.65883144904251,50.9,15.0
2026-03-27 20:30:00,1848.6990921162635,1849.694198527413,1832.8960655391868,1833.8756848766882,122.851979990606,51.06,15.0
2026-03-27 20:45:00,1833.6947846250614,1834.9175503695405,1825.9303406733163,1826.6929361215632,74.69140832274466,51.22,15.0
2026-03-27 21:00:00,1826.6519257151115,1826.8326137549575,1820.5470056758656,1821.6014784429053,149.6663812548251,50.96,15.0
2026-03-27 21:15:00,1822.0177728275069,1822.0513475355442,1809.2057183830022,1809.5784047969291,197.34972029142764,50.81,15.0
2026-03-27 21:30:00,1809.1635252634203,1814.5780058889943,1808.6973630674272,1814.4490771693615,208.94311878375726,50.73,15.0
2026-03-27 21:45:00,1814.2891558345427,1837.2702898125222,1811.2829478065564,1832.5345910705216,717.6848092885286,50.93,15.0
2026-03-27 22:00:00,1832.5345910705216,1833.316942600151,1832.5345910705216,1833.316942600151,145.1269174056214,50.95,15.0
2026-03-30 16:30:00,1833.4677937654633,1833.8912177776165,1816.655170411333,1823.4449886956882,74.53472681760778,51.7,15.0
2026-03-30 16:45:00,1824.044825263308,1839.1200289048031,1820.100353779301,1836.7873219547262,64.01906000196398,51.84,15.0
2026-03-30 17:00:00,1836.8502459656008,1837.1674821372287,1825.8955199814868,1827.0066230860757,69.70219608123159,51.73,15.0
2026-03-30 17:15:00,1826.9596234135915,1828.0455410016402,1813.4058660830656,1817.4149770233885,68.16497179301619,51.87,15.0
2026-03-30 17:30:00,1817.6683635503005,1828.6502425348756,1817.3229510521003,1827.4303835474057,52.64461020947283,51.92,15.0
2026-03-30 17:45:00,1827.531950879886,1841.5516852277444,1825.9708990648583,1839.5984960130563,83.06382759633487,52.09,15.0
2026-03-30 18:00:00,1840.0240566286616,1850.2772580436806,1836.488355327693,1849.960362795094,111.04499559305442,51.84,15.0
2026-03-30 18:15:00,1850.1195334604815,1859.0005791626559,1848.9219907245117,1858.7428626686426,64.93919668989452,51.97,15.0
2026-03-30 18:30:00,1857.6151244670834,1859.2011673980883,1830.4438210119035,1831.09811683717,55.99971910891337,52.07,15.0
2026-03-30 18:45:00,1831.0867424470744,1840.0439992105667,1830.895758815138,1839.9536111351683,176.48201033251468,52.15,15.0
2026-03-30 19:00:00,1839.713700532768,1843.8504814975934,1839.010477360838,1843.6178197891331,115.48096602329461,52.12,15.0
2026-03-30 19:15:00,1843.4684197128279,1851.0001537640549,1842.7051355716005,1850.3607199820742,70.64607280567938,52.05,15.0
2026-03-30 19:30:00,1850.6263642472582,1853.3758095877363,1849.6480528679847,1852.9085085095905,76.57817025980752,52.0,15.0
2026-03-30 19:45:00,1852.8409879062297,1853.5421174092296,1852.0394458886396,1853.347001831314,116.25192306095278,51.98,15.0
2026-03-30 20:00:00,1853.68794488319,1854.6076729124607,1850.8530784826987,1851.767685993552,47.91603074178624,51.98,15.0
2026-03-30 20:15:00,1851.469341573855,1854.2052152490762,1849.5583526842684,1853.5651239024407,76.29461014824918,51.79,15.0
2026-03-30 20:30:00,1853.346935154734,1853.8844537526118,1850.1435329317153,1852.0212110556945,216.9842090018345,51.87,15.0
2026-03-30 20:45:00,1852.2070188819243,1859.4261344679733,1851.3696999478832,1859.3970866744467,127.15223859853808,51.78,15.0
2026-03-30 21:00:00,1859.346441659152,1859.7004246942306,1849.7814714971012,1850.1466356333428,63.04989621912945,51.69,15.0
2026-03-30 21:15:00,1850.185716467386,1850.7599039538459,1848.0357845501455,1848.4603922069834,58.15500213318873,51.77,15.0
2026-03-30 21:30:00,1848.4401603166802,1864.210354263993,1847.7590735772517,1863.2977124600297,116.04351686609613,51.91,15.0
2026-03-30 21:45:00,1863.2795819599705,1863.3633544314107,1860.924847181877,1861.0814860953578,138.4990172098592,52.02,15.0
2026-03-30 22:00:00,1861.0008866423204,1863.684318985004,1857.3852162099536,1857.9308492185212,136.1653646878839,51.9,15.0
2026-03-30 22:15:00,1857.9517721464388,1858.2815312280259,1853.5421106123497,1854.6672334228078,195.0120795383772,51.96,15.0
2026-03-30 22:30:00,1854.7760240897146,1858.363054648925,1854.5922061495758,1857.2331096885057,247.4361460079409,52.0,15.0
2026-03-30 22:45:00,1857.5068372167525,1858.1063846564407,1851.2048816578242,1853.1359461165002,1065.5932818783906,52.05,15.0
2026-03-30 23:00:00,1853.1359461165002,1853.3256897040403,1853.1359461165002,1853.3256897040403,146.5675371433351,52.04,15.0
2026-03-31 16:30:00,1852.9669518719172,1887.0524589165373,1850.9281849871552,1887.0303253389231,92.2330790334738,52.76,15.0
2026-03-31 16:45:00,1886.803328618879,1888.0825560005728,1877.0129479736713,1877.694502054012,50.84811696853198,53.1,15.0
2026-03-31 17:00:00,1878.8937958389379,1906.0376973316568,1874.8789111043009,1897.7852006560315,101.45362877764454,52.64,15.0
2026-03-31 17:15:00,1898.216806119787,1917.177161273067,1895.7107476322315,1913.631822163679,185.69610451722525,52.35,15.0
2026-03-31 17:30:00,1912.90735868768,1925.5177341656763,1909.9874102700196,1924.9195334651706,159.0404481635933,52.07,15.0
2026-03-31 17:45:00,1923.025145213769,1928.0748853574971,1912.2880051650975,1924.7342041499141,412.4589101988053,51.6,15.0
2026-03-31 18:00:00,1924.030516791809,2032.0754474448709,1922.2871475630407,2028.943714151858,167.40949218659492,52.37,15.0
2026-03-31 18:15:00,2029.0412678547423,2039.5258462342715,2025.014195819389,2038.9039024262966,75.37718118354915,52.16,15.0
2026-03-31 18:30:00,2038.8843949272818,2042.540367845245,2035.635030069035,2037.0250567334488,262.7755534485684,51.66,15.0
2026-03-31 18:45:00,2037.161433954884,2038.1126673458975,2021.9827367453804,2022.9655514506442,133.81540953382662,51.63,15.0
2026-03-31 19:00:00,2022.93208643518,2023.5935281327988,2018.198600842888,2018.4229039843738,176.8295570188237,51.78,15.0
2026-03-31 19:15:00,2018.9708145588106,2037.9826973541196,2018.5490865550466,2032.265662982763,122.74906809968894,51.51,15.0
2026-03-31 19:30:00,2033.722065230256,2156.3760242512126,2029.1627282943834,2151.137635777711,529.2047794504545,52.34,15.0
2026-03-31 19:45:00,2151.1853162073758,2175.761456391025,2150.774453689309,2174.0692066719125,231.29887479680843,52.09,15.0
2026-03-31 20:00:00,2174.396908875633,2174.6909528851797,2172.1277342228514,2173.583340824941,51.549740324585564,52.18,15.0
2026-03-31 20:15:00,2173.1814526953835,2173.9502185068827,2150.919699617157,2152.6124343058523,86.91300907247152,52.12,15.0
2026-03-31 20:30:00,2152.5944036355595,2153.2225857043713,2147.119696467903,2148.4662619097267,95.97713778929952,52.23,15.0
2026-03-31 20:45:00,2148.4924917385183,2148.9655669287567,2131.088099724136,2131.575761482513,55.685295211208086,52.28,15.0
2026-03-31 21:00:00,2131.7288756753655,2132.9578886580985,2108.276430822463,2110.2963658880362,120.16514210136518,52.37,15.0
2026-03-31 21:15:00,2109.7510994088607,2111.1310957151877,2100.9386502651105,2103.860748168566,138.88565710594594,52.11,15.0
2026-03-31 21:30:00,2103.813836292018,2104.5772745554946,2098.8598469136346,2099.644194414411,111.52685657495755,52.05,15.0
2026-03-31 21:45:00,2099.746042444567,2105.097874648499,2097.2014955566447,2102.4171982887583,95.35869649552997,52.26,15.0
2026-03-31 22:00:00,2102.5587794212815,2105.4797715914374,2101.6162295677755,2101.7119717091846,334.93883059002445,52.41,15.0
2026-03-31 22:15:00,2102.0764835290593,2103.307213763709,2100.993550029241,2101.4291017649716,370.80802370002226,52.53,15.0
2026-03-31 22:30:00,2101.7438178507773,2101.8237810431724,2078.777666818795,2080.339744820757,247.2136943516536,52.66,15.0
2026-03-31 22:45:00,2080.2958995573454,2080.4972545568708,2064.650751823296,2068.3844249542644,1413.3024262457186,52.27,15.0
2026-03-31 23:00:00,2068.4058829681835,2068.457346754004,2060.2454639217412,2060.4065462527597,224.5424907633888,52.26,15.0
2026-04-01 16:30:00,2060.2145003975857,2061.141447425837,1985.5526188368046,1986.8375346724467,141.0509518178235,52.6,15.0
2026-04-01 16:45:00,1986.915302573946,2005.575832211611,1985.2154109061967,1999.7825142632764,170.31802677570786,52.91,15.0
2026-04-01 17:00:00,2000.2120612769554,2004.3471779900547,1981.1685422209084,1982.8797211060692,273.8984577068474,53.19,15.0
2026-04-01 17:15:00,1982.8701200902044,1989.0716509041952,1982.8235710785104,1987.8239077304452,139.81810815925203,53.41,15.0
2026-04-01 17:30:00,1988.01570727806,2012.7791826308687,1986.8046431026814,2008.3372359889602,257.9550381081659,53.76,15.0
2026-04-01 17:45:00,2008.6122837117248,2009.8854914316898,1998.292946733211,1998.3012748466601,236.1765456464896,53.83,15.0
2026-04-01 18:00:00,1998.610692995268,2003.4396527803203,1997.3983303172286,2003.4228937416506,508.0182781954064,53.75,15.0
2026-04-01 18:15:00,2003.8280964353876,2004.1550355197458,1987.9219901156384,1990.4408553060434,361.3446949828683,53.59,15.0
2026-04-01 18:30:00,1991.3538110145307,1992.319996239727,1959.5205674870103,1961.006940774622,175.39136799293985,53.68,15.0
2026-04-01 18:45:00,1961.1112253612735,1962.4040028595455,1959.6582619087465,1959.6832549210105,75.23014140866754,53.77,15.0
2026-04-01 19:00:00,1959.6001538255614,1959.6102864340314,1951.7437035684682,1953.1536751290193,74.24232104756148,53.65,15.0
2026-04-01 19:15:00,1953.2675742883716,1953.3560114861516,1946.150425939407,1947.0910125457378,203.56644914932843,53.64,15.0
2026-04-01 19:30:00,1947.215213821742,1963.52873054728,1947.2104663487858,1963.422166217671,169.0332401235843,53.55,15.0
2026-04-01 19:45:00,1963.5131851125047,1964.5275714553454,1952.9408909100441,1953.2393184215034,92.50538445299904,53.67,15.0
2026-04-01 20:00:00,1953.5878562961684,1955.9760506168022,1953.4695367046954,1955.4550959426801,85.80163941745319,53.86,15.0
2026-04-01 20:15:00,1955.2587848165888,1955.8764798867062,1948.0084735143105,1948.6363149932406,99.94451072255839,53.84,15.0
2026-04-01 20:30:00,1948.9892408407425,1955.780235058016,1948.483629608103,1955.3054226837717,161.0875626576397,54.0,15.0
2026-04-01 20:45:00,1955.6779898384143,1955.908715923493,1953.4059322531937,1954.6933150495527,205.10221849003983,53.94,15.0
2026-04-01 21:00:00,1954.7896322231202,1957.0692851538888,1953.2343056750026,1954.3833034983058,241.30570738942245,53.9,15.0
2026-04-01 21:15:00,1954.5338994921174,1955.7096215790586,1941.6672505787933,1942.6924310607178,324.0659119676669,53.83,15.0
2026-04-01 21:30:00,1942.6079279313687,1943.9603065740146,1930.7705527354979,1931.250640378149,313.14367451427756,53.89,15.0
2026-04-01 21:45:00,1931.252650830581,1940.1170768072063,1930.4681929185322,1939.7303824675514,246.44231568073647,53.8,15.0
2026-04-01 22:00:00,1939.9078906111708,1955.846979108125,1936.855535111341,1953.2880505956473,197.2680502433967,53.66,15.0
2026-04-01 22:15:00,1953.3887565570556,1954.4863946199916,1951.952009849076,1954.1790166313629,248.86501139652248,53.73,15.0
2026-04-01 22:30:00,1954.3623126418195,1955.1267629710255,1941.728503802194,1941.770563466097,260.3829253619956,53.5,15.0
2026-04-01 22:45:00,1941.916660695789,1943.0247507948036,1941.8258296946433,1942.435253783443,1527.7175740932726,53.48,15.0
2026-04-01 23:00:00,1942.435253783443,1942.435253783443,1940.3197376747082,1940.3197376747082,132.28797363186018,53.48,15.0
2026-04-02 16:30:00,1941.4034288838018,1947.388299544625,1925.285659432732,1937.2244026736807,238.02171051694782,52.6,15.0
2026-04-02 16:45:00,1936.5731036283016,1973.9916365453087,1933.787345758628,1973.115263924441,81.241244106624,53.16,15.0
2026-04-02 17:00:00,1973.4856834704742,1975.616206872141,1952.6648272262762,1956.2343398457228,178.38787795443017,52.92,15.0
2026-04-02 17:15:00,1956.6282472882694,1956.875259021252,1952.55219432791,1954.1775134172178,298.35715160012734,53.05,15.0
2026-04-02 17:30:00,1954.1281349475018,1999.8323338835733,1940.165258087458,1997.9154173256045,488.71329129921554,53.64,15.0
2026-04-02 17:45:00,1998.439785092649,2002.7230648748803,1997.979799537144,2000.3237752190976,135.41787697054752,53.79,15.0
2026-04-02 18:00:00,2000.0127178231544,2003.3739551427934,1983.2055650604657,1985.9485086103828,227.99169849956454,53.64,15.0
2026-04-02 18:15:00,1985.9409391698603,1987.5887500029862,1974.5371006213754,1974.7299046879077,156.75403196863863,53.6,15.0
2026-04-02 18:30:00,1974.2339186926893,2005.403586962701,1972.420929830939,1995.7470105741668,185.69511182033114,53.04,15.0
2026-04-02 18:45:00,1996.0539372393123,2003.2885889050115,1994.9450938298376,2001.944124726111,310.46922914504705,53.08,15.0
2026-04-02 19:00:00,2002.3439582911208,2011.0249522451056,2000.1864009333642,2010.9070768658132,157.2599033878155,53.0,15.0
2026-04-02 19:15:00,2010.8860533151058,2021.6075388684376,2010.071036132837,2020.583563122737,181.0025106431415,52.99,15.0
2026-04-02 19:30:00,2020.8441667113193,2020.965736386011,2016.037747250959,2017.259489284177,109.66364922179096,53.01,15.0
2026-04-02 19:45:00,2017.4868804480352,2018.1916519611498,2010.4052188831747,2011.4396384832528,122.697963181143,53.04,15.0
2026-04-02 20:00:00,2011.4281267667632,2023.9280971714682,2010.675350083018,2023.7064709033432,138.15987758912564,52.93,15.0
2026-04-02 20:15:00,2023.7298454430877,2024.2569050717652,2022.6953324989931,2023.8876807220656,58.07472703864385,52.95,15.0
2026-04-02 20:30:00,2024.0276144202637,2024.2789342454812,2012.899812732994,2013.3340265908948,53.21985236419441,53.09,15.0
2026-04-02 20:45:00,2013.2001014437087,2013.468501797735,2002.1484426752525,2002.9138756338382,180.67063887314742,53.08,15.0
2026-04-02 21:00:00,2002.936042934888,2004.792140144032,2002.7899466847548,2003.0960959626145,45.304636589942,53.16,15.0
2026-04-02 21:15:00,2003.8454280838225,2006.685732336928,1994.3558038640965,1995.1949932985474,100.70424787902331,52.93,15.0
2026-04-02 21:30:00,1995.1102153085367,1995.168187775543,1990.9571456798963,1991.9929170059715,225.2605193132185,53.04,15.0
2026-04-02 21:45:00,1992.155780365202,1996.6233541865527,1991.467058846966,1996.4345285142529,66.56367189325461,53.13,15.0
2026-04-02 22:00:00,1996.5122388171062,1997.2135430870246,1995.5832593114337,1997.1777243906404,69.15478312331601,53.19,15.0
2026-04-02 22:15:00,1997.1395451254534,2006.4619524750826,1996.299081325476,2005.9981512642644,132.54655994704143,53.37,15.0
2026-04-02 22:30:00,2006.0521752890286,2006.703807638451,1983.3080142258657,1983.8429811907497,353.6893229694419,53.25,15.0
2026-04-02 22:45:00,1984.4744443921027,1987.2307406628888,1982.2698117669868,1982.9363396194121,722.7994455730803,53.13,15.0
2026-04-02 23:00:00,1982.9363396194121,1982.9363396194121,1979.531612200169,1979.531612200169,110.779498714525,53.13,15.0
2026-04-06 16:30:00,1980.1935412589503,1991.5608652601672,1919.2099029718756,1921.5580584200466,223.4927528089638,52.78,15.0
2026-04-06 16:45:00,1923.2205575902974,1925.963631521668,1893.4962963042847,1895.4069895274893,185.61291247479656,52.84,15.0
2026-04-06 17:00:00,1895.2383115970595,1896.0824155948162,1875.67844699277,1877.8766935396866,144.35496102683197,53.02,15.0
2026-04-06 17:15:00,1877.299799417699,1879.6322437897488,1874.2861748391613,1878.1094974260525,137.01636927086776,53.03,15.0
2026-04-06 17:30:00,1878.990235618261,1909.169966271575,1876.1262231385467,1908.8986922565323,178.573767719613,53.22,15.0
2026-04-06 17:45:00,1908.933413444623,1928.7258881981736,1907.0245197141826,1927.0193543370003,111.06249619953105,53.28,15.0
2026-04-06 18:00:00,1927.2560906978663,1928.8028793583094,1914.638548890866,1915.9304594329535,167.39931715272388,53.07,15.0
2026-04-06 18:15:00,1915.7608135880434,1920.3293412466294,1914.5751315317066,1918.3251957687926,105.15172101475815,53.0,15.0
2026-04-06 18:30:00,1918.3910709459449,1920.3286707762888,1917.0627807909361,1920.0226466063277,39.25003845920466,52.96,15.0
2026-04-06 18:45:00,1919.8831567431873,1921.0906047215622,1919.031028670222,1920.5592544508063,82.48064316383228,53.0,15.0
2026-04-06 19:00:00,1920.5673598348762,1921.2523182117966,1919.9336932436606,1921.0705344571825,85.83099314179123,53.03,15.0
2026-04-06 19:15:00,1920.9538121596054,1923.1723627901965,1919.4132652964781,1922.5666362955405,56.75131865234039,53.18,15.0
2026-04-06 19:30:00,1922.4271292483097,1931.6607922523917,1921.4094245687227,1931.2431896592725,53.72893896563127,53.24,15.0
2026-04-06 19:45:00,1931.214280044038,1933.4086699341497,1930.4371822488,1932.7027214128868,25.38871013065223,53.16,15.0
2026-04-06 20:00:00,1932.2409649075912,1932.5240921261884,1921.0998175873713,1922.1369642283582,56.593278291381566,53.04,15.0
2026-04-06 20:15:00,1921.8173867287232,1932.5092620486334,1919.531581916309,1930.6952583086374,37.38579665047407,53.34,15.0
2026-04-06 20:30:00,1930.8445001469915,1935.5899299106031,1930.7619249288389,1935.4261111970777,171.95899277218177,53.38,15.0
2026-04-06 20:45:00,1935.5108479716407,1937.107229381953,1935.3748434164263,1935.3960627127867,61.804075279167236,53.25,15.0
2026-04-06 21:00:00,1935.2253159356292,1940.0906911207028,1935.2129652977007,1939.8253507760496,50.94224408397487,53.22,15.0
2026-04-06 21:15:00,1939.9588840727401,1941.3639296329436,1937.489011410417,1940.6854376804495,51.77199127295437,53.4,15.0
2026-04-06 21:30:00,1940.5365354287246,1942.3630534866866,1939.3265836654164,1940.840795387529,162.31787340402593,53.54,15.0
2026-04-06 21:45:00,1940.8866991306143,1941.5086388950294,1938.915129352334,1938.9978348939244,33.72932454316959,53.53,15.0
2026-04-06 22:00:00,1938.9806789734532,1939.2486363913672,1925.4143971476258,1925.875953919408,95.62239019654645,53.51,15.0
2026-04-06 22:15:00,1925.8380554243074,1926.38137667773,1922.1069133078163,1923.2841258259298,106.08771845842872,53.42,15.0
2026-04-06 22:30:00,1923.2542108947866,1924.0881674465263,1913.3430699169862,1915.4473665905723,236.2622050700812,53.67,15.0
2026-04-06 22:45:00,1916.3966795116246,1917.4867939975438,1897.210396972229,1899.1064298173644,1424.6131873265567,53.82,15.0
2026-04-06 23:00:00,1899.1064298173644,1899.1064298173644,1898.2215449412117,1898.2215449412117,203.70274622823644,53.8,15.0
2026-04-07 16:30:00,1898.4232149655816,1914.7192379294129,1898.3577930337096,1911.9081641219702,65.85599328465307,53.51,15.0
2026-04-07 16:45:00,1912.2642099132968,1914.8612877555163,1906.7861488215563,1909.7925263587924,46.03853249399836,53.45,15.0
2026-04-07 17:00:00,1909.3335869923953,1909.7259780244015,1894.5311528752964,1896.5136690139593,106.11995512644822,53.13,15.0
2026-04-07 17:15:00,1895.6689545116249,1903.9382975017593,1890.325482521727,1900.3958382987437,458.35788001616504,52.98,15.0
2026-04-07 17:30:00,1900.1028268408534,1918.3698758263279,1899.3607685081313,1914.8953253263503,56.117283953327174,52.66,15.0
2026-04-07 17:45:00,1915.2011494341793,1916.869662573188,1901.3774945666028,1903.2707289857537,152.16638697092947,52.95,15.0
2026-04-07 18:00:00,1903.1692514515073,1904.005626235298,1900.1299246693366,1901.0349476791907,107.87563049948567,52.79,15.0
2026-04-07 18:15:00,1900.9467829296782,1914.81797669839,1900.0615103047098,1913.4999901546807,143.74961349821606,52.98,15.0
2026-04-07 18:30:00,1913.7798805102527,1915.2940613838591,1890.8121563494456,1891.8857230470792,76.54545630732395,53.2,15.0
2026-04-07 18:45:00,1891.6635585815172,1894.4772145365948,1891.0313796667529,1891.3522191038849,82.08830512796662,53.3,15.0
2026-04-07 19:00:00,1891.26663026622,1891.8515423142228,1869.123235550217,1875.3399936851984,410.27986553008003,53.27,15.0
2026-04-07 19:15:00,1874.9870671266433,1875.1480183012184,1874.870491901123,1875.037871388711,72.74890924850887,53.41,15.0
2026-04-07 19:30:00,1875.109242991769,1876.2944604270017,1870.885400403875,1870.9776149177699,51.7480894158772,53.43,15.0
2026-04-07 19:45:00,1871.0384168626397,1874.910087653217,1870.4847928034226,1873.9569677288737,49.08176366269753,53.66,15.0
2026-04-07 20:00:00,1874.0497006777946,1882.8526807579917,1873.4666651554096,1882.2263863434625,62.29478945503548,53.67,15.0
2026-04-07 20:15:00,1882.1050239840483,1882.1743400542866,1880.6261180138506,1881.193311738954,62.365097222840426,53.74,15.0
2026-04-07 20:30:00,1881.0916404669092,1889.447709365101,1876.5763082064266,1888.5449039446007,122.19329662402504,54.01,15.0
2026-04-07 20:45:00,1888.3552333153557,1897.9436523340312,1887.9655580473823,1897.667113817962,48.99795980753859,53.82,15.0
2026-04-07 21:00:00,1897.633210035694,1898.2475536008458,1893.4672246801688,1893.5526345713047,40.93967362542843,53.73,15.0
2026-04-07 21:15:00,1893.741063998065,1901.8775696265152,1893.6732042798935,1901.7710342010193,53.225511192836215,53.78,15.0
2026-04-07 21:30:00,1901.6962560947168,1902.8077607017951,1899.6073352158783,1899.7835396145422,63.220621452802746,53.61,15.0
2026-04-07 21:45:00,1899.5519460025191,1910.0706923316864,1898.5970626287158,1909.9116772181312,66.3678395536785,53.59,15.0
2026-04-07 22:00:00,1909.7603794657703,1916.1676534756218,1908.6671258645633,1914.3513971899165,72.26462158662645,53.51,15.0
2026-04-07 22:15:00,1913.4636950139607,1921.8975098624992,1912.1181986483573,1921.47987976723,273.3721587269038,53.82,15.0
2026-04-07 22:30:00,1921.2601796676795,1921.4964752060362,1918.7523418752337,1919.2331873653104,167.7126156092791,53.76,15.0
2026-04-07 22:45:00,1919.403837525041,1919.6339578783156,1911.2224926809226,1912.618857229052,1144.9176750005468,53.84,15.0
2026-04-07 23:00:00,1912.618857229052,1912.618857229052,1911.4034847301245,1911.4034847301245,142.76869209240857,53.83,15.0
2026-04-08 16:30:00,1911.774174968059,1967.2179167736617,1908.613784054807,1963.332638313006,127.44370401484426,55.81,15.0
2026-04-08 16:45:00,1963.3593721410155,1964.9105980403885,1950.165578906218,1955.8514467787904,265.3296742485799,55.14,15.0
2026-04-08 17:00:00,1955.575450125252,1956.1391302587417,1943.8137992359757,1944.9724525831857,304.2096474156889,54.76,15.0
2026-04-08 17:15:00,1945.039910719268,1947.8143055961752,1938.4509776329967,1940.4649949884965,227.32538087090387,54.78,15.0
2026-04-08 17:30:00,1939.7098313568074,1970.38251961592,1926.6561153116595,1965.3782245438372,272.2424351784529,54.41,15.0
2026-04-08 17:45:00,1965.83265475693,1985.4900805498773,1962.2488700227816,1984.435796080607,236.66785749064044,54.04,15.0
2026-04-08 18:00:00,1984.280390079865,1985.810882992725,1975.0026088403667,1975.6645813052005,260.29381414630126,54.03,15.0
2026-04-08 18:15:00,1975.3697906024838,1977.3812814407195,1954.3783256395068,1957.7792576739423,167.02640282960886,54.57,15.0
2026-04-08 18:30:00,1957.6507332218455,1960.2675774457434,1955.5395250929507,1960.102423737158,124.09789884727454,54.73,15.0
2026-04-08 18:45:00,1960.2485502432141,1971.137086780079,1959.5505874571627,1970.157600910123,80.02940986019051,54.81,15.0
2026-04-08 19:00:00,1970.2729899415979,1976.510513868927,1969.615194274879,1975.3382090830578,90.35909603137416,54.66,15.0
2026-04-08 19:15:00,1974.8659139242372,1975.1151088154284,1962.7481465725446,1964.0047189858524,78.30335379618337,54.63,15.0
2026-04-08 19:30:00,1964.0370494192894,1964.4825600998747,1959.0851029313922,1959.6893803820512,67.19489484976566,54.55,15.0
2026-04-08 19:45:00,1959.3011453117404,1959.5336668305044,1947.5495743193937,1949.053788298273,104.72231717901602,54.46,15.0
2026-04-08 20:00:00,1948.985065805886,1950.706096552283,1945.187312566626,1945.6789561018052,88.39169768393826,54.56,15.0
2026-04-08 20:15:00,1945.6548834653868,1958.0403519318597,1945.1487005078202,1957.2809897177326,78.57154419509995,54.63,15.0
2026-04-08 20:30:00,1957.1914517716843,1957.419544949639,1942.5403482134095,1942.9692512561999,101.82197709458158,54.81,15.0
2026-04-08 20:45:00,1943.308909647733,1949.0505123857718,1902.6022585876726,1905.3837708054355,143.33552811995202,55.45,15.0
2026-04-08 21:00:00,1905.6279507783906,1905.9857814033298,1891.105811740083,1893.364925925404,183.83007496116971,55.29,15.0
2026-04-08 21:15:00,1893.061659577813,1898.4914111603457,1892.7897910756424,1895.6107960652832,173.2817122428392,55.06,15.0
2026-04-08 21:30:00,1895.2932847008283,1903.8696694629343,1894.2348764925266,1901.8278558640309,85.54343892001366,54.73,15.0
2026-04-08 21:45:00,1901.8187078320175,1905.2153770342452,1900.0279718727998,1904.144492699712,73.07519619124639,54.57,15.0
2026-04-08 22:00:00,1903.8336741600006,1914.1747987539975,1903.352528343738,1912.7240875999382,115.5911578405358,54.66,15.0
2026-04-08 22:15:00,1912.5876156254055,1913.5743117532993,1893.0010384404272,1894.3838195290762,244.22392421570882,54.82,15.0
2026-04-08 22:30:00,1894.6981011857472,1905.5440552853954,1894.4682568295473,1904.9997596335206,248.95947821337148,54.94,15.0
2026-04-08 22:45:00,1904.520893328791,1907.0317880132272,1901.0172303644515,1902.5862043007046,843.6716358302959,55.21,15.0
2026-04-08 23:00:00,1902.5862043007046,1902.5862043007046,1902.0328145687163,1902.0328145687163,134.3576805902733,55.21,15.0
2026-04-09 16:30:00,1901.5934533157479,1904.511329498677,1858.2157512337849,1860.908333889773,84.73838893568222,54.56,15.0
2026-04-09 16:45:00,1863.330805155879,1874.0459355147798,1858.9211735662268,1859.4970392969362,138.31121035093727,54.25,15.0
2026-04-09 17:00:00,1859.1778563837588,1867.3695729407661,1855.6614840902537,1865.5977796433842,167.27286069163077,54.31,15.0
2026-04-09 17:15:00,1865.4604971223173,1879.0401672229307,1865.24119110473,1878.300212136705,152.0427638137093,54.34,15.0
2026-04-09 17:30:00,1878.0052917582102,1879.9025573417994,1859.4160617469659,1861.3068884672523,130.84571260940257,54.29,15.0
2026-04-09 17:45:00,1861.3100495168549,1864.662053854028,1859.5819733549629,1863.027021166265,86.23728347890113,54.41,15.0
2026-04-09 18:00:00,1863.1272244187464,1864.2473266658465,1847.180638204245,1849.9332579671752,211.67820854977074,54.58,15.0
2026-04-09 18:15:00,1849.7361309788319,1854.5103224393256,1849.292457736767,1854.1735006454016,134.40828714379748,54.47,15.0
2026-04-09 18:30:00,1854.760238301782,1878.1642691735633,1849.7819606404826,1874.8649818308072,238.3239188291391,54.9,15.0
2026-04-09 18:45:00,1875.0574360181686,1913.9991992866655,1869.5075535183378,1912.896124171307,292.46562853074624,55.51,15.0
2026-04-09 19:00:00,1913.09473014707,1913.1605384726051,1906.507600743439,1908.300581741024,88.3486354684185,55.62,15.0
2026-04-09 19:15:00,1908.1893100678603,1920.398977801939,1906.4288912854374,1920.109979087891,269.25514551055755,55.75,15.0
2026-04-09 19:30:00,1920.1847125276208,1936.7666330583954,1920.1674539084238,1936.3169095423534,201.4016567835809,56.01,15.0
2026-04-09 19:45:00,1936.276262383317,1937.0420403436822,1921.4167782694435,1923.0044103793118,238.2680364186766,55.95,15.0
2026-04-09 20:00:00,1923.328797301311,1928.1510132630192,1921.8317434196933,1927.5570077232749,145.57707107427825,56.03,15.0
2026-04-09 20:15:00,1927.5878088900104,1935.5930110046415,1926.8821587048653,1935.0326851563427,103.18897759754296,55.93,15.0
2026-04-09 20:30:00,1935.033612808937,1935.690326188948,1931.466959179266,1932.2293237290767,134.34421798502711,55.87,15.0
2026-04-09 20:45:00,1932.1856199707809,1932.4992502156674,1926.2577044747964,1926.692448108515,40.13981353992391,55.87,15.0
2026-04-09 21:00:00,1926.5885628137892,1932.6224029923053,1926.3902075123149,1932.2345836383051,157.12781533124664,55.83,15.0
2026-04-09 21:15:00,1932.259774956725,1932.3083605328884,1925.7360049602169,1926.6862684523155,111.46679308571922,55.89,15.0
2026-04-09 21:30:00,1926.8860266109052,1927.4954123392583,1922.298704672648,1922.4765347635903,165.32991158593208,55.68,15.0
2026-04-09 21:45:00,1922.3532127466583,1924.0030825086856,1921.0370262348977,1921.3023023445178,235.60284812352768,55.7,15.0
2026-04-09 22:00:00,1921.3371775957355,1928.9827297237835,1920.714224655616,1928.6503008399661,429.5374438836655,55.86,15.0
2026-04-09 22:15:00,1928.6951884940825,1930.6939984930239,1921.58016472449,1921.7820392694946,306.5077959534781,55.85,15.0
2026-04-09 22:30:00,1921.9529296782218,1922.477447564218,1905.7411450193185,1907.1229643164259,384.80371706458817,55.61,15.0
2026-04-09 22:45:00,1906.4172875978893,1907.977737539308,1906.3311718323334,1907.8052393710157,1344.5723509812008,55.58,15.0
2026-04-09 23:00:00,1907.8052393710157,1907.8052393710157,1907.1030496925343,1907.1030496925343,281.2278379250119,55.57,15.0
2026-04-10 16:30:00,1905.7714598389362,1993.4171841053587,1900.5953493121465,1991.0153344172647,68.14926397036157,55.96,15.0
2026-04-10 16:45:00,1991.0351974937657,1991.6243483884111,1949.3619917970082,1951.9669403592686,46.715614720168865,55.59,15.0
2026-04-10 17:00:00,1951.5945847101086,1959.33360374511,1951.1498065573494,1956.6280566850658,79.17927539817983,55.85,15.0
2026-04-10 17:15:00,1956.5228837175432,1957.4380582403417,1945.960952929766,1946.3574132970696,84.3920168486882,55.88,15.0
2026-04-10 17:30:00,1945.775249000709,1961.472431962341,1945.7004022496255,1960.3700285549082,65.69019357442458,55.53,15.0
2026-04-10 17:45:00,1960.3102054020962,1960.7559291461803,1951.7362056024288,1952.2683639297827,47.46943484432095,55.42,15.0
2026-04-10 18:00:00,1951.9705618453906,1954.4006825033446,1944.0446913710125,1944.6339668444523,36.18116454653997,55.55,15.0
2026-04-10 18:15:00,1944.7383766969401,1944.8690877672843,1939.274704139157,1939.6320819667712,58.16672567238362,55.51,15.0
2026-04-10 18:30:00,1939.7387275411165,1940.348562937812,1935.1761912437103,1936.0668582981507,83.33544841466541,55.32,15.0
2026-04-10 18:45:00,1936.09551383047,1938.0893694548881,1934.4565315093894,1935.7331084368086,87.8833469647147,55.17,15.0
2026-04-10 19:00:00,1935.6755144269084,1939.2061494311065,1935.5941539562357,1938.3369497274869,24.00236516829514,55.28,15.0
2026-04-10 19:15:00,1937.905083934558,1938.4644816138862,1936.3051568316046,1937.1049316574138,96.82104548087294,55.34,15.0
2026-04-10 19:30:00,1937.0418088796168,1937.402655822783,1928.274946117201,1928.9672546999554,68.1996319153942,55.36,15.0
2026-04-10 19:45:00,1928.8946325640334,1930.4391792178699,1928.3208118817686,1930.1286442960004,49.14835752576619,55.35,15.0
2026-04-10 20:00:00,1930.1653292734825,1930.6071792873397,1927.6499053584785,1927.9253983827293,32.97236886588845,55.27,15.0
2026-04-10 20:15:00,1928.004202544075,1933.0119271944798,1927.836847254887,1931.8293881897055,61.251765844474875,55.24,15.0
2026-04-10 20:30:00,1931.8947504707444,1934.609226741773,1925.6018534914492,1925.6040224425903,41.63887696195058,55.3,15.0
2026-04-10 20:45:00,1925.7646348732812,1926.4956806741338,1916.4004568395967,1917.1908906774604,41.142659717782074,55.34,15.0
2026-04-10 21:00:00,1917.022263352528,1919.3355715569214,1913.2897482826486,1914.302503807847,64.82462117642403,55.12,15.0
2026-04-10 21:15:00,1914.1409595086627,1929.3027977026236,1914.0704292598266,1926.9563318825262,100.23198821677363,55.26,15.0
2026-04-10 21:30:00,1927.1213072279893,1928.8813870539468,1925.9846633664665,1926.196580553449,103.28350127975153,55.2,15.0
2026-04-10 21:45:00,1926.2194786085072,1926.42744728664,1924.637918654234,1924.7012948895222,67.49642335041123,55.31,15.0
2026-04-10 22:00:00,1924.6698856537062,1925.2283039980834,1918.926597382267,1919.8007432794745,105.81128150845528,55.36,15.0
2026-04-10 22:15:00,1920.211661089889,1936.0639792633976,1918.930443039578,1934.023889960365,147.06988046903203,55.49,15.0
2026-04-10 22:30:00,1934.1647003021856,1935.3398378372965,1922.7227974613816,1923.6679752217854,190.77685842276028,55.53,15.0
2026-04-10 22:45:00,1923.6316298124161,1924.6126292664596,1916.9643517477132,1917.7591347284526,886.471202055071,55.57,15.0
2026-04-10 23:00:00,1917.7591347284526,1917.7591347284526,1916.6149159674185,1916.6149159674185,177.36775129350553,55.54,15.0
2026-04-13 16:30:00,1917.1631391485394,1917.434657543427,1886.6822591641474,1886.8786417147674,58.053620579491394,55.44,15.0
2026-04-13 16:45:00,1887.0892215170147,1950.9822036265778,1882.3526987881144,1940.8885926944336,81.36575798770023,56.36,15.0
2026-04-13 17:00:00,1940.9000241087008,1952.1001083235672,1938.32080209456,1948.7590549164688,136.139794190938,56.17,15.0
2026-04-13 17:15:00,1948.9167173827777,1955.2949091811893,1947.451673434516,1954.569470106781,61.476747392516955,56.15,15.0
2026-04-13 17:30:00,1954.8865628704655,1960.4173013506015,1954.8838174291604,1958.2628615411675,90.84394878499664,55.9,15.0
2026-04-13 17:45:00,1958.4551509387818,1960.312776682131,1953.6582891593828,1954.9671891588441,121.7822470771435,56.02,15.0
2026-04-13 18:00:00,1955.2950501105975,1955.3073789901339,1936.7119531759865,1937.0015979485845,136.24958117751518,55.8,15.0
2026-04-13 18:15:00,1937.10204508603,1937.7440864321795,1933.6323640553312,1934.1858832166631,109.64096395492497,55.77,15.0
2026-04-13 18:30:00,1934.268205380224,1934.6150133549738,1927.7631650324881,1927.7807096869626,68.01745803897033,55.81,15.0
2026-04-13 18:45:00,1927.6101406356745,1931.4899622572077,1926.186535188073,1931.2489339293274,100.88775348971144,55.88,15.0
2026-04-13 19:00:00,1932.4191732805673,1955.967181236634,1930.1972958531937,1952.773467546834,221.54090237799267,56.4,15.0
2026-04-13 19:15:00,1952.2505385497343,1977.8449675415586,1950.7759280603236,1976.886688731563,288.2837314204746,56.82,15.0
2026-04-13 19:30:00,1976.9915995439676,1980.0317102025892,1976.4559851755223,1979.4918580969777,207.0604631791787,56.88,15.0
2026-04-13 19:45:00,1978.8544029473694,1998.5793283215642,1975.339874222435,1994.5643542620378,219.54785562130385,57.08,15.0
2026-04-13 20:00:00,1994.5227596005743,1995.6262390616873,1986.4155816932087,1986.605781656739,123.79233435972544,57.02,15.0
2026-04-13 20:15:00,1986.5270799545954,1987.3958689292158,1981.4265209015477,1982.2766427978113,77.38187227495669,57.13,15.0
2026-04-13 20:30:00,1982.2982217953756,1983.0143566650804,1982.1576175209818,1982.7121182219228,144.78504509358822,57.16,15.0
2026-04-13 20:45:00,1982.7628205271753,1982.821339062397,1977.7486211575176,1978.6310788575893,82.76630619432513,57.24,15.0
2026-04-13 21:00:00,1978.41825998338,1981.420276004982,1977.9649631273983,1979.9066190181486,101.96601386461553,57.45,15.0
2026-04-13 21:15:00,1979.9031902756074,1980.0537925778706,1972.7201374655303,1973.0433570456407,112.79366854391084,57.46,15.0
2026-04-13 21:30:00,1973.2944251676656,1973.466754579242,1964.442785249512,1965.7360416178085,165.42097424220628,57.56,15.0
2026-04-13 21:45:00,1965.3188609086064,1970.2312054027893,1962.800788246339,1969.9213277071772,163.757841948813,57.38,15.0
2026-04-13 22:00:00,1969.713169070398,1974.8513806602855,1968.4089672984103,1974.6722427709722,184.9215668550098,57.23,15.0
2026-04-13 22:15:00,1974.9002773827476,1975.7644440015968,1962.7509778371395,1964.1521232990108,247.75112430262098,57.42,15.0
2026-04-13 22:30:00,1964.1636291349569,1966.5895658040004,1962.3674242604739,1966.1507176296411,217.5697867071779,57.46,15.0
2026-04-13 22:45:00,1966.2019746881474,1967.3679046819927,1955.5890607613214,1958.1085148252866,1265.4797971576188,57.54,15.0
2026-04-13 23:00:00,1958.1085148252866,1958.1085148252866,1956.3126278015807,1956.3126278015807,147.7448342717238,57.53,15.0
2026-04-14 16:30:00,1954.7643200538143,2073.045869947955,1944.7828792842959,2066.4687275108136,87.15663524277858,59.02,15.0
2026-04-14 16:45:00,2066.2430891028234,2074.7264221142823,2064.6342240621966,2072.6921415789666,57.20732034445121,58.74,15.0
2026-04-14 17:00:00,2072.385689258327,2084.8404132135283,2071.188175436299,2083.3950450840166,97.27623642754014,58.98,15.0
2026-04-14 17:15:00,2083.1588918339694,2130.554059823128,2081.8623152204595,2129.851456266067,271.12244805403964,59.57,15.0
2026-04-14 17:30:00,2130.376666267583,2134.17886854831,2112.6188465638224,2113.9206285156597,377.0528567892481,59.66,15.0
2026-04-14 17:45:00,2113.2176035379966,2116.279379412136,2095.4338026129303,2095.503350025015,372.3139615102967,60.01,15.0
2026-04-14 18:00:00,2095.250248192961,2097.3220575615114,2084.039594399744,2084.921297936476,140.31522752285392,60.06,15.0
2026-04-14 18:15:00,2084.3858305381377,2085.5347675686835,2075.821753388571,2078.0330751503957,110.31100157658032,60.31,15.0
2026-04-14 18:30:00,2078.3895638980093,2081.073015916413,2049.6823839318026,2050.563105072745,107.39400359634254,60.2,15.0
2026-04-14 18:45:00,2050.4719542523376,2050.5828265733126,2044.8112003287658,2045.1463903574647,45.48651089612988,60.15,15.0
2026-04-14 19:00:00,2045.0667701470095,2045.4216814871243,2035.2641725391272,2035.436774515006,62.53257975332038,60.0,15.0
2026-04-14 19:15:00,2035.1459008199372,2037.502451241355,2034.633440089803,2037.1607810112191,102.80709613113234,60.01,15.0
2026-04-14 19:30:00,2037.105171113056,2037.3151682939038,2034.907205106571,2035.4783935887317,183.42555572433037,59.89,15.0
2026-04-14 19:45:00,2035.772233522327,2039.7577314816751,2021.266431477998,2023.048262446036,293.33673514253434,59.69,15.0
2026-04-14 20:00:00,2023.0965128190728,2023.9837202033693,2022.9828965878467,2023.1795714565071,76.50385011460263,59.58,15.0
2026-04-14 20:15:00,2023.146423549538,2029.360924871323,2021.4935813560771,2027.8724187205753,129.88651685307497,59.55,15.0
2026-04-14 20:30:00,2027.6402562618364,2027.883192411725,2020.0569846418825,2020.0876042787786,97.26431972996582,59.52,15.0
2026-04-14 20:45:00,2019.9763948108111,2022.9279990652765,2007.734265086967,2009.520845528917,175.59485147808857,59.34,15.0
2026-04-14 21:00:00,2009.5644373345326,2010.4202768815867,1981.334989494361,1981.9292554288152,157.90500929917192,59.27,15.0
2026-04-14 21:15:00,1981.5508835299822,1982.3716573059166,1961.332458210829,1962.6218069482097,129.72278226522963,58.99,15.0
2026-04-14 21:30:00,1962.7953033694332,1964.2139829984274,1952.6597880199474,1953.7149249362847,153.52721607465713,58.97,15.0
2026-04-14 21:45:00,1953.864989543275,1954.525378341516,1952.9528830041197,1953.0269405256267,197.9067843427194,58.99,15.0
2026-04-14 22:00:00,1952.920501188314,1953.9454077402231,1940.9997733268565,1943.4398419535808,102.70277558942011,58.8,15.0
2026-04-14 22:15:00,1943.6936652922716,1946.173012705821,1930.4257398871166,1933.5773718345413,214.93875204893405,58.48,15.0
2026-04-14 22:30:00,1933.5494620817371,1933.9414204550649,1920.6212355985617,1921.6432650935706,260.9698587340103,58.52,15.0
2026-04-14 22:45:00,1922.0930436734195,1925.4941285875698,1921.8039206432447,1924.5981125558899,1141.052060821186,58.65,15.0
2026-04-14 23:00:00,1924.5981125558899,1924.5981125558899,1924.184082990587,1924.184082990587,145.99289943673375,58.66,15.0
2026-04-15 16:30:00,1922.8049287092372,1947.7060802427682,1916.6642805174824,1945.5682828986635,258.05027548720875,59.12,15.0
2026-04-15 16:45:00,1946.122768304257,1955.2078372599026,1943.2842448225017,1945.5871802493982,31.110541892549424,59.22,15.0
2026-04-15 17:00:00,1946.4860431614495,1948.3205194476645,1904.6647329535738,1906.6612041037145,83.505485524937,59.36,15.0
2026-04-15 17:15:00,1906.3114711658272,1907.1818417496654,1898.3234195762939,1899.7346752820538,86.68901603113841,59.51,15.0
2026-04-15 17:30:00,1899.478704938728,1902.8186743045214,1888.6524667026176,1892.8953837833542,49.72641990657541,59.42,15.0
2026-04-15 17:45:00,1892.795962728197,1892.908560447551,1889.900029980777,1890.0993391164086,104.86212559056945,59.29,15.0
2026-04-15 18:00:00,1890.043056005761,1892.3471878811504,1889.6282678584303,1891.738702140215,114.40307719580488,59.26,15.0
2026-04-15 18:15:00,1891.6669506960095,1904.3505530972768,1891.1974195024313,1903.6703329101852,42.29452194230569,59.37,15.0
2026-04-15 18:30:00,1903.6072964816265,1912.7110755112699,1900.6623326137296,1911.595607952407,59.3519852779535,59.11,15.0
2026-04-15 18:45:00,1911.7820906958952,1913.3587580175922,1902.8797469941212,1903.5406889492622,103.54486639287158,59.11,15.0
2026-04-15 19:00:00,1903.3197006524686,1907.1817887302489,1903.0545193308349,1906.4022092878806,42.45523721152097,59.07,15.0
2026-04-15 19:15:00,1906.1854827405002,1911.073740755188,1906.1809113082431,1910.9999645186326,50.84468436240116,58.96,15.0
2026-04-15 19:30:00,1911.156146973701,1912.256985642107,1900.3973712501563,1902.96815249744,40.70282361039282,58.8,15.0
2026-04-15 19:45:00,1903.102880700389,1911.4756549902934,1902.4506691377019,1910.4677012968289,55.097748251137205,58.76,15.0
2026-04-15 20:00:00,1910.2209200011516,1910.5738113190155,1906.8295379214069,1907.9289741823764,26.746490745108048,58.6,15.0
2026-04-15 20:15:00,1908.0772526927005,1908.2862593776888,1894.5122857889653,1895.5799354142002,35.819832980405195,58.79,15.0
2026-04-15 20:30:00,1895.7486645220968,1898.4232204420662,1895.6578564606007,1898.2592261420286,27.440562295729205,58.81,15.0
2026-04-15 20:45:00,1898.250913628096,1899.6946329786872,1897.975898347044,1899.2409894833825,49.892229515903075,58.71,15.0
2026-04-15 21:00:00,1898.9739563620303,1900.877750204284,1896.7924117593548,1897.1768170922012,74.17313258606042,58.69,15.0
2026-04-15 21:15:00,1897.3066230927848,1898.623878710883,1895.8429517289126,1897.531460474616,71.23070245352795,58.72,15.0
2026-04-15 21:30:00,1897.768828089621,1898.175542008455,1893.5769647806287,1893.8174833336009,77.53204858090768,58.66,15.0
2026-04-15 21:45:00,1893.7235793805694,1897.3410359104967,1893.4965774132004,1896.7703327444965,72.97803804273194,58.68,15.0
2026-04-15 22:00:00,1896.7744922719373,1896.8852163215718,1896.4357761405183,1896.7460793571465,69.41003067367049,58.65,15.0
2026-04-15 22:15:00,1896.9655737802782,1898.5916641630452,1896.9020539852108,1897.3367315361345,87.57259760474673,58.51,15.0
2026-04-15 22:30:00,1897.3905194215995,1904.2049887928558,1895.1281926403883,1903.5341390009855,367.087508645719,58.48,15.0
2026-04-15 22:45:00,1902.8490457725718,1903.0479857985504,1885.4899731853811,1887.1876928927181,485.5653594683071,58.5,15.0
2026-04-15 23:00:00,1887.1876928927181,1887.7228922013094,1887.1876928927181,1887.7228922013094,200.63957212866683,58.49,15.0
2026-04-16 16:30:00,1886.1462876864268,1888.8468221135256,1742.3454698724472,1750.3018328998307,214.14567039326087,57.43,15.0
2026-04-16 16:45:00,1749.5208165373265,1770.6685874397735,1749.1894138530188,1769.4927270798044,170.4912606785854,57.71,15.0
2026-04-16 17:00:00,1768.6688274726582,1769.2667085482026,1750.3605083147845,1751.9839268373628,170.81136616769592,57.67,15.0
2026-04-16 17:15:00,1752.3497531690668,1760.5490979271285,1751.55849708913,1758.8115421108967,167.07544834893267,57.79,15.0
2026-04-16 17:30:00,1758.3073540658527,1770.900201261602,1756.045258112439,1769.4979064458423,132.48584898369126,57.53,15.0
2026-04-16 17:45:00,1769.5932799202333,1779.125067821195,1769.1028945319233,1778.6178012253063,40.188694903907205,57.37,15.0
2026-04-16 18:00:00,1779.0595326170587,1783.950975173434,1749.5199608429334,1749.9706272818653,335.69808579885836,57.57,15.0
2026-04-16 18:15:00,1750.0512223986577,1758.1921122792155,1749.6001604726298,1755.0014075598865,123.40067030945454,57.81,15.0
2026-04-16 18:30:00,1755.0925472909275,1780.760872223063,1754.2062352898554,1777.5410316782431,182.8956762405248,57.71,15.0
2026-04-16 18:45:00,1777.593525056585,1789.556143496489,1776.042978772935,1789.2217593728185,67.35175989857825,57.61,15.0
2026-04-16 19:00:00,1789.2554179400333,1801.4812455858207,1788.2320589761896,1800.977559533662,29.725049615297156,57.55,15.0
2026-04-16 19:15:00,1800.7761749926035,1809.309547675968,1797.747944505746,1809.224835120495,74.17399856954184,57.83,15.0
2026-04-16 19:30:00,1809.017826062959,1809.1564656331195,1801.5006380246791,1802.479989876916,56.14001527462261,57.75,15.0
2026-04-16 19:45:00,1802.456627682345,1812.562772172211,1802.3105372376194,1812.1089315958448,198.84631729530798,57.86,15.0
2026-04-16 20:00:00,1812.0474316360046,1812.9808091951318,1808.6866171729907,1809.6051217282977,190.4532541509975,57.52,15.0
2026-04-16 20:15:00,1809.6779134879462,1816.250231953763,1808.8144088675053,1815.8861300845033,56.4352018288111,57.53,15.0
2026-04-16 20:30:00,1816.049568102239,1816.9202465704761,1814.7488696771677,1815.4774411997278,46.66309595993841,57.6,15.0
2026-04-16 20:45:00,1815.535750833452,1817.2554299837557,1815.2658325429506,1816.3329262343177,51.016406790348476,57.51,15.0
2026-04-16 21:00:00,1816.2040326724657,1822.1188973143594,1814.867044751649,1820.6590569359005,111.34729420597664,57.63,15.0
2026-04-16 21:15:00,1820.2198980470284,1824.412045975988,1818.9281372742892,1824.188070855595,178.3703375368121,57.53,15.0
2026-04-16 21:30:00,1824.0576964794657,1831.3698382777318,1824.0303966865938,1830.395498236992,95.58408088816778,57.65,15.0
2026-04-16 21:45:00,1830.1817855338174,1830.6645233332863,1827.1993295799323,1828.4427582476142,97.24173032123672,57.55,15.0
2026-04-16 22:00:00,1827.846799297613,1829.303191982189,1785.316728549842,1786.8172419806751,680.4672428109067,57.04,15.0
2026-04-16 22:15:00,1786.9250727846209,1822.928958199924,1783.7621594830846,1818.5476130445932,172.5335905568614,57.31,15.0
2026-04-16 22:30:00,1818.591432912669,1867.447680574241,1817.701350401217,1866.3051372178475,209.54912926802928,57.02,15.0
2026-04-16 22:45:00,1867.1715428887617,1881.8716308646158,1867.0650757950957,1877.2044191388234,506.8337155733106,57.35,15.0
2026-04-16 23:00:00,1877.2044191388234,1877.9366793587244,1877.2044191388234,1877.9366793587244,160.26946661400484,57.36,15.0
2026-04-17 16:30:00,1879.9395853394537,1889.2687715981376,1855.7950634482518,1856.748367665992,233.5200805306288,58.48,15.0
2026-04-17 16:45:00,1857.407680221419,1884.816653002787,1856.2159670677804,1880.9839425484736,176.4312479745386,59.26,15.0
2026-04-17 17:00:00,1881.4556554747417,1905.7851654295466,1880.937246473966,1904.4323169201384,167.976439584333,59.42,15.0
2026-04-17 17:15:00,1904.3448416225692,1904.9064661182774,1893.2023426228302,1894.088420865763,147.28532227324465,59.45,15.0
2026-04-17 17:30:00,1893.530480686853,1896.8665950989312,1891.198721983515,1895.3591843317167,68.6722818677036,59.88,15.0
2026-04-17 17:45:00,1895.1736375029507,1899.1845150032818,1894.9072969600281,1896.7914097076805,66.51792796401327,59.57,15.0
2026-04-17 18:00:00,1896.7880136215451,1907.1398129839001,1896.0556618510273,1905.9116801339314,62.314505695887156,59.5,15.0
2026-04-17 18:15:00,1905.7452657351312,1907.9851277422777,1901.4454008821092,1902.123580844004,66.12175918359534,59.4,15.0
2026-04-17 18:30:00,1901.847745064743,1903.6642986751417,1884.4777044757377,1886.0379376462333,53.14668727601581,59.31,15.0
2026-04-17 18:45:00,1886.232295030195,1900.2739358791175,1884.164115279454,1899.1657228222227,90.34754829538242,59.55,15.0
2026-04-17 19:00:00,1898.9846021741264,1909.3621177147288,1898.7977267624713,1907.9829392508384,121.26741377746104,59.68,15.0
2026-04-17 19:15:00,1907.0241682341766,1909.6516969368809,1899.5593279238383,1903.4251233208367,138.53870865466075,59.27,15.0
2026-04-17 19:30:00,1903.2824348711713,1907.102923034259,1902.976185361262,1905.8791231377231,50.98472614691012,59.31,15.0
2026-04-17 19:45:00,1905.8493216627055,1906.4582195804903,1903.525533466942,1904.3780287694703,45.798734306720824,59.38,15.0
2026-04-17 20:00:00,1904.084008264164,1906.7454651543158,1893.9252632782982,1894.5346419588209,108.25948759910148,59.25,15.0
2026-04-17 20:15:00,1894.471798396621,1904.8013498708494,1892.5545381751517,1904.741970578421,93.70269691137696,59.15,15.0
2026-04-17 20:30:00,1904.894679833031,1909.2232547048152,1902.0071310734277,1907.6540704798963,96.16300910261367,59.02,15.0
2026-04-17 20:45:00,1907.8062542612977,1914.4854138921362,1907.670622180273,1913.4379193946593,125.43412864449881,59.15,15.0
2026-04-17 21:00:00,1913.3258754397448,1922.8000088176582,1912.7883945263713,1921.814091810949,65.92678289145036,59.02,15.0
2026-04-17 21:15:00,1921.4410106786631,1922.600532685523,1911.9513555840267,1912.191171236323,103.97340455528557,59.27,15.0
2026-04-17 21:30:00,1912.1240727751788,1912.6021519050894,1909.8594822057962,1910.0626251332392,63.28299049029741,59.3,15.0
2026-04-17 21:45:00,1910.1737906255373,1911.288838038619,1909.3595342482408,1910.6391027690306,81.95422372788724,59.23,15.0
2026-04-17 22:00:00,1910.8087127879935,1910.8972509975843,1906.274121189692,1906.325439361808,206.15398383114191,59.17,15.0
2026-04-17 22:15:00,1906.3665745345177,1910.5426026221892,1905.7776016038833,1910.1289478435453,134.90387645781715,59.21,15.0
2026-04-17 22:30:00,1910.4981634438159,1910.7737516742507,1906.60677949754,1908.579923934259,238.84769925129808,59.28,15.0
2026-04-17 22:45:00,1909.0746797508934,1909.1552588758027,1897.9006585880747,1897.943428942241,942.0748724633194,59.23,15.0
2026-04-17 23:00:00,1897.943428942241,1898.381318232222,1897.943428942241,1898.381318232222,131.4188359389146,59.23,15.0
2026-04-20 16:30:00,1899.799093147716,1907.9245389155733,1898.0004415645062,1905.4692775937228,101.0265033262052,59.33,15.0
2026-04-20 16:45:00,1905.3091376551224,1932.8727686596853,1903.5568852743054,1931.1468508423104,155.5788840130849,59.95,15.0
2026-04-20 17:00:00,1931.4494551890778,1937.1146078414286,1929.7384621853184,1936.0781252241202,110.5642478919795,60.1,15.0
2026-04-20 17:15:00,1936.4310348605838,1947.8537998864297,1935.8431684354578,1943.1301044745683,118.73187023759908,59.98,15.0
2026-04-20 17:30:00,1942.3758751941753,1946.1700259175414,1941.8922220760971,1944.9441316429404,125.38244490051108,59.71,15.0
2026-04-20 17:45:00,1944.6267203976272,1946.756814986419,1942.458397473291,1943.1488320751232,113.926304741691,59.9,15.0
2026-04-20 18:00:00,1942.695864108989,1944.608539621475,1930.7152300360528,1931.9965656533914,159.41259583975588,59.81,15.0
2026-04-20 18:15:00,1931.448921387226,1935.922135672301,1930.4874651255307,1935.1436780154513,90.58121444755116,59.86,15.0
2026-04-20 18:30:00,1935.3766297065663,1935.724354978507,1930.547656529159,1932.2109038594454,141.8487433076172,59.98,15.0
2026-04-20 18:45:00,1933.0220436542822,1960.3989305392345,1932.3084588647675,1957.9809881360848,232.20676120364277,60.25,15.0
2026-04-20 19:00:00,1957.8772273959376,1976.2288347977901,1955.5743579155967,1974.0374680368698,93.99805801331328,59.88,15.0
2026-04-20 19:15:00,1974.2456517525543,1977.2378737376957,1974.0859761233412,1977.1380783823745,111.21667155816893,59.76,15.0
2026-04-20 19:30:00,1977.3583336396794,1978.3347980291094,1976.5181002566394,1977.9364018963615,96.20253674921224,59.84,15.0
2026-04-20 19:45:00,1977.978347876264,1979.6142152981786,1975.7568993292045,1975.948947718133,97.60081169683106,59.91,15.0
2026-04-20 20:00:00,1975.9430464031052,1976.685514290958,1963.4386428876794,1964.823360141905,67.61004374252215,60.11,15.0
2026-04-20 20:15:00,1964.7764963195875,1966.939284801453,1962.9752671686906,1963.5543181077733,141.39426210614923,60.34,15.0
2026-04-20 20:30:00,1963.6739444220752,1965.741934951217,1962.0782271420896,1962.3094126096341,194.1168744233188,60.23,15.0
2026-04-20 20:45:00,1962.4484491064602,1964.7089115325964,1961.7687743828758,1963.4253057270487,41.87095157024321,60.38,15.0
2026-04-20 21:00:00,1963.4938179349385,1964.8559342970118,1962.4304317516114,1964.4140548745745,184.01277408030245,60.34,15.0
2026-04-20 21:15:00,1964.599777086957,1981.3095977901169,1960.8299527964125,1976.4989387473356,194.781731759231,60.16,15.0
2026-04-20 21:30:00,1976.4821182958615,1979.832813147026,1966.9543129553913,1967.7117579940548,186.1720076760441,60.34,15.0
2026-04-20 21:45:00,1967.4923117684177,1968.0313375621906,1962.3616386750382,1963.1947177999455,156.56396666073715,60.39,15.0
2026-04-20 22:00:00,1963.4610836659135,1978.6147696160704,1960.2591419094013,1978.482693198511,197.82828386813767,60.5,15.0
2026-04-20 22:15:00,1978.155978226373,1986.2111297572405,1977.5960613705895,1984.2458082890619,148.5505744049711,60.54,15.0
2026-04-20 22:30:00,1984.3902076263196,1985.308679478387,1977.42824427121,1978.9612257042452,326.0615840290473,60.53,15.0
2026-04-20 22:45:00,1979.321608776478,1980.7302625390228,1970.4517182800273,1975.7933946331757,1303.5513259633692,60.59,15.0
2026-04-20 23:00:00,1975.7933946331757,1975.7933946331757,1974.1133759096874,1974.1133759096874,341.22385798123935,60.58,15.0
2026-04-21 16:30:00,1973.2825072909513,1996.5469670550879,1962.1970237639225,1978.7269113868044,207.80359905174558,61.23,15.0
2026-04-21 16:45:00,1980.5928497947734,1998.5553170096723,1975.4985119239846,1997.919666504185,134.55661093223242,62.01,15.0
2026-04-21 17:00:00,1997.8649189365956,2061.9735801771294,1997.3717666714554,2060.7485835193525,229.4890477641768,62.12,15.0
2026-04-21 17:15:00,2060.321875098766,2060.4691982878726,2058.7027821063134,2058.7827714288915,157.1293087622462,62.04,15.0
2026-04-21 17:30:00,2059.1731682324253,2066.2905011890994,2057.1355780082704,2065.2797850756815,114.86596432566192,61.82,15.0
2026-04-21 17:45:00,2064.6493083095656,2068.524618526033,2002.946655175771,2004.9255677811625,118.59755073968435,60.99,15.0
2026-04-21 18:00:00,2004.0504438006024,2006.6911106033335,1993.3860161226228,1993.5069531114016,91.62489522433329,60.86,15.0
2026-04-21 18:15:00,1993.7603201111558,2014.663093758715,1990.5335459116466,2009.7837081837113,116.85089819522298,60.35,15.0
2026-04-21 18:30:00,2009.385460245381,2014.4044043175725,2008.6614526565786,2014.0781249319068,148.05501847600382,60.43,15.0
2026-04-21 18:45:00,2014.1734263121493,2015.3833760213624,1960.438534346249,1961.2740329628834,90.27833826019267,60.11,15.0
2026-04-21 19:00:00,1960.9381631838019,1972.6135372358422,1960.4661438343708,1971.4134154283825,71.47890994405873,60.28,15.0
2026-04-21 19:15:00,1971.5258286701421,1980.7737739108159,1970.914084641589,1980.6255564170938,98.47237477141415,60.22,15.0
2026-04-21 19:30:00,1980.7286162320438,1984.156569518905,1930.2876996428026,1935.005655047512,93.66177437575334,59.84,15.0
2026-04-21 19:45:00,1934.402024645282,1949.3941892726643,1933.1144201183427,1948.1554789498205,60.035689572419486,59.94,15.0
2026-04-21 20:00:00,1948.2971649857582,1949.5061107897754,1908.2514832943673,1910.3175642178155,143.5000023271233,60.05,15.0
2026-04-21 20:15:00,1910.2223857877766,1921.3942968144959,1909.708638253693,1921.3618924754285,216.71082564205923,59.98,15.0
2026-04-21 20:30:00,1921.887344091218,1922.723105388541,1918.8752667817992,1922.4102013311651,160.06031627211897,60.16,15.0
2026-04-21 20:45:00,1922.6405414762999,1926.7016491845952,1868.9001365781955,1874.210428487168,257.834034736057,60.46,15.0
2026-04-21 21:00:00,1874.5309475307934,1883.1531104546023,1871.703307913065,1880.294276140695,83.70743232852277,60.14,15.0
2026-04-21 21:15:00,1880.1060367903715,1891.8768151969302,1878.1808901879704,1891.7152228835605,130.513303777377,60.01,15.0
2026-04-21 21:30:00,1891.57289347596,1895.1597078215023,1891.0602970721745,1894.6969654098632,90.71585854266745,59.98,15.0
2026-04-21 21:45:00,1894.6847341852317,1909.7177745907336,1894.1789141991412,1908.372117215653,191.50317051070246,60.37,15.0
2026-04-21 22:00:00,1908.3147956836651,1908.6032446298877,1904.4282784956736,1905.8448477812763,217.56200925365496,60.3,15.0
2026-04-21 22:15:00,1906.4261798668356,1908.0454228520678,1877.2243487707892,1878.879789186246,178.87922191940777,60.62,15.0
2026-04-21 22:30:00,1878.7530613171493,1901.5141704973275,1878.63577002185,1895.642301592086,297.12885848976316,59.84,15.0
2026-04-21 22:45:00,1895.0063114923064,1928.5510056176677,1890.9762027756058,1928.3208023282002,1363.4484220974932,59.66,15.0
2026-04-21 23:00:00,1928.3208023282002,1928.3208023282002,1928.0091507062525,1928.0091507062525,212.14893991367563,59.67,15.0
2026-04-22 16:30:00,1928.868185935227,1929.793287327742,1857.1379269863537,1863.3219222270411,133.52725377139095,59.75,15.0
2026-04-22 16:45:00,1863.2279839799983,1863.5826767233043,1833.3472230388688,1834.912782419503,22.093975455208575,59.92,15.0
2026-04-22 17:00:00,1834.816888574721,1835.1852462526417,1819.721844113176,1822.0741078289172,57.19632940858817,59.66,15.0
2026-04-22 17:15:00,1822.3662117865258,1824.7126373348515,1807.615463660329,1808.0798118612302,64.87189661714396,59.56,15.0
2026-04-22 17:30:00,1807.6048200252596,1811.0395079458121,1805.9093807167696,1808.6632163976826,203.62592887180637,59.07,15.0
2026-04-22 17:45:00,1807.8105175625356,1818.6107596187385,1803.2980570747088,1817.0367589326502,41.86081189293737,59.04,15.0
2026-04-22 18:00:00,1816.7837006553843,1817.4568620959546,1801.3396163876334,1802.8174961067882,139.51581242663804,58.83,15.0
2026-04-22 18:15:00,1802.935504917171,1822.6687213352077,1800.3740611570652,1820.4795978711797,149.9624638619695,58.91,15.0
2026-04-22 18:30:00,1820.3923437542123,1829.3015481903108,1819.4800061825433,1828.6204459533865,55.891989225906094,58.59,15.0
2026-04-22 18:45:00,1828.2731938655543,1829.6570856843534,1825.8003650096464,1826.105712552217,54.35307777175858,58.53,15.0
2026-04-22 19:00:00,1826.245685430079,1828.8660149225836,1825.9438673426941,1827.67892958979,46.86365164183489,58.53,15.0
2026-04-22 19:15:00,1827.7066507251204,1829.7858910127354,1816.4255043454682,1816.8243650608056,34.53012574433134,58.37,15.0
2026-04-22 19:30:00,1816.9068125411404,1819.4992409684735,1814.9616111711787,1816.7902213790924,68.94159814854243,58.35,15.0
2026-04-22 19:45:00,1816.85247369598,1820.1082742548256,1816.5432981063466,1819.7989586097108,52.17783105259274,58.39,15.0
2026-04-22 20:00:00,1819.358625414368,1826.3250114339057,1818.7522127644395,1824.7839073194634,87.68439483612342,58.43,15.0
2026-04-22 20:15:00,1824.893033598078,1832.914184330707,1824.1221496579287,1829.7797035967199,71.67976292826873,58.08,15.0
2026-04-22 20:30:00,1830.0489586931133,1835.8045923213556,1829.4110987033678,1835.4531248136157,66.69551579563453,58.19,15.0
2026-04-22 20:45:00,1835.791471897159,1837.0122282556783,1832.8765982994314,1834.457427262855,153.17485260907358,58.16,15.0
2026-04-22 21:00:00,1834.58736166616,1839.8749415380453,1833.4886905719663,1838.8167971421667,91.71035265508756,58.21,15.0
2026-04-22 21:15:00,1838.9146742229295,1850.4338807116371,1838.4052311579374,1847.6792213337098,57.7770790765416,58.19,15.0
2026-04-22 21:30:00,1847.4398732965285,1849.3652745731276,1846.1575850272823,1849.1341776331801,55.54285393203227,58.22,15.0
2026-04-22 21:45:00,1849.1310123941598,1853.9789214980333,1848.4065346810708,1853.9261669980374,56.02014616802561,58.31,15.0
2026-04-22 22:00:00,1853.7234313535082,1855.4289216860898,1852.920562064647,1853.90154222172,57.67192069040174,58.29,15.0
2026-04-22 22:15:00,1854.3363289284205,1854.607472935572,1846.1812561561144,1848.8327425604798,101.7966549050362,58.49,15.0
2026-04-22 22:30:00,1849.1801216344354,1857.5306313979645,1848.0231949698689,1857.397382810925,85.8601033712402,58.62,15.0
2026-04-22 22:45:00,1857.0246922493213,1858.3924457485386,1845.2985364561043,1850.5162610695406,587.5368753063227,58.56,15.0
2026-04-22 23:00:00,1850.5162610695406,1852.3762589315554,1850.5162610695406,1852.3762589315554,144.15184272970217,58.58,15.0
2026-04-23 16:30:00,1853.4480711199064,1868.7321021385778,1800.476279557328,1823.8243741396057,355.1688828787615,53.67,15.0
2026-04-23 16:45:00,1825.1798565687484,1832.2861171053046,1790.7491542063742,1802.0384325754505,463.5948572868131,52.75,15.0
2026-04-23 17:00:00,1800.8487495368656,1802.7008954078096,1793.2013962018316,1796.4265460308225,438.3706594519621,52.89,15.0
2026-04-23 17:15:00,1794.6235691516401,1794.6909744935836,1781.782648579017,1782.8693737906224,439.27041929954765,52.82,15.0
2026-04-23 17:30:00,1782.8988846485317,1785.4933490369954,1735.135352719205,1743.0986461202633,471.2662200712952,53.44,15.0
2026-04-23 17:45:00,1740.6843665651895,1760.5598213404567,1738.493061746254,1756.5296762884068,343.63767606420026,52.9,15.0
2026-04-23 18:00:00,1756.6002524934097,1764.0022237384364,1751.3361169403454,1763.2938578216756,187.24731864305375,52.85,15.0
2026-04-23 18:15:00,1763.5511575608161,1780.5361737177852,1762.16758870056,1778.1887999059682,322.5572152920152,52.6,15.0
2026-04-23 18:30:00,1778.647254128414,1782.1155823599524,1768.1346052144038,1771.467264930756,204.1403477836709,52.3,15.0
2026-04-23 18:45:00,1771.2231636383174,1802.1308306252022,1771.1904753178994,1801.7623545620988,279.9685713122052,52.34,15.0
2026-04-23 19:00:00,1801.815303672274,1803.4106673575443,1797.8070543479628,1798.3449499013316,153.2314978535036,52.24,15.0
2026-04-23 19:15:00,1798.6073028568994,1799.512733946962,1787.7044512857508,1788.9931238190786,209.58162318503713,52.47,15.0
2026-04-23 19:30:00,1788.5819748228475,1789.0051692370232,1778.1892848975388,1778.384169881868,118.70238138469023,52.45,15.0
2026-04-23 19:45:00,1778.8206656526079,1778.8374191871005,1751.088456107785,1751.2900948172498,215.11368306981322,52.54,15.0
2026-04-23 20:00:00,1751.4848768990964,1791.3261532571773,1749.762451670473,1790.2288471720872,177.73407103272652,51.92,15.0
2026-04-23 20:15:00,1789.856725442865,1822.6995489665817,1784.301343536554,1819.6445884439752,86.51129384313286,51.41,15.0
2026-04-23 20:30:00,1819.7105094455073,1831.9451829312823,1817.848576975077,1830.1262737096324,126.80093164886135,51.28,15.0
2026-04-23 20:45:00,1830.0258701950556,1833.0750845630903,1807.9542403416285,1810.5578995493402,81.55913704535715,51.75,15.0
2026-04-23 21:00:00,1810.838957631026,1837.0243718114862,1809.0527318627333,1836.3843668335453,135.42911517637918,51.81,15.0
2026-04-23 21:15:00,1836.2277557735379,1837.1771012092522,1833.1192277072792,1833.8952610547394,325.1223576182106,52.15,15.0
2026-04-23 21:30:00,1834.0396492172551,1839.4967121559093,1825.6270645397237,1826.504081477792,270.35437291981185,51.87,15.0
2026-04-23 21:45:00,1826.3264217777905,1843.3556523392285,1825.7508352015466,1843.0980776095628,138.8054159136562,51.94,15.0
2026-04-23 22:00:00,1842.7701142007656,1852.600410540307,1841.0954048489589,1852.3676411861347,257.3117249303197,51.98,15.0
2026-04-23 22:15:00,1852.4203552550014,1878.8788631943369,1850.2288710385446,1876.9439768838859,306.07059964012717,51.91,15.0
2026-04-23 22:30:00,1876.2122448772404,1881.7451945941507,1874.1336773798753,1880.9347658249924,673.4811757951557,51.49,15.0
2026-04-23 22:45:00,1881.6898168239923,1885.7861330562903,1871.3894697486826,1871.740451116312,1570.2908524439752,52.23,15.0
2026-04-23 23:00:00,1871.740451116312,1871.740451116312,1871.2689157884035,1871.2689157884035,176.3591171578215,52.2,15.0
2026-04-24 16:30:00,1870.2635375554119,1885.2834857331218,1773.2532222660432,1787.1137947757895,233.22988650511192,52.92,15.0
2026-04-24 16:45:00,1787.2383930493997,1787.8956430129053,1782.6764525674369,1786.3407044031003,419.890343732319,53.31,15.0
2026-04-24 17:00:00,1785.6555600198994,1830.5673557267046,1785.5814088370164,1829.6916434644547,253.57136801387747,53.8,15.0
2026-04-24 17:15:00,1828.9776080934514,1842.688712970111,1826.7230031743695,1842.3530449117438,276.61017356819485,54.02,15.0
2026-04-24 17:30:00,1842.2264694612074,1844.2532863655745,1841.7824144139843,1844.0774292423598,225.40717293622862,54.1,15.0
2026-04-24 17:45:00,1844.0555678153003,1845.1557774036253,1827.321366522427,1828.770103392247,205.8200503732824,54.04,15.0
2026-04-24 18:00:00,1828.935863848772,1832.5652778197177,1828.0955219162702,1832.050698487025,224.83822360200605,53.93,15.0
2026-04-24 18:15:00,1832.0823791504947,1842.477002699507,1831.7347235815087,1841.2834203845152,125.75833533759511,53.94,15.0
2026-04-24 18:30:00,1841.7643500639722,1859.4896728408594,1839.4306381197296,1854.2001841473523,195.19088034172682,54.44,15.0
2026-04-24 18:45:00,1853.929852245655,1857.4020895959789,1853.6249527616787,1857.2554311314145,93.54099221380518,54.53,15.0
2026-04-24 19:00:00,1857.175593959833,1857.965282849799,1850.6134601966412,1851.7952502277842,128.6327733850277,54.54,15.0
2026-04-24 19:15:00,1852.126330771764,1860.5365645030383,1850.696200293855,1859.4494817053876,127.62678019501273,54.6,15.0
2026-04-24 19:30:00,1859.122064388038,1860.9718562803844,1840.1064949410556,1841.1553915283705,62.988739575646655,54.68,15.0
2026-04-24 19:45:00,1841.0931300732977,1844.1843045953428,1840.4349933790816,1843.9838501063525,111.97683454622097,54.64,15.0
2026-04-24 20:00:00,1843.6545672612258,1876.0185348131006,1843.0465451297912,1872.758743360539,169.24795913911407,54.46,15.0
2026-04-24 20:15:00,1872.7214720294555,1872.8958575346117,1862.9985171287542,1863.3100704030044,67.27850337360182,54.59,15.0
2026-04-24 20:30:00,1863.2548245197556,1863.2565718045412,1862.5671115511725,1862.9607235003605,122.58077933795086,54.63,15.0
2026-04-24 20:45:00,1863.0692008134745,1863.4532291650912,1862.2789166073173,1863.0676857885207,75.30505147601036,54.58,15.0
2026-04-24 21:00:00,1863.108301930073,1863.5092799515187,1860.601207532968,1861.2941234480215,121.13474381300266,54.64,15.0
2026-04-24 21:15:00,1860.975905106581,1870.1347835481401,1859.5196766975746,1869.6369558154895,92.8429600411416,54.43,15.0
2026-04-24 21:30:00,1869.5060684590421,1875.8727328680682,1868.4519781633733,1874.750820801077,50.56443952480521,54.57,15.0
2026-04-24 21:45:00,1874.7507922726784,1875.6404354130025,1874.6682894446399,1874.8449967865279,88.67335873936382,54.37,15.0
2026-04-24 22:00:00,1875.064382142442,1885.2495418709802,1873.2604072149209,1882.4187902541837,143.50313706485252,54.2,15.0
2026-04-24 22:15:00,1883.2438125195645,1884.6548672480144,1880.6961680824722,1882.393992339326,222.56211435781705,54.19,15.0
2026-04-24 22:30:00,1882.6323123525358,1921.5844342866,1881.498307501131,1920.9201344224082,356.84103070716316,54.07,15.0
2026-04-24 22:45:00,1920.4587692166474,1922.9585880392683,1918.9511004985131,1922.9515589880984,1056.0218580650514,54.19,15.0
2026-04-24 23:00:00,1922.9515589880984,1922.9515589880984,1921.5710305865232,1921.5710305865232,214.66943289431114,54.19,15.0
2026-04-27 16:30:00,1921.9028096229858,1935.0188124772374,1795.0533768431578,1809.4929318717557,116.8893948349345,54.79,15.0
2026-04-27 16:45:00,1809.278277220289,1809.7928348460164,1802.2518374003237,1802.9135416403233,50.914422053651414,54.72,15.0
2026-04-27 17:00:00,1803.2474230214355,1838.3073087977184,1797.0475902026926,1837.1651446276542,158.0650688390319,55.01,15.0
2026-04-27 17:15:00,1836.154217347052,1836.9328779767034,1812.0769288874951,1816.6676023387622,131.53163542739995,55.0,15.0
2026-04-27 17:30:00,1816.8610386245675,1817.1200911913659,1790.2922993956581,1791.4062441989558,57.73142067275465,55.06,15.0
2026-04-27 17:45:00,1791.290134230225,1796.6598269295353,1790.1771384794263,1793.7387942170515,50.258800124053906,54.96,15.0
2026-04-27 18:00:00,1793.695780155878,1817.132261558137,1792.797876107622,1814.5501914835215,67.46090485712233,54.74,15.0
2026-04-27 18:15:00,1815.0472222222943,1819.537088677461,1811.9920749167761,1817.7010468305393,217.34019076982224,54.83,15.0
2026-04-27 18:30:00,1817.2732628359845,1818.2364932768294,1812.734962163775,1814.162743785762,64.56960223014559,54.65,15.0
2026-04-27 18:45:00,1814.2581136500564,1816.950472595461,1790.1065179376333,1792.6664689819036,201.8432551142202,54.7,15.0
2026-04-27 19:00:00,1792.8431452781854,1799.6927732661286,1791.731931030842,1798.9928225756116,223.15495973539876,54.7,15.0
2026-04-27 19:15:00,1799.021703359779,1805.411774428623,1797.9032031682777,1805.4089234216005,67.26588647949993,54.68,15.0
2026-04-27 19:30:00,1805.0497071897116,1806.1846725836199,1792.0644263326776,1793.1201913144187,205.7330528188096,54.68,15.0
2026-04-27 19:45:00,1793.4063933548216,1805.0104500555183,1792.6686613048537,1804.7669649007858,87.48132756170507,54.71,15.0
2026-04-27 20:00:00,1804.7378486592957,1811.8537723719678,1804.3783111646565,1811.3337567380283,64.84274921845325,54.77,15.0
2026-04-27 20:15:00,1811.2051791376914,1826.4147791812866,1810.3785598774737,1824.6742785983913,81.31625555317618,54.93,15.0
2026-04-27 20:30:00,1824.5525421097886,1832.9912586799776,1823.4508448199233,1832.809879006818,98.98708646514537,54.65,15.0
2026-04-27 20:45:00,1832.7572343256127,1837.4720727285326,1832.3160629573497,1837.1797552738449,32.71287635374044,54.6,15.0
2026-04-27 21:00:00,1836.851835759629,1844.1122199004903,1836.6647620190818,1843.2253014015248,76.23964627135427,54.53,15.0
2026-04-27 21:15:00,1843.274244705059,1856.1211305665238,1841.4646127982005,1855.4527202126183,63.68530074712912,54.77,15.0
2026-04-27 21:30:00,1855.2944988223196,1856.4577385021316,1838.2192932043513,1838.552883342761,115.27340252594249,54.77,15.0
2026-04-27 21:45:00,1838.6524146300458,1838.9118955290176,1831.7253339899162,1832.2269873130645,62.20627905269686,54.85,15.0
2026-04-27 22:00:00,1832.3421710506052,1833.418766458363,1828.8350849202493,1829.0447829588143,146.38041012528026,55.04,15.0
2026-04-27 22:15:00,1829.4065532623858,1831.6515116203088,1827.724946777441,1831.0858923257065,150.9385722593688,55.25,15.0
2026-04-27 22:30:00,1831.0275829467482,1837.2900599967238,1827.842784250938,1836.2538863813024,153.13963109571762,55.2,15.0
2026-04-27 22:45:00,1836.0581102144988,1841.5928591132133,1835.274259291364,1840.024781208687,617.3761375162113,55.12,15.0
2026-04-27 23:00:00,1840.024781208687,1841.2585132227973,1840.024781208687,1841.2585132227973,127.23340218942764,55.11,15.0
2026-04-28 16:30:00,1844.256831451024,1896.5760537118204,1843.7638239280611,1892.6726415663293,69.32337444169116,54.06,15.0
2026-04-28 16:45:00,1893.051523570694,1894.4257505693035,1870.2763369669372,1871.3959326716351,135.16920657628492,53.71,15.0
2026-04-28 17:00:00,1870.9483422598516,1881.3894304213345,1866.6113191636955,1880.5767169961086,98.70734745787846,54.2,15.0
2026-04-28 17:15:00,1881.581485823367,1882.0610462702136,1855.7332079296923,1859.195648852645,182.84051495264669,53.8,15.0
2026-04-28 17:30:00,1859.5693000922886,1860.0794421253706,1856.994229118935,1857.6727411331233,88.11402989649275,53.79,15.0
2026-04-28 17:45:00,1857.4006718373269,1859.7940902689836,1857.1075441037897,1859.3404534993108,73.8097930707546,53.62,15.0
2026-04-28 18:00:00,1859.1647935143035,1860.0279685011328,1830.8860079135934,1830.8916308337116,126.22501154521817,53.66,15.0
2026-04-28 18:15:00,1830.8397479025466,1868.8705897202904,1829.9191836181108,1865.1304179077588,201.04699585673973,53.42,15.0
2026-04-28 18:30:00,1864.8582662761369,1871.966047306292,1863.442576269524,1870.5326300908698,90.24888514563477,53.41,15.0
2026-04-28 18:45:00,1870.509090765752,1871.1853038332874,1865.3516133227213,1865.6595714043362,91.1669018491257,53.47,15.0
2026-04-28 19:00:00,1865.7576516442202,1875.2318688848197,1865.386714314949,1875.0862475259967,104.6739265177301,53.4,15.0
2026-04-28 19:15:00,1874.867961624815,1875.644400743677,1872.6123507896596,1872.9493032252533,99.90266265436398,53.4,15.0
2026-04-28 19:30:00,1873.0641851073624,1876.0911359509785,1869.5313981329791,1872.899128262442,110.84934765686833,53.13,15.0
2026-04-28 19:45:00,1873.0848661956616,1873.4625058244985,1870.1301745464148,1870.1683851204816,139.74902707765463,53.16,15.0
2026-04-28 20:00:00,1870.2447252579616,1881.9897426836992,1867.9052763675168,1881.707077255097,112.62776021991905,53.16,15.0
2026-04-28 20:15:00,1881.6782303235666,1881.9959429534283,1880.6218592983982,1881.6432212180114,102.6336514780088,53.41,15.0
2026-04-28 20:30:00,1881.4237458960736,1884.8916418639888,1879.778832215899,1884.8327122307885,125.92433661345675,53.65,15.0
2026-04-28 20:45:00,1884.982387029365,1892.5020984391808,1884.8569860274608,1892.0795804793984,134.51751728336671,53.6,15.0
2026-04-28 21:00:00,1891.9548626999515,1893.834506725854,1891.200129885784,1893.7737575411984,168.84379613766075,53.6,15.0
2026-04-28 21:15:00,1893.8174960871745,1895.0536167127254,1891.4048862252048,1891.795476352226,91.25888251272617,53.46,15.0
2026-04-28 21:30:00,1891.79899141259,1897.5447731344766,1891.5950600357237,1896.3798638824683,122.51349951882375,53.4,15.0
2026-04-28 21:45:00,1896.5707128024897,1912.9233874453619,1896.1674241606934,1911.9756826738471,122.50649258146237,53.48,15.0
2026-04-28 22:00:00,1911.8212985089579,1913.9876429885708,1911.623110622998,1913.9278877648023,98.06774568992195,53.49,15.0
2026-04-28 22:15:00,1913.8645939137668,1914.371972824241,1912.8827995719507,1912.931539355072,150.4555091852906,53.45,15.0
2026-04-28 22:30:00,1912.707819438427,1914.2674761899746,1912.5864804807286,1913.7402468175412,334.7898620911602,53.58,15.0
2026-04-28 22:45:00,1913.8282906312193,1922.097142520304,1913.6025993316055,1921.6865616904358,872.3009384252284,53.51,15.0
2026-04-28 23:00:00,1921.6865616904358,1921.6865616904358,1920.1998645218139,1920.1998645218139,231.5729717327813,53.51,15.0
2026-04-29 16:30:00,1919.5329828509482,1925.6576273387589,1906.0037315218071,1907.331099230862,97.36880676378432,53.01,15.0
2026-04-29 16:45:00,1906.941054927077,1906.9897379100605,1876.8697766911648,1877.4241342108817,134.04036044464297,53.0,15.0
2026-04-29 17:00:00,1877.7030268565195,1881.494348731507,1852.4687564584467,1855.3944240325618,81.24648980485547,53.11,15.0
2026-04-29 17:15:00,1854.9619668956163,1855.9578281638535,1846.1654464006476,1847.2371974190357,27.203425775353185,52.95,15.0
2026-04-29 17:30:00,1846.7428318126522,1849.462757578065,1843.6712010413194,1844.251585594148,73.18037495656306,52.58,15.0
2026-04-29 17:45:00,1844.4890532978352,1860.3133583597955,1841.2488968915786,1860.0974013109153,34.68896645570835,52.3,15.0
2026-04-29 18:00:00,1860.0533919743302,1865.6900234607522,1859.99914396964,1865.267210509823,48.787792347883915,52.28,15.0
2026-04-29 18:15:00,1865.5203308964312,1865.6208217421042,1854.7248307618456,1854.7277180270187,51.83980521432891,52.05,15.0
2026-04-29 18:30:00,1854.5715867473189,1855.9444267709962,1839.0442952084097,1841.7888466098668,117.45142961233549,51.83,15.0
2026-04-29 18:45:00,1841.7883932275595,1862.4290681721204,1840.3523989662035,1862.0055079367708,472.72859544772047,51.74,15.0
2026-04-29 19:00:00,1862.0286961014522,1868.6561338933445,1861.9497950648908,1867.7800298653542,21.173924847646624,51.7,15.0
2026-04-29 19:15:00,1867.9123390466082,1868.1148192090288,1867.3709743257248,1867.6253587861438,19.471846415235422,51.7,15.0
2026-04-29 19:30:00,1867.9713159107139,1867.9997026648807,1862.7128679581588,1863.5727626985333,66.3349047132564,51.77,15.0
2026-04-29 19:45:00,1863.7438540288197,1869.0040546177238,1863.5018281210507,1868.591035723565,45.38433588002344,51.63,15.0
2026-04-29 20:00:00,1868.4444371880097,1869.6339142026602,1858.587688292778,1859.5249978815518,71.9283731597529,51.59,15.0
2026-04-29 20:15:00,1859.3995091337674,1861.8681411452635,1858.7641091614346,1861.8186549583017,57.80068737349009,51.66,15.0
2026-04-29 20:30:00,1862.0202069177844,1883.7645279415929,1861.3725780294706,1882.7525524800108,132.29471389665173,51.51,15.0
2026-04-29 20:45:00,1883.044341890601,1883.9666204782447,1883.0301917323134,1883.959069868709,61.64785198070271,51.56,15.0
2026-04-29 21:00:00,1884.5258977918188,1885.1133651115724,1866.056469158437,1866.3608771966544,110.19003334487827,51.14,15.0
2026-04-29 21:15:00,1866.3643342588232,1872.7103271927751,1865.8843994274605,1870.8656846933536,92.31526641335861,51.26,15.0
2026-04-29 21:30:00,1871.0430735651173,1871.0975320241232,1864.2172220075267,1865.3786330536168,117.56374444477052,51.14,15.0
2026-04-29 21:45:00,1865.5366099493608,1867.0019037201635,1854.370291558662,1855.6579845662204,55.62229596556589,51.34,15.0
2026-04-29 22:00:00,1855.7258532348462,1870.8724514743592,1854.9952516408455,1869.7363919988736,98.17933769114363,51.67,15.0
2026-04-29 22:15:00,1869.787356399634,1881.7242274343287,1869.1278919787549,1879.3583398062397,51.67950910530107,51.54,15.0
2026-04-29 22:30:00,1879.3926786912396,1881.485510871831,1876.630261790453,1876.856815258031,211.1118505525852,51.84,15.0
2026-04-29 22:45:00,1876.706489532856,1877.7583866994828,1874.626962844491,1874.6410908966848,935.9211635741899,51.97,15.0
2026-04-29 23:00:00,1874.6410908966848,1874.6410908966848,1874.0980785865984,1874.0980785865984,255.52462814304877,51.95,15.0
2026-04-30 16:30:00,1873.4662169045603,1874.5463590717004,1871.2005731975087,1874.408170971594,99.10882096974922,52.75,15.0
2026-04-30 16:45:00,1873.2896655607747,1873.354530873297,1859.0504797404308,1859.2624872694246,100.14661763135409,52.68,15.0
2026-04-30 17:00:00,1859.3472646194582,1860.4776353719492,1838.7905929783362,1839.8754238484732,95.46061111601944,53.02,15.0
2026-04-30 17:15:00,1839.8461869425782,1896.4241483431747,1836.7257169141196,1895.1843637165198,153.40867059520366,53.65,15.0
2026-04-30 17:30:00,1895.4911949120972,1905.5144405671015,1894.1924980447131,1903.6709026531803,169.25029367519815,53.97,15.0
2026-04-30 17:45:00,1904.0984154019122,1911.7649258448232,1901.4943281722933,1910.1511350941194,169.27717466764622,54.0,15.0
2026-04-30 18:00:00,1910.4177715434173,1916.4846138725063,1910.3682911966266,1915.3535070782748,102.89104826822388,53.96,15.0
2026-04-30 18:15:00,1915.789418398914,1925.2737786826574,1914.3170312180814,1924.041278875689,106.73307354632558,54.13,15.0
2026-04-30 18:30:00,1923.8086188637703,1925.5445946437078,1918.5937506909422,1918.808133941345,145.80153761601267,54.25,15.0
2026-04-30 18:45:00,1918.1859827891287,1926.34499545968,1911.3389839319893,1925.0150390916012,206.07708795586896,54.69,15.0
2026-04-30 19:00:00,1925.2418893455274,1925.3716406763226,1920.8927693709054,1921.1330191262728,176.85669848614785,54.67,15.0
2026-04-30 19:15:00,1921.338068947553,1922.7373533221562,1920.8099283527927,1922.0819815095883,184.82117226363997,54.64,15.0
2026-04-30 19:30:00,1922.3787797863433,1923.6789716460257,1922.2731150561744,1922.9301118000733,104.31288480926167,54.6,15.0
2026-04-30 19:45:00,1923.0226225571323,1924.2176544949616,1918.203206987219,1919.3140300055513,104.6650937298176,54.65,15.0
2026-04-30 20:00:00,1918.763896102644,1919.3754163168205,1901.3093926705924,1904.0044983757616,85.69021027970392,54.55,15.0
2026-04-30 20:15:00,1904.054864921413,1904.6275847681093,1903.258636366605,1904.5018801728486,112.02485519353205,54.62,15.0
2026-04-30 20:30:00,1904.6019419328748,1904.7902837148647,1902.2209226884381,1902.6992718701017,114.0540164274526,54.66,15.0
2026-04-30 20:45:00,1902.8319537868724,1903.7233658144003,1894.2598936970437,1894.3981966723895,100.95037972311266,54.62,15.0
2026-04-30 21:00:00,1895.0647844067794,1905.8800809777588,1890.4463444585324,1904.7640005476378,185.67611922339796,54.92,15.0
2026-04-30 21:15:00,1905.0146236683163,1916.551605253735,1904.3624645060456,1915.3196974192847,297.7504144110138,55.13,15.0
2026-04-30 21:30:00,1915.0645391554542,1958.6663527984178,1912.0900361613978,1957.259921767608,388.5870793544878,55.5,15.0
2026-04-30 21:45:00,1957.0418114218885,1958.2855869759062,1950.3219046228487,1951.028049556807,509.7137837568947,55.35,15.0
2026-04-30 22:00:00,1951.24306747029,1955.63876581684,1941.7864958692187,1943.8521507491027,611.8133290213058,55.74,15.0
2026-04-30 22:15:00,1943.4994686441446,1944.2171524206024,1924.9007992396846,1925.0571614275152,677.3020125942288,55.88,15.0
2026-04-30 22:30:00,1926.120135534883,1927.268504318595,1922.1168157769248,1925.9520077310085,720.5777219097885,55.38,15.0
2026-04-30 22:45:00,1925.0488503993138,1930.3388969010882,1921.739904617633,1928.169738537831,1966.4113772672415,55.31,15.0
2026-04-30 23:00:00,1928.169738537831,1928.169738537831,1926.940683117832,1926.940683117832,223.0028290927894,55.32,15.0
2026-05-01 16:30:00,1927.4858452259232,1937.9020516095168,1903.7684657934756,1904.563729984636,87.81271310158535,53.88,15.0
2026-05-01 16:45:00,1904.3818688040806,1913.0142948452105,1838.6568529698616,1842.753495800746,132.6478884376918,54.29,15.0
2026-05-01 17:00:00,1842.0084357140574,1879.117295377922,1841.2310373045868,1874.8298086656355,237.89743587143383,54.81,15.0
2026-05-01 17:15:00,1874.0869574369206,1877.4843242703994,1866.1729545216701,1866.5384981881675,123.84018741520362,55.05,15.0
2026-05-01 17:30:00,1866.3864468862535,1868.7177585226138,1864.4859256544194,1867.7287460553218,138.8376524938073,55.2,15.0
2026-05-01 17:45:00,1867.5163676300149,1870.7814654006925,1841.0045125536878,1843.773482835204,171.3024709331075,54.8,15.0
2026-05-01 18:00:00,1844.0208844936549,1844.0794354479783,1839.106830017647,1841.0641751542587,126.97885543763815,54.93,15.0
2026-05-01 18:15:00,1840.9065532136653,1841.7168135855838,1839.2079716435567,1840.233007544097,173.18332372153748,54.93,15.0
2026-05-01 18:30:00,1840.3961393087861,1846.9436958288518,1838.830950595003,1843.6023939774932,255.47117247321955,55.25,15.0
2026-05-01 18:45:00,1843.3832929158004,1848.665494433541,1841.8869135497046,1847.8800841762525,108.27121348038567,55.26,15.0
2026-05-01 19:00:00,1847.9615109276338,1858.1924169715542,1847.0734874032064,1857.5011600929845,61.32043274919167,55.2,15.0
2026-05-01 19:15:00,1857.003190745801,1864.8855558799125,1855.8243013961198,1864.4888143675428,45.02997860179589,55.23,15.0
2026-05-01 19:30:00,1864.9995011788365,1872.545690182556,1864.4944994763423,1872.2683014524478,63.839246982016306,55.03,15.0
2026-05-01 19:45:00,1872.2384037074535,1885.7759050896448,1871.9227685601281,1884.9544701477469,106.69751882983333,55.19,15.0
2026-05-01 20:00:00,1884.5102718694072,1888.9543189963092,1884.277702587579,1888.811410061373,125.83916949326802,55.27,15.0
2026-05-01 20:15:00,1888.651684816017,1890.8592543060547,1887.5167587209187,1889.585451292277,64.90797438428889,55.44,15.0
2026-05-01 20:30:00,1889.3720260217615,1898.7261098770614,1889.3651329215045,1898.2064470005075,78.74100992984545,55.4,15.0
2026-05-01 20:45:00,1898.0744030813398,1907.867298255546,1897.97938991351,1906.594020484381,202.75336826727442,55.52,15.0
2026-05-01 21:00:00,1906.485825933879,1911.4282827685042,1905.2376590802419,1911.2053937269154,180.43169497077093,55.26,15.0
2026-05-01 21:15:00,1911.064959148323,1911.9132345904184,1898.9821150806667,1899.0293141705672,96.60574213441512,55.25,15.0
2026-05-01 21:30:00,1898.9514507792537,1899.2806652890004,1895.2348342292732,1896.1430495403506,230.4925071381037,55.32,15.0
2026-05-01 21:45:00,1895.8852006319228,1895.9143384887866,1892.1455986465198,1892.5745016772048,288.7862773849446,55.18,15.0
2026-05-01 22:00:00,1892.8531727640914,1904.3712776259913,1890.1712335476525,1903.9868321266779,260.7566800886002,55.46,15.0
2026-05-01 22:15:00,1904.228671512296,1906.1265045535733,1904.1995500752664,1904.3465135780755,347.87105348786525,55.61,15.0
2026-05-01 22:30:00,1904.2143258281083,1923.3568413936484,1901.6519288341374,1922.3617272639815,580.3100905259612,55.17,15.0
2026-05-01 22:45:00,1922.3557466267398,1937.265749671859,1921.4993024161065,1936.6415392863298,879.4058161644465,55.04,15.0
2026-05-01 23:00:00,1936.6415392863298,1936.6415392863298,1934.88916700389,1934.88916700389,222.89119128900296,55.02,15.0
2026-05-04 16:30:00,1934.9320654122812,1960.0612907128218,1932.683306025275,1956.4939908962508,88.15808118661252,54.52,15.0
2026-05-04 16:45:00,1956.6402059340032,1956.8496566472118,1927.804791472911,1928.5884337241228,56.24374358102651,54.32,15.0
2026-05-04 17:00:00,1928.4628859502843,1940.6164106526758,1927.7801294382707,1939.736273000521,158.8392983443568,54.68,15.0
2026-05-04 17:15:00,1939.9419353874234,1944.9121450465127,1927.765489114468,1929.0030985132616,83.08265913575474,55.05,15.0
2026-05-04 17:30:00,1929.0685260191715,1930.5139342074212,1912.8751709676203,1913.7485268260014,70.12917197726708,54.9,15.0
2026-05-04 17:45:00,1913.3575531917572,1914.3146494982393,1904.3317320233161,1907.0483145450114,47.58844064132147,54.64,15.0
2026-05-04 18:00:00,1907.4149522479236,1924.338523645449,1906.6925969014972,1922.6511036121967,100.36870217867082,54.85,15.0
2026-05-04 18:15:00,1922.574088927343,1925.7874197412725,1921.77198423303,1925.7072001009913,75.02687288693548,54.57,15.0
2026-05-04 18:30:00,1926.3109030448115,1950.1793772159,1926.1082604080973,1949.8512333025037,85.6338326876544,54.41,15.0
2026-05-04 18:45:00,1949.9136058378467,1950.0043318967162,1947.4172571247018,1948.1092619117398,41.38832842948612,54.33,15.0
2026-05-04 19:00:00,1948.840268547872,1979.4649318468971,1948.4644819127143,1978.44465096125,77.03085936623685,54.21,15.0
2026-05-04 19:15:00,1978.7684623183886,1979.574240447147,1977.657134195447,1978.0447226121328,77.67743837827119,54.33,15.0
2026-05-04 19:30:00,1978.0808354106716,1978.1173193160182,1974.611402026302,1974.8895077040042,95.10289051568749,54.29,15.0
2026-05-04 19:45:00,1974.7056020367609,1975.9814511732523,1960.065676514501,1960.3945362414722,273.50261005045775,54.34,15.0
2026-05-04 20:00:00,1960.2607155292237,1965.8905826930788,1959.9362420792274,1965.6191333078123,82.5674555658803,54.33,15.0
2026-05-04 20:15:00,1965.8563721630146,1966.0252952924968,1951.9399196091042,1956.9839464661015,178.41849839475506,54.64,15.0
2026-05-04 20:30:00,1957.0188306052098,1958.4794260520964,1948.8384577382653,1949.7430591999741,159.74770927908114,54.76,15.0
2026-05-04 20:45:00,1949.605737647253,1957.5409389468396,1948.9662425840502,1957.3601915296103,126.63800290040443,54.58,15.0
2026-05-04 21:00:00,1957.5985449586333,1967.7295983764354,1956.4920703565047,1967.6754907866327,215.1172974550895,54.65,15.0
2026-05-04 21:15:00,1967.68535138637,1975.9648300707888,1964.6998337876782,1975.6074853687073,96.91927480337723,54.65,15.0
2026-05-04 21:30:00,1975.829759251249,1976.2511454750716,1970.5698602135662,1970.9926496502771,189.89080770453597,54.9,15.0
2026-05-04 21:45:00,1970.837594358855,1971.4107728691424,1967.0887028756408,1967.8123220231719,183.08364500710874,54.87,15.0
2026-05-04 22:00:00,1968.0559233834424,1968.9865394448582,1963.9564800654061,1964.0593666112566,221.71613407009787,54.78,15.0
2026-05-04 22:15:00,1964.1814743268517,1967.717681714299,1964.128857829733,1967.0802595694754,279.88661263424734,54.57,15.0
2026-05-04 22:30:00,1967.2706185765428,1974.9347260699633,1966.5235813089453,1974.3588503801143,324.0323970023103,54.69,15.0
2026-05-04 22:45:00,1974.5349328793602,1975.5642078580909,1974.007330393718,1974.3977212453306,564.2472668475568,54.75,15.0
2026-05-04 23:00:00,1974.3977212453306,1974.3977212453306,1971.5218475380307,1971.5218475380307,200.86895387799336,54.74,15.0
2026-05-05 16:30:00,1971.248462567981,2039.374823022886,1962.9869082831522,2027.2107248333568,330.0174491949991,55.31,15.0
2026-05-05 16:45:00,2028.854564780606,2029.8134079394079,2002.9231679568536,2009.8453737641773,228.98582281149137,54.58,15.0
2026-05-05 17:00:00,2009.5436177415766,2049.7179463025477,1999.495764956023,2043.5722978146584,192.96943870824376,55.44,15.0
2026-05-05 17:15:00,2043.9926473664607,2080.3631894274577,2041.6056974160358,2076.3712109179164,259.54466197578404,55.78,15.0
2026-05-05 17:30:00,2076.2580476987573,2093.7284442976033,2075.2664078775524,2092.1123249213265,58.930476545174834,55.73,15.0
2026-05-05 17:45:00,2090.9482369482275,2118.1248174021734,2088.6046120093674,2115.6651855744217,233.354775151867,56.08,15.0
2026-05-05 18:00:00,2115.4570885179232,2115.5287247266483,2108.411879837107,2109.2753679034736,131.22593725993292,56.11,15.0
2026-05-05 18:15:00,2109.4904443172118,2115.8378666399776,2092.8087404186076,2095.464387342146,249.2965222926508,55.68,15.0
2026-05-05 18:30:00,2095.6872833257717,2096.215643328928,2094.0602108169937,2094.8796127750525,104.79730241328335,55.53,15.0
2026-05-05 18:45:00,2095.0443966982284,2116.001125261646,2093.2837036924425,2115.107803657901,157.59469254426247,55.78,15.0
2026-05-05 19:00:00,2115.326388161876,2116.4811773950555,2110.295499766782,2110.980118336524,97.87375144941599,55.73,15.0
2026-05-05 19:15:00,2111.075480225295,2112.136869506813,2108.406112031252,2109.689448929233,97.47102087237383,55.92,15.0
2026-05-05 19:30:00,2109.4429949427617,2110.3380106836184,2099.803401231275,2101.9770520005522,117.96857402037543,55.68,15.0
2026-05-05 19:45:00,2102.0715189668763,2102.156629794754,2093.8277829562808,2094.0543697116714,160.01139366254594,55.74,15.0
2026-05-05 20:00:00,2094.110086915368,2096.484870336519,2085.451655915277,2087.47053915845,383.4516246222751,55.96,15.0
2026-05-05 20:15:00,2087.34245666353,2087.956862782201,2082.391590885104,2083.906239394566,325.02890335323303,56.14,15.0
2026-05-05 20:30:00,2084.0314211240257,2097.747006247276,2083.2920358742253,2095.7181761606607,279.1976172986235,56.27,15.0
2026-05-05 20:45:00,2095.7274280698043,2095.828474133159,2088.4605220716035,2088.5709202717353,183.57065530141796,56.27,15.0
2026-05-05 21:00:00,2088.2695953770863,2090.5254635400534,2085.6814523174967,2086.237368899761,460.125471543567,56.64,15.0
2026-05-05 21:15:00,2086.207211509683,2086.9286987193404,2073.8152761327297,2075.026917976479,157.64302260654762,56.63,15.0
2026-05-05 21:30:00,2075.551201089273,2078.270875989326,2073.6988739658264,2077.4395848487766,272.6010048689036,56.36,15.0
2026-05-05 21:45:00,2078.2736781604963,2109.20825413016,2076.6520002536913,2105.332145980684,294.72029172089566,56.81,15.0
2026-05-05 22:00:00,2105.3899649143345,2118.403863345318,2105.259383367998,2116.6340259269505,266.9235783634678,56.71,15.0
2026-05-05 22:15:00,2116.6558728116265,2119.424859752506,2112.044468774841,2113.03371061645,516.797558823975,56.74,15.0
2026-05-05 22:30:00,2112.7603638015007,2112.9050798072158,2108.807349186789,2109.8017296084226,369.85825012111405,56.64,15.0
2026-05-05 22:45:00,2110.457651304797,2113.764833963677,2100.5606748373875,2101.4696725071944,1516.7127901647973,56.68,15.0
2026-05-05 23:00:00,2101.4696725071944,2101.4696725071944,2095.261329417814,2095.261329417814,267.9588385328409,56.68,15.0
2026-05-06 16:30:00,2100.353138534876,2185.5853333002465,2051.3431996450827,2125.0873841632197,1673.5632099137167,50.72,15.0
2026-05-06 16:45:00,2121.182336022965,2130.703725170011,2112.425135252082,2123.612655188028,547.2150496874533,51.15,15.0
2026-05-06 17:00:00,2123.696350754011,2134.6420293142446,2115.360217659426,2133.8107074894465,790.4419979380007,52.27,15.0
2026-05-06 17:15:00,2133.6908086370227,2152.6458339019705,2127.6918659438884,2140.7604242528373,1087.3503710169566,52.19,15.0
2026-05-06 17:30:00,2141.266928110284,2144.2934245153397,2120.824442574827,2122.7256237177253,1020.6304979182562,51.95,15.0
2026-05-06 17:45:00,2122.080383592377,2125.53089299753,2092.0323364850874,2093.8913387138628,641.2260468657329,50.78,15.0
2026-05-06 18:00:00,2093.6015986339457,2162.8579798360743,2090.0007251589955,2162.680952976526,1476.7851633602088,50.46,15.0
2026-05-06 18:15:00,2163.6064622424315,2303.3207129351676,2160.535904897484,2296.4496956511202,577.273952045221,49.7,15.0
2026-05-06 18:30:00,2295.646332740756,2303.0293742014574,2232.669499587322,2233.0960292068885,656.5219790371511,49.14,15.0
2026-05-06 18:45:00,2232.4329703673448,2233.863173748485,2157.4378706445455,2161.3583240973053,890.3104814088792,48.2,15.0
2026-05-06 19:00:00,2161.4669038773195,2162.080822853864,2128.006610133939,2129.8669174117526,858.4706143231223,47.92,15.0
2026-05-06 19:15:00,2131.072547416536,2134.810844289112,2111.1189830409544,2112.805432388127,832.7146122509909,47.25,15.0
2026-05-06 19:30:00,2113.499385571261,2139.4741558533783,2113.3764223620883,2136.619447987101,1044.1392869009126,47.84,15.0
2026-05-06 19:45:00,2137.2918129471896,2143.255646629748,2136.742186660265,2140.048351632947,561.7317187344506,47.7,15.0
2026-05-06 20:00:00,2140.07787412825,2144.5975917026253,2133.2791787710876,2135.274773574306,493.99605081606484,47.92,15.0
2026-05-06 20:15:00,2136.8907886759575,2147.6078056693855,2126.4713254302114,2145.4632871204067,441.0139187012291,47.68,15.0
2026-05-06 20:30:00,2144.0056388173093,2149.0848812609643,2109.293298542624,2112.381519552006,437.43170586406535,47.34,15.0
2026-05-06 20:45:00,2113.7101542910477,2114.205892439904,2099.154857456043,2099.3275684785053,537.0983399462921,47.53,15.0
2026-05-06 21:00:00,2100.6728928819207,2104.542841340559,2083.317283463688,2087.9577251085057,342.0107225677685,47.13,15.0
2026-05-06 21:15:00,2088.2867598499593,2093.0431846876977,2031.4517769047745,2036.7893634903216,1021.3087480332975,46.92,15.0
2026-05-06 21:30:00,2037.7154063401704,2043.965999300678,1975.835468026134,1976.079420259416,848.7443384485714,45.93,15.0
2026-05-06 21:45:00,1976.0407626796439,1976.8830641805573,1926.5106609297334,1928.0349832288427,929.3838528489464,45.72,15.0
2026-05-06 22:00:00,1927.730735269736,1973.7997906519006,1927.3516305266228,1973.3649366670343,1793.6880482902636,46.85,15.0
2026-05-06 22:15:00,1972.5946056037878,1980.5103475514145,1971.9466618775045,1977.7884897214312,1613.6836178467029,46.5,15.0
2026-05-06 22:30:00,1977.7381100084926,2001.012110178085,1973.9768015727157,1996.0225602321511,2435.654836676375,46.48,15.0
2026-05-06 22:45:00,1996.7943082219535,1999.6997653608098,1895.4298032900836,1903.6755167595084,5175.114533559821,47.4,15.0
2026-05-06 23:00:00,1903.6755167595084,1903.6755167595084,1901.5048485721593,1901.5048485721593,228.84455368301064,47.41,15.0
2026-05-07 16:30:00,1903.4837325927065,1924.729789499903,1899.5781155451466,1922.7770738400109,567.836328885767,47.3,15.0
2026-05-07 16:45:00,1922.9959705878243,1934.800500741717,1699.9277996949827,1707.3500170817067,488.7411919831663,48.69,15.0
2026-05-07 17:00:00,1706.0405211022828,1755.6579315153347,1702.812080294713,1755.3582909771897,486.9925738226775,49.34,15.0
2026-05-07 17:15:00,1756.699992685076,1757.887624441533,1698.9361601137841,1699.399427780767,581.5586252293898,48.77,15.0
2026-05-07 17:30:00,1698.1961559911715,1735.2712731594552,1694.254293552942,1733.3450968173283,439.84497771152803,48.67,15.0
2026-05-07 17:45:00,1732.7997351237943,1741.726371632783,1701.1426364951008,1703.5882041652262,662.4520791621917,48.51,15.0
2026-05-07 18:00:00,1703.668834415574,1717.6229895602924,1702.5150811510332,1717.5127849661912,368.75955261213187,48.3,15.0
2026-05-07 18:15:00,1717.711720452258,1780.1155307020683,1716.119566725577,1779.4730832394823,397.18718861159215,48.63,15.0
2026-05-07 18:30:00,1778.9522965615208,1782.4525764773634,1747.811723635959,1749.5629835128632,267.8206059308733,48.4,15.0
2026-05-07 18:45:00,1749.3098526944532,1764.7533541584844,1748.1880683047698,1762.498656919768,204.88263459351737,48.64,15.0
2026-05-07 19:00:00,1761.6042245606102,1765.1825551171478,1726.7758212495837,1727.252166960558,418.7632951144544,49.0,15.0
2026-05-07 19:15:00,1727.6342866109223,1744.8368739401444,1724.0342099599175,1743.298203943079,446.50701648030605,49.43,15.0
2026-05-07 19:30:00,1743.67441090042,1744.627863753978,1742.074015941216,1743.6055872500028,246.44571049736692,49.39,15.0
2026-05-07 19:45:00,1742.7510343260863,1752.7274181132734,1737.323269113228,1746.313384525025,296.99837804989926,48.88,15.0
2026-05-07 20:00:00,1747.1152583127146,1751.0008296732015,1721.9104171750405,1727.4121593576808,335.7619914573322,49.62,15.0
2026-05-07 20:15:00,1727.806696444643,1743.577004651156,1722.9538899141944,1743.4138174726927,479.91303749199517,49.67,15.0
2026-05-07 20:30:00,1743.2671503594308,1745.27096413995,1733.0116605588555,1733.5130044825578,460.10517707635665,49.51,15.0
2026-05-07 20:45:00,1732.2944642061855,1772.455170515875,1730.3130265871628,1768.7617497676993,311.3464070848867,50.07,15.0
2026-05-07 21:00:00,1768.3984838622146,1768.9704671120676,1765.9944085986047,1766.2571414312638,225.48587624311102,50.1,15.0
2026-05-07 21:15:00,1766.0489800003065,1766.4232993862063,1751.1718072813708,1751.784555556488,286.15267539649057,50.25,15.0
2026-05-07 21:30:00,1752.5360588304536,1788.8768300555812,1750.4109380075395,1785.1892680106123,534.2546057938217,50.53,15.0
2026-05-07 21:45:00,1785.149151277297,1785.9836806008261,1782.818347423504,1785.1275986672622,428.2455888853623,50.36,15.0
2026-05-07 22:00:00,1784.2100373186026,1847.0966234576285,1780.625498249702,1844.8102111183416,437.54914027122595,49.51,15.0
2026-05-07 22:15:00,1844.921450052304,1882.2596105917212,1841.7621363079265,1882.0790851801894,468.3794790448127,50.02,15.0
2026-05-07 22:30:00,1881.6261024199785,1882.3573909303043,1869.5569358698099,1870.2416899883483,729.6080473886442,49.94,15.0
2026-05-07 22:45:00,1870.8194368479938,1887.6452215786962,1866.4939708139427,1872.8939550819778,2703.8774618991583,50.91,15.0
2026-05-07 23:00:00,1872.8939550819778,1872.8939550819778,1872.3199940769928,1872.3199940769928,203.99415520242064,50.91,15.0
2026-05-08 16:30:00,1870.3349939899965,1996.6338066472238,1850.8285830583532,1988.0331360408518,1014.658324976388,48.48,15.0
2026-05-08 16:45:00,1988.4947087460948,2006.785970099548,1981.121798876672,2002.432855568119,238.7387589815615,48.37,15.0
2026-05-08 17:00:00,2003.7497039412624,2007.5659474331248,1994.3513340360964,2002.509800564316,465.0710042100441,48.4,15.0
2026-05-08 17:15:00,2004.1400915839188,2008.1761822316773,1987.1442066928573,1989.1823948530841,386.1553235755823,47.99,15.0
2026-05-08 17:30:00,1988.3118610315732,1993.0481718617348,1985.589988111127,1987.541042959534,207.62816856445835,48.64,15.0
2026-05-08 17:45:00,1987.3007988011252,2001.125529443096,1987.1634509056003,1999.9070226143558,147.8436749909695,48.3,15.0
2026-05-08 18:00:00,2000.1255456599386,2001.1516240289127,1996.1186600193578,1997.5703684301284,201.74073718168134,48.66,15.0
2026-05-08 18:15:00,1997.9295513100396,1998.208936012729,1987.4880157926232,1988.3283817310178,223.7305263218383,48.66,15.0
2026-05-08 18:30:00,1987.3193423561481,1988.9329814999678,1971.8731968092964,1972.0440736151158,355.3913865344531,48.36,15.0
2026-05-08 18:45:00,1972.1051569430688,1972.9887471682457,1955.0764399517905,1956.2266757554773,402.7767461058343,48.71,15.0
2026-05-08 19:00:00,1956.1285932769745,1956.2081987956954,1940.7603756349677,1941.6996047949665,155.02236351884218,48.62,15.0
2026-05-08 19:15:00,1940.476277999398,1943.166474812679,1924.6172974205524,1925.3211809924994,192.68779733478158,49.22,15.0
2026-05-08 19:30:00,1924.4993258398372,1960.0836835588718,1920.4593581364352,1958.7749731807005,301.74996735855154,49.53,15.0
2026-05-08 19:45:00,1958.528289116639,1960.5439151544633,1949.631191728049,1952.394052967408,414.760961817852,49.58,15.0
2026-05-08 20:00:00,1952.417736868072,1962.3445904189616,1949.8364205085416,1960.754908081192,350.96154521284564,49.75,15.0
2026-05-08 20:15:00,1961.1181242300686,1964.1419253090758,1922.460254751091,1925.4711185676538,308.1155545695846,49.88,15.0
2026-05-08 20:30:00,1925.542463825724,1926.701301021521,1925.134117513212,1926.3787286903791,371.2165207759298,49.75,15.0
2026-05-08 20:45:00,1926.8004523536895,1929.3419234860198,1918.0877573729074,1919.413755052256,322.6482503453361,49.48,15.0
2026-05-08 21:00:00,1919.4202685781247,1920.4647782508284,1913.743287679059,1913.7570108644359,325.8033944816631,49.61,15.0
2026-05-08 21:15:00,1913.4059074433192,1918.3005220358011,1912.145120073272,1913.5027709725093,467.94816499734947,49.4,15.0
2026-05-08 21:30:00,1913.3956754501191,1917.6814619947947,1893.7648878181847,1897.1914964425473,288.997928706934,48.89,15.0
2026-05-08 21:45:00,1897.7663853839383,1901.1519630791406,1824.7434466023558,1826.4288889118914,176.95845021791703,48.23,15.0
2026-05-08 22:00:00,1827.1182363156454,1851.0309636299717,1821.6427439982067,1849.3272205218977,551.413164665125,48.24,15.0
2026-05-08 22:15:00,1849.2645396242176,1855.363048292943,1849.1857291581432,1854.3669279964283,503.5415563583994,48.48,15.0
2026-05-08 22:30:00,1853.9140212277641,1854.2931622882725,1845.9150141639986,1847.3747445259307,748.3188510098088,48.36,15.0
2026-05-08 22:45:00,1847.5134658422853,1850.4674981104622,1831.0005423565,1832.4553204657066,1097.7507589293334,48.37,15.0
2026-05-08 23:00:00,1832.4603856119147,1832.4950709452419,1831.8650412685506,1831.914425504608,184.76929259745327,48.36,15.0
2026-05-11 16:30:00,1834.2396533108686,1849.5327648307648,1833.8365506021348,1845.1124826878718,198.38424912666244,48.02,15.0
2026-05-11 16:45:00,1844.5442495515545,1899.0839387527965,1836.8364281199158,1898.5242157464738,78.66160652920483,48.62,15.0
2026-05-11 17:00:00,1898.226997611407,1900.2032858431671,1897.9379795384043,1899.0224953586562,82.07311701710255,48.48,15.0
2026-05-11 17:15:00,1899.3269893979339,1900.6054922828205,1878.0785229782578,1878.6405046608495,79.7706213806219,48.75,15.0
2026-05-11 17:30:00,1878.0274114031672,1887.5406558659297,1875.477216355923,1887.384515505976,272.000376971235,48.4,15.0
2026-05-11 17:45:00,1887.003292602963,1888.5318365805995,1878.996696917312,1880.7240606915518,253.0498913830764,47.91,15.0
2026-05-11 18:00:00,1881.1626330940383,1891.6264705226504,1880.2674467450265,1890.9942440726754,160.53421639950457,48.0,15.0
2026-05-11 18:15:00,1890.5002752565656,1896.3824585239408,1888.9044653165386,1896.2163139017487,180.75485804616008,47.85,15.0
2026-05-11 18:30:00,1897.1096836869567,1898.4244880950591,1841.4861167671313,1845.5267173535203,206.37041066425851,47.68,15.0
2026-05-11 18:45:00,1845.28001852945,1854.846863926815,1844.1374390049305,1853.351705004624,337.84076047235635,47.71,15.0
2026-05-11 19:00:00,1853.5262140790132,1853.819967899396,1844.6105068953607,1845.418861498909,174.7617881265296,47.73,15.0
2026-05-11 19:15:00,1845.3623671495518,1850.7651226815062,1819.2134070586146,1820.8937456136434,175.24696349750496,48.15,15.0
2026-05-11 19:30:00,1820.9972677851947,1822.5725103872114,1817.891181537175,1819.7888170139404,148.7660495974229,48.31,15.0
2026-05-11 19:45:00,1819.6133784817787,1828.6012438397277,1818.3812483853017,1826.9967412904452,160.7801096014053,47.84,15.0
2026-05-11 20:00:00,1827.3325943754883,1827.7268999318098,1803.1433477668213,1805.1151687448887,196.67029923318387,48.06,15.0
2026-05-11 20:15:00,1805.0194737177833,1814.6057513776295,1801.9373757639642,1812.9471907322934,125.08336535621946,48.04,15.0
2026-05-11 20:30:00,1812.771117461186,1828.07436205291,1811.7885269604787,1823.153797700631,123.67686678123393,48.18,15.0
2026-05-11 20:45:00,1823.5573319112625,1826.293215372989,1821.8527812643001,1823.2409393805335,103.61148058874757,48.09,15.0
2026-05-11 21:00:00,1823.2487235637764,1823.6519463997436,1813.5116266299,1813.7886247168694,206.87039059552035,47.9,15.0
2026-05-11 21:15:00,1813.7027008730097,1813.7469449621938,1809.5020019492288,1809.6420837234036,115.38545737539916,47.88,15.0
2026-05-11 21:30:00,1809.3736110420703,1816.5563464048014,1809.3678217505178,1816.3937717099532,160.9198173012457,47.78,15.0
2026-05-11 21:45:00,1816.7100830680943,1817.1703638554025,1805.9498431044553,1806.961824583971,183.58833214246923,47.71,15.0
2026-05-11 22:00:00,1806.6927828956955,1825.029814645975,1806.560372846926,1824.664734352793,181.29117486354338,47.42,15.0
2026-05-11 22:15:00,1825.1454172342521,1825.5667284739582,1822.7700930057888,1823.7390559566293,324.6523692708482,47.47,15.0
2026-05-11 22:30:00,1823.8193622018803,1823.8488011252289,1822.4980504852554,1822.849935834788,369.4523259390587,47.42,15.0
2026-05-11 22:45:00,1822.8787046670639,1823.4390066785402,1810.03753970007,1810.427583982585,976.1762663060814,47.42,15.0
2026-05-11 23:00:00,1810.427583982585,1810.987946148731,1810.427583982585,1810.987946148731,192.62039694064055,47.42,15.0
2026-05-12 16:30:00,1812.2325106112708,1828.0174255421002,1811.4169496244713,1827.4877092420027,121.55294130687939,47.89,15.0
2026-05-12 16:45:00,1826.3958589478016,1827.8488104757625,1803.095068528435,1805.1376800339945,72.88836801366729,48.16,15.0
2026-05-12 17:00:00,1805.2058211034246,1816.0952156851906,1803.7933565687777,1811.6140630979378,100.8777223177642,48.13,15.0
2026-05-12 17:15:00,1811.504459346327,1813.674605723997,1810.1645574310276,1812.9317046747383,86.58672251361213,48.03,15.0
2026-05-12 17:30:00,1812.8707348259509,1813.961507016241,1806.9052409456974,1808.7000439863439,23.588597735135643,48.3,15.0
2026-05-12 17:45:00,1808.7601695643875,1820.5972231671578,1807.103397568221,1819.5748021211289,136.423622377451,47.94,15.0
2026-05-12 18:00:00,1819.535301328904,1819.6759246979404,1808.460565784737,1808.556348505298,70.80159412568949,48.02,15.0
2026-05-12 18:15:00,1808.618150525957,1815.2577262554669,1807.5678124869062,1814.9594296969638,154.6599395660721,48.23,15.0
2026-05-12 18:30:00,1814.9499354169013,1843.0336080923244,1813.3267800752446,1839.1840447599454,116.47319971184658,48.19,15.0
2026-05-12 18:45:00,1838.8499713271326,1851.8299566949656,1838.0745124044618,1850.9186254560937,49.93158037454044,47.97,15.0
2026-05-12 19:00:00,1851.035823779264,1855.1963326656928,1850.8741542204486,1854.0667411484967,65.98128398107202,47.87,15.0
2026-05-12 19:15:00,1854.2792052033988,1855.1700276755057,1848.8570670171246,1850.9082613778953,94.2397755782693,47.98,15.0
2026-05-12 19:30:00,1850.7014684189026,1852.742136497274,1842.2766662303134,1842.6096319613953,146.67625715854942,48.14,15.0
2026-05-12 19:45:00,1842.8669542752446,1842.8971624245864,1839.792368984112,1840.6150452798934,79.877484096222,48.11,15.0
2026-05-12 20:00:00,1841.2377774255226,1850.4982674117673,1836.8265828056483,1847.2405609999942,94.52845606702292,47.76,15.0
2026-05-12 20:15:00,1848.3853073188982,1849.270288963156,1790.1243427262953,1803.723758225563,468.06486691008195,47.35,15.0
2026-05-12 20:30:00,1804.0675343719822,1819.0249433806127,1802.8059548106912,1816.5839570981398,345.3694944731509,47.44,15.0
2026-05-12 20:45:00,1816.593844122487,1843.9276523780563,1813.88514008739,1842.2343626748154,110.53974086433115,47.38,15.0
2026-05-12 21:00:00,1842.3795035994726,1842.6192394061052,1841.5261374724093,1841.6141496314901,130.5417750013055,47.39,15.0
2026-05-12 21:15:00,1842.3798300852682,1845.8300896933492,1817.2972413608113,1819.322850876867,161.5904600425464,47.69,15.0
2026-05-12 21:30:00,1819.4684150755722,1819.7426522935518,1811.03287499379,1811.2854731018442,176.25945545537917,47.76,15.0
2026-05-12 21:45:00,1811.1404345973917,1820.0067769753186,1810.7441939167313,1818.2861284655482,153.4475736659516,47.64,15.0
2026-05-12 22:00:00,1818.2810824331275,1818.886247550699,1816.9333161952172,1818.520077440166,210.6126699703917,47.66,15.0
2026-05-12 22:15:00,1818.623423154337,1824.1837895707529,1818.4381820934889,1824.1152125794824,255.660907786091,47.58,15.0
2026-05-12 22:30:00,1824.3815391120297,1825.0633911411785,1813.0550821104541,1817.7958783418865,275.46244494590513,47.54,15.0
2026-05-12 22:45:00,1817.7827419720593,1823.0811758806324,1816.7106425762609,1822.5474044772186,917.130823446925,47.43,15.0
2026-05-12 23:00:00,1822.5474044772186,1822.675645006272,1822.5474044772186,1822.675645006272,255.48129415490246,47.42,15.0
2026-05-13 16:30:00,1824.5726643235487,1828.5440624782786,1778.9293881839797,1780.6749044173812,866.9336301922327,46.0,15.0
2026-05-13 16:45:00,1779.5726612632836,1783.7274569481049,1763.587997954591,1765.2297411109937,408.2658020847305,45.79,15.0
2026-05-13 17:00:00,1764.7210030021565,1769.096693242976,1743.8178786545327,1744.492294536709,511.4022241588193,45.99,15.0
2026-05-13 17:15:00,1743.4515938171426,1799.8010429723995,1741.2497951920109,1799.5478005393727,222.3389234033993,45.37,15.0
2026-05-13 17:30:00,1799.2478373681745,1800.9438961026453,1797.5277124789857,1798.1701267325063,222.96127998806898,45.27,15.0
2026-05-13 17:45:00,1798.9764287901282,1813.7321832151436,1794.5162600836568,1811.4461092429915,284.37689299330765,44.92,15.0
2026-05-13 18:00:00,1811.8532973323104,1814.2248868725324,1803.370322062379,1805.4705530993167,618.2353736998521,44.96,15.0
2026-05-13 18:15:00,1805.4556446024444,1806.1346870065347,1795.9232800187563,1796.90329575064,180.10778922349948,44.82,15.0
2026-05-13 18:30:00,1797.066337922264,1798.4638171350107,1790.5487264115193,1792.8763362556194,247.29820996354616,44.59,15.0
2026-05-13 18:45:00,1792.8743325566024,1802.9645499584453,1792.7112538184542,1801.9129399019344,140.1017067449737,44.71,15.0
2026-05-13 19:00:00,1801.3950552336469,1802.9358325813073,1792.263357893023,1794.4945471863095,335.2654340809933,44.8,15.0
2026-05-13 19:15:00,1795.0116615010622,1796.9282344507862,1786.6006580980354,1787.6774169734572,127.20901700193821,44.82,15.0
2026-05-13 19:30:00,1787.925074120114,1789.0679543026988,1787.2999861756432,1788.6190412568012,132.05091848628908,44.71,15.0
2026-05-13 19:45:00,1788.7091797138262,1796.0967181575452,1787.4602852238254,1793.983499570121,99.06553487475065,44.72,15.0
2026-05-13 20:00:00,1793.8021029069507,1806.7358263417589,1793.7861043955913,1806.1013523063552,96.39117091963163,44.56,15.0
2026-05-13 20:15:00,1806.015541946997,1809.340906826293,1805.2741584768237,1809.0848673512762,133.66966070096822,44.27,15.0
2026-05-13 20:30:00,1808.9307775959267,1815.9979922999605,1807.907676417117,1814.979128421544,154.66388248658197,44.37,15.0
2026-05-13 20:45:00,1814.9977417772843,1819.3257921110564,1810.9377187895523,1819.292612107231,97.26282981337255,44.3,15.0
2026-05-13 21:00:00,1819.3747182114166,1819.731933621746,1805.98938834264,1807.0190534532521,151.3632919236571,44.2,15.0
2026-05-13 21:15:00,1806.7985449214002,1806.8826921566833,1783.4212468069315,1785.1555034220648,542.7074230245579,44.34,15.0
2026-05-13 21:30:00,1784.6931327129105,1785.4467975885293,1772.2242848507633,1772.5508285853914,217.2904961919479,44.25,15.0
2026-05-13 21:45:00,1773.2060356915633,1773.9600496650967,1759.3319935993543,1760.3310505994075,229.01714435763884,44.5,15.0
2026-05-13 22:00:00,1760.3788747766218,1767.7835166695368,1759.2653013053648,1767.4360294963992,308.84116256757846,44.47,15.0
2026-05-13 22:15:00,1767.692469369345,1774.9400596818998,1766.7643029127441,1774.492750923057,690.8953202915696,44.45,15.0
2026-05-13 22:30:00,1774.201794263627,1784.7260177812484,1772.724488755375,1780.7591935847113,602.6056605175249,44.91,15.0
2026-05-13 22:45:00,1780.0308803836394,1784.4540834579675,1732.1825031907078,1737.28079102144,2246.0518358336635,44.9,15.0
2026-05-13 23:00:00,1737.28079102144,1739.430823666636,1737.28079102144,1739.430823666636,207.0583230456692,44.89,15.0
2026-05-14 16:30:00,1738.9787010401476,1748.6462817490794,1686.3468390658136,1695.7182998739463,244.16950415888238,44.89,15.0
2026-05-14 16:45:00,1696.176953323864,1752.423614642669,1694.3778545374958,1749.722991048517,152.2355353468861,45.16,15.0
2026-05-14 17:00:00,1750.212676208272,1751.3565423934022,1723.3123662902199,1724.1785118205803,470.68926209310115,45.34,15.0
2026-05-14 17:15:00,1724.4622564174347,1724.7331927147413,1713.1510809429255,1714.1418019606904,281.43248991775755,45.1,15.0
2026-05-14 17:30:00,1714.4664551830158,1715.560389170441,1689.429016813613,1690.4946005533782,173.93600792013632,45.09,15.0
2026-05-14 17:45:00,1691.106228661883,1703.507266765798,1689.785455518034,1699.792054713811,317.74678244362576,45.25,15.0
2026-05-14 18:00:00,1699.93251701488,1702.204373415922,1688.624271166012,1690.2878709253318,311.6062850851639,45.48,15.0
2026-05-14 18:15:00,1690.6023763350302,1692.3322634613667,1682.0857136761067,1682.2192543748517,403.1251023989496,45.4,15.0
2026-05-14 18:30:00,1682.4442915137595,1682.8146778304385,1663.5506344227458,1665.8092212606145,284.78528029282216,45.76,15.0
2026-05-14 18:45:00,1665.0843755410892,1680.6473441274443,1660.9005940457655,1679.393143310334,380.7532690900787,45.5,15.0
2026-05-14 19:00:00,1679.311271030563,1695.606658411995,1677.8999318759727,1694.050028218447,271.8996442698146,45.04,15.0
2026-05-14 19:15:00,1693.9121016278054,1708.5890126043744,1693.5275965057842,1708.2290781323313,103.20469602165076,45.05,15.0
2026-05-14 19:30:00,1708.256055525172,1708.8926408352147,1708.0920038577783,1708.4223152496884,84.55485925596565,45.05,15.0
2026-05-14 19:45:00,1708.2127576306543,1715.4011257770862,1706.4207766136865,1713.0303072912395,159.46096880649705,44.96,15.0
2026-05-14 20:00:00,1713.184348351226,1715.9749015714895,1703.3307055101504,1703.8264523955643,173.14899904225754,44.94,15.0
2026-05-14 20:15:00,1704.1279340082035,1704.5041972158658,1701.3978140583008,1702.153642283515,147.26573418027067,44.78,15.0
2026-05-14 20:30:00,1702.7148264801758,1703.1579464714373,1691.8277991661853,1694.2009676095665,221.29459503587867,44.45,15.0
2026-05-14 20:45:00,1694.6127896951539,1703.740307707849,1694.5668707398738,1701.949816319845,345.0949260480794,44.45,15.0
2026-05-14 21:00:00,1701.2571465288302,1723.9132420873095,1697.9689821189181,1723.0899214400486,255.68310592668726,44.81,15.0
2026-05-14 21:15:00,1722.7722774887204,1738.586606051924,1722.6963621464874,1735.0617713058073,241.9291449222134,44.77,15.0
2026-05-14 21:30:00,1736.2097313399715,1737.6979372002622,1723.3894741999368,1724.1450437479625,316.16582852280413,44.62,15.0
2026-05-14 21:45:00,1724.572959136105,1746.9534881500904,1722.2281174648544,1741.9362656617375,425.09837099214894,44.58,15.0
2026-05-14 22:00:00,1742.026647395045,1748.7686873436016,1740.3798812371592,1745.8418093658147,280.0781481630337,44.94,15.0
2026-05-14 22:15:00,1745.8496178723901,1746.1383576472865,1743.8447862860912,1744.489408682087,388.61258868787854,44.88,15.0
2026-05-14 22:30:00,1744.4731399716854,1746.1095434836232,1737.5699565362747,1738.491430357152,407.9798481950541,44.8,15.0
2026-05-14 22:45:00,1738.1225772518644,1738.6450603887533,1736.0722733473974,1736.314529647653,1419.7566784626106,44.74,15.0
2026-05-14 23:00:00,1736.314529647653,1738.5302862697035,1736.314529647653,1738.5302862697035,133.87744368829976,44.74,15.0
2026-05-15 16:30:00,1738.4425781595658,1756.327443550799,1729.9843923540218,1751.6379723098757,299.9141099214941,45.04,15.0
2026-05-15 16:45:00,1751.1297143269455,1762.6285775308945,1747.428104213844,1759.2043022895866,258.36103255780404,45.21,15.0
2026-05-15 17:00:00,1758.850864442946,1761.4237578811062,1753.8879036115864,1754.035775470893,179.84082369321322,45.07,15.0
2026-05-15 17:15:00,1754.7949893156347,1786.8857534666406,1754.5752707954393,1783.8845507522594,229.8624537615936,45.28,15.0
2026-05-15 17:30:00,1783.735212317137,1813.6710713276539,1782.0969914936654,1810.5695847393845,337.30103279202524,44.91,15.0
2026-05-15 17:45:00,1810.6845266008017,1812.9049577932872,1798.915725876738,1800.6560419782454,317.09642525933646,45.05,15.0
2026-05-15 18:00:00,1800.7434270049864,1801.3404509185689,1796.2294662530824,1797.039326792387,367.1084022906819,45.0,15.0
2026-05-15 18:15:00,1797.1892423130541,1798.9751813855466,1791.8491934517629,1793.8656757964602,237.423381297398,44.77,15.0
2026-05-15 18:30:00,1793.6835968889577,1795.9784222548608,1792.9144749260915,1794.9181372922558,374.5237050808856,44.56,15.0
2026-05-15 18:45:00,1795.3409921132086,1796.1656211214904,1787.6618193901734,1787.678450841935,496.9829929519604,44.71,15.0
2026-05-15 19:00:00,1787.7301553717443,1790.8936021227148,1787.5795263641317,1790.0105416588447,380.22002471342444,44.68,15.0
2026-05-15 19:15:00,1789.7241009822476,1804.4342196048187,1788.366157185744,1802.3099554868286,312.03505707508674,44.66,15.0
2026-05-15 19:30:00,1802.2917280337624,1803.0414955753424,1794.121557620782,1794.5035128029817,347.37951092705345,44.68,15.0
2026-05-15 19:45:00,1794.4506095747993,1796.7126570340984,1780.9296250089549,1781.1184671457604,292.68638834466356,44.52,15.0
2026-05-15 20:00:00,1781.0768531062413,1781.3487136549804,1777.7015056044004,1777.8578063158147,331.0437746888692,44.42,15.0
2026-05-15 20:15:00,1777.9981282888753,1778.0915952622086,1772.7523063144106,1773.9228658320683,213.82033350690634,44.36,15.0
2026-05-15 20:30:00,1774.0506628500239,1790.9678339138115,1773.3564820456836,1789.4716711259828,318.21759284605247,44.33,15.0
2026-05-15 20:45:00,1789.5975950493814,1798.7151219160498,1788.5249151113057,1798.2514006341585,165.9618671743983,44.23,15.0
2026-05-15 21:00:00,1798.387876617277,1811.6346340738917,1797.916463868788,1810.8897555838882,633.5202720888536,44.01,15.0
2026-05-15 21:15:00,1810.9106280735678,1811.3191541777983,1806.279654001954,1807.7151462629313,325.72703617954403,43.92,15.0
2026-05-15 21:30:00,1807.236424817297,1807.4584246236718,1804.8751050055284,1804.9256418231976,318.7253919802101,43.87,15.0
2026-05-15 21:45:00,1805.0905077989528,1805.3342778959898,1792.6668259978997,1792.7695648670401,334.9480974519094,43.75,15.0
2026-05-15 22:00:00,1792.87824133469,1798.774131218054,1792.8016869101123,1798.4715359457214,499.9711074265784,43.61,15.0
2026-05-15 22:15:00,1798.2523909071122,1803.4795596660088,1797.8502483056125,1803.296394237213,536.8209961972881,43.71,15.0
2026-05-15 22:30:00,1803.433166947982,1825.0241357960067,1799.404282493519,1824.0090413195705,795.2776299076916,43.39,15.0
2026-05-15 22:45:00,1824.166963450247,1825.181706547687,1819.7121990160156,1820.8585363293967,2027.0579967702768,43.31,15.0
2026-05-15 23:00:00,1820.8585363293967,1820.8585363293967,1820.164253217261,1820.164253217261,371.97476162268424,43.3,15.0
2026-05-18 16:30:00,1820.6239030512747,1832.2596870530467,1820.2049322869113,1828.6371274294397,269.8851850238605,43.79,15.0
2026-05-18 16:45:00,1828.943847626686,1871.340941252958,1822.38056623918,1864.7232131739186,477.6679136176274,44.59,15.0
2026-05-18 17:00:00,1865.1345625029635,1866.606436870368,1837.1623949843035,1838.4322675534813,504.0451791391471,44.42,15.0
2026-05-18 17:15:00,1838.2925866541348,1857.9774179218755,1836.092619023895,1852.4991706416156,536.2170513603818,44.8,15.0
2026-05-18 17:30:00,1852.7043718212797,1854.4789818465315,1848.254027328146,1848.819066393319,170.29261988787593,44.51,15.0
2026-05-18 17:45:00,1848.4438973498402,1850.5742643323456,1824.6100753190065,1825.8601260861901,222.21340955192542,44.75,15.0
2026-05-18 18:00:00,1826.766090549138,1828.9691615854338,1756.7203708515326,1758.7133907423893,424.98414917871435,44.14,15.0
2026-05-18 18:15:00,1758.1334171159174,1760.5354759286881,1756.6421898251713,1759.740008509962,135.65875115701988,44.34,15.0
2026-05-18 18:30:00,1760.025621297814,1780.9165354390936,1758.7447107078335,1780.7909666060755,171.46113639831606,44.49,15.0
2026-05-18 18:45:00,1780.7950951524617,1796.2530014812478,1779.1533134665503,1795.2991941374382,199.02884762015222,44.4,15.0
2026-05-18 19:00:00,1795.5140277716162,1799.6313080697137,1794.8635907607309,1799.350211413449,150.49642198179868,44.51,15.0
2026-05-18 19:15:00,1799.060712441739,1828.655598234169,1797.9817062146012,1824.8247450067315,145.75975532501639,44.3,15.0
2026-05-18 19:30:00,1824.856212241994,1824.9492768193418,1821.1403523987929,1822.7522876048413,164.7349731554359,44.16,15.0
2026-05-18 19:45:00,1822.763852510689,1829.6636939328282,1820.919502589985,1828.8487406377794,259.48589235957,44.15,15.0
2026-05-18 20:00:00,1828.9085126577086,1829.2885314245332,1825.502202072939,1825.6015752355438,186.27397407468905,44.11,15.0
2026-05-18 20:15:00,1825.2907479524126,1825.9899928846853,1819.4130415863397,1820.25435304031,299.53335870673874,44.23,15.0
2026-05-18 20:30:00,1820.5307728772382,1821.5864432668288,1807.488735545179,1811.2406252497663,244.00776148249042,44.54,15.0
2026-05-18 20:45:00,1810.947212195145,1811.1113135981175,1799.309537495663,1799.368709343721,181.58737666916866,44.57,15.0
2026-05-18 21:00:00,1799.1493193355548,1815.7076896297535,1798.514855150825,1814.3123552566947,138.81737058490165,44.45,15.0
2026-05-18 21:15:00,1814.0142718219172,1815.0716190221465,1808.1820041528931,1809.7804334527793,115.2202634423467,44.47,15.0
2026-05-18 21:30:00,1809.9647422559592,1812.1199950177283,1802.9553731917758,1803.054227862709,109.54057878206069,44.45,15.0
2026-05-18 21:45:00,1803.1644723015847,1803.2047332536836,1790.6902873241706,1791.4976804707967,287.7142834463976,44.48,15.0
2026-05-18 22:00:00,1791.82146629922,1798.2490818691947,1785.3499065870358,1785.4110720373426,499.3116870048019,44.3,15.0
2026-05-18 22:15:00,1785.8013553461333,1804.6917276992708,1785.0098549269717,1803.5442674425922,492.0784095927611,44.35,15.0
2026-05-18 22:30:00,1803.4404787628605,1831.8182835292262,1802.6395593006118,1828.1740251886727,501.3487505036143,44.25,15.0
2026-05-18 22:45:00,1828.4065764200134,1829.3081229014936,1803.578360992887,1805.6402391621673,1596.7701886111993,44.44,15.0
2026-05-18 23:00:00,1805.6402391621673,1805.641996310863,1805.6402391621673,1805.641996310863,232.10117902480522,44.43,15.0
2026-05-19 16:30:00,1805.5012673661195,1812.3749757666244,1741.280035990654,1753.4267433965028,615.4102551967216,45.79,15.0
2026-05-19 16:45:00,1754.160595418052,1777.98222122791,1750.6542657792909,1776.7646300075826,703.9662887164513,45.94,15.0
2026-05-19 17:00:00,1778.198633807877,1788.2864290667853,1774.0896652623728,1786.8843116059477,310.21755146928655,46.17,15.0
2026-05-19 17:15:00,1786.614549686743,1790.7745074940854,1768.7778768943756,1772.091858786575,548.049409481528,46.0,15.0
2026-05-19 17:30:00,1772.2420520015785,1774.0124192607504,1770.6825311257128,1773.2742519481108,369.17064964270975,45.9,15.0
2026-05-19 17:45:00,1773.4602437905223,1773.550459501964,1763.3334062879762,1765.6253615160658,321.8756370563708,46.07,15.0
2026-05-19 18:00:00,1765.7692217349334,1792.1235928147069,1764.9038392470966,1791.688214537171,221.17162701578056,45.89,15.0
2026-05-19 18:15:00,1791.7982265253668,1800.7672725574116,1791.4715142518141,1799.081167392381,306.1852137783645,45.56,15.0
2026-05-19 18:30:00,1798.9929270202172,1807.4777959036064,1798.3663894051363,1806.5181792357464,158.9989720518839,45.62,15.0
2026-05-19 18:45:00,1805.910340779638,1806.5462130931346,1788.5909389517467,1789.5985972591056,202.70972222008783,45.53,15.0
2026-05-19 19:00:00,1789.8913549543663,1790.8756930480872,1789.7831373807564,1790.5519618984465,216.48071368606355,45.62,15.0
2026-05-19 19:15:00,1790.375272579081,1810.9544881778882,1788.538765437043,1809.9059679723155,121.35802849423656,45.5,15.0
2026-05-19 19:30:00,1809.8573323055468,1819.9697155405693,1808.6378800522327,1819.3000985635833,72.37279068333619,45.42,15.0
2026-05-19 19:45:00,1819.2370688041292,1819.8968093189058,1798.8525581001998,1801.205531953609,147.70922853614056,45.62,15.0
2026-05-19 20:00:00,1801.031107319999,1801.9562564444968,1798.6157844112809,1799.9513735064838,199.07452130133734,45.74,15.0
2026-05-19 20:15:00,1800.030293793328,1801.1832444968493,1785.7774173221944,1788.1167977594919,180.77710096551428,46.04,15.0
2026-05-19 20:30:00,1788.1013017117816,1811.609750692518,1786.2019485709984,1810.429135098757,192.58735105984522,45.96,15.0
2026-05-19 20:45:00,1810.3304247378444,1812.088693333347,1810.2318342077153,1811.9845688651321,184.06928332195338,45.97,15.0
2026-05-19 21:00:00,1812.0209582651637,1813.451993726885,1802.6019889686884,1804.3402463307202,119.78690646025403,45.83,15.0
2026-05-19 21:15:00,1804.3325420504827,1806.73082201264,1803.1039170659049,1805.1088811286074,187.41121013744666,45.84,15.0
2026-05-19 21:30:00,1805.2858619934946,1805.3635709694329,1786.8800954011197,1787.8232100760433,208.8244421517565,45.92,15.0
2026-05-19 21:45:00,1787.2834586179165,1790.0180016340955,1770.6541327550567,1770.7461321119872,214.84220688681222,45.64,15.0
2026-05-19 22:00:00,1770.5669038279314,1772.2455187840242,1769.0231226182411,1772.1344687655783,271.5207438911787,45.6,15.0
2026-05-19 22:15:00,1772.2574439874793,1780.3329961699637,1771.084556970957,1778.715361048347,327.1563744685927,45.6,15.0
2026-05-19 22:30:00,1778.525539758168,1778.7690002593781,1756.9365611778182,1757.6610443658199,447.3974215467797,45.45,15.0
2026-05-19 22:45:00,1757.4121380554047,1757.4551430401355,1752.6671297614275,1755.7482240555835,1455.3796565891116,45.48,15.0
2026-05-19 23:00:00,1755.7482240555835,1757.4671584713233,1755.7482240555835,1757.4671584713233,204.2331271013163,45.47,15.0
2026-05-20 16:30:00,1757.2991578511865,1760.187746974319,1658.3702930185982,1668.2578066916576,303.394710764216,45.13,15.0
2026-05-20 16:45:00,1668.2145550281307,1680.1870621902476,1667.699097278153,1677.5390187879862,105.31588821728508,45.3,15.0
2026-05-20 17:00:00,1677.3943988832177,1686.5057537325945,1676.169548805594,1681.183592474463,211.68168637474798,45.0,15.0
2026-05-20 17:15:00,1680.3225188602548,1742.571781469238,1678.5420234667747,1737.6621256182752,162.32743126416884,44.99,15.0
2026-05-20 17:30:00,1737.8587608805933,1738.4886005377277,1736.9039521546238,1738.3801617090885,162.25921322972818,45.08,15.0
2026-05-20 17:45:00,1739.1109645452318,1742.4890022689017,1735.7943159655008,1740.4592216310218,222.78473742484164,45.55,15.0
2026-05-20 18:00:00,1739.7506557106028,1754.075287012466,1735.9080796161807,1753.1482886757826,275.062684217814,45.38,15.0
2026-05-20 18:15:00,1752.4239249827417,1753.3794692286558,1730.8557598537168,1734.8621142883496,231.2956072764805,45.74,15.0
2026-05-20 18:30:00,1735.1596769371702,1737.4574350313383,1733.710973176598,1734.9302731974717,163.52548748486623,45.74,15.0
2026-05-20 18:45:00,1735.2796097197586,1735.369777005195,1730.5990928257731,1732.5505925711639,242.54655260465645,45.58,15.0
2026-05-20 19:00:00,1731.7383307239575,1736.639316606521,1731.4159361415639,1735.0216524050775,105.4814854800885,45.85,15.0
2026-05-20 19:15:00,1735.28952804838,1748.1353834557272,1735.0473073540359,1746.600342257027,153.319289334003,45.69,15.0
2026-05-20 19:30:00,1747.2598912045903,1758.8495881744202,1745.995175142107,1757.8095202890108,164.1510540554486,45.82,15.0
2026-05-20 19:45:00,1757.6541581358583,1757.7011608871799,1754.6712760952857,1755.4410562382755,87.69751996602119,45.93,15.0
2026-05-20 20:00:00,1755.77584984341,1759.4117345343946,1754.53597810392,1758.7507607832708,117.40193530527652,45.98,15.0
2026-05-20 20:15:00,1758.6904024259254,1779.7222071692013,1756.5197749680376,1779.5825667539577,157.7222398430458,46.05,15.0
2026-05-20 20:30:00,1779.635913911667,1781.03764889825,1775.2393761296685,1775.538771736916,244.37270214502325,46.04,15.0
2026-05-20 20:45:00,1775.4549331661635,1777.6329325964673,1775.1006232865457,1777.473780623948,91.07281616444102,46.04,15.0
2026-05-20 21:00:00,1777.728369298881,1777.8642840756975,1776.9497375334438,1777.2822263817818,214.93645624585238,46.09,15.0
2026-05-20 21:15:00,1777.4325515601583,1778.929221533718,1776.601626114675,1778.4214799025335,157.4321275708871,46.13,15.0
2026-05-20 21:30:00,1778.585970021236,1778.6096816905958,1772.7690798235253,1773.895571478517,135.12650204151396,46.12,15.0
2026-05-20 21:45:00,1774.1092963442982,1783.3300336004395,1773.561609932784,1783.1625432449375,84.7614551041678,46.15,15.0
2026-05-20 22:00:00,1783.160894879501,1783.3831233304247,1779.3964640953666,1780.145808753803,273.0052214823297,46.29,15.0
2026-05-20 22:15:00,1781.0351717627389,1793.4397161646482,1780.930074478236,1792.8461104055516,327.2148040069628,46.39,15.0
2026-05-20 22:30:00,1793.3900537539303,1795.3954234053328,1784.6487351889589,1787.1548485287838,480.28009712699077,46.76,15.0
2026-05-20 22:45:00,1787.2980442286369,1789.881516972887,1780.7803336499,1781.8442023921948,1452.2489588891167,46.71,15.0
2026-05-20 23:00:00,1781.8442023921948,1783.0409427280588,1781.8442023921948,1783.0409427280588,167.19860683532582,46.7,15.0
2026-05-21 16:30:00,1781.3222906337655,1819.5466474207478,1779.233114267581,1816.8690167300483,171.42593127282854,45.52,15.0
2026-05-21 16:45:00,1816.0268069228507,1831.931398970614,1814.7589401068212,1826.37929624133,61.90175731140262,46.24,15.0
2026-05-21 17:00:00,1825.95385347265,1842.1377766902456,1823.561218749969,1839.9172783593315,105.60735882073942,46.38,15.0
2026-05-21 17:15:00,1840.311349412412,1840.3629165836082,1837.111699806439,1837.2637311941342,149.53773103280787,46.51,15.0
2026-05-21 17:30:00,1837.3514794618143,1837.4428860440767,1836.2045230905317,1836.3469938827034,100.99879275002488,46.45,15.0
2026-05-21 17:45:00,1836.1909964641145,1837.1320123736334,1830.790444023259,1831.379196584398,111.80762408107225,46.68,15.0
2026-05-21 18:00:00,1831.3547200052537,1837.6417984509087,1830.6164985110815,1836.91398266211,131.59821204676078,46.65,15.0
2026-05-21 18:15:00,1836.8593560843083,1838.4984040849022,1830.6221405754245,1831.6224963204727,218.08660667300612,46.72,15.0
2026-05-21 18:30:00,1831.766624134661,1841.5487976920856,1831.6597990954053,1841.2087644369828,211.9511387406008,46.72,15.0
2026-05-21 18:45:00,1841.0411378768574,1841.7359696423966,1838.1133918655707,1838.3470982778992,322.54547626690515,46.7,15.0
2026-05-21 19:00:00,1838.410093705988,1838.6072864588587,1837.354799339302,1837.5582219410444,124.23626770734741,46.63,15.0
2026-05-21 19:15:00,1837.62818188881,1842.7957546897426,1836.8037884748042,1842.210075812603,286.15459043206545,46.43,15.0
2026-05-21 19:30:00,1842.0481582126445,1844.606197316759,1841.7333903486417,1842.7631008217124,173.50167127353816,46.57,15.0
2026-05-21 19:45:00,1842.9482092602993,1843.5253391552255,1840.2800021757575,1840.8293103746478,276.51524150911996,46.56,15.0
2026-05-21 20:00:00,1840.741609981331,1843.6908581978146,1840.5603544644127,1841.6642254143442,212.39373556172595,46.8,15.0
2026-05-21 20:15:00,1841.1802991791312,1859.5796805356263,1840.433587008092,1858.8979470765037,344.39405013683614,47.05,15.0
2026-05-21 20:30:00,1859.0425540670262,1860.9272059198577,1854.4830048674999,1854.5113692754392,155.03424143431826,47.15,15.0
2026-05-21 20:45:00,1854.5263839522956,1856.2875451692396,1851.4903232515446,1853.1231569827587,290.78574004040024,47.25,15.0
2026-05-21 21:00:00,1853.209718970606,1854.866842504127,1851.053590846098,1852.4465615319918,319.0769099507513,47.25,15.0
2026-05-21 21:15:00,1852.1829273835917,1860.0097385813308,1849.5221445646512,1859.3302180299702,232.02397443003088,47.33,15.0
2026-05-21 21:30:00,1859.5540557821005,1860.7421519790269,1855.9413661171002,1856.7599272811153,278.3096478049484,47.24,15.0
2026-05-21 21:45:00,1857.4505615192193,1876.0981365230869,1855.6205095243586,1875.6286130791755,217.7416080138138,47.05,15.0
2026-05-21 22:00:00,1875.2940580465586,1875.4472876667087,1869.773876795897,1873.7642722116448,206.4689973002768,47.21,15.0
2026-05-21 22:15:00,1873.824328808916,1874.3292048024887,1869.421893801535,1870.902374763793,304.9050113283523,47.21,15.0
2026-05-21 22:30:00,1870.727614923429,1871.4100814630035,1867.93887496183,1868.5616539237865,194.90651298992577,47.26,15.0
2026-05-21 22:45:00,1869.1601886526973,1870.051564542438,1856.635513686732,1857.3778466932151,1332.493509736682,47.37,15.0
2026-05-21 23:00:00,1857.4041193702512,1857.4322939107021,1855.6832017162167,1855.713452633687,147.13578943092818,47.37,15.0
2026-05-22 16:30:00,1855.9167373315963,1856.5582453937227,1842.1225079523622,1843.6386992304149,163.16109224739452,47.76,15.0
2026-05-22 16:45:00,1842.910045977338,1875.2022187223265,1841.6560087710413,1867.3535999593194,190.00045158643826,47.67,15.0
2026-05-22 17:00:00,1867.1655143781186,1867.4872400019065,1864.6150256852604,1865.3916652295727,212.58278062922918,47.58,15.0
2026-05-22 17:15:00,1865.8187103370276,1869.4339311443919,1851.3665822943817,1851.9075327706817,924.1333203638159,47.26,15.0
2026-05-22 17:30:00,1851.662082039196,1860.6942229196686,1851.629182105637,1860.068498148509,174.99952360851137,47.37,15.0
2026-05-22 17:45:00,1859.7440655971589,1873.8600016044986,1859.6966258485218,1872.7796122122395,118.80010522553671,47.34,15.0
2026-05-22 18:00:00,1872.7817646576532,1882.2419752586554,1870.9958936332482,1882.1769996356877,142.69904802078094,47.27,15.0
2026-05-22 18:15:00,1882.205275863779,1883.9816176188738,1875.1592443004827,1875.336564270717,74.04489902226294,47.47,15.0
2026-05-22 18:30:00,1875.4614068029284,1875.9351758004716,1866.2330689865814,1867.9242321081892,246.27476748377967,47.46,15.0
2026-05-22 18:45:00,1867.8077912839706,1886.461961606242,1867.362465973005,1885.5875796534758,137.89062324576875,47.63,15.0
2026-05-22 19:00:00,1885.7435917842222,1886.4685434268426,1885.163492002907,1885.5780796320103,90.43532786986322,47.65,15.0
2026-05-22 19:15:00,1885.3771620373213,1886.4526034312853,1882.9598303229368,1883.128513657573,75.81913469300675,47.86,15.0
2026-05-22 19:30:00,1883.194918922874,1885.502978421562,1883.1673122657069,1885.169390700915,57.405672559513825,47.97,15.0
2026-05-22 19:45:00,1885.194350017044,1887.579042158746,1884.5729241624017,1887.3441990240535,71.38627244561233,47.89,15.0
2026-05-22 20:00:00,1887.4269447476124,1887.620823495594,1881.7542416952165,1881.821107647371,109.67660109676001,47.75,15.0
2026-05-22 20:15:00,1882.2720288399107,1888.7213937435408,1879.9554625128633,1886.0636917833153,163.23190351937657,48.13,15.0
2026-05-22 20:30:00,1885.9768392695898,1890.8054385203272,1885.7376679623274,1890.3499863885222,104.16128330400717,48.04,15.0
2026-05-22 20:45:00,1890.2659214250975,1891.2055090499812,1882.667190321483,1883.0927576104768,105.84583729430166,48.02,15.0
2026-05-22 21:00:00,1882.7707044037224,1883.3703730803977,1880.749248383025,1881.686672182423,164.17342177462,48.02,15.0
2026-05-22 21:15:00,1881.2801616933111,1881.9599590157197,1870.3783956230304,1871.9387411272435,306.948161612984,48.01,15.0
2026-05-22 21:30:00,1871.899580505702,1872.738901857671,1860.632104466066,1861.9053724366943,223.50619438188963,47.89,15.0
2026-05-22 21:45:00,1861.8654928800313,1865.7808028718316,1855.0501151205249,1855.0586835408833,212.50934896251667,48.13,15.0
2026-05-22 22:00:00,1854.886045813658,1858.9965633781842,1854.6393808268929,1857.4939849827356,230.52125930086754,48.17,15.0
2026-05-22 22:15:00,1857.3278267920155,1858.1635655963694,1853.8941983689674,1854.337145635643,461.7424793795745,48.14,15.0
2026-05-22 22:30:00,1854.6115933457177,1855.3357431829959,1849.363041450857,1849.449730335133,389.85529376172457,48.14,15.0
2026-05-22 22:45:00,1849.6446363971572,1852.209012019656,1849.2136110887388,1850.048509853128,1485.3591175799047,48.23,15.0
2026-05-22 23:00:00,1850.048509853128,1850.048509853128,1849.450622201476,1849.450622201476,196.9711380438136,48.21,15.0
2026-05-26 16:30:00,1848.9678050068603,1859.5295431531367,1847.7963596041272,1859.0336540760827,253.87966133464508,47.2,15.0
2026-05-26 16:45:00,1859.2401690446397,1883.1205741563774,1855.198569209557,1882.2281057859793,125.46251509519634,47.63,15.0
2026-05-26 17:00:00,1881.962566672863,1883.3292704934352,1880.2805206905873,1882.6976886797004,165.9821631528421,48.09,15.0
2026-05-26 17:15:00,1882.5262944058595,1883.1491884986892,1879.3842825787315,1879.6571402684776,136.79396478055077,48.09,15.0
2026-05-26 17:30:00,1879.528102668165,1886.329366768647,1878.5560006727871,1885.413748203601,110.2671864635561,48.36,15.0
2026-05-26 17:45:00,1885.6449020471896,1887.7525329860991,1867.9075848312852,1868.372237483281,78.56489585603366,48.39,15.0
2026-05-26 18:00:00,1868.7227769019019,1873.2488091844025,1868.280835531666,1871.3327191271378,81.86885003385497,48.12,15.0
2026-05-26 18:15:00,1871.1378815738549,1901.277470029743,1869.3254381778945,1899.4978804720747,60.025700168049475,48.0,15.0
2026-05-26 18:30:00,1899.5662066676757,1899.770433960845,1894.9389880393494,1896.4884955220004,79.15792696703119,47.95,15.0
2026-05-26 18:45:00,1896.4876801807657,1897.0790027780668,1892.9044956428263,1893.600039722022,86.40312620487141,47.89,15.0
2026-05-26 19:00:00,1893.3863550538865,1899.167443296099,1892.6831724945162,1897.61413461026,127.59898070970651,47.9,15.0
2026-05-26 19:15:00,1897.507099639043,1922.8147827438597,1895.921600239899,1919.8695473047687,180.59925918847165,48.25,15.0
2026-05-26 19:30:00,1919.7355768856944,1921.5807909552668,1919.2383091645142,1921.252142019068,25.763297138396243,48.27,15.0
2026-05-26 19:45:00,1921.3384159857944,1921.5665420019777,1912.4903360316976,1912.6636159198902,54.89233746560299,48.25,15.0
2026-05-26 20:00:00,1912.976194183512,1918.4949018007976,1912.1852780835543,1915.55182319897,108.86253268912176,48.4,15.0
2026-05-26 20:15:00,1915.508314924695,1923.751309758259,1915.170754516406,1923.0182362167623,63.4324295370685,48.38,15.0
2026-05-26 20:30:00,1922.8944273757966,1926.3808330153179,1922.0318724773163,1924.7576900931126,38.22402308865027,48.38,15.0
2026-05-26 20:45:00,1924.9141470566635,1925.5093867679027,1915.957265409988,1916.0227766053017,83.80879142227333,48.41,15.0
2026-05-26 21:00:00,1916.2805262925458,1916.6852117709723,1914.273768554097,1915.3913521334262,190.8199389466368,48.35,15.0
2026-05-26 21:15:00,1915.1315458722997,1915.6008230900047,1900.648133175531,1902.2642525152187,238.32733810488742,48.38,15.0
2026-05-26 21:30:00,1902.2438578063477,1906.9835974009611,1902.1915861603416,1906.5707837022296,132.21427335684683,48.39,15.0
2026-05-26 21:45:00,1906.5601660484626,1907.28085413456,1897.5600657775176,1898.774223809629,225.54070334564108,48.48,15.0
2026-05-26 22:00:00,1898.2841505872414,1900.2474783592506,1893.1322184508651,1896.2377296596894,368.6231878585261,48.14,15.0
2026-05-26 22:15:00,1896.2868124607744,1897.2789442299384,1889.3929766569981,1890.3061979019044,120.84588839421754,48.13,15.0
2026-05-26 22:30:00,1890.0985136626,1890.627864750921,1882.6479508684781,1883.5233276933961,755.988325118691,48.25,15.0
2026-05-26 22:45:00,1883.185545454159,1916.4164141164601,1880.3183148126518,1914.1582767203636,1257.9427080623273,47.97,15.0
2026-05-26 23:00:00,1914.1582767203636,1914.1582767203636,1911.723284688622,1911.723284688622,238.41426612724652,47.97,15.0
2026-05-27 16:30:00,1910.003315185663,1911.4164938427573,1889.587719465499,1893.0249324567892,198.1747694344445,49.01,15.0
2026-05-27 16:45:00,1890.8675088567077,1897.3156268691043,1838.183373166944,1845.0595726746917,305.9102162895109,48.68,15.0
2026-05-27 17:00:00,1845.5363866552493,1848.8578475602267,1807.786518405693,1809.848121023617,147.72917592225895,48.77,15.0
2026-05-27 17:15:00,1809.5656946950262,1812.1950020766535,1789.2454232696955,1792.7852054439513,200.09198219602885,48.71,15.0
2026-05-27 17:30:00,1794.5498052158619,1796.2666040049974,1786.020225168301,1793.6558714339099,179.0722097016818,48.16,15.0
2026-05-27 17:45:00,1794.4707956205393,1808.5037834952666,1793.4621258111422,1808.3174170069656,94.76922083077073,47.96,15.0
2026-05-27 18:00:00,1807.9685532442131,1812.3846463401665,1792.2031267806965,1792.5719101420455,266.12381511606026,47.63,15.0
2026-05-27 18:15:00,1793.1667946905511,1809.1340575367356,1792.9607805321118,1807.7224642680144,74.35744835324473,47.54,15.0
2026-05-27 18:30:00,1808.0304629654113,1808.7545636041925,1797.363606791499,1800.8066630358471,180.8420820785905,47.69,15.0
2026-05-27 18:45:00,1800.649380618316,1802.7343067494594,1797.9891677591222,1798.2435381751989,115.82084980920011,47.5,15.0
2026-05-27 19:00:00,1797.4227484309986,1799.1308815478872,1784.1338952412286,1784.977252245016,112.65996366032478,47.27,15.0
2026-05-27 19:15:00,1785.093929908756,1793.0938145954008,1785.0494439893857,1793.0646024729301,83.5695307498576,47.36,15.0
2026-05-27 19:30:00,1793.0699087321823,1807.7789802803684,1793.0442277228133,1807.2437653550069,82.79841047869829,47.37,15.0
2026-05-27 19:45:00,1807.3489011706774,1807.4496818191658,1789.016831403692,1793.1331393912883,51.40157404720624,47.51,15.0
2026-05-27 20:00:00,1793.065240278514,1794.7704870209382,1790.7981190864768,1791.52501885351,79.40409398910869,47.66,15.0
2026-05-27 20:15:00,1791.258347862978,1803.6684983323373,1791.0380725755654,1801.8900674043336,69.40429583869448,47.43,15.0
2026-05-27 20:30:00,1801.826714808411,1802.182523735499,1794.5271739155473,1794.7669715178608,47.91727030365305,47.42,15.0
2026-05-27 20:45:00,1794.9167356900853,1800.7555533757288,1794.7223664980575,1799.2825091591014,97.17308554382049,47.29,15.0
2026-05-27 21:00:00,1799.226179623489,1807.936252569764,1799.1872966894696,1807.1981671599995,107.79538596925865,47.28,15.0
2026-05-27 21:15:00,1807.1141418029363,1809.1019737460506,1806.912704935221,1808.9183356412912,102.02883983042044,47.34,15.0
2026-05-27 21:30:00,1808.5963178903783,1816.7558230501395,1808.3056823369818,1814.207051047391,227.31359820245896,47.4,15.0
2026-05-27 21:45:00,1814.2234806643837,1828.5259285991808,1813.7951002990947,1826.77584997891,125.55213343072741,47.47,15.0
2026-05-27 22:00:00,1826.622669669062,1837.8604343161458,1826.427901984421,1836.9808753356517,134.52587581479074,47.51,15.0
2026-05-27 22:15:00,1837.1463463218213,1837.1578419564723,1835.0414966224253,1836.7076246729878,230.10640994626078,47.56,15.0
2026-05-27 22:30:00,1836.590936080581,1836.6990844061472,1833.8184170505,1834.3954335472674,291.29578745055056,47.7,15.0
2026-05-27 22:45:00,1834.2669573793728,1835.171808345186,1821.6514286013319,1822.465971455924,956.9685569547928,48.1,15.0
2026-05-27 23:00:00,1822.465971455924,1822.738654269152,1822.465971455924,1822.738654269152,183.4471789663458,48.09,15.0
2026-05-28 16:30:00,1822.2188533970352,1837.8104528285105,1747.1469360076694,1748.4575903064922,85.95547090844289,49.6,15.0
2026-05-28 16:45:00,1748.1214399699159,1748.2641791774138,1740.9309015658046,1744.4850127884301,206.46676428679936,49.63,15.0
2026-05-28 17:00:00,1744.9442430281672,1756.4687208640817,1744.4129452264845,1752.0695536642945,329.90741336851664,49.86,15.0
2026-05-28 17:15:00,1751.0101259611017,1752.9334205913003,1742.0053214488735,1742.681273206441,357.5361037017647,49.68,15.0
2026-05-28 17:30:00,1743.463305173784,1754.3532696923883,1740.3801908057621,1754.287212685889,73.08941908985635,49.98,15.0
2026-05-28 17:45:00,1754.5715968028792,1786.408008583473,1753.8299467296026,1783.9786406547632,97.63835993355852,49.98,15.0
2026-05-28 18:00:00,1784.1675988955872,1788.0108279498638,1781.4041053698627,1786.1760644520896,76.90976687365638,50.25,15.0
2026-05-28 18:15:00,1784.7803724466614,1786.030949351105,1782.449547459507,1782.8080550665186,185.2804132950043,50.44,15.0
2026-05-28 18:30:00,1782.7613224751294,1793.2369740124498,1781.8650288440263,1792.8860547129834,85.40375100668817,50.63,15.0
2026-05-28 18:45:00,1792.5893073766488,1797.7035358320566,1791.1075682088158,1796.5597076842118,150.7761621307969,50.61,15.0
2026-05-28 19:00:00,1796.9885438999222,1823.000972905697,1793.6436529694465,1819.2640102509204,198.38772778948635,50.74,15.0
2026-05-28 19:15:00,1819.4759353020456,1821.3496420872327,1817.589386107424,1821.1961469035593,216.90233908191823,50.7,15.0
2026-05-28 19:30:00,1821.2866048785818,1822.6170674003386,1820.2241140446538,1820.6408553495437,195.33347888855818,50.79,15.0
2026-05-28 19:45:00,1820.5133621107086,1821.203394102834,1814.4337366330446,1814.6782973792585,44.36830011683881,50.79,15.0
2026-05-28 20:00:00,1814.9949969646752,1815.7129119068836,1803.9569741373812,1804.29794024034,87.09509770539535,50.94,15.0
2026-05-28 20:15:00,1804.2229026131392,1805.2346869458654,1786.0333130613035,1787.3776734899707,177.02749843287847,51.06,15.0
2026-05-28 20:30:00,1787.607250877496,1791.2521734784598,1786.1159411492033,1790.957783410652,77.54622209152635,51.03,15.0
2026-05-28 20:45:00,1790.9915309712562,1791.2856762522151,1785.1204184036646,1785.8798117824933,50.22271803615321,50.94,15.0
2026-05-28 21:00:00,1785.944259287548,1794.4840294554065,1785.7506360335863,1794.0595535046584,122.77452576931334,50.98,15.0
2026-05-28 21:15:00,1793.9766304258428,1796.8271063825102,1793.078546551393,1796.7010698888535,104.92326952770773,51.07,15.0
2026-05-28 21:30:00,1796.9992589904673,1797.742467525555,1796.1694180130212,1796.6904962096246,214.51964515186586,51.09,15.0
2026-05-28 21:45:00,1796.780761921883,1797.4938836079484,1792.9578914788738,1793.779760780013,177.9434534084554,51.08,15.0
2026-05-28 22:00:00,1794.1161466920794,1801.2750380494278,1791.5362328138658,1800.2986398422145,246.10854869411486,50.99,15.0
2026-05-28 22:15:00,1800.3419119817402,1801.0337156335136,1794.8406023490847,1794.9418195256403,301.0598276596285,51.02,15.0
2026-05-28 22:30:00,1794.9258685850236,1796.3394726148838,1782.2173915109556,1782.5703202407328,333.4156968029637,50.75,15.0
2026-05-28 22:45:00,1782.8288896862875,1807.0601591514735,1781.7007974649089,1804.1686544411057,1350.763670491103,50.83,15.0
2026-05-28 23:00:00,1804.1686544411057,1805.7101437305148,1804.1686544411057,1805.7101437305148,187.6487001299474,50.84,15.0
2026-05-29 16:30:00,1806.5182158574269,1810.212202142984,1799.537819630731,1801.4209737066662,125.60243349217662,51.0,15.0
2026-05-29 16:45:00,1801.5264358837956,1823.1577579554798,1798.4322286335835,1819.1888328002738,228.52920303121493,50.75,15.0
2026-05-29 17:00:00,1818.3622360784047,1824.0403165596583,1815.1128044453403,1822.7398553958187,90.66667123216739,51.09,15.0
2026-05-29 17:15:00,1823.0490100840989,1830.8438742587407,1821.3916245545595,1829.9846539967086,159.37196013863667,51.22,15.0
2026-05-29 17:30:00,1829.3748179822455,1831.0792490666556,1819.0431542126728,1819.904857328231,105.99056863606819,51.48,15.0
2026-05-29 17:45:00,1819.913760240428,1839.9460881054624,1819.2555886139312,1839.924639646265,85.20269311862694,51.42,15.0
2026-05-29 18:00:00,1839.896423938287,1839.9054224441,1833.7395928878677,1834.9853302759484,123.49868564753258,51.38,15.0
2026-05-29 18:15:00,1834.4895369879812,1859.372896602081,1832.6901669798378,1857.4367921508858,77.49429936751207,51.64,15.0
2026-05-29 18:30:00,1857.4960031683509,1857.8772668178467,1856.4897640309157,1856.5924110944045,132.40197389861248,51.67,15.0
2026-05-29 18:45:00,1857.1174832387856,1864.2234967730255,1856.8999835559794,1863.7401198728653,97.08706992716056,51.65,15.0
2026-05-29 19:00:00,1863.670553823892,1872.5816375035824,1862.678140001612,1870.2950878865358,80.11976532792985,51.75,15.0
2026-05-29 19:15:00,1870.4087118562334,1877.3664131820215,1869.2951583638758,1876.2157361433735,77.23819849914868,51.75,15.0
2026-05-29 19:30:00,1876.7898887356491,1877.8656896971524,1867.8251568422513,1868.9847992793998,112.8834501589332,51.86,15.0
2026-05-29 19:45:00,1869.1493387136156,1876.946767513126,1868.883004144326,1875.5459797606861,89.3614233038928,51.76,15.0
2026-05-29 20:00:00,1875.4708125789386,1884.1835308086522,1874.6940163132742,1883.5296611930257,96.59048386899777,51.84,15.0
2026-05-29 20:15:00,1883.5924521139343,1884.1674150896624,1881.7270582543401,1882.0869797891846,71.39987329417801,52.09,15.0
2026-05-29 20:30:00,1882.2296344531944,1882.7047396071482,1879.897164916883,1880.3813279610256,161.56884064500102,51.88,15.0
2026-05-29 20:45:00,1880.7155973598108,1880.8060432641091,1874.505790459294,1874.6073276319016,248.64468653225157,51.78,15.0
2026-05-29 21:00:00,1874.8260368066544,1875.384277237546,1871.6854586824627,1871.7366959640674,231.0222421609824,51.76,15.0
2026-05-29 21:15:00,1870.8561254036167,1891.7789017955156,1869.1563485112347,1891.6096577360713,257.4985605178034,51.8,15.0
2026-05-29 21:30:00,1891.3737553868261,1892.2206069170638,1878.5979184258022,1879.3872926075483,198.99534409109637,51.64,15.0
2026-05-29 21:45:00,1879.3783877611545,1879.633885307113,1873.6994835275846,1873.7446464720522,275.73836153052457,51.55,15.0
2026-05-29 22:00:00,1873.5402262581183,1884.349108225644,1873.204727242832,1883.9723740404693,238.44292253570285,51.38,15.0
2026-05-29 22:15:00,1882.4431945547271,1894.4885555129001,1882.3449201135486,1894.3253778353665,234.3766463394488,51.62,15.0
2026-05-29 22:30:00,1894.1715908015797,1910.2187304890876,1894.1399471672717,1908.747522356517,442.48191982139525,51.48,15.0
2026-05-29 22:45:00,1908.746030159145,1909.7441261396616,1896.6717650488001,1901.8765422659242,1704.8238160855642,51.69,15.0
2026-05-29 23:00:00,1901.8654094220637,1901.8755883731574,1900.4714506387438,1900.6259042465945,171.1407039266607,51.68,15.0
2026-06-01 16:30:00,1899.696222087145,1903.0249421407627,1868.1644006176043,1872.4833093314503,169.73305742465874,51.07,15.0
2026-06-01 16:45:00,1872.506597481718,1875.1812766898586,1869.493612253592,1873.9882371557667,124.88395337737477,50.94,15.0
2026-06-01 17:00:00,1874.1373005452263,1875.0069482246192,1845.2465900753368,1845.831549755851,241.30149352322962,51.04,15.0
2026-06-01 17:15:00,1845.6229901078127,1855.700646677636,1845.1118837553638,1855.1556143961539,193.780797725165,50.74,15.0
2026-06-01 17:30:00,1855.6934581414544,1865.7904594816291,1854.5699864163073,1862.3421311278644,130.38223654181184,51.11,15.0
2026-06-01 17:45:00,1862.3610906498593,1865.7943944793428,1858.7609660487792,1860.2328654313692,147.8198201958136,50.94,15.0
2026-06-01 18:00:00,1859.7249185734047,1867.6690440193936,1853.38076792835,1854.4580088791383,181.5582991915598,51.33,15.0
2026-06-01 18:15:00,1854.1005084940748,1854.8764833389025,1843.3822576628627,1844.8734096996072,66.4166184864323,51.44,15.0
2026-06-01 18:30:00,1844.8192457086689,1854.5951854391021,1843.2888904736003,1853.3808354120329,86.85512752153427,51.63,15.0
2026-06-01 18:45:00,1853.652209573439,1853.9155316801657,1838.9278803267853,1841.5248795696307,88.98347725545709,51.41,15.0
2026-06-01 19:00:00,1841.3328504110173,1848.2327108410977,1840.5336504730906,1847.1508679305432,69.1441614703244,51.52,15.0
2026-06-01 19:15:00,1847.390819400609,1879.531051934555,1844.7933822078635,1876.2005129639924,83.06697272157804,51.25,15.0
2026-06-01 19:30:00,1876.2255633640316,1891.705471930745,1875.8951863444697,1889.888302215736,167.97043652276736,51.23,15.0
2026-06-01 19:45:00,1890.4163575767845,1890.59354128337,1874.2257829823016,1874.3223425086978,167.17176573873655,51.24,15.0
2026-06-01 20:00:00,1874.3802392288453,1875.831729540374,1870.409445455909,1870.431857634607,72.29857591131784,51.18,15.0
2026-06-01 20:15:00,1870.2542797849474,1876.8354171419712,1868.7224405757436,1875.261430888494,130.14996833285082,51.37,15.0
2026-06-01 20:30:00,1875.5033325704974,1875.6926050488496,1873.022529701547,1874.715133867636,126.80895990161503,51.49,15.0
2026-06-01 20:45:00,1874.886491640248,1875.3854147839063,1862.1319874210133,1863.5678967034883,82.66541463730489,51.6,15.0
2026-06-01 21:00:00,1863.4669260468818,1869.6930586661022,1862.512520889361,1868.3554345529665,142.24364601126055,51.79,15.0
2026-06-01 21:15:00,1868.0100596353977,1869.7773619943607,1864.1046796753317,1866.2289960414282,152.17666223355792,51.54,15.0
2026-06-01 21:30:00,1866.3539636239818,1881.5527426102328,1866.3331494369897,1881.3635231535484,143.95120001893952,51.4,15.0
2026-06-01 21:45:00,1881.3897728027237,1881.4563303396098,1871.0246307825075,1874.7532386732519,177.20661614102974,51.11,15.0
2026-06-01 22:00:00,1874.0621932411284,1894.8423489413697,1868.6815796640976,1890.9255338217608,144.96689539854083,50.72,15.0
2026-06-01 22:15:00,1891.006448303955,1893.2683738939058,1874.0521824435784,1876.6252078271398,204.31012064702716,50.95,15.0
2026-06-01 22:30:00,1876.463203275188,1876.9123020866627,1864.900177090479,1865.796092897706,406.1553044603554,50.87,15.0
2026-06-01 22:45:00,1865.3785126812975,1872.4893241265045,1864.6584918072772,1872.2932564020327,857.9689014432224,50.81,15.0
2026-06-01 23:00:00,1872.2932564020327,1872.2932564020327,1871.5748296036488,1871.5748296036488,181.4277544101217,50.79,15.0
